ISO-10303-21;
HEADER;
FILE_DESCRIPTION(('STEP AP242'),'1');
FILE_NAME('ec11e15204a3.stp','2026-05-10T03:16:49',('TraceParts'),('TraceParts S.A.S.'),'Spatial InterOp 3D',' ',' ');
FILE_SCHEMA(('AP242_MANAGED_MODEL_BASED_3D_ENGINEERING_MIM_LF  {1 0 10303 442 1 1 4}'));
ENDSEC;
DATA;
#1=MECHANICAL_DESIGN_GEOMETRIC_PRESENTATION_REPRESENTATION(' ',(#10,#11,#12,#13,#14,#15,#16,#17,#18,#19,#20,#21,#22,#23,#24,#25,#26,#27,#28,#29,#30,#31,#32,#33,#34,#35,#36,#37,#38,#39,#40,#41,#42,#43,#44,#45,#46,#47,#48,#49,#50,#51,#52,#53,#54,#55,#56,#57,#58,#59,#60,#61,#62,#63,#64,#65,#66,#67,#68,#69,#70,#71,#72,#73,#74,#75,#76,#77,#78,#79,#80,#81,#82,#83,#84,#85,#86,#87,#88,#89,#90,#91,#92,#93,#94,#95,#96,#97,#98,#99,#100,#101,#102,#103,#104,#105,#106,#107,#108,#109,#110,#111,#112,#113,#114,#115,#116,#117,#118,#119,#120,#121,#122,#123,#124,#125,#126,#127,#128,#129,#130,#131,#132,#133,#134,#135,#136,#137,#138,#139,#140,#141,#142,#143,#144,#145,#146,#147,#148,#149,#150,#151,#152,#153,#154,#155,#156,#157,#158,#159,#160,#161,#162,#163,#164,#165,#166,#167,#168,#169,#170,#171,#172,#173,#174,#175,#176,#177,#178,#179,#180,#181,#182,#183,#184,#185,#186,#187,#188,#189,#190,#191,#192,#193,#194,#195,#196,#197,#198,#199,#200,#201,#202,#203,#204,#205,#206,#207,#208,#209,#210,#211,#212,#213,#214,#215,#216,#217,#218,#219,#220,#221,#222,#223,#224,#225,#226,#227,#228,#229,#230,#231,#232,#233,#234,#235,#236,#237,#238,#239,#240,#241,#242,#243,#244,#245,#246,#247,#248,#249,#250,#251,#252,#253,#254,#255,#256,#257,#258,#259,#260,#261,#262,#263,#264,#265,#266,#267,#268,#269,#270,#271,#272,#273,#274,#275,#276,#277,#278,#279,#280,#281,#282,#283,#284,#285,#286,#287,#288,#289,#290,#291,#292,#293,#294,#295,#296,#297,#298,#299,#300,#301,#302,#303,#304,#305,#306,#307,#308,#309,#310,#311,#312,#313,#314,#315,#316,#317,#318,#319,#320,#321,#322,#323,#324,#325,#326,#327,#328,#329,#330,#331,#332,#333,#334,#335,#336,#337,#338,#339,#340,#341,#342,#343,#344,#345,#346,#347,#348,#349,#350,#351,#352,#353,#354,#355,#356,#357,#358,#359,#360,#361,#362,#363,#364,#365,#366,#367,#368,#369,#370,#371,#372,#373,#374,#375,#376,#377,#378,#379,#380,#381,#382,#383,#384,#385,#386,#387,#388,#389,#390,#391,#392,#393,#394,#395,#396,#397,#398,#399,#400,#401,#402,#403,#404,#405,#406,#407,#408,#409,#410,#411,#412,#413,#414,#415,#416,#417,#418,#419,#420,#421,#422,#423,#424,#425,#426,#427,#428,#429,#430,#431,#432,#433,#434,#435,#436,#437,#438,#439,#440,#441,#442,#443,#444,#445,#446,#447,#448,#449,#450,#451,#452,#453,#454,#455,#456,#457,#458,#459,#460,#461,#462,#463,#464,#465,#466,#467,#468,#469,#470,#471,#472,#473,#474,#475,#476,#477,#478,#479,#480,#481,#482,#483,#484,#485,#486,#487,#488),#6);
#2=PRODUCT_DEFINITION_CONTEXT('',#489,'design');
#3=APPLICATION_PROTOCOL_DEFINITION('INTERNATIONAL STANDARD','ap242_managed_model_based_3d_engineering',2014,#489);
#4=PRODUCT_CATEGORY_RELATIONSHIP('NONE','NONE',#490,#491);
#5=SHAPE_DEFINITION_REPRESENTATION(#492,#493);
#6= (GEOMETRIC_REPRESENTATION_CONTEXT(3)GLOBAL_UNCERTAINTY_ASSIGNED_CONTEXT((#496))GLOBAL_UNIT_ASSIGNED_CONTEXT((#498,#499,#500))REPRESENTATION_CONTEXT('NONE','WORKSPACE'));
#10=STYLED_ITEM('',(#502),#503);
#11=STYLED_ITEM('',(#504),#505);
#12=STYLED_ITEM('',(#506),#507);
#13=STYLED_ITEM('',(#508),#509);
#14=STYLED_ITEM('',(#510),#511);
#15=STYLED_ITEM('',(#512),#513);
#16=STYLED_ITEM('',(#514),#515);
#17=STYLED_ITEM('',(#516),#517);
#18=STYLED_ITEM('',(#518),#519);
#19=STYLED_ITEM('',(#520),#521);
#20=STYLED_ITEM('',(#522),#523);
#21=STYLED_ITEM('',(#524),#525);
#22=STYLED_ITEM('',(#526),#527);
#23=STYLED_ITEM('',(#528),#529);
#24=STYLED_ITEM('',(#530),#531);
#25=STYLED_ITEM('',(#532),#533);
#26=STYLED_ITEM('',(#534),#535);
#27=STYLED_ITEM('',(#536),#537);
#28=STYLED_ITEM('',(#538),#539);
#29=STYLED_ITEM('',(#540),#541);
#30=STYLED_ITEM('',(#542),#543);
#31=STYLED_ITEM('',(#544),#545);
#32=STYLED_ITEM('',(#546),#547);
#33=STYLED_ITEM('',(#548),#549);
#34=STYLED_ITEM('',(#550),#551);
#35=STYLED_ITEM('',(#552),#553);
#36=STYLED_ITEM('',(#554),#555);
#37=STYLED_ITEM('',(#556),#557);
#38=STYLED_ITEM('',(#558),#559);
#39=STYLED_ITEM('',(#560),#561);
#40=STYLED_ITEM('',(#562),#563);
#41=STYLED_ITEM('',(#564),#565);
#42=STYLED_ITEM('',(#566),#567);
#43=STYLED_ITEM('',(#568),#569);
#44=STYLED_ITEM('',(#570),#571);
#45=STYLED_ITEM('',(#572),#573);
#46=STYLED_ITEM('',(#574),#575);
#47=STYLED_ITEM('',(#576),#577);
#48=STYLED_ITEM('',(#578),#579);
#49=STYLED_ITEM('',(#580),#581);
#50=STYLED_ITEM('',(#582),#583);
#51=STYLED_ITEM('',(#584),#585);
#52=STYLED_ITEM('',(#586),#587);
#53=STYLED_ITEM('',(#588),#589);
#54=STYLED_ITEM('',(#590),#591);
#55=STYLED_ITEM('',(#592),#593);
#56=STYLED_ITEM('',(#594),#595);
#57=STYLED_ITEM('',(#596),#597);
#58=STYLED_ITEM('',(#598),#599);
#59=STYLED_ITEM('',(#600),#601);
#60=STYLED_ITEM('',(#602),#603);
#61=STYLED_ITEM('',(#604),#605);
#62=STYLED_ITEM('',(#606),#607);
#63=STYLED_ITEM('',(#608),#609);
#64=STYLED_ITEM('',(#610),#611);
#65=STYLED_ITEM('',(#612),#613);
#66=STYLED_ITEM('',(#614),#615);
#67=STYLED_ITEM('',(#616),#617);
#68=STYLED_ITEM('',(#618),#619);
#69=STYLED_ITEM('',(#620),#621);
#70=STYLED_ITEM('',(#622),#623);
#71=STYLED_ITEM('',(#624),#625);
#72=STYLED_ITEM('',(#626),#627);
#73=STYLED_ITEM('',(#628),#629);
#74=STYLED_ITEM('',(#630),#631);
#75=STYLED_ITEM('',(#632),#633);
#76=STYLED_ITEM('',(#634),#635);
#77=STYLED_ITEM('',(#636),#637);
#78=STYLED_ITEM('',(#638),#639);
#79=STYLED_ITEM('',(#640),#641);
#80=STYLED_ITEM('',(#642),#643);
#81=STYLED_ITEM('',(#644),#645);
#82=STYLED_ITEM('',(#646),#647);
#83=STYLED_ITEM('',(#648),#649);
#84=STYLED_ITEM('',(#650),#651);
#85=STYLED_ITEM('',(#652),#653);
#86=STYLED_ITEM('',(#654),#655);
#87=STYLED_ITEM('',(#656),#657);
#88=STYLED_ITEM('',(#658),#659);
#89=STYLED_ITEM('',(#660),#661);
#90=STYLED_ITEM('',(#662),#663);
#91=STYLED_ITEM('',(#664),#665);
#92=STYLED_ITEM('',(#666),#667);
#93=STYLED_ITEM('',(#668),#669);
#94=STYLED_ITEM('',(#670),#671);
#95=STYLED_ITEM('',(#672),#673);
#96=STYLED_ITEM('',(#674),#675);
#97=STYLED_ITEM('',(#676),#677);
#98=STYLED_ITEM('',(#678),#679);
#99=STYLED_ITEM('',(#680),#681);
#100=STYLED_ITEM('',(#682),#683);
#101=STYLED_ITEM('',(#684),#685);
#102=STYLED_ITEM('',(#686),#687);
#103=STYLED_ITEM('',(#688),#689);
#104=STYLED_ITEM('',(#690),#691);
#105=STYLED_ITEM('',(#692),#693);
#106=STYLED_ITEM('',(#694),#695);
#107=STYLED_ITEM('',(#696),#697);
#108=STYLED_ITEM('',(#698),#699);
#109=STYLED_ITEM('',(#700),#701);
#110=STYLED_ITEM('',(#702),#703);
#111=STYLED_ITEM('',(#704),#705);
#112=STYLED_ITEM('',(#706),#707);
#113=STYLED_ITEM('',(#708),#709);
#114=STYLED_ITEM('',(#710),#711);
#115=STYLED_ITEM('',(#712),#713);
#116=STYLED_ITEM('',(#714),#715);
#117=STYLED_ITEM('',(#716),#717);
#118=STYLED_ITEM('',(#718),#719);
#119=STYLED_ITEM('',(#720),#721);
#120=STYLED_ITEM('',(#722),#723);
#121=STYLED_ITEM('',(#724),#725);
#122=STYLED_ITEM('',(#726),#727);
#123=STYLED_ITEM('',(#728),#729);
#124=STYLED_ITEM('',(#730),#731);
#125=STYLED_ITEM('',(#732),#733);
#126=STYLED_ITEM('',(#734),#735);
#127=STYLED_ITEM('',(#736),#737);
#128=STYLED_ITEM('',(#738),#739);
#129=STYLED_ITEM('',(#740),#741);
#130=STYLED_ITEM('',(#742),#743);
#131=STYLED_ITEM('',(#744),#745);
#132=STYLED_ITEM('',(#746),#747);
#133=STYLED_ITEM('',(#748),#749);
#134=STYLED_ITEM('',(#750),#751);
#135=STYLED_ITEM('',(#752),#753);
#136=STYLED_ITEM('',(#754),#755);
#137=STYLED_ITEM('',(#756),#757);
#138=STYLED_ITEM('',(#758),#759);
#139=STYLED_ITEM('',(#760),#761);
#140=STYLED_ITEM('',(#762),#763);
#141=STYLED_ITEM('',(#764),#765);
#142=STYLED_ITEM('',(#766),#767);
#143=STYLED_ITEM('',(#768),#769);
#144=STYLED_ITEM('',(#770),#771);
#145=STYLED_ITEM('',(#772),#773);
#146=STYLED_ITEM('',(#774),#775);
#147=STYLED_ITEM('',(#776),#777);
#148=STYLED_ITEM('',(#778),#779);
#149=STYLED_ITEM('',(#780),#781);
#150=STYLED_ITEM('',(#782),#783);
#151=STYLED_ITEM('',(#784),#785);
#152=STYLED_ITEM('',(#786),#787);
#153=STYLED_ITEM('',(#788),#789);
#154=STYLED_ITEM('',(#790),#791);
#155=STYLED_ITEM('',(#792),#793);
#156=STYLED_ITEM('',(#794),#795);
#157=STYLED_ITEM('',(#796),#797);
#158=STYLED_ITEM('',(#798),#799);
#159=STYLED_ITEM('',(#800),#801);
#160=STYLED_ITEM('',(#802),#803);
#161=STYLED_ITEM('',(#804),#805);
#162=STYLED_ITEM('',(#806),#807);
#163=STYLED_ITEM('',(#808),#809);
#164=STYLED_ITEM('',(#810),#811);
#165=STYLED_ITEM('',(#812),#813);
#166=STYLED_ITEM('',(#814),#815);
#167=STYLED_ITEM('',(#816),#817);
#168=STYLED_ITEM('',(#818),#819);
#169=STYLED_ITEM('',(#820),#821);
#170=STYLED_ITEM('',(#822),#823);
#171=STYLED_ITEM('',(#824),#825);
#172=STYLED_ITEM('',(#826),#827);
#173=STYLED_ITEM('',(#828),#829);
#174=STYLED_ITEM('',(#830),#831);
#175=STYLED_ITEM('',(#832),#833);
#176=STYLED_ITEM('',(#834),#835);
#177=STYLED_ITEM('',(#836),#837);
#178=STYLED_ITEM('',(#838),#839);
#179=STYLED_ITEM('',(#840),#841);
#180=STYLED_ITEM('',(#842),#843);
#181=STYLED_ITEM('',(#844),#845);
#182=STYLED_ITEM('',(#846),#847);
#183=STYLED_ITEM('',(#848),#849);
#184=STYLED_ITEM('',(#850),#851);
#185=STYLED_ITEM('',(#852),#853);
#186=STYLED_ITEM('',(#854),#855);
#187=STYLED_ITEM('',(#856),#857);
#188=STYLED_ITEM('',(#858),#859);
#189=STYLED_ITEM('',(#860),#861);
#190=STYLED_ITEM('',(#862),#863);
#191=STYLED_ITEM('',(#864),#865);
#192=STYLED_ITEM('',(#866),#867);
#193=STYLED_ITEM('',(#868),#869);
#194=STYLED_ITEM('',(#870),#871);
#195=STYLED_ITEM('',(#872),#873);
#196=STYLED_ITEM('',(#874),#875);
#197=STYLED_ITEM('',(#876),#877);
#198=STYLED_ITEM('',(#878),#879);
#199=STYLED_ITEM('',(#880),#881);
#200=STYLED_ITEM('',(#882),#883);
#201=STYLED_ITEM('',(#884),#885);
#202=STYLED_ITEM('',(#886),#887);
#203=STYLED_ITEM('',(#888),#889);
#204=STYLED_ITEM('',(#890),#891);
#205=STYLED_ITEM('',(#892),#893);
#206=STYLED_ITEM('',(#894),#895);
#207=STYLED_ITEM('',(#896),#897);
#208=STYLED_ITEM('',(#898),#899);
#209=STYLED_ITEM('',(#900),#901);
#210=STYLED_ITEM('',(#902),#903);
#211=STYLED_ITEM('',(#904),#905);
#212=STYLED_ITEM('',(#906),#907);
#213=STYLED_ITEM('',(#908),#909);
#214=STYLED_ITEM('',(#910),#911);
#215=STYLED_ITEM('',(#912),#913);
#216=STYLED_ITEM('',(#914),#915);
#217=STYLED_ITEM('',(#916),#917);
#218=STYLED_ITEM('',(#918),#919);
#219=STYLED_ITEM('',(#920),#921);
#220=STYLED_ITEM('',(#922),#923);
#221=STYLED_ITEM('',(#924),#925);
#222=STYLED_ITEM('',(#926),#927);
#223=STYLED_ITEM('',(#928),#929);
#224=STYLED_ITEM('',(#930),#931);
#225=STYLED_ITEM('',(#932),#933);
#226=STYLED_ITEM('',(#934),#935);
#227=STYLED_ITEM('',(#936),#937);
#228=STYLED_ITEM('',(#938),#939);
#229=STYLED_ITEM('',(#940),#941);
#230=STYLED_ITEM('',(#942),#943);
#231=STYLED_ITEM('',(#944),#945);
#232=STYLED_ITEM('',(#946),#947);
#233=STYLED_ITEM('',(#948),#949);
#234=STYLED_ITEM('',(#950),#951);
#235=STYLED_ITEM('',(#952),#953);
#236=STYLED_ITEM('',(#954),#955);
#237=STYLED_ITEM('',(#956),#957);
#238=STYLED_ITEM('',(#958),#959);
#239=STYLED_ITEM('',(#960),#961);
#240=STYLED_ITEM('',(#962),#963);
#241=STYLED_ITEM('',(#964),#965);
#242=STYLED_ITEM('',(#966),#967);
#243=STYLED_ITEM('',(#968),#969);
#244=STYLED_ITEM('',(#970),#971);
#245=STYLED_ITEM('',(#972),#973);
#246=STYLED_ITEM('',(#974),#975);
#247=STYLED_ITEM('',(#976),#977);
#248=STYLED_ITEM('',(#978),#979);
#249=STYLED_ITEM('',(#980),#981);
#250=STYLED_ITEM('',(#982),#983);
#251=STYLED_ITEM('',(#984),#985);
#252=STYLED_ITEM('',(#986),#987);
#253=STYLED_ITEM('',(#988),#989);
#254=STYLED_ITEM('',(#990),#991);
#255=STYLED_ITEM('',(#992),#993);
#256=STYLED_ITEM('',(#994),#995);
#257=STYLED_ITEM('',(#996),#997);
#258=STYLED_ITEM('',(#998),#999);
#259=STYLED_ITEM('',(#1000),#1001);
#260=STYLED_ITEM('',(#1002),#1003);
#261=STYLED_ITEM('',(#1004),#1005);
#262=STYLED_ITEM('',(#1006),#1007);
#263=STYLED_ITEM('',(#1008),#1009);
#264=STYLED_ITEM('',(#1010),#1011);
#265=STYLED_ITEM('',(#1012),#1013);
#266=STYLED_ITEM('',(#1014),#1015);
#267=STYLED_ITEM('',(#1016),#1017);
#268=STYLED_ITEM('',(#1018),#1019);
#269=STYLED_ITEM('',(#1020),#1021);
#270=STYLED_ITEM('',(#1022),#1023);
#271=STYLED_ITEM('',(#1024),#1025);
#272=STYLED_ITEM('',(#1026),#1027);
#273=STYLED_ITEM('',(#1028),#1029);
#274=STYLED_ITEM('',(#1030),#1031);
#275=STYLED_ITEM('',(#1032),#1033);
#276=STYLED_ITEM('',(#1034),#1035);
#277=STYLED_ITEM('',(#1036),#1037);
#278=STYLED_ITEM('',(#1038),#1039);
#279=STYLED_ITEM('',(#1040),#1041);
#280=STYLED_ITEM('',(#1042),#1043);
#281=STYLED_ITEM('',(#1044),#1045);
#282=STYLED_ITEM('',(#1046),#1047);
#283=STYLED_ITEM('',(#1048),#1049);
#284=STYLED_ITEM('',(#1050),#1051);
#285=STYLED_ITEM('',(#1052),#1053);
#286=STYLED_ITEM('',(#1054),#1055);
#287=STYLED_ITEM('',(#1056),#1057);
#288=STYLED_ITEM('',(#1058),#1059);
#289=STYLED_ITEM('',(#1060),#1061);
#290=STYLED_ITEM('',(#1062),#1063);
#291=STYLED_ITEM('',(#1064),#1065);
#292=STYLED_ITEM('',(#1066),#1067);
#293=STYLED_ITEM('',(#1068),#1069);
#294=STYLED_ITEM('',(#1070),#1071);
#295=STYLED_ITEM('',(#1072),#1073);
#296=STYLED_ITEM('',(#1074),#1075);
#297=STYLED_ITEM('',(#1076),#1077);
#298=STYLED_ITEM('',(#1078),#1079);
#299=STYLED_ITEM('',(#1080),#1081);
#300=STYLED_ITEM('',(#1082),#1083);
#301=STYLED_ITEM('',(#1084),#1085);
#302=STYLED_ITEM('',(#1086),#1087);
#303=STYLED_ITEM('',(#1088),#1089);
#304=STYLED_ITEM('',(#1090),#1091);
#305=STYLED_ITEM('',(#1092),#1093);
#306=STYLED_ITEM('',(#1094),#1095);
#307=STYLED_ITEM('',(#1096),#1097);
#308=STYLED_ITEM('',(#1098),#1099);
#309=STYLED_ITEM('',(#1100),#1101);
#310=STYLED_ITEM('',(#1102),#1103);
#311=STYLED_ITEM('',(#1104),#1105);
#312=STYLED_ITEM('',(#1106),#1107);
#313=STYLED_ITEM('',(#1108),#1109);
#314=STYLED_ITEM('',(#1110),#1111);
#315=STYLED_ITEM('',(#1112),#1113);
#316=STYLED_ITEM('',(#1114),#1115);
#317=STYLED_ITEM('',(#1116),#1117);
#318=STYLED_ITEM('',(#1118),#1119);
#319=STYLED_ITEM('',(#1120),#1121);
#320=STYLED_ITEM('',(#1122),#1123);
#321=STYLED_ITEM('',(#1124),#1125);
#322=STYLED_ITEM('',(#1126),#1127);
#323=STYLED_ITEM('',(#1128),#1129);
#324=STYLED_ITEM('',(#1130),#1131);
#325=STYLED_ITEM('',(#1132),#1133);
#326=STYLED_ITEM('',(#1134),#1135);
#327=STYLED_ITEM('',(#1136),#1137);
#328=STYLED_ITEM('',(#1138),#1139);
#329=STYLED_ITEM('',(#1140),#1141);
#330=STYLED_ITEM('',(#1142),#1143);
#331=STYLED_ITEM('',(#1144),#1145);
#332=STYLED_ITEM('',(#1146),#1147);
#333=STYLED_ITEM('',(#1148),#1149);
#334=STYLED_ITEM('',(#1150),#1151);
#335=STYLED_ITEM('',(#1152),#1153);
#336=STYLED_ITEM('',(#1154),#1155);
#337=STYLED_ITEM('',(#1156),#1157);
#338=STYLED_ITEM('',(#1158),#1159);
#339=STYLED_ITEM('',(#1160),#1161);
#340=STYLED_ITEM('',(#1162),#1163);
#341=STYLED_ITEM('',(#1164),#1165);
#342=STYLED_ITEM('',(#1166),#1167);
#343=STYLED_ITEM('',(#1168),#1169);
#344=STYLED_ITEM('',(#1170),#1171);
#345=STYLED_ITEM('',(#1172),#1173);
#346=STYLED_ITEM('',(#1174),#1175);
#347=STYLED_ITEM('',(#1176),#1177);
#348=STYLED_ITEM('',(#1178),#1179);
#349=STYLED_ITEM('',(#1180),#1181);
#350=STYLED_ITEM('',(#1182),#1183);
#351=STYLED_ITEM('',(#1184),#1185);
#352=STYLED_ITEM('',(#1186),#1187);
#353=STYLED_ITEM('',(#1188),#1189);
#354=STYLED_ITEM('',(#1190),#1191);
#355=STYLED_ITEM('',(#1192),#1193);
#356=STYLED_ITEM('',(#1194),#1195);
#357=STYLED_ITEM('',(#1196),#1197);
#358=STYLED_ITEM('',(#1198),#1199);
#359=STYLED_ITEM('',(#1200),#1201);
#360=STYLED_ITEM('',(#1202),#1203);
#361=STYLED_ITEM('',(#1204),#1205);
#362=STYLED_ITEM('',(#1206),#1207);
#363=STYLED_ITEM('',(#1208),#1209);
#364=STYLED_ITEM('',(#1210),#1211);
#365=STYLED_ITEM('',(#1212),#1213);
#366=STYLED_ITEM('',(#1214),#1215);
#367=STYLED_ITEM('',(#1216),#1217);
#368=STYLED_ITEM('',(#1218),#1219);
#369=STYLED_ITEM('',(#1220),#1221);
#370=STYLED_ITEM('',(#1222),#1223);
#371=STYLED_ITEM('',(#1224),#1225);
#372=STYLED_ITEM('',(#1226),#1227);
#373=STYLED_ITEM('',(#1228),#1229);
#374=STYLED_ITEM('',(#1230),#1231);
#375=STYLED_ITEM('',(#1232),#1233);
#376=STYLED_ITEM('',(#1234),#1235);
#377=STYLED_ITEM('',(#1236),#1237);
#378=STYLED_ITEM('',(#1238),#1239);
#379=STYLED_ITEM('',(#1240),#1241);
#380=STYLED_ITEM('',(#1242),#1243);
#381=STYLED_ITEM('',(#1244),#1245);
#382=STYLED_ITEM('',(#1246),#1247);
#383=STYLED_ITEM('',(#1248),#1249);
#384=STYLED_ITEM('',(#1250),#1251);
#385=STYLED_ITEM('',(#1252),#1253);
#386=STYLED_ITEM('',(#1254),#1255);
#387=STYLED_ITEM('',(#1256),#1257);
#388=STYLED_ITEM('',(#1258),#1259);
#389=STYLED_ITEM('',(#1260),#1261);
#390=STYLED_ITEM('',(#1262),#1263);
#391=STYLED_ITEM('',(#1264),#1265);
#392=STYLED_ITEM('',(#1266),#1267);
#393=STYLED_ITEM('',(#1268),#1269);
#394=STYLED_ITEM('',(#1270),#1271);
#395=STYLED_ITEM('',(#1272),#1273);
#396=STYLED_ITEM('',(#1274),#1275);
#397=STYLED_ITEM('',(#1276),#1277);
#398=STYLED_ITEM('',(#1278),#1279);
#399=STYLED_ITEM('',(#1280),#1281);
#400=STYLED_ITEM('',(#1282),#1283);
#401=STYLED_ITEM('',(#1284),#1285);
#402=STYLED_ITEM('',(#1286),#1287);
#403=STYLED_ITEM('',(#1288),#1289);
#404=STYLED_ITEM('',(#1290),#1291);
#405=STYLED_ITEM('',(#1292),#1293);
#406=STYLED_ITEM('',(#1294),#1295);
#407=STYLED_ITEM('',(#1296),#1297);
#408=STYLED_ITEM('',(#1298),#1299);
#409=STYLED_ITEM('',(#1300),#1301);
#410=STYLED_ITEM('',(#1302),#1303);
#411=STYLED_ITEM('',(#1304),#1305);
#412=STYLED_ITEM('',(#1306),#1307);
#413=STYLED_ITEM('',(#1308),#1309);
#414=STYLED_ITEM('',(#1310),#1311);
#415=STYLED_ITEM('',(#1312),#1313);
#416=STYLED_ITEM('',(#1314),#1315);
#417=STYLED_ITEM('',(#1316),#1317);
#418=STYLED_ITEM('',(#1318),#1319);
#419=STYLED_ITEM('',(#1320),#1321);
#420=STYLED_ITEM('',(#1322),#1323);
#421=STYLED_ITEM('',(#1324),#1325);
#422=STYLED_ITEM('',(#1326),#1327);
#423=STYLED_ITEM('',(#1328),#1329);
#424=STYLED_ITEM('',(#1330),#1331);
#425=STYLED_ITEM('',(#1332),#1333);
#426=STYLED_ITEM('',(#1334),#1335);
#427=STYLED_ITEM('',(#1336),#1337);
#428=STYLED_ITEM('',(#1338),#1339);
#429=STYLED_ITEM('',(#1340),#1341);
#430=STYLED_ITEM('',(#1342),#1343);
#431=STYLED_ITEM('',(#1344),#1345);
#432=STYLED_ITEM('',(#1346),#1347);
#433=STYLED_ITEM('',(#1348),#1349);
#434=STYLED_ITEM('',(#1350),#1351);
#435=STYLED_ITEM('',(#1352),#1353);
#436=STYLED_ITEM('',(#1354),#1355);
#437=STYLED_ITEM('',(#1356),#1357);
#438=STYLED_ITEM('',(#1358),#1359);
#439=STYLED_ITEM('',(#1360),#1361);
#440=STYLED_ITEM('',(#1362),#1363);
#441=STYLED_ITEM('',(#1364),#1365);
#442=STYLED_ITEM('',(#1366),#1367);
#443=STYLED_ITEM('',(#1368),#1369);
#444=STYLED_ITEM('',(#1370),#1371);
#445=STYLED_ITEM('',(#1372),#1373);
#446=STYLED_ITEM('',(#1374),#1375);
#447=STYLED_ITEM('',(#1376),#1377);
#448=STYLED_ITEM('',(#1378),#1379);
#449=STYLED_ITEM('',(#1380),#1381);
#450=STYLED_ITEM('',(#1382),#1383);
#451=STYLED_ITEM('',(#1384),#1385);
#452=STYLED_ITEM('',(#1386),#1387);
#453=STYLED_ITEM('',(#1388),#1389);
#454=STYLED_ITEM('',(#1390),#1391);
#455=STYLED_ITEM('',(#1392),#1393);
#456=STYLED_ITEM('',(#1394),#1395);
#457=STYLED_ITEM('',(#1396),#1397);
#458=STYLED_ITEM('',(#1398),#1399);
#459=STYLED_ITEM('',(#1400),#1401);
#460=STYLED_ITEM('',(#1402),#1403);
#461=STYLED_ITEM('',(#1404),#1405);
#462=STYLED_ITEM('',(#1406),#1407);
#463=STYLED_ITEM('',(#1408),#1409);
#464=STYLED_ITEM('',(#1410),#1411);
#465=STYLED_ITEM('',(#1412),#1413);
#466=STYLED_ITEM('',(#1414),#1415);
#467=STYLED_ITEM('',(#1416),#1417);
#468=STYLED_ITEM('',(#1418),#1419);
#469=STYLED_ITEM('',(#1420),#1421);
#470=STYLED_ITEM('',(#1422),#1423);
#471=STYLED_ITEM('',(#1424),#1425);
#472=STYLED_ITEM('',(#1426),#1427);
#473=STYLED_ITEM('',(#1428),#1429);
#474=STYLED_ITEM('',(#1430),#1431);
#475=STYLED_ITEM('',(#1432),#1433);
#476=STYLED_ITEM('',(#1434),#1435);
#477=STYLED_ITEM('',(#1436),#1437);
#478=STYLED_ITEM('',(#1438),#1439);
#479=STYLED_ITEM('',(#1440),#1441);
#480=STYLED_ITEM('',(#1442),#1443);
#481=STYLED_ITEM('',(#1444),#1445);
#482=STYLED_ITEM('',(#1446),#1447);
#483=STYLED_ITEM('',(#1448),#1449);
#484=STYLED_ITEM('',(#1450),#1451);
#485=STYLED_ITEM('',(#1452),#1453);
#486=STYLED_ITEM('',(#1454),#1455);
#487=STYLED_ITEM('',(#1456),#1457);
#488=STYLED_ITEM('',(#1458),#1459);
#489=APPLICATION_CONTEXT('managed model based 3d engineering');
#490=PRODUCT_CATEGORY('part','NONE');
#491=PRODUCT_RELATED_PRODUCT_CATEGORY('detail',' ',(#1460));
#492=PRODUCT_DEFINITION_SHAPE('NONE','NONE',#1461);
#493=ADVANCED_BREP_SHAPE_REPRESENTATION('1',(#1459,#1462),#6);
#496=UNCERTAINTY_MEASURE_WITH_UNIT(LENGTH_MEASURE(1.0E-06),#498,'','');
#498= (CONVERSION_BASED_UNIT('MILLIMETRE',#1465)LENGTH_UNIT()NAMED_UNIT(#1468));
#499= (NAMED_UNIT(#1470)PLANE_ANGLE_UNIT()SI_UNIT($,.RADIAN.));
#500= (NAMED_UNIT(#1470)SOLID_ANGLE_UNIT()SI_UNIT($,.STERADIAN.));
#502=PRESENTATION_STYLE_ASSIGNMENT((#1476));
#503=ADVANCED_FACE('NONE',(#1477),#1478,.T.);
#504=PRESENTATION_STYLE_ASSIGNMENT((#1479));
#505=ADVANCED_FACE('NONE',(#1480),#1481,.F.);
#506=PRESENTATION_STYLE_ASSIGNMENT((#1482));
#507=ADVANCED_FACE('NONE',(#1483),#1484,.T.);
#508=PRESENTATION_STYLE_ASSIGNMENT((#1485));
#509=ADVANCED_FACE('NONE',(#1486),#1487,.T.);
#510=PRESENTATION_STYLE_ASSIGNMENT((#1488));
#511=ADVANCED_FACE('NONE',(#1489),#1490,.F.);
#512=PRESENTATION_STYLE_ASSIGNMENT((#1491));
#513=ADVANCED_FACE('NONE',(#1492),#1493,.F.);
#514=PRESENTATION_STYLE_ASSIGNMENT((#1494));
#515=ADVANCED_FACE('NONE',(#1495),#1496,.T.);
#516=PRESENTATION_STYLE_ASSIGNMENT((#1497));
#517=ADVANCED_FACE('NONE',(#1498),#1499,.T.);
#518=PRESENTATION_STYLE_ASSIGNMENT((#1500));
#519=ADVANCED_FACE('NONE',(#1501),#1502,.T.);
#520=PRESENTATION_STYLE_ASSIGNMENT((#1503));
#521=ADVANCED_FACE('NONE',(#1504),#1505,.T.);
#522=PRESENTATION_STYLE_ASSIGNMENT((#1506));
#523=ADVANCED_FACE('NONE',(#1507),#1508,.F.);
#524=PRESENTATION_STYLE_ASSIGNMENT((#1509));
#525=ADVANCED_FACE('NONE',(#1510),#1511,.F.);
#526=PRESENTATION_STYLE_ASSIGNMENT((#1512));
#527=ADVANCED_FACE('NONE',(#1513),#1514,.T.);
#528=PRESENTATION_STYLE_ASSIGNMENT((#1515));
#529=ADVANCED_FACE('NONE',(#1516),#1517,.T.);
#530=PRESENTATION_STYLE_ASSIGNMENT((#1518));
#531=ADVANCED_FACE('NONE',(#1519),#1520,.F.);
#532=PRESENTATION_STYLE_ASSIGNMENT((#1521));
#533=ADVANCED_FACE('NONE',(#1522),#1523,.F.);
#534=PRESENTATION_STYLE_ASSIGNMENT((#1524));
#535=ADVANCED_FACE('NONE',(#1525),#1526,.F.);
#536=PRESENTATION_STYLE_ASSIGNMENT((#1527));
#537=ADVANCED_FACE('NONE',(#1528),#1529,.F.);
#538=PRESENTATION_STYLE_ASSIGNMENT((#1530));
#539=ADVANCED_FACE('NONE',(#1531),#1532,.T.);
#540=PRESENTATION_STYLE_ASSIGNMENT((#1533));
#541=ADVANCED_FACE('NONE',(#1534,#1535,#1536,#1537),#1538,.T.);
#542=PRESENTATION_STYLE_ASSIGNMENT((#1539));
#543=ADVANCED_FACE('NONE',(#1540),#1541,.T.);
#544=PRESENTATION_STYLE_ASSIGNMENT((#1542));
#545=ADVANCED_FACE('NONE',(#1543),#1544,.T.);
#546=PRESENTATION_STYLE_ASSIGNMENT((#1545));
#547=ADVANCED_FACE('NONE',(#1546,#1547,#1548),#1549,.T.);
#548=PRESENTATION_STYLE_ASSIGNMENT((#1550));
#549=ADVANCED_FACE('NONE',(#1551),#1552,.T.);
#550=PRESENTATION_STYLE_ASSIGNMENT((#1553));
#551=ADVANCED_FACE('NONE',(#1554),#1555,.F.);
#552=PRESENTATION_STYLE_ASSIGNMENT((#1556));
#553=ADVANCED_FACE('NONE',(#1557),#1558,.F.);
#554=PRESENTATION_STYLE_ASSIGNMENT((#1559));
#555=ADVANCED_FACE('NONE',(#1560),#1561,.F.);
#556=PRESENTATION_STYLE_ASSIGNMENT((#1562));
#557=ADVANCED_FACE('NONE',(#1563),#1564,.F.);
#558=PRESENTATION_STYLE_ASSIGNMENT((#1565));
#559=ADVANCED_FACE('NONE',(#1566),#1567,.F.);
#560=PRESENTATION_STYLE_ASSIGNMENT((#1568));
#561=ADVANCED_FACE('NONE',(#1569),#1570,.F.);
#562=PRESENTATION_STYLE_ASSIGNMENT((#1571));
#563=ADVANCED_FACE('NONE',(#1572),#1573,.F.);
#564=PRESENTATION_STYLE_ASSIGNMENT((#1574));
#565=ADVANCED_FACE('NONE',(#1575),#1576,.F.);
#566=PRESENTATION_STYLE_ASSIGNMENT((#1577));
#567=ADVANCED_FACE('NONE',(#1578),#1579,.T.);
#568=PRESENTATION_STYLE_ASSIGNMENT((#1580));
#569=ADVANCED_FACE('NONE',(#1581),#1582,.T.);
#570=PRESENTATION_STYLE_ASSIGNMENT((#1583));
#571=ADVANCED_FACE('NONE',(#1584),#1585,.F.);
#572=PRESENTATION_STYLE_ASSIGNMENT((#1586));
#573=ADVANCED_FACE('NONE',(#1587),#1588,.F.);
#574=PRESENTATION_STYLE_ASSIGNMENT((#1589));
#575=ADVANCED_FACE('NONE',(#1590),#1591,.F.);
#576=PRESENTATION_STYLE_ASSIGNMENT((#1592));
#577=ADVANCED_FACE('NONE',(#1593),#1594,.F.);
#578=PRESENTATION_STYLE_ASSIGNMENT((#1595));
#579=ADVANCED_FACE('NONE',(#1596),#1597,.F.);
#580=PRESENTATION_STYLE_ASSIGNMENT((#1598));
#581=ADVANCED_FACE('NONE',(#1599),#1600,.F.);
#582=PRESENTATION_STYLE_ASSIGNMENT((#1601));
#583=ADVANCED_FACE('NONE',(#1602),#1603,.T.);
#584=PRESENTATION_STYLE_ASSIGNMENT((#1604));
#585=ADVANCED_FACE('NONE',(#1605),#1606,.F.);
#586=PRESENTATION_STYLE_ASSIGNMENT((#1607));
#587=ADVANCED_FACE('NONE',(#1608),#1609,.F.);
#588=PRESENTATION_STYLE_ASSIGNMENT((#1610));
#589=ADVANCED_FACE('NONE',(#1611),#1612,.F.);
#590=PRESENTATION_STYLE_ASSIGNMENT((#1613));
#591=ADVANCED_FACE('NONE',(#1614),#1615,.F.);
#592=PRESENTATION_STYLE_ASSIGNMENT((#1616));
#593=ADVANCED_FACE('NONE',(#1617),#1618,.F.);
#594=PRESENTATION_STYLE_ASSIGNMENT((#1619));
#595=ADVANCED_FACE('NONE',(#1620),#1621,.F.);
#596=PRESENTATION_STYLE_ASSIGNMENT((#1622));
#597=ADVANCED_FACE('NONE',(#1623),#1624,.F.);
#598=PRESENTATION_STYLE_ASSIGNMENT((#1625));
#599=ADVANCED_FACE('NONE',(#1626),#1627,.T.);
#600=PRESENTATION_STYLE_ASSIGNMENT((#1628));
#601=ADVANCED_FACE('NONE',(#1629),#1630,.T.);
#602=PRESENTATION_STYLE_ASSIGNMENT((#1631));
#603=ADVANCED_FACE('NONE',(#1632),#1633,.F.);
#604=PRESENTATION_STYLE_ASSIGNMENT((#1634));
#605=ADVANCED_FACE('NONE',(#1635),#1636,.T.);
#606=PRESENTATION_STYLE_ASSIGNMENT((#1637));
#607=ADVANCED_FACE('NONE',(#1638),#1639,.F.);
#608=PRESENTATION_STYLE_ASSIGNMENT((#1640));
#609=ADVANCED_FACE('NONE',(#1641),#1642,.F.);
#610=PRESENTATION_STYLE_ASSIGNMENT((#1643));
#611=ADVANCED_FACE('NONE',(#1644),#1645,.F.);
#612=PRESENTATION_STYLE_ASSIGNMENT((#1646));
#613=ADVANCED_FACE('NONE',(#1647),#1648,.F.);
#614=PRESENTATION_STYLE_ASSIGNMENT((#1649));
#615=ADVANCED_FACE('NONE',(#1650),#1651,.T.);
#616=PRESENTATION_STYLE_ASSIGNMENT((#1652));
#617=ADVANCED_FACE('NONE',(#1653),#1654,.T.);
#618=PRESENTATION_STYLE_ASSIGNMENT((#1655));
#619=ADVANCED_FACE('NONE',(#1656),#1657,.T.);
#620=PRESENTATION_STYLE_ASSIGNMENT((#1658));
#621=ADVANCED_FACE('NONE',(#1659),#1660,.T.);
#622=PRESENTATION_STYLE_ASSIGNMENT((#1661));
#623=ADVANCED_FACE('NONE',(#1662),#1663,.F.);
#624=PRESENTATION_STYLE_ASSIGNMENT((#1664));
#625=ADVANCED_FACE('NONE',(#1665),#1666,.F.);
#626=PRESENTATION_STYLE_ASSIGNMENT((#1667));
#627=ADVANCED_FACE('NONE',(#1668),#1669,.T.);
#628=PRESENTATION_STYLE_ASSIGNMENT((#1670));
#629=ADVANCED_FACE('NONE',(#1671),#1672,.T.);
#630=PRESENTATION_STYLE_ASSIGNMENT((#1673));
#631=ADVANCED_FACE('NONE',(#1674),#1675,.F.);
#632=PRESENTATION_STYLE_ASSIGNMENT((#1676));
#633=ADVANCED_FACE('NONE',(#1677),#1678,.T.);
#634=PRESENTATION_STYLE_ASSIGNMENT((#1679));
#635=ADVANCED_FACE('NONE',(#1680),#1681,.F.);
#636=PRESENTATION_STYLE_ASSIGNMENT((#1682));
#637=ADVANCED_FACE('NONE',(#1683),#1684,.F.);
#638=PRESENTATION_STYLE_ASSIGNMENT((#1685));
#639=ADVANCED_FACE('NONE',(#1686),#1687,.F.);
#640=PRESENTATION_STYLE_ASSIGNMENT((#1688));
#641=ADVANCED_FACE('NONE',(#1689),#1690,.T.);
#642=PRESENTATION_STYLE_ASSIGNMENT((#1691));
#643=ADVANCED_FACE('NONE',(#1692),#1693,.T.);
#644=PRESENTATION_STYLE_ASSIGNMENT((#1694));
#645=ADVANCED_FACE('NONE',(#1695),#1696,.F.);
#646=PRESENTATION_STYLE_ASSIGNMENT((#1697));
#647=ADVANCED_FACE('NONE',(#1698),#1699,.T.);
#648=PRESENTATION_STYLE_ASSIGNMENT((#1700));
#649=ADVANCED_FACE('NONE',(#1701),#1702,.F.);
#650=PRESENTATION_STYLE_ASSIGNMENT((#1703));
#651=ADVANCED_FACE('NONE',(#1704),#1705,.F.);
#652=PRESENTATION_STYLE_ASSIGNMENT((#1706));
#653=ADVANCED_FACE('NONE',(#1707),#1708,.F.);
#654=PRESENTATION_STYLE_ASSIGNMENT((#1709));
#655=ADVANCED_FACE('NONE',(#1710),#1711,.T.);
#656=PRESENTATION_STYLE_ASSIGNMENT((#1712));
#657=ADVANCED_FACE('NONE',(#1713),#1714,.F.);
#658=PRESENTATION_STYLE_ASSIGNMENT((#1715));
#659=ADVANCED_FACE('NONE',(#1716),#1717,.F.);
#660=PRESENTATION_STYLE_ASSIGNMENT((#1718));
#661=ADVANCED_FACE('NONE',(#1719),#1720,.T.);
#662=PRESENTATION_STYLE_ASSIGNMENT((#1721));
#663=ADVANCED_FACE('NONE',(#1722),#1723,.T.);
#664=PRESENTATION_STYLE_ASSIGNMENT((#1724));
#665=ADVANCED_FACE('NONE',(#1725),#1726,.F.);
#666=PRESENTATION_STYLE_ASSIGNMENT((#1727));
#667=ADVANCED_FACE('NONE',(#1728),#1729,.F.);
#668=PRESENTATION_STYLE_ASSIGNMENT((#1730));
#669=ADVANCED_FACE('NONE',(#1731),#1732,.F.);
#670=PRESENTATION_STYLE_ASSIGNMENT((#1733));
#671=ADVANCED_FACE('NONE',(#1734),#1735,.F.);
#672=PRESENTATION_STYLE_ASSIGNMENT((#1736));
#673=ADVANCED_FACE('NONE',(#1737),#1738,.F.);
#674=PRESENTATION_STYLE_ASSIGNMENT((#1739));
#675=ADVANCED_FACE('NONE',(#1740),#1741,.F.);
#676=PRESENTATION_STYLE_ASSIGNMENT((#1742));
#677=ADVANCED_FACE('NONE',(#1743),#1744,.F.);
#678=PRESENTATION_STYLE_ASSIGNMENT((#1745));
#679=ADVANCED_FACE('NONE',(#1746),#1747,.T.);
#680=PRESENTATION_STYLE_ASSIGNMENT((#1748));
#681=ADVANCED_FACE('NONE',(#1749),#1750,.T.);
#682=PRESENTATION_STYLE_ASSIGNMENT((#1751));
#683=ADVANCED_FACE('NONE',(#1752),#1753,.T.);
#684=PRESENTATION_STYLE_ASSIGNMENT((#1754));
#685=ADVANCED_FACE('NONE',(#1755),#1756,.T.);
#686=PRESENTATION_STYLE_ASSIGNMENT((#1757));
#687=ADVANCED_FACE('NONE',(#1758),#1759,.T.);
#688=PRESENTATION_STYLE_ASSIGNMENT((#1760));
#689=ADVANCED_FACE('NONE',(#1761),#1762,.T.);
#690=PRESENTATION_STYLE_ASSIGNMENT((#1763));
#691=ADVANCED_FACE('NONE',(#1764),#1765,.T.);
#692=PRESENTATION_STYLE_ASSIGNMENT((#1766));
#693=ADVANCED_FACE('NONE',(#1767),#1768,.T.);
#694=PRESENTATION_STYLE_ASSIGNMENT((#1769));
#695=ADVANCED_FACE('NONE',(#1770),#1771,.F.);
#696=PRESENTATION_STYLE_ASSIGNMENT((#1772));
#697=ADVANCED_FACE('NONE',(#1773),#1774,.T.);
#698=PRESENTATION_STYLE_ASSIGNMENT((#1775));
#699=ADVANCED_FACE('NONE',(#1776),#1777,.T.);
#700=PRESENTATION_STYLE_ASSIGNMENT((#1778));
#701=ADVANCED_FACE('NONE',(#1779),#1780,.T.);
#702=PRESENTATION_STYLE_ASSIGNMENT((#1781));
#703=ADVANCED_FACE('NONE',(#1782),#1783,.F.);
#704=PRESENTATION_STYLE_ASSIGNMENT((#1784));
#705=ADVANCED_FACE('NONE',(#1785),#1786,.T.);
#706=PRESENTATION_STYLE_ASSIGNMENT((#1787));
#707=ADVANCED_FACE('NONE',(#1788),#1789,.F.);
#708=PRESENTATION_STYLE_ASSIGNMENT((#1790));
#709=ADVANCED_FACE('NONE',(#1791),#1792,.T.);
#710=PRESENTATION_STYLE_ASSIGNMENT((#1793));
#711=ADVANCED_FACE('NONE',(#1794),#1795,.F.);
#712=PRESENTATION_STYLE_ASSIGNMENT((#1796));
#713=ADVANCED_FACE('NONE',(#1797),#1798,.T.);
#714=PRESENTATION_STYLE_ASSIGNMENT((#1799));
#715=ADVANCED_FACE('NONE',(#1800),#1801,.T.);
#716=PRESENTATION_STYLE_ASSIGNMENT((#1802));
#717=ADVANCED_FACE('NONE',(#1803),#1804,.T.);
#718=PRESENTATION_STYLE_ASSIGNMENT((#1805));
#719=ADVANCED_FACE('NONE',(#1806),#1807,.F.);
#720=PRESENTATION_STYLE_ASSIGNMENT((#1808));
#721=ADVANCED_FACE('NONE',(#1809),#1810,.F.);
#722=PRESENTATION_STYLE_ASSIGNMENT((#1811));
#723=ADVANCED_FACE('NONE',(#1812),#1813,.F.);
#724=PRESENTATION_STYLE_ASSIGNMENT((#1814));
#725=ADVANCED_FACE('NONE',(#1815),#1816,.T.);
#726=PRESENTATION_STYLE_ASSIGNMENT((#1817));
#727=ADVANCED_FACE('NONE',(#1818),#1819,.T.);
#728=PRESENTATION_STYLE_ASSIGNMENT((#1820));
#729=ADVANCED_FACE('NONE',(#1821),#1822,.T.);
#730=PRESENTATION_STYLE_ASSIGNMENT((#1823));
#731=ADVANCED_FACE('NONE',(#1824),#1825,.F.);
#732=PRESENTATION_STYLE_ASSIGNMENT((#1826));
#733=ADVANCED_FACE('NONE',(#1827),#1828,.F.);
#734=PRESENTATION_STYLE_ASSIGNMENT((#1829));
#735=ADVANCED_FACE('NONE',(#1830),#1831,.F.);
#736=PRESENTATION_STYLE_ASSIGNMENT((#1832));
#737=ADVANCED_FACE('NONE',(#1833),#1834,.F.);
#738=PRESENTATION_STYLE_ASSIGNMENT((#1835));
#739=ADVANCED_FACE('NONE',(#1836),#1837,.T.);
#740=PRESENTATION_STYLE_ASSIGNMENT((#1838));
#741=ADVANCED_FACE('NONE',(#1839),#1840,.F.);
#742=PRESENTATION_STYLE_ASSIGNMENT((#1841));
#743=ADVANCED_FACE('NONE',(#1842),#1843,.F.);
#744=PRESENTATION_STYLE_ASSIGNMENT((#1844));
#745=ADVANCED_FACE('NONE',(#1845),#1846,.F.);
#746=PRESENTATION_STYLE_ASSIGNMENT((#1847));
#747=ADVANCED_FACE('NONE',(#1848),#1849,.T.);
#748=PRESENTATION_STYLE_ASSIGNMENT((#1850));
#749=ADVANCED_FACE('NONE',(#1851),#1852,.T.);
#750=PRESENTATION_STYLE_ASSIGNMENT((#1853));
#751=ADVANCED_FACE('NONE',(#1854),#1855,.F.);
#752=PRESENTATION_STYLE_ASSIGNMENT((#1856));
#753=ADVANCED_FACE('NONE',(#1857),#1858,.T.);
#754=PRESENTATION_STYLE_ASSIGNMENT((#1859));
#755=ADVANCED_FACE('NONE',(#1860),#1861,.T.);
#756=PRESENTATION_STYLE_ASSIGNMENT((#1862));
#757=ADVANCED_FACE('NONE',(#1863),#1864,.T.);
#758=PRESENTATION_STYLE_ASSIGNMENT((#1865));
#759=ADVANCED_FACE('NONE',(#1866),#1867,.F.);
#760=PRESENTATION_STYLE_ASSIGNMENT((#1868));
#761=ADVANCED_FACE('NONE',(#1869),#1870,.F.);
#762=PRESENTATION_STYLE_ASSIGNMENT((#1871));
#763=ADVANCED_FACE('NONE',(#1872),#1873,.F.);
#764=PRESENTATION_STYLE_ASSIGNMENT((#1874));
#765=ADVANCED_FACE('NONE',(#1875),#1876,.T.);
#766=PRESENTATION_STYLE_ASSIGNMENT((#1877));
#767=ADVANCED_FACE('NONE',(#1878),#1879,.T.);
#768=PRESENTATION_STYLE_ASSIGNMENT((#1880));
#769=ADVANCED_FACE('NONE',(#1881),#1882,.F.);
#770=PRESENTATION_STYLE_ASSIGNMENT((#1883));
#771=ADVANCED_FACE('NONE',(#1884),#1885,.F.);
#772=PRESENTATION_STYLE_ASSIGNMENT((#1886));
#773=ADVANCED_FACE('NONE',(#1887),#1888,.T.);
#774=PRESENTATION_STYLE_ASSIGNMENT((#1889));
#775=ADVANCED_FACE('NONE',(#1890),#1891,.F.);
#776=PRESENTATION_STYLE_ASSIGNMENT((#1892));
#777=ADVANCED_FACE('NONE',(#1893),#1894,.T.);
#778=PRESENTATION_STYLE_ASSIGNMENT((#1895));
#779=ADVANCED_FACE('NONE',(#1896),#1897,.T.);
#780=PRESENTATION_STYLE_ASSIGNMENT((#1898));
#781=ADVANCED_FACE('NONE',(#1899),#1900,.F.);
#782=PRESENTATION_STYLE_ASSIGNMENT((#1901));
#783=ADVANCED_FACE('NONE',(#1902),#1903,.F.);
#784=PRESENTATION_STYLE_ASSIGNMENT((#1904));
#785=ADVANCED_FACE('NONE',(#1905),#1906,.F.);
#786=PRESENTATION_STYLE_ASSIGNMENT((#1907));
#787=ADVANCED_FACE('NONE',(#1908),#1909,.F.);
#788=PRESENTATION_STYLE_ASSIGNMENT((#1910));
#789=ADVANCED_FACE('NONE',(#1911),#1912,.F.);
#790=PRESENTATION_STYLE_ASSIGNMENT((#1913));
#791=ADVANCED_FACE('NONE',(#1914),#1915,.F.);
#792=PRESENTATION_STYLE_ASSIGNMENT((#1916));
#793=ADVANCED_FACE('NONE',(#1917),#1918,.T.);
#794=PRESENTATION_STYLE_ASSIGNMENT((#1919));
#795=ADVANCED_FACE('NONE',(#1920),#1921,.T.);
#796=PRESENTATION_STYLE_ASSIGNMENT((#1922));
#797=ADVANCED_FACE('NONE',(#1923),#1924,.F.);
#798=PRESENTATION_STYLE_ASSIGNMENT((#1925));
#799=ADVANCED_FACE('NONE',(#1926),#1927,.T.);
#800=PRESENTATION_STYLE_ASSIGNMENT((#1928));
#801=ADVANCED_FACE('NONE',(#1929),#1930,.T.);
#802=PRESENTATION_STYLE_ASSIGNMENT((#1931));
#803=ADVANCED_FACE('NONE',(#1932),#1933,.F.);
#804=PRESENTATION_STYLE_ASSIGNMENT((#1934));
#805=ADVANCED_FACE('NONE',(#1935),#1936,.T.);
#806=PRESENTATION_STYLE_ASSIGNMENT((#1937));
#807=ADVANCED_FACE('NONE',(#1938),#1939,.F.);
#808=PRESENTATION_STYLE_ASSIGNMENT((#1940));
#809=ADVANCED_FACE('NONE',(#1941),#1942,.T.);
#810=PRESENTATION_STYLE_ASSIGNMENT((#1943));
#811=ADVANCED_FACE('NONE',(#1944),#1945,.F.);
#812=PRESENTATION_STYLE_ASSIGNMENT((#1946));
#813=ADVANCED_FACE('NONE',(#1947),#1948,.T.);
#814=PRESENTATION_STYLE_ASSIGNMENT((#1949));
#815=ADVANCED_FACE('NONE',(#1950),#1951,.T.);
#816=PRESENTATION_STYLE_ASSIGNMENT((#1952));
#817=ADVANCED_FACE('NONE',(#1953),#1954,.T.);
#818=PRESENTATION_STYLE_ASSIGNMENT((#1955));
#819=ADVANCED_FACE('NONE',(#1956),#1957,.T.);
#820=PRESENTATION_STYLE_ASSIGNMENT((#1958));
#821=ADVANCED_FACE('NONE',(#1959),#1960,.F.);
#822=PRESENTATION_STYLE_ASSIGNMENT((#1961));
#823=ADVANCED_FACE('NONE',(#1962),#1963,.F.);
#824=PRESENTATION_STYLE_ASSIGNMENT((#1964));
#825=ADVANCED_FACE('NONE',(#1965),#1966,.F.);
#826=PRESENTATION_STYLE_ASSIGNMENT((#1967));
#827=ADVANCED_FACE('NONE',(#1968),#1969,.F.);
#828=PRESENTATION_STYLE_ASSIGNMENT((#1970));
#829=ADVANCED_FACE('NONE',(#1971),#1972,.F.);
#830=PRESENTATION_STYLE_ASSIGNMENT((#1973));
#831=ADVANCED_FACE('NONE',(#1974),#1975,.F.);
#832=PRESENTATION_STYLE_ASSIGNMENT((#1976));
#833=ADVANCED_FACE('NONE',(#1977),#1978,.T.);
#834=PRESENTATION_STYLE_ASSIGNMENT((#1979));
#835=ADVANCED_FACE('NONE',(#1980),#1981,.F.);
#836=PRESENTATION_STYLE_ASSIGNMENT((#1982));
#837=ADVANCED_FACE('NONE',(#1983),#1984,.F.);
#838=PRESENTATION_STYLE_ASSIGNMENT((#1985));
#839=ADVANCED_FACE('NONE',(#1986),#1987,.F.);
#840=PRESENTATION_STYLE_ASSIGNMENT((#1988));
#841=ADVANCED_FACE('NONE',(#1989),#1990,.T.);
#842=PRESENTATION_STYLE_ASSIGNMENT((#1991));
#843=ADVANCED_FACE('NONE',(#1992),#1993,.T.);
#844=PRESENTATION_STYLE_ASSIGNMENT((#1994));
#845=ADVANCED_FACE('NONE',(#1995),#1996,.F.);
#846=PRESENTATION_STYLE_ASSIGNMENT((#1997));
#847=ADVANCED_FACE('NONE',(#1998),#1999,.F.);
#848=PRESENTATION_STYLE_ASSIGNMENT((#2000));
#849=ADVANCED_FACE('NONE',(#2001),#2002,.F.);
#850=PRESENTATION_STYLE_ASSIGNMENT((#2003));
#851=ADVANCED_FACE('NONE',(#2004),#2005,.F.);
#852=PRESENTATION_STYLE_ASSIGNMENT((#2006));
#853=ADVANCED_FACE('NONE',(#2007),#2008,.F.);
#854=PRESENTATION_STYLE_ASSIGNMENT((#2009));
#855=ADVANCED_FACE('NONE',(#2010),#2011,.F.);
#856=PRESENTATION_STYLE_ASSIGNMENT((#2012));
#857=ADVANCED_FACE('NONE',(#2013),#2014,.T.);
#858=PRESENTATION_STYLE_ASSIGNMENT((#2015));
#859=ADVANCED_FACE('NONE',(#2016),#2017,.T.);
#860=PRESENTATION_STYLE_ASSIGNMENT((#2018));
#861=ADVANCED_FACE('NONE',(#2019),#2020,.F.);
#862=PRESENTATION_STYLE_ASSIGNMENT((#2021));
#863=ADVANCED_FACE('NONE',(#2022),#2023,.T.);
#864=PRESENTATION_STYLE_ASSIGNMENT((#2024));
#865=ADVANCED_FACE('NONE',(#2025),#2026,.T.);
#866=PRESENTATION_STYLE_ASSIGNMENT((#2027));
#867=ADVANCED_FACE('NONE',(#2028),#2029,.T.);
#868=PRESENTATION_STYLE_ASSIGNMENT((#2030));
#869=ADVANCED_FACE('NONE',(#2031),#2032,.F.);
#870=PRESENTATION_STYLE_ASSIGNMENT((#2033));
#871=ADVANCED_FACE('NONE',(#2034),#2035,.T.);
#872=PRESENTATION_STYLE_ASSIGNMENT((#2036));
#873=ADVANCED_FACE('NONE',(#2037),#2038,.F.);
#874=PRESENTATION_STYLE_ASSIGNMENT((#2039));
#875=ADVANCED_FACE('NONE',(#2040),#2041,.F.);
#876=PRESENTATION_STYLE_ASSIGNMENT((#2042));
#877=ADVANCED_FACE('NONE',(#2043),#2044,.F.);
#878=PRESENTATION_STYLE_ASSIGNMENT((#2045));
#879=ADVANCED_FACE('NONE',(#2046),#2047,.T.);
#880=PRESENTATION_STYLE_ASSIGNMENT((#2048));
#881=ADVANCED_FACE('NONE',(#2049),#2050,.F.);
#882=PRESENTATION_STYLE_ASSIGNMENT((#2051));
#883=ADVANCED_FACE('NONE',(#2052),#2053,.T.);
#884=PRESENTATION_STYLE_ASSIGNMENT((#2054));
#885=ADVANCED_FACE('NONE',(#2055),#2056,.T.);
#886=PRESENTATION_STYLE_ASSIGNMENT((#2057));
#887=ADVANCED_FACE('NONE',(#2058),#2059,.F.);
#888=PRESENTATION_STYLE_ASSIGNMENT((#2060));
#889=ADVANCED_FACE('NONE',(#2061),#2062,.F.);
#890=PRESENTATION_STYLE_ASSIGNMENT((#2063));
#891=ADVANCED_FACE('NONE',(#2064),#2065,.T.);
#892=PRESENTATION_STYLE_ASSIGNMENT((#2066));
#893=ADVANCED_FACE('NONE',(#2067),#2068,.T.);
#894=PRESENTATION_STYLE_ASSIGNMENT((#2069));
#895=ADVANCED_FACE('NONE',(#2070),#2071,.T.);
#896=PRESENTATION_STYLE_ASSIGNMENT((#2072));
#897=ADVANCED_FACE('NONE',(#2073),#2074,.F.);
#898=PRESENTATION_STYLE_ASSIGNMENT((#2075));
#899=ADVANCED_FACE('NONE',(#2076),#2077,.T.);
#900=PRESENTATION_STYLE_ASSIGNMENT((#2078));
#901=ADVANCED_FACE('NONE',(#2079),#2080,.T.);
#902=PRESENTATION_STYLE_ASSIGNMENT((#2081));
#903=ADVANCED_FACE('NONE',(#2082),#2083,.F.);
#904=PRESENTATION_STYLE_ASSIGNMENT((#2084));
#905=ADVANCED_FACE('NONE',(#2085),#2086,.F.);
#906=PRESENTATION_STYLE_ASSIGNMENT((#2087));
#907=ADVANCED_FACE('NONE',(#2088),#2089,.F.);
#908=PRESENTATION_STYLE_ASSIGNMENT((#2090));
#909=ADVANCED_FACE('NONE',(#2091),#2092,.F.);
#910=PRESENTATION_STYLE_ASSIGNMENT((#2093));
#911=ADVANCED_FACE('NONE',(#2094),#2095,.F.);
#912=PRESENTATION_STYLE_ASSIGNMENT((#2096));
#913=ADVANCED_FACE('NONE',(#2097),#2098,.F.);
#914=PRESENTATION_STYLE_ASSIGNMENT((#2099));
#915=ADVANCED_FACE('NONE',(#2100),#2101,.F.);
#916=PRESENTATION_STYLE_ASSIGNMENT((#2102));
#917=ADVANCED_FACE('NONE',(#2103),#2104,.F.);
#918=PRESENTATION_STYLE_ASSIGNMENT((#2105));
#919=ADVANCED_FACE('NONE',(#2106),#2107,.F.);
#920=PRESENTATION_STYLE_ASSIGNMENT((#2108));
#921=ADVANCED_FACE('NONE',(#2109),#2110,.F.);
#922=PRESENTATION_STYLE_ASSIGNMENT((#2111));
#923=ADVANCED_FACE('NONE',(#2112),#2113,.F.);
#924=PRESENTATION_STYLE_ASSIGNMENT((#2114));
#925=ADVANCED_FACE('NONE',(#2115),#2116,.F.);
#926=PRESENTATION_STYLE_ASSIGNMENT((#2117));
#927=ADVANCED_FACE('NONE',(#2118,#2119),#2120,.T.);
#928=PRESENTATION_STYLE_ASSIGNMENT((#2121));
#929=ADVANCED_FACE('NONE',(#2122),#2123,.T.);
#930=PRESENTATION_STYLE_ASSIGNMENT((#2124));
#931=ADVANCED_FACE('NONE',(#2125),#2126,.F.);
#932=PRESENTATION_STYLE_ASSIGNMENT((#2127));
#933=ADVANCED_FACE('NONE',(#2128),#2129,.F.);
#934=PRESENTATION_STYLE_ASSIGNMENT((#2130));
#935=ADVANCED_FACE('NONE',(#2131),#2132,.T.);
#936=PRESENTATION_STYLE_ASSIGNMENT((#2133));
#937=ADVANCED_FACE('NONE',(#2134),#2135,.F.);
#938=PRESENTATION_STYLE_ASSIGNMENT((#2136));
#939=ADVANCED_FACE('NONE',(#2137),#2138,.T.);
#940=PRESENTATION_STYLE_ASSIGNMENT((#2139));
#941=ADVANCED_FACE('NONE',(#2140),#2141,.F.);
#942=PRESENTATION_STYLE_ASSIGNMENT((#2142));
#943=ADVANCED_FACE('NONE',(#2143),#2144,.T.);
#944=PRESENTATION_STYLE_ASSIGNMENT((#2145));
#945=ADVANCED_FACE('NONE',(#2146),#2147,.F.);
#946=PRESENTATION_STYLE_ASSIGNMENT((#2148));
#947=ADVANCED_FACE('NONE',(#2149),#2150,.F.);
#948=PRESENTATION_STYLE_ASSIGNMENT((#2151));
#949=ADVANCED_FACE('NONE',(#2152),#2153,.F.);
#950=PRESENTATION_STYLE_ASSIGNMENT((#2154));
#951=ADVANCED_FACE('NONE',(#2155),#2156,.T.);
#952=PRESENTATION_STYLE_ASSIGNMENT((#2157));
#953=ADVANCED_FACE('NONE',(#2158),#2159,.F.);
#954=PRESENTATION_STYLE_ASSIGNMENT((#2160));
#955=ADVANCED_FACE('NONE',(#2161),#2162,.F.);
#956=PRESENTATION_STYLE_ASSIGNMENT((#2163));
#957=ADVANCED_FACE('NONE',(#2164),#2165,.F.);
#958=PRESENTATION_STYLE_ASSIGNMENT((#2166));
#959=ADVANCED_FACE('NONE',(#2167),#2168,.T.);
#960=PRESENTATION_STYLE_ASSIGNMENT((#2169));
#961=ADVANCED_FACE('NONE',(#2170),#2171,.T.);
#962=PRESENTATION_STYLE_ASSIGNMENT((#2172));
#963=ADVANCED_FACE('NONE',(#2173),#2174,.T.);
#964=PRESENTATION_STYLE_ASSIGNMENT((#2175));
#965=ADVANCED_FACE('NONE',(#2176,#2177),#2178,.T.);
#966=PRESENTATION_STYLE_ASSIGNMENT((#2179));
#967=ADVANCED_FACE('NONE',(#2180),#2181,.T.);
#968=PRESENTATION_STYLE_ASSIGNMENT((#2182));
#969=ADVANCED_FACE('NONE',(#2183),#2184,.F.);
#970=PRESENTATION_STYLE_ASSIGNMENT((#2185));
#971=ADVANCED_FACE('NONE',(#2186),#2187,.F.);
#972=PRESENTATION_STYLE_ASSIGNMENT((#2188));
#973=ADVANCED_FACE('NONE',(#2189),#2190,.F.);
#974=PRESENTATION_STYLE_ASSIGNMENT((#2191));
#975=ADVANCED_FACE('NONE',(#2192),#2193,.F.);
#976=PRESENTATION_STYLE_ASSIGNMENT((#2194));
#977=ADVANCED_FACE('NONE',(#2195),#2196,.F.);
#978=PRESENTATION_STYLE_ASSIGNMENT((#2197));
#979=ADVANCED_FACE('NONE',(#2198),#2199,.F.);
#980=PRESENTATION_STYLE_ASSIGNMENT((#2200));
#981=ADVANCED_FACE('NONE',(#2201),#2202,.T.);
#982=PRESENTATION_STYLE_ASSIGNMENT((#2203));
#983=ADVANCED_FACE('NONE',(#2204),#2205,.T.);
#984=PRESENTATION_STYLE_ASSIGNMENT((#2206));
#985=ADVANCED_FACE('NONE',(#2207),#2208,.T.);
#986=PRESENTATION_STYLE_ASSIGNMENT((#2209));
#987=ADVANCED_FACE('NONE',(#2210),#2211,.T.);
#988=PRESENTATION_STYLE_ASSIGNMENT((#2212));
#989=ADVANCED_FACE('NONE',(#2213),#2214,.F.);
#990=PRESENTATION_STYLE_ASSIGNMENT((#2215));
#991=ADVANCED_FACE('NONE',(#2216),#2217,.F.);
#992=PRESENTATION_STYLE_ASSIGNMENT((#2218));
#993=ADVANCED_FACE('NONE',(#2219),#2220,.F.);
#994=PRESENTATION_STYLE_ASSIGNMENT((#2221));
#995=ADVANCED_FACE('NONE',(#2222),#2223,.F.);
#996=PRESENTATION_STYLE_ASSIGNMENT((#2224));
#997=ADVANCED_FACE('NONE',(#2225),#2226,.F.);
#998=PRESENTATION_STYLE_ASSIGNMENT((#2227));
#999=ADVANCED_FACE('NONE',(#2228),#2229,.F.);
#1000=PRESENTATION_STYLE_ASSIGNMENT((#2230));
#1001=ADVANCED_FACE('NONE',(#2231),#2232,.T.);
#1002=PRESENTATION_STYLE_ASSIGNMENT((#2233));
#1003=ADVANCED_FACE('NONE',(#2234),#2235,.T.);
#1004=PRESENTATION_STYLE_ASSIGNMENT((#2236));
#1005=ADVANCED_FACE('NONE',(#2237),#2238,.T.);
#1006=PRESENTATION_STYLE_ASSIGNMENT((#2239));
#1007=ADVANCED_FACE('NONE',(#2240),#2241,.T.);
#1008=PRESENTATION_STYLE_ASSIGNMENT((#2242));
#1009=ADVANCED_FACE('NONE',(#2243),#2244,.T.);
#1010=PRESENTATION_STYLE_ASSIGNMENT((#2245));
#1011=ADVANCED_FACE('NONE',(#2246),#2247,.F.);
#1012=PRESENTATION_STYLE_ASSIGNMENT((#2248));
#1013=ADVANCED_FACE('NONE',(#2249),#2250,.T.);
#1014=PRESENTATION_STYLE_ASSIGNMENT((#2251));
#1015=ADVANCED_FACE('NONE',(#2252),#2253,.T.);
#1016=PRESENTATION_STYLE_ASSIGNMENT((#2254));
#1017=ADVANCED_FACE('NONE',(#2255),#2256,.F.);
#1018=PRESENTATION_STYLE_ASSIGNMENT((#2257));
#1019=ADVANCED_FACE('NONE',(#2258),#2259,.T.);
#1020=PRESENTATION_STYLE_ASSIGNMENT((#2260));
#1021=ADVANCED_FACE('NONE',(#2261),#2262,.F.);
#1022=PRESENTATION_STYLE_ASSIGNMENT((#2263));
#1023=ADVANCED_FACE('NONE',(#2264),#2265,.F.);
#1024=PRESENTATION_STYLE_ASSIGNMENT((#2266));
#1025=ADVANCED_FACE('NONE',(#2267),#2268,.T.);
#1026=PRESENTATION_STYLE_ASSIGNMENT((#2269));
#1027=ADVANCED_FACE('NONE',(#2270),#2271,.F.);
#1028=PRESENTATION_STYLE_ASSIGNMENT((#2272));
#1029=ADVANCED_FACE('NONE',(#2273),#2274,.T.);
#1030=PRESENTATION_STYLE_ASSIGNMENT((#2275));
#1031=ADVANCED_FACE('NONE',(#2276),#2277,.F.);
#1032=PRESENTATION_STYLE_ASSIGNMENT((#2278));
#1033=ADVANCED_FACE('NONE',(#2279),#2280,.T.);
#1034=PRESENTATION_STYLE_ASSIGNMENT((#2281));
#1035=ADVANCED_FACE('NONE',(#2282),#2283,.T.);
#1036=PRESENTATION_STYLE_ASSIGNMENT((#2284));
#1037=ADVANCED_FACE('NONE',(#2285),#2286,.F.);
#1038=PRESENTATION_STYLE_ASSIGNMENT((#2287));
#1039=ADVANCED_FACE('NONE',(#2288),#2289,.F.);
#1040=PRESENTATION_STYLE_ASSIGNMENT((#2290));
#1041=ADVANCED_FACE('NONE',(#2291),#2292,.F.);
#1042=PRESENTATION_STYLE_ASSIGNMENT((#2293));
#1043=ADVANCED_FACE('NONE',(#2294),#2295,.F.);
#1044=PRESENTATION_STYLE_ASSIGNMENT((#2296));
#1045=ADVANCED_FACE('NONE',(#2297),#2298,.F.);
#1046=PRESENTATION_STYLE_ASSIGNMENT((#2299));
#1047=ADVANCED_FACE('NONE',(#2300),#2301,.F.);
#1048=PRESENTATION_STYLE_ASSIGNMENT((#2302));
#1049=ADVANCED_FACE('NONE',(#2303),#2304,.F.);
#1050=PRESENTATION_STYLE_ASSIGNMENT((#2305));
#1051=ADVANCED_FACE('NONE',(#2306),#2307,.F.);
#1052=PRESENTATION_STYLE_ASSIGNMENT((#2308));
#1053=ADVANCED_FACE('NONE',(#2309),#2310,.F.);
#1054=PRESENTATION_STYLE_ASSIGNMENT((#2311));
#1055=ADVANCED_FACE('NONE',(#2312),#2313,.F.);
#1056=PRESENTATION_STYLE_ASSIGNMENT((#2314));
#1057=ADVANCED_FACE('NONE',(#2315),#2316,.F.);
#1058=PRESENTATION_STYLE_ASSIGNMENT((#2317));
#1059=ADVANCED_FACE('NONE',(#2318),#2319,.F.);
#1060=PRESENTATION_STYLE_ASSIGNMENT((#2320));
#1061=ADVANCED_FACE('NONE',(#2321),#2322,.F.);
#1062=PRESENTATION_STYLE_ASSIGNMENT((#2323));
#1063=ADVANCED_FACE('NONE',(#2324),#2325,.F.);
#1064=PRESENTATION_STYLE_ASSIGNMENT((#2326));
#1065=ADVANCED_FACE('NONE',(#2327),#2328,.F.);
#1066=PRESENTATION_STYLE_ASSIGNMENT((#2329));
#1067=ADVANCED_FACE('NONE',(#2330),#2331,.F.);
#1068=PRESENTATION_STYLE_ASSIGNMENT((#2332));
#1069=ADVANCED_FACE('NONE',(#2333),#2334,.F.);
#1070=PRESENTATION_STYLE_ASSIGNMENT((#2335));
#1071=ADVANCED_FACE('NONE',(#2336),#2337,.T.);
#1072=PRESENTATION_STYLE_ASSIGNMENT((#2338));
#1073=ADVANCED_FACE('NONE',(#2339),#2340,.F.);
#1074=PRESENTATION_STYLE_ASSIGNMENT((#2341));
#1075=ADVANCED_FACE('NONE',(#2342),#2343,.F.);
#1076=PRESENTATION_STYLE_ASSIGNMENT((#2344));
#1077=ADVANCED_FACE('NONE',(#2345),#2346,.F.);
#1078=PRESENTATION_STYLE_ASSIGNMENT((#2347));
#1079=ADVANCED_FACE('NONE',(#2348),#2349,.T.);
#1080=PRESENTATION_STYLE_ASSIGNMENT((#2350));
#1081=ADVANCED_FACE('NONE',(#2351),#2352,.F.);
#1082=PRESENTATION_STYLE_ASSIGNMENT((#2353));
#1083=ADVANCED_FACE('NONE',(#2354),#2355,.F.);
#1084=PRESENTATION_STYLE_ASSIGNMENT((#2356));
#1085=ADVANCED_FACE('NONE',(#2357),#2358,.F.);
#1086=PRESENTATION_STYLE_ASSIGNMENT((#2359));
#1087=ADVANCED_FACE('NONE',(#2360),#2361,.F.);
#1088=PRESENTATION_STYLE_ASSIGNMENT((#2362));
#1089=ADVANCED_FACE('NONE',(#2363),#2364,.F.);
#1090=PRESENTATION_STYLE_ASSIGNMENT((#2365));
#1091=ADVANCED_FACE('NONE',(#2366),#2367,.T.);
#1092=PRESENTATION_STYLE_ASSIGNMENT((#2368));
#1093=ADVANCED_FACE('NONE',(#2369),#2370,.F.);
#1094=PRESENTATION_STYLE_ASSIGNMENT((#2371));
#1095=ADVANCED_FACE('NONE',(#2372),#2373,.T.);
#1096=PRESENTATION_STYLE_ASSIGNMENT((#2374));
#1097=ADVANCED_FACE('NONE',(#2375),#2376,.T.);
#1098=PRESENTATION_STYLE_ASSIGNMENT((#2377));
#1099=ADVANCED_FACE('NONE',(#2378),#2379,.T.);
#1100=PRESENTATION_STYLE_ASSIGNMENT((#2380));
#1101=ADVANCED_FACE('NONE',(#2381),#2382,.T.);
#1102=PRESENTATION_STYLE_ASSIGNMENT((#2383));
#1103=ADVANCED_FACE('NONE',(#2384),#2385,.T.);
#1104=PRESENTATION_STYLE_ASSIGNMENT((#2386));
#1105=ADVANCED_FACE('NONE',(#2387),#2388,.T.);
#1106=PRESENTATION_STYLE_ASSIGNMENT((#2389));
#1107=ADVANCED_FACE('NONE',(#2390),#2391,.F.);
#1108=PRESENTATION_STYLE_ASSIGNMENT((#2392));
#1109=ADVANCED_FACE('NONE',(#2393),#2394,.F.);
#1110=PRESENTATION_STYLE_ASSIGNMENT((#2395));
#1111=ADVANCED_FACE('NONE',(#2396),#2397,.F.);
#1112=PRESENTATION_STYLE_ASSIGNMENT((#2398));
#1113=ADVANCED_FACE('NONE',(#2399),#2400,.T.);
#1114=PRESENTATION_STYLE_ASSIGNMENT((#2401));
#1115=ADVANCED_FACE('NONE',(#2402),#2403,.T.);
#1116=PRESENTATION_STYLE_ASSIGNMENT((#2404));
#1117=ADVANCED_FACE('NONE',(#2405),#2406,.F.);
#1118=PRESENTATION_STYLE_ASSIGNMENT((#2407));
#1119=ADVANCED_FACE('NONE',(#2408),#2409,.F.);
#1120=PRESENTATION_STYLE_ASSIGNMENT((#2410));
#1121=ADVANCED_FACE('NONE',(#2411),#2412,.F.);
#1122=PRESENTATION_STYLE_ASSIGNMENT((#2413));
#1123=ADVANCED_FACE('NONE',(#2414),#2415,.T.);
#1124=PRESENTATION_STYLE_ASSIGNMENT((#2416));
#1125=ADVANCED_FACE('NONE',(#2417),#2418,.T.);
#1126=PRESENTATION_STYLE_ASSIGNMENT((#2419));
#1127=ADVANCED_FACE('NONE',(#2420),#2421,.T.);
#1128=PRESENTATION_STYLE_ASSIGNMENT((#2422));
#1129=ADVANCED_FACE('NONE',(#2423),#2424,.F.);
#1130=PRESENTATION_STYLE_ASSIGNMENT((#2425));
#1131=ADVANCED_FACE('NONE',(#2426),#2427,.F.);
#1132=PRESENTATION_STYLE_ASSIGNMENT((#2428));
#1133=ADVANCED_FACE('NONE',(#2429),#2430,.F.);
#1134=PRESENTATION_STYLE_ASSIGNMENT((#2431));
#1135=ADVANCED_FACE('NONE',(#2432),#2433,.F.);
#1136=PRESENTATION_STYLE_ASSIGNMENT((#2434));
#1137=ADVANCED_FACE('NONE',(#2435),#2436,.F.);
#1138=PRESENTATION_STYLE_ASSIGNMENT((#2437));
#1139=ADVANCED_FACE('NONE',(#2438),#2439,.T.);
#1140=PRESENTATION_STYLE_ASSIGNMENT((#2440));
#1141=ADVANCED_FACE('NONE',(#2441),#2442,.F.);
#1142=PRESENTATION_STYLE_ASSIGNMENT((#2443));
#1143=ADVANCED_FACE('NONE',(#2444),#2445,.F.);
#1144=PRESENTATION_STYLE_ASSIGNMENT((#2446));
#1145=ADVANCED_FACE('NONE',(#2447),#2448,.T.);
#1146=PRESENTATION_STYLE_ASSIGNMENT((#2449));
#1147=ADVANCED_FACE('NONE',(#2450),#2451,.F.);
#1148=PRESENTATION_STYLE_ASSIGNMENT((#2452));
#1149=ADVANCED_FACE('NONE',(#2453),#2454,.F.);
#1150=PRESENTATION_STYLE_ASSIGNMENT((#2455));
#1151=ADVANCED_FACE('NONE',(#2456),#2457,.T.);
#1152=PRESENTATION_STYLE_ASSIGNMENT((#2458));
#1153=ADVANCED_FACE('NONE',(#2459),#2460,.T.);
#1154=PRESENTATION_STYLE_ASSIGNMENT((#2461));
#1155=ADVANCED_FACE('NONE',(#2462),#2463,.F.);
#1156=PRESENTATION_STYLE_ASSIGNMENT((#2464));
#1157=ADVANCED_FACE('NONE',(#2465),#2466,.T.);
#1158=PRESENTATION_STYLE_ASSIGNMENT((#2467));
#1159=ADVANCED_FACE('NONE',(#2468),#2469,.F.);
#1160=PRESENTATION_STYLE_ASSIGNMENT((#2470));
#1161=ADVANCED_FACE('NONE',(#2471),#2472,.F.);
#1162=PRESENTATION_STYLE_ASSIGNMENT((#2473));
#1163=ADVANCED_FACE('NONE',(#2474),#2475,.F.);
#1164=PRESENTATION_STYLE_ASSIGNMENT((#2476));
#1165=ADVANCED_FACE('NONE',(#2477),#2478,.F.);
#1166=PRESENTATION_STYLE_ASSIGNMENT((#2479));
#1167=ADVANCED_FACE('NONE',(#2480),#2481,.F.);
#1168=PRESENTATION_STYLE_ASSIGNMENT((#2482));
#1169=ADVANCED_FACE('NONE',(#2483),#2484,.F.);
#1170=PRESENTATION_STYLE_ASSIGNMENT((#2485));
#1171=ADVANCED_FACE('NONE',(#2486),#2487,.F.);
#1172=PRESENTATION_STYLE_ASSIGNMENT((#2488));
#1173=ADVANCED_FACE('NONE',(#2489),#2490,.F.);
#1174=PRESENTATION_STYLE_ASSIGNMENT((#2491));
#1175=ADVANCED_FACE('NONE',(#2492),#2493,.F.);
#1176=PRESENTATION_STYLE_ASSIGNMENT((#2494));
#1177=ADVANCED_FACE('NONE',(#2495),#2496,.F.);
#1178=PRESENTATION_STYLE_ASSIGNMENT((#2497));
#1179=ADVANCED_FACE('NONE',(#2498),#2499,.T.);
#1180=PRESENTATION_STYLE_ASSIGNMENT((#2500));
#1181=ADVANCED_FACE('NONE',(#2501),#2502,.F.);
#1182=PRESENTATION_STYLE_ASSIGNMENT((#2503));
#1183=ADVANCED_FACE('NONE',(#2504),#2505,.F.);
#1184=PRESENTATION_STYLE_ASSIGNMENT((#2506));
#1185=ADVANCED_FACE('NONE',(#2507),#2508,.T.);
#1186=PRESENTATION_STYLE_ASSIGNMENT((#2509));
#1187=ADVANCED_FACE('NONE',(#2510),#2511,.F.);
#1188=PRESENTATION_STYLE_ASSIGNMENT((#2512));
#1189=ADVANCED_FACE('NONE',(#2513),#2514,.T.);
#1190=PRESENTATION_STYLE_ASSIGNMENT((#2515));
#1191=ADVANCED_FACE('NONE',(#2516),#2517,.T.);
#1192=PRESENTATION_STYLE_ASSIGNMENT((#2518));
#1193=ADVANCED_FACE('NONE',(#2519),#2520,.F.);
#1194=PRESENTATION_STYLE_ASSIGNMENT((#2521));
#1195=ADVANCED_FACE('NONE',(#2522),#2523,.F.);
#1196=PRESENTATION_STYLE_ASSIGNMENT((#2524));
#1197=ADVANCED_FACE('NONE',(#2525),#2526,.F.);
#1198=PRESENTATION_STYLE_ASSIGNMENT((#2527));
#1199=ADVANCED_FACE('NONE',(#2528),#2529,.F.);
#1200=PRESENTATION_STYLE_ASSIGNMENT((#2530));
#1201=ADVANCED_FACE('NONE',(#2531),#2532,.F.);
#1202=PRESENTATION_STYLE_ASSIGNMENT((#2533));
#1203=ADVANCED_FACE('NONE',(#2534),#2535,.F.);
#1204=PRESENTATION_STYLE_ASSIGNMENT((#2536));
#1205=ADVANCED_FACE('NONE',(#2537),#2538,.T.);
#1206=PRESENTATION_STYLE_ASSIGNMENT((#2539));
#1207=ADVANCED_FACE('NONE',(#2540),#2541,.T.);
#1208=PRESENTATION_STYLE_ASSIGNMENT((#2542));
#1209=ADVANCED_FACE('NONE',(#2543),#2544,.T.);
#1210=PRESENTATION_STYLE_ASSIGNMENT((#2545));
#1211=ADVANCED_FACE('NONE',(#2546),#2547,.T.);
#1212=PRESENTATION_STYLE_ASSIGNMENT((#2548));
#1213=ADVANCED_FACE('NONE',(#2549),#2550,.T.);
#1214=PRESENTATION_STYLE_ASSIGNMENT((#2551));
#1215=ADVANCED_FACE('NONE',(#2552),#2553,.F.);
#1216=PRESENTATION_STYLE_ASSIGNMENT((#2554));
#1217=ADVANCED_FACE('NONE',(#2555),#2556,.F.);
#1218=PRESENTATION_STYLE_ASSIGNMENT((#2557));
#1219=ADVANCED_FACE('NONE',(#2558),#2559,.F.);
#1220=PRESENTATION_STYLE_ASSIGNMENT((#2560));
#1221=ADVANCED_FACE('NONE',(#2561),#2562,.F.);
#1222=PRESENTATION_STYLE_ASSIGNMENT((#2563));
#1223=ADVANCED_FACE('NONE',(#2564),#2565,.F.);
#1224=PRESENTATION_STYLE_ASSIGNMENT((#2566));
#1225=ADVANCED_FACE('NONE',(#2567),#2568,.F.);
#1226=PRESENTATION_STYLE_ASSIGNMENT((#2569));
#1227=ADVANCED_FACE('NONE',(#2570),#2571,.T.);
#1228=PRESENTATION_STYLE_ASSIGNMENT((#2572));
#1229=ADVANCED_FACE('NONE',(#2573),#2574,.T.);
#1230=PRESENTATION_STYLE_ASSIGNMENT((#2575));
#1231=ADVANCED_FACE('NONE',(#2576),#2577,.T.);
#1232=PRESENTATION_STYLE_ASSIGNMENT((#2578));
#1233=ADVANCED_FACE('NONE',(#2579),#2580,.F.);
#1234=PRESENTATION_STYLE_ASSIGNMENT((#2581));
#1235=ADVANCED_FACE('NONE',(#2582),#2583,.F.);
#1236=PRESENTATION_STYLE_ASSIGNMENT((#2584));
#1237=ADVANCED_FACE('NONE',(#2585),#2586,.F.);
#1238=PRESENTATION_STYLE_ASSIGNMENT((#2587));
#1239=ADVANCED_FACE('NONE',(#2588),#2589,.T.);
#1240=PRESENTATION_STYLE_ASSIGNMENT((#2590));
#1241=ADVANCED_FACE('NONE',(#2591),#2592,.T.);
#1242=PRESENTATION_STYLE_ASSIGNMENT((#2593));
#1243=ADVANCED_FACE('NONE',(#2594),#2595,.F.);
#1244=PRESENTATION_STYLE_ASSIGNMENT((#2596));
#1245=ADVANCED_FACE('NONE',(#2597),#2598,.T.);
#1246=PRESENTATION_STYLE_ASSIGNMENT((#2599));
#1247=ADVANCED_FACE('NONE',(#2600),#2601,.T.);
#1248=PRESENTATION_STYLE_ASSIGNMENT((#2602));
#1249=ADVANCED_FACE('NONE',(#2603),#2604,.F.);
#1250=PRESENTATION_STYLE_ASSIGNMENT((#2605));
#1251=ADVANCED_FACE('NONE',(#2606),#2607,.T.);
#1252=PRESENTATION_STYLE_ASSIGNMENT((#2608));
#1253=ADVANCED_FACE('NONE',(#2609),#2610,.F.);
#1254=PRESENTATION_STYLE_ASSIGNMENT((#2611));
#1255=ADVANCED_FACE('NONE',(#2612),#2613,.F.);
#1256=PRESENTATION_STYLE_ASSIGNMENT((#2614));
#1257=ADVANCED_FACE('NONE',(#2615),#2616,.F.);
#1258=PRESENTATION_STYLE_ASSIGNMENT((#2617));
#1259=ADVANCED_FACE('NONE',(#2618),#2619,.F.);
#1260=PRESENTATION_STYLE_ASSIGNMENT((#2620));
#1261=ADVANCED_FACE('NONE',(#2621),#2622,.F.);
#1262=PRESENTATION_STYLE_ASSIGNMENT((#2623));
#1263=ADVANCED_FACE('NONE',(#2624,#2625),#2626,.T.);
#1264=PRESENTATION_STYLE_ASSIGNMENT((#2627));
#1265=ADVANCED_FACE('NONE',(#2628),#2629,.F.);
#1266=PRESENTATION_STYLE_ASSIGNMENT((#2630));
#1267=ADVANCED_FACE('NONE',(#2631),#2632,.F.);
#1268=PRESENTATION_STYLE_ASSIGNMENT((#2633));
#1269=ADVANCED_FACE('NONE',(#2634),#2635,.F.);
#1270=PRESENTATION_STYLE_ASSIGNMENT((#2636));
#1271=ADVANCED_FACE('NONE',(#2637),#2638,.F.);
#1272=PRESENTATION_STYLE_ASSIGNMENT((#2639));
#1273=ADVANCED_FACE('NONE',(#2640),#2641,.F.);
#1274=PRESENTATION_STYLE_ASSIGNMENT((#2642));
#1275=ADVANCED_FACE('NONE',(#2643),#2644,.T.);
#1276=PRESENTATION_STYLE_ASSIGNMENT((#2645));
#1277=ADVANCED_FACE('NONE',(#2646),#2647,.F.);
#1278=PRESENTATION_STYLE_ASSIGNMENT((#2648));
#1279=ADVANCED_FACE('NONE',(#2649),#2650,.F.);
#1280=PRESENTATION_STYLE_ASSIGNMENT((#2651));
#1281=ADVANCED_FACE('NONE',(#2652),#2653,.T.);
#1282=PRESENTATION_STYLE_ASSIGNMENT((#2654));
#1283=ADVANCED_FACE('NONE',(#2655),#2656,.T.);
#1284=PRESENTATION_STYLE_ASSIGNMENT((#2657));
#1285=ADVANCED_FACE('NONE',(#2658),#2659,.T.);
#1286=PRESENTATION_STYLE_ASSIGNMENT((#2660));
#1287=ADVANCED_FACE('NONE',(#2661),#2662,.T.);
#1288=PRESENTATION_STYLE_ASSIGNMENT((#2663));
#1289=ADVANCED_FACE('NONE',(#2664),#2665,.F.);
#1290=PRESENTATION_STYLE_ASSIGNMENT((#2666));
#1291=ADVANCED_FACE('NONE',(#2667),#2668,.F.);
#1292=PRESENTATION_STYLE_ASSIGNMENT((#2669));
#1293=ADVANCED_FACE('NONE',(#2670),#2671,.F.);
#1294=PRESENTATION_STYLE_ASSIGNMENT((#2672));
#1295=ADVANCED_FACE('NONE',(#2673),#2674,.F.);
#1296=PRESENTATION_STYLE_ASSIGNMENT((#2675));
#1297=ADVANCED_FACE('NONE',(#2676),#2677,.T.);
#1298=PRESENTATION_STYLE_ASSIGNMENT((#2678));
#1299=ADVANCED_FACE('NONE',(#2679),#2680,.T.);
#1300=PRESENTATION_STYLE_ASSIGNMENT((#2681));
#1301=ADVANCED_FACE('NONE',(#2682),#2683,.F.);
#1302=PRESENTATION_STYLE_ASSIGNMENT((#2684));
#1303=ADVANCED_FACE('NONE',(#2685),#2686,.F.);
#1304=PRESENTATION_STYLE_ASSIGNMENT((#2687));
#1305=ADVANCED_FACE('NONE',(#2688),#2689,.F.);
#1306=PRESENTATION_STYLE_ASSIGNMENT((#2690));
#1307=ADVANCED_FACE('NONE',(#2691),#2692,.F.);
#1308=PRESENTATION_STYLE_ASSIGNMENT((#2693));
#1309=ADVANCED_FACE('NONE',(#2694),#2695,.T.);
#1310=PRESENTATION_STYLE_ASSIGNMENT((#2696));
#1311=ADVANCED_FACE('NONE',(#2697),#2698,.T.);
#1312=PRESENTATION_STYLE_ASSIGNMENT((#2699));
#1313=ADVANCED_FACE('NONE',(#2700),#2701,.F.);
#1314=PRESENTATION_STYLE_ASSIGNMENT((#2702));
#1315=ADVANCED_FACE('NONE',(#2703),#2704,.F.);
#1316=PRESENTATION_STYLE_ASSIGNMENT((#2705));
#1317=ADVANCED_FACE('NONE',(#2706),#2707,.F.);
#1318=PRESENTATION_STYLE_ASSIGNMENT((#2708));
#1319=ADVANCED_FACE('NONE',(#2709),#2710,.F.);
#1320=PRESENTATION_STYLE_ASSIGNMENT((#2711));
#1321=ADVANCED_FACE('NONE',(#2712),#2713,.T.);
#1322=PRESENTATION_STYLE_ASSIGNMENT((#2714));
#1323=ADVANCED_FACE('NONE',(#2715),#2716,.T.);
#1324=PRESENTATION_STYLE_ASSIGNMENT((#2717));
#1325=ADVANCED_FACE('NONE',(#2718),#2719,.F.);
#1326=PRESENTATION_STYLE_ASSIGNMENT((#2720));
#1327=ADVANCED_FACE('NONE',(#2721),#2722,.F.);
#1328=PRESENTATION_STYLE_ASSIGNMENT((#2723));
#1329=ADVANCED_FACE('NONE',(#2724),#2725,.F.);
#1330=PRESENTATION_STYLE_ASSIGNMENT((#2726));
#1331=ADVANCED_FACE('NONE',(#2727),#2728,.F.);
#1332=PRESENTATION_STYLE_ASSIGNMENT((#2729));
#1333=ADVANCED_FACE('NONE',(#2730),#2731,.T.);
#1334=PRESENTATION_STYLE_ASSIGNMENT((#2732));
#1335=ADVANCED_FACE('NONE',(#2733),#2734,.F.);
#1336=PRESENTATION_STYLE_ASSIGNMENT((#2735));
#1337=ADVANCED_FACE('NONE',(#2736),#2737,.T.);
#1338=PRESENTATION_STYLE_ASSIGNMENT((#2738));
#1339=ADVANCED_FACE('NONE',(#2739),#2740,.F.);
#1340=PRESENTATION_STYLE_ASSIGNMENT((#2741));
#1341=ADVANCED_FACE('NONE',(#2742),#2743,.F.);
#1342=PRESENTATION_STYLE_ASSIGNMENT((#2744));
#1343=ADVANCED_FACE('NONE',(#2745),#2746,.F.);
#1344=PRESENTATION_STYLE_ASSIGNMENT((#2747));
#1345=ADVANCED_FACE('NONE',(#2748),#2749,.F.);
#1346=PRESENTATION_STYLE_ASSIGNMENT((#2750));
#1347=ADVANCED_FACE('NONE',(#2751),#2752,.F.);
#1348=PRESENTATION_STYLE_ASSIGNMENT((#2753));
#1349=ADVANCED_FACE('NONE',(#2754),#2755,.F.);
#1350=PRESENTATION_STYLE_ASSIGNMENT((#2756));
#1351=ADVANCED_FACE('NONE',(#2757),#2758,.T.);
#1352=PRESENTATION_STYLE_ASSIGNMENT((#2759));
#1353=ADVANCED_FACE('NONE',(#2760),#2761,.F.);
#1354=PRESENTATION_STYLE_ASSIGNMENT((#2762));
#1355=ADVANCED_FACE('NONE',(#2763),#2764,.F.);
#1356=PRESENTATION_STYLE_ASSIGNMENT((#2765));
#1357=ADVANCED_FACE('NONE',(#2766),#2767,.F.);
#1358=PRESENTATION_STYLE_ASSIGNMENT((#2768));
#1359=ADVANCED_FACE('NONE',(#2769),#2770,.F.);
#1360=PRESENTATION_STYLE_ASSIGNMENT((#2771));
#1361=ADVANCED_FACE('NONE',(#2772),#2773,.F.);
#1362=PRESENTATION_STYLE_ASSIGNMENT((#2774));
#1363=ADVANCED_FACE('NONE',(#2775),#2776,.F.);
#1364=PRESENTATION_STYLE_ASSIGNMENT((#2777));
#1365=ADVANCED_FACE('NONE',(#2778),#2779,.T.);
#1366=PRESENTATION_STYLE_ASSIGNMENT((#2780));
#1367=ADVANCED_FACE('NONE',(#2781),#2782,.F.);
#1368=PRESENTATION_STYLE_ASSIGNMENT((#2783));
#1369=ADVANCED_FACE('NONE',(#2784),#2785,.T.);
#1370=PRESENTATION_STYLE_ASSIGNMENT((#2786));
#1371=ADVANCED_FACE('NONE',(#2787),#2788,.F.);
#1372=PRESENTATION_STYLE_ASSIGNMENT((#2789));
#1373=ADVANCED_FACE('NONE',(#2790),#2791,.F.);
#1374=PRESENTATION_STYLE_ASSIGNMENT((#2792));
#1375=ADVANCED_FACE('NONE',(#2793),#2794,.F.);
#1376=PRESENTATION_STYLE_ASSIGNMENT((#2795));
#1377=ADVANCED_FACE('NONE',(#2796),#2797,.T.);
#1378=PRESENTATION_STYLE_ASSIGNMENT((#2798));
#1379=ADVANCED_FACE('NONE',(#2799),#2800,.F.);
#1380=PRESENTATION_STYLE_ASSIGNMENT((#2801));
#1381=ADVANCED_FACE('NONE',(#2802),#2803,.T.);
#1382=PRESENTATION_STYLE_ASSIGNMENT((#2804));
#1383=ADVANCED_FACE('NONE',(#2805),#2806,.F.);
#1384=PRESENTATION_STYLE_ASSIGNMENT((#2807));
#1385=ADVANCED_FACE('NONE',(#2808),#2809,.F.);
#1386=PRESENTATION_STYLE_ASSIGNMENT((#2810));
#1387=ADVANCED_FACE('NONE',(#2811),#2812,.F.);
#1388=PRESENTATION_STYLE_ASSIGNMENT((#2813));
#1389=ADVANCED_FACE('NONE',(#2814),#2815,.F.);
#1390=PRESENTATION_STYLE_ASSIGNMENT((#2816));
#1391=ADVANCED_FACE('NONE',(#2817),#2818,.F.);
#1392=PRESENTATION_STYLE_ASSIGNMENT((#2819));
#1393=ADVANCED_FACE('NONE',(#2820),#2821,.F.);
#1394=PRESENTATION_STYLE_ASSIGNMENT((#2822));
#1395=ADVANCED_FACE('NONE',(#2823),#2824,.T.);
#1396=PRESENTATION_STYLE_ASSIGNMENT((#2825));
#1397=ADVANCED_FACE('NONE',(#2826),#2827,.F.);
#1398=PRESENTATION_STYLE_ASSIGNMENT((#2828));
#1399=ADVANCED_FACE('NONE',(#2829),#2830,.F.);
#1400=PRESENTATION_STYLE_ASSIGNMENT((#2831));
#1401=ADVANCED_FACE('NONE',(#2832),#2833,.F.);
#1402=PRESENTATION_STYLE_ASSIGNMENT((#2834));
#1403=ADVANCED_FACE('NONE',(#2835),#2836,.F.);
#1404=PRESENTATION_STYLE_ASSIGNMENT((#2837));
#1405=ADVANCED_FACE('NONE',(#2838),#2839,.F.);
#1406=PRESENTATION_STYLE_ASSIGNMENT((#2840));
#1407=ADVANCED_FACE('NONE',(#2841),#2842,.F.);
#1408=PRESENTATION_STYLE_ASSIGNMENT((#2843));
#1409=ADVANCED_FACE('NONE',(#2844),#2845,.T.);
#1410=PRESENTATION_STYLE_ASSIGNMENT((#2846));
#1411=ADVANCED_FACE('NONE',(#2847),#2848,.F.);
#1412=PRESENTATION_STYLE_ASSIGNMENT((#2849));
#1413=ADVANCED_FACE('NONE',(#2850),#2851,.T.);
#1414=PRESENTATION_STYLE_ASSIGNMENT((#2852));
#1415=ADVANCED_FACE('NONE',(#2853),#2854,.F.);
#1416=PRESENTATION_STYLE_ASSIGNMENT((#2855));
#1417=ADVANCED_FACE('NONE',(#2856),#2857,.T.);
#1418=PRESENTATION_STYLE_ASSIGNMENT((#2858));
#1419=ADVANCED_FACE('NONE',(#2859),#2860,.F.);
#1420=PRESENTATION_STYLE_ASSIGNMENT((#2861));
#1421=ADVANCED_FACE('NONE',(#2862),#2863,.F.);
#1422=PRESENTATION_STYLE_ASSIGNMENT((#2864));
#1423=ADVANCED_FACE('NONE',(#2865),#2866,.F.);
#1424=PRESENTATION_STYLE_ASSIGNMENT((#2867));
#1425=ADVANCED_FACE('NONE',(#2868),#2869,.F.);
#1426=PRESENTATION_STYLE_ASSIGNMENT((#2870));
#1427=ADVANCED_FACE('NONE',(#2871,#2872,#2873,#2874),#2875,.F.);
#1428=PRESENTATION_STYLE_ASSIGNMENT((#2876));
#1429=ADVANCED_FACE('NONE',(#2877),#2878,.F.);
#1430=PRESENTATION_STYLE_ASSIGNMENT((#2879));
#1431=ADVANCED_FACE('NONE',(#2880),#2881,.F.);
#1432=PRESENTATION_STYLE_ASSIGNMENT((#2882));
#1433=ADVANCED_FACE('NONE',(#2883),#2884,.T.);
#1434=PRESENTATION_STYLE_ASSIGNMENT((#2885));
#1435=ADVANCED_FACE('NONE',(#2886),#2887,.T.);
#1436=PRESENTATION_STYLE_ASSIGNMENT((#2888));
#1437=ADVANCED_FACE('NONE',(#2889),#2890,.T.);
#1438=PRESENTATION_STYLE_ASSIGNMENT((#2891));
#1439=ADVANCED_FACE('NONE',(#2892),#2893,.T.);
#1440=PRESENTATION_STYLE_ASSIGNMENT((#2894));
#1441=ADVANCED_FACE('NONE',(#2895,#2896),#2897,.T.);
#1442=PRESENTATION_STYLE_ASSIGNMENT((#2898));
#1443=ADVANCED_FACE('NONE',(#2899),#2900,.T.);
#1444=PRESENTATION_STYLE_ASSIGNMENT((#2901));
#1445=ADVANCED_FACE('NONE',(#2902),#2903,.T.);
#1446=PRESENTATION_STYLE_ASSIGNMENT((#2904));
#1447=ADVANCED_FACE('NONE',(#2905,#2906),#2907,.F.);
#1448=PRESENTATION_STYLE_ASSIGNMENT((#2908));
#1449=ADVANCED_FACE('NONE',(#2909),#2910,.T.);
#1450=PRESENTATION_STYLE_ASSIGNMENT((#2911));
#1451=ADVANCED_FACE('NONE',(#2912),#2913,.F.);
#1452=PRESENTATION_STYLE_ASSIGNMENT((#2914));
#1453=ADVANCED_FACE('NONE',(#2915),#2916,.T.);
#1454=PRESENTATION_STYLE_ASSIGNMENT((#2917));
#1455=ADVANCED_FACE('NONE',(#2918),#2919,.T.);
#1456=PRESENTATION_STYLE_ASSIGNMENT((#2920));
#1457=ADVANCED_FACE('NONE',(#2921),#2922,.F.);
#1458=PRESENTATION_STYLE_ASSIGNMENT((#2923));
#1459=MANIFOLD_SOLID_BREP('1',#2924);
#1460=PRODUCT('1','','PART--DESC',(#2925));
#1461=PRODUCT_DEFINITION('','NONE',#2926,#2);
#1462=AXIS2_PLACEMENT_3D('',#2927,#2928,#2929);
#1465=LENGTH_MEASURE_WITH_UNIT(LENGTH_MEASURE(1.0),#2930);
#1468=DIMENSIONAL_EXPONENTS(1.0,0.0,0.0,0.0,0.0,0.0,0.0);
#1470=DIMENSIONAL_EXPONENTS(0.0,0.0,0.0,0.0,0.0,0.0,0.0);
#1476=SURFACE_STYLE_USAGE(.BOTH.,#2931);
#1477=FACE_OUTER_BOUND('',#2932,.T.);
#1478=CYLINDRICAL_SURFACE('',#2933,0.6);
#1479=SURFACE_STYLE_USAGE(.BOTH.,#2934);
#1480=FACE_OUTER_BOUND('',#2935,.T.);
#1481=CYLINDRICAL_SURFACE('',#2936,0.7);
#1482=SURFACE_STYLE_USAGE(.BOTH.,#2937);
#1483=FACE_OUTER_BOUND('',#2938,.T.);
#1484=CYLINDRICAL_SURFACE('',#2939,0.6);
#1485=SURFACE_STYLE_USAGE(.BOTH.,#2940);
#1486=FACE_OUTER_BOUND('',#2941,.T.);
#1487=CYLINDRICAL_SURFACE('',#2942,0.999999999558434);
#1488=SURFACE_STYLE_USAGE(.BOTH.,#2943);
#1489=FACE_OUTER_BOUND('',#2944,.T.);
#1490=CYLINDRICAL_SURFACE('',#2945,0.2);
#1491=SURFACE_STYLE_USAGE(.BOTH.,#2946);
#1492=FACE_OUTER_BOUND('',#2947,.T.);
#1493=CYLINDRICAL_SURFACE('',#2948,0.2);
#1494=SURFACE_STYLE_USAGE(.BOTH.,#2949);
#1495=FACE_OUTER_BOUND('',#2950,.T.);
#1496=CONICAL_SURFACE('',#2951,2.0,0.785398163397447);
#1497=SURFACE_STYLE_USAGE(.BOTH.,#2952);
#1498=FACE_OUTER_BOUND('',#2953,.T.);
#1499=CONICAL_SURFACE('',#2954,2.0,0.785398163397447);
#1500=SURFACE_STYLE_USAGE(.BOTH.,#2955);
#1501=FACE_OUTER_BOUND('',#2956,.T.);
#1502=CYLINDRICAL_SURFACE('',#2957,3.0);
#1503=SURFACE_STYLE_USAGE(.BOTH.,#2958);
#1504=FACE_OUTER_BOUND('',#2959,.T.);
#1505=CYLINDRICAL_SURFACE('',#2960,0.375000000121538);
#1506=SURFACE_STYLE_USAGE(.BOTH.,#2961);
#1507=FACE_OUTER_BOUND('',#2962,.T.);
#1508=CYLINDRICAL_SURFACE('',#2963,0.225000000121538);
#1509=SURFACE_STYLE_USAGE(.BOTH.,#2964);
#1510=FACE_OUTER_BOUND('',#2965,.T.);
#1511=CYLINDRICAL_SURFACE('',#2966,0.225000000121537);
#1512=SURFACE_STYLE_USAGE(.BOTH.,#2967);
#1513=FACE_OUTER_BOUND('',#2968,.T.);
#1514=CYLINDRICAL_SURFACE('',#2969,0.375000000121538);
#1515=SURFACE_STYLE_USAGE(.BOTH.,#2970);
#1516=FACE_OUTER_BOUND('',#2971,.T.);
#1517=CYLINDRICAL_SURFACE('',#2972,0.374999999866269);
#1518=SURFACE_STYLE_USAGE(.BOTH.,#2973);
#1519=FACE_OUTER_BOUND('',#2974,.T.);
#1520=PLANE('',#2975);
#1521=SURFACE_STYLE_USAGE(.BOTH.,#2976);
#1522=FACE_OUTER_BOUND('',#2977,.T.);
#1523=PLANE('',#2978);
#1524=SURFACE_STYLE_USAGE(.BOTH.,#2979);
#1525=FACE_OUTER_BOUND('',#2980,.T.);
#1526=PLANE('',#2981);
#1527=SURFACE_STYLE_USAGE(.BOTH.,#2982);
#1528=FACE_OUTER_BOUND('',#2983,.T.);
#1529=PLANE('',#2984);
#1530=SURFACE_STYLE_USAGE(.BOTH.,#2985);
#1531=FACE_OUTER_BOUND('',#2986,.T.);
#1532=CYLINDRICAL_SURFACE('',#2987,1.0);
#1533=SURFACE_STYLE_USAGE(.BOTH.,#2988);
#1534=FACE_OUTER_BOUND('',#2989,.T.);
#1535=FACE_BOUND('',#2990,.T.);
#1536=FACE_BOUND('',#2991,.T.);
#1537=FACE_BOUND('',#2992,.T.);
#1538=PLANE('',#2993);
#1539=SURFACE_STYLE_USAGE(.BOTH.,#2994);
#1540=FACE_OUTER_BOUND('',#2995,.T.);
#1541=CYLINDRICAL_SURFACE('',#2996,1.0);
#1542=SURFACE_STYLE_USAGE(.BOTH.,#2997);
#1543=FACE_OUTER_BOUND('',#2998,.T.);
#1544=CYLINDRICAL_SURFACE('',#2999,1.0);
#1545=SURFACE_STYLE_USAGE(.BOTH.,#3000);
#1546=FACE_OUTER_BOUND('',#3001,.T.);
#1547=FACE_BOUND('',#3002,.T.);
#1548=FACE_BOUND('',#3003,.T.);
#1549=PLANE('',#3004);
#1550=SURFACE_STYLE_USAGE(.BOTH.,#3005);
#1551=FACE_OUTER_BOUND('',#3006,.T.);
#1552=CYLINDRICAL_SURFACE('',#3007,1.0);
#1553=SURFACE_STYLE_USAGE(.BOTH.,#3008);
#1554=FACE_OUTER_BOUND('',#3009,.T.);
#1555=PLANE('',#3010);
#1556=SURFACE_STYLE_USAGE(.BOTH.,#3011);
#1557=FACE_OUTER_BOUND('',#3012,.T.);
#1558=PLANE('',#3013);
#1559=SURFACE_STYLE_USAGE(.BOTH.,#3014);
#1560=FACE_OUTER_BOUND('',#3015,.T.);
#1561=PLANE('',#3016);
#1562=SURFACE_STYLE_USAGE(.BOTH.,#3017);
#1563=FACE_OUTER_BOUND('',#3018,.T.);
#1564=PLANE('',#3019);
#1565=SURFACE_STYLE_USAGE(.BOTH.,#3020);
#1566=FACE_OUTER_BOUND('',#3021,.T.);
#1567=CYLINDRICAL_SURFACE('',#3022,0.225);
#1568=SURFACE_STYLE_USAGE(.BOTH.,#3023);
#1569=FACE_OUTER_BOUND('',#3024,.T.);
#1570=PLANE('',#3025);
#1571=SURFACE_STYLE_USAGE(.BOTH.,#3026);
#1572=FACE_OUTER_BOUND('',#3027,.T.);
#1573=PLANE('',#3028);
#1574=SURFACE_STYLE_USAGE(.BOTH.,#3029);
#1575=FACE_OUTER_BOUND('',#3030,.T.);
#1576=PLANE('',#3031);
#1577=SURFACE_STYLE_USAGE(.BOTH.,#3032);
#1578=FACE_OUTER_BOUND('',#3033,.T.);
#1579=PLANE('',#3034);
#1580=SURFACE_STYLE_USAGE(.BOTH.,#3035);
#1581=FACE_OUTER_BOUND('',#3036,.T.);
#1582=PLANE('',#3037);
#1583=SURFACE_STYLE_USAGE(.BOTH.,#3038);
#1584=FACE_OUTER_BOUND('',#3039,.T.);
#1585=PLANE('',#3040);
#1586=SURFACE_STYLE_USAGE(.BOTH.,#3041);
#1587=FACE_OUTER_BOUND('',#3042,.T.);
#1588=PLANE('',#3043);
#1589=SURFACE_STYLE_USAGE(.BOTH.,#3044);
#1590=FACE_OUTER_BOUND('',#3045,.T.);
#1591=PLANE('',#3046);
#1592=SURFACE_STYLE_USAGE(.BOTH.,#3047);
#1593=FACE_OUTER_BOUND('',#3048,.T.);
#1594=CYLINDRICAL_SURFACE('',#3049,0.225);
#1595=SURFACE_STYLE_USAGE(.BOTH.,#3050);
#1596=FACE_OUTER_BOUND('',#3051,.T.);
#1597=CYLINDRICAL_SURFACE('',#3052,0.2);
#1598=SURFACE_STYLE_USAGE(.BOTH.,#3053);
#1599=FACE_OUTER_BOUND('',#3054,.T.);
#1600=CYLINDRICAL_SURFACE('',#3055,0.2);
#1601=SURFACE_STYLE_USAGE(.BOTH.,#3056);
#1602=FACE_OUTER_BOUND('',#3057,.T.);
#1603=CYLINDRICAL_SURFACE('',#3058,0.374999999972496);
#1604=SURFACE_STYLE_USAGE(.BOTH.,#3059);
#1605=FACE_OUTER_BOUND('',#3060,.T.);
#1606=PLANE('',#3061);
#1607=SURFACE_STYLE_USAGE(.BOTH.,#3062);
#1608=FACE_OUTER_BOUND('',#3063,.T.);
#1609=PLANE('',#3064);
#1610=SURFACE_STYLE_USAGE(.BOTH.,#3065);
#1611=FACE_OUTER_BOUND('',#3066,.T.);
#1612=CYLINDRICAL_SURFACE('',#3067,0.224999999974685);
#1613=SURFACE_STYLE_USAGE(.BOTH.,#3068);
#1614=FACE_OUTER_BOUND('',#3069,.T.);
#1615=PLANE('',#3070);
#1616=SURFACE_STYLE_USAGE(.BOTH.,#3071);
#1617=FACE_OUTER_BOUND('',#3072,.T.);
#1618=PLANE('',#3073);
#1619=SURFACE_STYLE_USAGE(.BOTH.,#3074);
#1620=FACE_OUTER_BOUND('',#3075,.T.);
#1621=PLANE('',#3076);
#1622=SURFACE_STYLE_USAGE(.BOTH.,#3077);
#1623=FACE_OUTER_BOUND('',#3078,.T.);
#1624=PLANE('',#3079);
#1625=SURFACE_STYLE_USAGE(.BOTH.,#3080);
#1626=FACE_OUTER_BOUND('',#3081,.T.);
#1627=PLANE('',#3082);
#1628=SURFACE_STYLE_USAGE(.BOTH.,#3083);
#1629=FACE_OUTER_BOUND('',#3084,.T.);
#1630=PLANE('',#3085);
#1631=SURFACE_STYLE_USAGE(.BOTH.,#3086);
#1632=FACE_OUTER_BOUND('',#3087,.T.);
#1633=PLANE('',#3088);
#1634=SURFACE_STYLE_USAGE(.BOTH.,#3089);
#1635=FACE_OUTER_BOUND('',#3090,.T.);
#1636=CYLINDRICAL_SURFACE('',#3091,0.3);
#1637=SURFACE_STYLE_USAGE(.BOTH.,#3092);
#1638=FACE_OUTER_BOUND('',#3093,.T.);
#1639=CYLINDRICAL_SURFACE('',#3094,0.225);
#1640=SURFACE_STYLE_USAGE(.BOTH.,#3095);
#1641=FACE_OUTER_BOUND('',#3096,.T.);
#1642=PLANE('',#3097);
#1643=SURFACE_STYLE_USAGE(.BOTH.,#3098);
#1644=FACE_OUTER_BOUND('',#3099,.T.);
#1645=PLANE('',#3100);
#1646=SURFACE_STYLE_USAGE(.BOTH.,#3101);
#1647=FACE_OUTER_BOUND('',#3102,.T.);
#1648=PLANE('',#3103);
#1649=SURFACE_STYLE_USAGE(.BOTH.,#3104);
#1650=FACE_OUTER_BOUND('',#3105,.T.);
#1651=PLANE('',#3106);
#1652=SURFACE_STYLE_USAGE(.BOTH.,#3107);
#1653=FACE_OUTER_BOUND('',#3108,.T.);
#1654=PLANE('',#3109);
#1655=SURFACE_STYLE_USAGE(.BOTH.,#3110);
#1656=FACE_OUTER_BOUND('',#3111,.T.);
#1657=CYLINDRICAL_SURFACE('',#3112,0.999999999558434);
#1658=SURFACE_STYLE_USAGE(.BOTH.,#3113);
#1659=FACE_OUTER_BOUND('',#3114,.T.);
#1660=PLANE('',#3115);
#1661=SURFACE_STYLE_USAGE(.BOTH.,#3116);
#1662=FACE_OUTER_BOUND('',#3117,.T.);
#1663=PLANE('',#3118);
#1664=SURFACE_STYLE_USAGE(.BOTH.,#3119);
#1665=FACE_OUTER_BOUND('',#3120,.T.);
#1666=PLANE('',#3121);
#1667=SURFACE_STYLE_USAGE(.BOTH.,#3122);
#1668=FACE_OUTER_BOUND('',#3123,.T.);
#1669=PLANE('',#3124);
#1670=SURFACE_STYLE_USAGE(.BOTH.,#3125);
#1671=FACE_OUTER_BOUND('',#3126,.T.);
#1672=CYLINDRICAL_SURFACE('',#3127,0.374999999972496);
#1673=SURFACE_STYLE_USAGE(.BOTH.,#3128);
#1674=FACE_OUTER_BOUND('',#3129,.T.);
#1675=PLANE('',#3130);
#1676=SURFACE_STYLE_USAGE(.BOTH.,#3131);
#1677=FACE_OUTER_BOUND('',#3132,.T.);
#1678=CYLINDRICAL_SURFACE('',#3133,0.3);
#1679=SURFACE_STYLE_USAGE(.BOTH.,#3134);
#1680=FACE_OUTER_BOUND('',#3135,.T.);
#1681=PLANE('',#3136);
#1682=SURFACE_STYLE_USAGE(.BOTH.,#3137);
#1683=FACE_OUTER_BOUND('',#3138,.T.);
#1684=PLANE('',#3139);
#1685=SURFACE_STYLE_USAGE(.BOTH.,#3140);
#1686=FACE_OUTER_BOUND('',#3141,.T.);
#1687=PLANE('',#3142);
#1688=SURFACE_STYLE_USAGE(.BOTH.,#3143);
#1689=FACE_OUTER_BOUND('',#3144,.T.);
#1690=CYLINDRICAL_SURFACE('',#3145,1.00000000006399);
#1691=SURFACE_STYLE_USAGE(.BOTH.,#3146);
#1692=FACE_OUTER_BOUND('',#3147,.T.);
#1693=CYLINDRICAL_SURFACE('',#3148,1.00000000006399);
#1694=SURFACE_STYLE_USAGE(.BOTH.,#3149);
#1695=FACE_OUTER_BOUND('',#3150,.T.);
#1696=PLANE('',#3151);
#1697=SURFACE_STYLE_USAGE(.BOTH.,#3152);
#1698=FACE_OUTER_BOUND('',#3153,.T.);
#1699=PLANE('',#3154);
#1700=SURFACE_STYLE_USAGE(.BOTH.,#3155);
#1701=FACE_OUTER_BOUND('',#3156,.T.);
#1702=PLANE('',#3157);
#1703=SURFACE_STYLE_USAGE(.BOTH.,#3158);
#1704=FACE_OUTER_BOUND('',#3159,.T.);
#1705=PLANE('',#3160);
#1706=SURFACE_STYLE_USAGE(.BOTH.,#3161);
#1707=FACE_OUTER_BOUND('',#3162,.T.);
#1708=PLANE('',#3163);
#1709=SURFACE_STYLE_USAGE(.BOTH.,#3164);
#1710=FACE_OUTER_BOUND('',#3165,.T.);
#1711=CYLINDRICAL_SURFACE('',#3166,0.374999999866269);
#1712=SURFACE_STYLE_USAGE(.BOTH.,#3167);
#1713=FACE_OUTER_BOUND('',#3168,.T.);
#1714=PLANE('',#3169);
#1715=SURFACE_STYLE_USAGE(.BOTH.,#3170);
#1716=FACE_OUTER_BOUND('',#3171,.T.);
#1717=PLANE('',#3172);
#1718=SURFACE_STYLE_USAGE(.BOTH.,#3173);
#1719=FACE_OUTER_BOUND('',#3174,.T.);
#1720=PLANE('',#3175);
#1721=SURFACE_STYLE_USAGE(.BOTH.,#3176);
#1722=FACE_OUTER_BOUND('',#3177,.T.);
#1723=CYLINDRICAL_SURFACE('',#3178,0.3);
#1724=SURFACE_STYLE_USAGE(.BOTH.,#3179);
#1725=FACE_OUTER_BOUND('',#3180,.T.);
#1726=PLANE('',#3181);
#1727=SURFACE_STYLE_USAGE(.BOTH.,#3182);
#1728=FACE_OUTER_BOUND('',#3183,.T.);
#1729=PLANE('',#3184);
#1730=SURFACE_STYLE_USAGE(.BOTH.,#3185);
#1731=FACE_OUTER_BOUND('',#3186,.T.);
#1732=PLANE('',#3187);
#1733=SURFACE_STYLE_USAGE(.BOTH.,#3188);
#1734=FACE_OUTER_BOUND('',#3189,.T.);
#1735=PLANE('',#3190);
#1736=SURFACE_STYLE_USAGE(.BOTH.,#3191);
#1737=FACE_OUTER_BOUND('',#3192,.T.);
#1738=PLANE('',#3193);
#1739=SURFACE_STYLE_USAGE(.BOTH.,#3194);
#1740=FACE_OUTER_BOUND('',#3195,.T.);
#1741=PLANE('',#3196);
#1742=SURFACE_STYLE_USAGE(.BOTH.,#3197);
#1743=FACE_OUTER_BOUND('',#3198,.T.);
#1744=PLANE('',#3199);
#1745=SURFACE_STYLE_USAGE(.BOTH.,#3200);
#1746=FACE_OUTER_BOUND('',#3201,.T.);
#1747=PLANE('',#3202);
#1748=SURFACE_STYLE_USAGE(.BOTH.,#3203);
#1749=FACE_OUTER_BOUND('',#3204,.T.);
#1750=PLANE('',#3205);
#1751=SURFACE_STYLE_USAGE(.BOTH.,#3206);
#1752=FACE_OUTER_BOUND('',#3207,.T.);
#1753=CYLINDRICAL_SURFACE('',#3208,0.6);
#1754=SURFACE_STYLE_USAGE(.BOTH.,#3209);
#1755=FACE_OUTER_BOUND('',#3210,.T.);
#1756=CYLINDRICAL_SURFACE('',#3211,0.6);
#1757=SURFACE_STYLE_USAGE(.BOTH.,#3212);
#1758=FACE_OUTER_BOUND('',#3213,.T.);
#1759=PLANE('',#3214);
#1760=SURFACE_STYLE_USAGE(.BOTH.,#3215);
#1761=FACE_OUTER_BOUND('',#3216,.T.);
#1762=PLANE('',#3217);
#1763=SURFACE_STYLE_USAGE(.BOTH.,#3218);
#1764=FACE_OUTER_BOUND('',#3219,.T.);
#1765=PLANE('',#3220);
#1766=SURFACE_STYLE_USAGE(.BOTH.,#3221);
#1767=FACE_OUTER_BOUND('',#3222,.T.);
#1768=PLANE('',#3223);
#1769=SURFACE_STYLE_USAGE(.BOTH.,#3224);
#1770=FACE_OUTER_BOUND('',#3225,.T.);
#1771=CYLINDRICAL_SURFACE('',#3226,0.224999999974685);
#1772=SURFACE_STYLE_USAGE(.BOTH.,#3227);
#1773=FACE_OUTER_BOUND('',#3228,.T.);
#1774=CYLINDRICAL_SURFACE('',#3229,0.3);
#1775=SURFACE_STYLE_USAGE(.BOTH.,#3230);
#1776=FACE_OUTER_BOUND('',#3231,.T.);
#1777=PLANE('',#3232);
#1778=SURFACE_STYLE_USAGE(.BOTH.,#3233);
#1779=FACE_OUTER_BOUND('',#3234,.T.);
#1780=CYLINDRICAL_SURFACE('',#3235,0.3);
#1781=SURFACE_STYLE_USAGE(.BOTH.,#3236);
#1782=FACE_OUTER_BOUND('',#3237,.T.);
#1783=PLANE('',#3238);
#1784=SURFACE_STYLE_USAGE(.BOTH.,#3239);
#1785=FACE_OUTER_BOUND('',#3240,.T.);
#1786=PLANE('',#3241);
#1787=SURFACE_STYLE_USAGE(.BOTH.,#3242);
#1788=FACE_OUTER_BOUND('',#3243,.T.);
#1789=PLANE('',#3244);
#1790=SURFACE_STYLE_USAGE(.BOTH.,#3245);
#1791=FACE_OUTER_BOUND('',#3246,.T.);
#1792=PLANE('',#3247);
#1793=SURFACE_STYLE_USAGE(.BOTH.,#3248);
#1794=FACE_OUTER_BOUND('',#3249,.T.);
#1795=PLANE('',#3250);
#1796=SURFACE_STYLE_USAGE(.BOTH.,#3251);
#1797=FACE_OUTER_BOUND('',#3252,.T.);
#1798=PLANE('',#3253);
#1799=SURFACE_STYLE_USAGE(.BOTH.,#3254);
#1800=FACE_OUTER_BOUND('',#3255,.T.);
#1801=CYLINDRICAL_SURFACE('',#3256,0.650000005);
#1802=SURFACE_STYLE_USAGE(.BOTH.,#3257);
#1803=FACE_OUTER_BOUND('',#3258,.T.);
#1804=PLANE('',#3259);
#1805=SURFACE_STYLE_USAGE(.BOTH.,#3260);
#1806=FACE_OUTER_BOUND('',#3261,.T.);
#1807=CYLINDRICAL_SURFACE('',#3262,0.500000005);
#1808=SURFACE_STYLE_USAGE(.BOTH.,#3263);
#1809=FACE_OUTER_BOUND('',#3264,.T.);
#1810=(B_SPLINE_SURFACE(3,3,((#3266,#3267,#3268,#3269),(#3270,#3271,#3272,#3273),(#3274,#3275,#3276,#3277),(#3278,#3279,#3280,#3281)),.UNSPECIFIED.,.F.,.F.,.F.)B_SPLINE_SURFACE_WITH_KNOTS((4,4),(4,4),(0.0495524203619379,0.950447581921178),(0.0,1.0),.UNSPECIFIED.)RATIONAL_B_SPLINE_SURFACE(((0.928181272606229,0.746942605555556,0.746942605555556,0.928181272606229),(0.515635712903097,0.414951577111523,0.414951577111523,0.515635712903097),(0.515635713948601,0.41495157795288,0.41495157795288,0.515635713948601),(0.928181275742741,0.746942608079625,0.746942608079625,0.928181275742741)))BOUNDED_SURFACE()REPRESENTATION_ITEM('')GEOMETRIC_REPRESENTATION_ITEM()SURFACE());
#1811=SURFACE_STYLE_USAGE(.BOTH.,#3288);
#1812=FACE_OUTER_BOUND('',#3289,.T.);
#1813=CYLINDRICAL_SURFACE('',#3290,0.500000005);
#1814=SURFACE_STYLE_USAGE(.BOTH.,#3291);
#1815=FACE_OUTER_BOUND('',#3292,.T.);
#1816=PLANE('',#3293);
#1817=SURFACE_STYLE_USAGE(.BOTH.,#3294);
#1818=FACE_OUTER_BOUND('',#3295,.T.);
#1819=CYLINDRICAL_SURFACE('',#3296,0.650000005);
#1820=SURFACE_STYLE_USAGE(.BOTH.,#3297);
#1821=FACE_OUTER_BOUND('',#3298,.T.);
#1822=(B_SPLINE_SURFACE(3,3,((#3300,#3301,#3302,#3303),(#3304,#3305,#3306,#3307),(#3308,#3309,#3310,#3311),(#3312,#3313,#3314,#3315)),.UNSPECIFIED.,.F.,.F.,.F.)B_SPLINE_SURFACE_WITH_KNOTS((4,4),(4,4),(0.0568602961480242,0.943139698615804),(0.0,1.0),.UNSPECIFIED.)RATIONAL_B_SPLINE_SURFACE(((0.94821068314226,0.763061031917383,0.763061031917383,0.94821068314226),(0.695353615374395,0.559577377399642,0.559577377399642,0.695353615374395),(0.695353613880506,0.559577376197453,0.559577376197453,0.695353613880506),(0.948210678660593,0.763061028310816,0.763061028310816,0.948210678660593)))BOUNDED_SURFACE()REPRESENTATION_ITEM('')GEOMETRIC_REPRESENTATION_ITEM()SURFACE());
#1823=SURFACE_STYLE_USAGE(.BOTH.,#3322);
#1824=FACE_OUTER_BOUND('',#3323,.T.);
#1825=PLANE('',#3324);
#1826=SURFACE_STYLE_USAGE(.BOTH.,#3325);
#1827=FACE_OUTER_BOUND('',#3326,.T.);
#1828=PLANE('',#3327);
#1829=SURFACE_STYLE_USAGE(.BOTH.,#3328);
#1830=FACE_OUTER_BOUND('',#3329,.T.);
#1831=PLANE('',#3330);
#1832=SURFACE_STYLE_USAGE(.BOTH.,#3331);
#1833=FACE_OUTER_BOUND('',#3332,.T.);
#1834=PLANE('',#3333);
#1835=SURFACE_STYLE_USAGE(.BOTH.,#3334);
#1836=FACE_OUTER_BOUND('',#3335,.T.);
#1837=CYLINDRICAL_SURFACE('',#3336,0.374999999999999);
#1838=SURFACE_STYLE_USAGE(.BOTH.,#3337);
#1839=FACE_OUTER_BOUND('',#3338,.T.);
#1840=PLANE('',#3339);
#1841=SURFACE_STYLE_USAGE(.BOTH.,#3340);
#1842=FACE_OUTER_BOUND('',#3341,.T.);
#1843=PLANE('',#3342);
#1844=SURFACE_STYLE_USAGE(.BOTH.,#3343);
#1845=FACE_OUTER_BOUND('',#3344,.T.);
#1846=PLANE('',#3345);
#1847=SURFACE_STYLE_USAGE(.BOTH.,#3346);
#1848=FACE_OUTER_BOUND('',#3347,.T.);
#1849=PLANE('',#3348);
#1850=SURFACE_STYLE_USAGE(.BOTH.,#3349);
#1851=FACE_OUTER_BOUND('',#3350,.T.);
#1852=PLANE('',#3351);
#1853=SURFACE_STYLE_USAGE(.BOTH.,#3352);
#1854=FACE_OUTER_BOUND('',#3353,.T.);
#1855=PLANE('',#3354);
#1856=SURFACE_STYLE_USAGE(.BOTH.,#3355);
#1857=FACE_OUTER_BOUND('',#3356,.T.);
#1858=CYLINDRICAL_SURFACE('',#3357,0.3);
#1859=SURFACE_STYLE_USAGE(.BOTH.,#3358);
#1860=FACE_OUTER_BOUND('',#3359,.T.);
#1861=CYLINDRICAL_SURFACE('',#3360,0.6);
#1862=SURFACE_STYLE_USAGE(.BOTH.,#3361);
#1863=FACE_OUTER_BOUND('',#3362,.T.);
#1864=PLANE('',#3363);
#1865=SURFACE_STYLE_USAGE(.BOTH.,#3364);
#1866=FACE_OUTER_BOUND('',#3365,.T.);
#1867=PLANE('',#3366);
#1868=SURFACE_STYLE_USAGE(.BOTH.,#3367);
#1869=FACE_OUTER_BOUND('',#3368,.T.);
#1870=PLANE('',#3369);
#1871=SURFACE_STYLE_USAGE(.BOTH.,#3370);
#1872=FACE_OUTER_BOUND('',#3371,.T.);
#1873=PLANE('',#3372);
#1874=SURFACE_STYLE_USAGE(.BOTH.,#3373);
#1875=FACE_OUTER_BOUND('',#3374,.T.);
#1876=PLANE('',#3375);
#1877=SURFACE_STYLE_USAGE(.BOTH.,#3376);
#1878=FACE_OUTER_BOUND('',#3377,.T.);
#1879=PLANE('',#3378);
#1880=SURFACE_STYLE_USAGE(.BOTH.,#3379);
#1881=FACE_OUTER_BOUND('',#3380,.T.);
#1882=PLANE('',#3381);
#1883=SURFACE_STYLE_USAGE(.BOTH.,#3382);
#1884=FACE_OUTER_BOUND('',#3383,.T.);
#1885=PLANE('',#3384);
#1886=SURFACE_STYLE_USAGE(.BOTH.,#3385);
#1887=FACE_OUTER_BOUND('',#3386,.T.);
#1888=PLANE('',#3387);
#1889=SURFACE_STYLE_USAGE(.BOTH.,#3388);
#1890=FACE_OUTER_BOUND('',#3389,.T.);
#1891=PLANE('',#3390);
#1892=SURFACE_STYLE_USAGE(.BOTH.,#3391);
#1893=FACE_OUTER_BOUND('',#3392,.T.);
#1894=PLANE('',#3393);
#1895=SURFACE_STYLE_USAGE(.BOTH.,#3394);
#1896=FACE_OUTER_BOUND('',#3395,.T.);
#1897=PLANE('',#3396);
#1898=SURFACE_STYLE_USAGE(.BOTH.,#3397);
#1899=FACE_OUTER_BOUND('',#3398,.T.);
#1900=PLANE('',#3399);
#1901=SURFACE_STYLE_USAGE(.BOTH.,#3400);
#1902=FACE_OUTER_BOUND('',#3401,.T.);
#1903=PLANE('',#3402);
#1904=SURFACE_STYLE_USAGE(.BOTH.,#3403);
#1905=FACE_OUTER_BOUND('',#3404,.T.);
#1906=PLANE('',#3405);
#1907=SURFACE_STYLE_USAGE(.BOTH.,#3406);
#1908=FACE_OUTER_BOUND('',#3407,.T.);
#1909=CYLINDRICAL_SURFACE('',#3408,0.7);
#1910=SURFACE_STYLE_USAGE(.BOTH.,#3409);
#1911=FACE_OUTER_BOUND('',#3410,.T.);
#1912=CYLINDRICAL_SURFACE('',#3411,0.7);
#1913=SURFACE_STYLE_USAGE(.BOTH.,#3412);
#1914=FACE_OUTER_BOUND('',#3413,.T.);
#1915=CYLINDRICAL_SURFACE('',#3414,0.7);
#1916=SURFACE_STYLE_USAGE(.BOTH.,#3415);
#1917=FACE_OUTER_BOUND('',#3416,.T.);
#1918=CYLINDRICAL_SURFACE('',#3417,2.0);
#1919=SURFACE_STYLE_USAGE(.BOTH.,#3418);
#1920=FACE_OUTER_BOUND('',#3419,.T.);
#1921=CYLINDRICAL_SURFACE('',#3420,2.0);
#1922=SURFACE_STYLE_USAGE(.BOTH.,#3421);
#1923=FACE_OUTER_BOUND('',#3422,.T.);
#1924=PLANE('',#3423);
#1925=SURFACE_STYLE_USAGE(.BOTH.,#3424);
#1926=FACE_OUTER_BOUND('',#3425,.T.);
#1927=PLANE('',#3426);
#1928=SURFACE_STYLE_USAGE(.BOTH.,#3427);
#1929=FACE_OUTER_BOUND('',#3428,.T.);
#1930=PLANE('',#3429);
#1931=SURFACE_STYLE_USAGE(.BOTH.,#3430);
#1932=FACE_OUTER_BOUND('',#3431,.T.);
#1933=PLANE('',#3432);
#1934=SURFACE_STYLE_USAGE(.BOTH.,#3433);
#1935=FACE_OUTER_BOUND('',#3434,.T.);
#1936=PLANE('',#3435);
#1937=SURFACE_STYLE_USAGE(.BOTH.,#3436);
#1938=FACE_OUTER_BOUND('',#3437,.T.);
#1939=PLANE('',#3438);
#1940=SURFACE_STYLE_USAGE(.BOTH.,#3439);
#1941=FACE_OUTER_BOUND('',#3440,.T.);
#1942=PLANE('',#3441);
#1943=SURFACE_STYLE_USAGE(.BOTH.,#3442);
#1944=FACE_OUTER_BOUND('',#3443,.T.);
#1945=PLANE('',#3444);
#1946=SURFACE_STYLE_USAGE(.BOTH.,#3445);
#1947=FACE_OUTER_BOUND('',#3446,.T.);
#1948=CYLINDRICAL_SURFACE('',#3447,0.3);
#1949=SURFACE_STYLE_USAGE(.BOTH.,#3448);
#1950=FACE_OUTER_BOUND('',#3449,.T.);
#1951=CYLINDRICAL_SURFACE('',#3450,0.374999999972496);
#1952=SURFACE_STYLE_USAGE(.BOTH.,#3451);
#1953=FACE_OUTER_BOUND('',#3452,.T.);
#1954=PLANE('',#3453);
#1955=SURFACE_STYLE_USAGE(.BOTH.,#3454);
#1956=FACE_OUTER_BOUND('',#3455,.T.);
#1957=CYLINDRICAL_SURFACE('',#3456,0.6);
#1958=SURFACE_STYLE_USAGE(.BOTH.,#3457);
#1959=FACE_OUTER_BOUND('',#3458,.T.);
#1960=PLANE('',#3459);
#1961=SURFACE_STYLE_USAGE(.BOTH.,#3460);
#1962=FACE_OUTER_BOUND('',#3461,.T.);
#1963=PLANE('',#3462);
#1964=SURFACE_STYLE_USAGE(.BOTH.,#3463);
#1965=FACE_OUTER_BOUND('',#3464,.T.);
#1966=PLANE('',#3465);
#1967=SURFACE_STYLE_USAGE(.BOTH.,#3466);
#1968=FACE_OUTER_BOUND('',#3467,.T.);
#1969=PLANE('',#3468);
#1970=SURFACE_STYLE_USAGE(.BOTH.,#3469);
#1971=FACE_OUTER_BOUND('',#3470,.T.);
#1972=PLANE('',#3471);
#1973=SURFACE_STYLE_USAGE(.BOTH.,#3472);
#1974=FACE_OUTER_BOUND('',#3473,.T.);
#1975=PLANE('',#3474);
#1976=SURFACE_STYLE_USAGE(.BOTH.,#3475);
#1977=FACE_OUTER_BOUND('',#3476,.T.);
#1978=PLANE('',#3477);
#1979=SURFACE_STYLE_USAGE(.BOTH.,#3478);
#1980=FACE_OUTER_BOUND('',#3479,.T.);
#1981=PLANE('',#3480);
#1982=SURFACE_STYLE_USAGE(.BOTH.,#3481);
#1983=FACE_OUTER_BOUND('',#3482,.T.);
#1984=PLANE('',#3483);
#1985=SURFACE_STYLE_USAGE(.BOTH.,#3484);
#1986=FACE_OUTER_BOUND('',#3485,.T.);
#1987=PLANE('',#3486);
#1988=SURFACE_STYLE_USAGE(.BOTH.,#3487);
#1989=FACE_OUTER_BOUND('',#3488,.T.);
#1990=CYLINDRICAL_SURFACE('',#3489,0.375);
#1991=SURFACE_STYLE_USAGE(.BOTH.,#3490);
#1992=FACE_OUTER_BOUND('',#3491,.T.);
#1993=PLANE('',#3492);
#1994=SURFACE_STYLE_USAGE(.BOTH.,#3493);
#1995=FACE_OUTER_BOUND('',#3494,.T.);
#1996=PLANE('',#3495);
#1997=SURFACE_STYLE_USAGE(.BOTH.,#3496);
#1998=FACE_OUTER_BOUND('',#3497,.T.);
#1999=PLANE('',#3498);
#2000=SURFACE_STYLE_USAGE(.BOTH.,#3499);
#2001=FACE_OUTER_BOUND('',#3500,.T.);
#2002=CYLINDRICAL_SURFACE('',#3501,0.225);
#2003=SURFACE_STYLE_USAGE(.BOTH.,#3502);
#2004=FACE_OUTER_BOUND('',#3503,.T.);
#2005=CYLINDRICAL_SURFACE('',#3504,0.225);
#2006=SURFACE_STYLE_USAGE(.BOTH.,#3505);
#2007=FACE_OUTER_BOUND('',#3506,.T.);
#2008=PLANE('',#3507);
#2009=SURFACE_STYLE_USAGE(.BOTH.,#3508);
#2010=FACE_OUTER_BOUND('',#3509,.T.);
#2011=PLANE('',#3510);
#2012=SURFACE_STYLE_USAGE(.BOTH.,#3511);
#2013=FACE_OUTER_BOUND('',#3512,.T.);
#2014=PLANE('',#3513);
#2015=SURFACE_STYLE_USAGE(.BOTH.,#3514);
#2016=FACE_OUTER_BOUND('',#3515,.T.);
#2017=CYLINDRICAL_SURFACE('',#3516,0.375);
#2018=SURFACE_STYLE_USAGE(.BOTH.,#3517);
#2019=FACE_OUTER_BOUND('',#3518,.T.);
#2020=PLANE('',#3519);
#2021=SURFACE_STYLE_USAGE(.BOTH.,#3520);
#2022=FACE_OUTER_BOUND('',#3521,.T.);
#2023=PLANE('',#3522);
#2024=SURFACE_STYLE_USAGE(.BOTH.,#3523);
#2025=FACE_OUTER_BOUND('',#3524,.T.);
#2026=PLANE('',#3525);
#2027=SURFACE_STYLE_USAGE(.BOTH.,#3526);
#2028=FACE_OUTER_BOUND('',#3527,.T.);
#2029=PLANE('',#3528);
#2030=SURFACE_STYLE_USAGE(.BOTH.,#3529);
#2031=FACE_OUTER_BOUND('',#3530,.T.);
#2032=PLANE('',#3531);
#2033=SURFACE_STYLE_USAGE(.BOTH.,#3532);
#2034=FACE_OUTER_BOUND('',#3533,.T.);
#2035=CYLINDRICAL_SURFACE('',#3534,0.374999999999999);
#2036=SURFACE_STYLE_USAGE(.BOTH.,#3535);
#2037=FACE_OUTER_BOUND('',#3536,.T.);
#2038=PLANE('',#3537);
#2039=SURFACE_STYLE_USAGE(.BOTH.,#3538);
#2040=FACE_OUTER_BOUND('',#3539,.T.);
#2041=PLANE('',#3540);
#2042=SURFACE_STYLE_USAGE(.BOTH.,#3541);
#2043=FACE_OUTER_BOUND('',#3542,.T.);
#2044=PLANE('',#3543);
#2045=SURFACE_STYLE_USAGE(.BOTH.,#3544);
#2046=FACE_OUTER_BOUND('',#3545,.T.);
#2047=PLANE('',#3546);
#2048=SURFACE_STYLE_USAGE(.BOTH.,#3547);
#2049=FACE_OUTER_BOUND('',#3548,.T.);
#2050=PLANE('',#3549);
#2051=SURFACE_STYLE_USAGE(.BOTH.,#3550);
#2052=FACE_OUTER_BOUND('',#3551,.T.);
#2053=PLANE('',#3552);
#2054=SURFACE_STYLE_USAGE(.BOTH.,#3553);
#2055=FACE_OUTER_BOUND('',#3554,.T.);
#2056=PLANE('',#3555);
#2057=SURFACE_STYLE_USAGE(.BOTH.,#3556);
#2058=FACE_OUTER_BOUND('',#3557,.T.);
#2059=PLANE('',#3558);
#2060=SURFACE_STYLE_USAGE(.BOTH.,#3559);
#2061=FACE_OUTER_BOUND('',#3560,.T.);
#2062=PLANE('',#3561);
#2063=SURFACE_STYLE_USAGE(.BOTH.,#3562);
#2064=FACE_OUTER_BOUND('',#3563,.T.);
#2065=PLANE('',#3564);
#2066=SURFACE_STYLE_USAGE(.BOTH.,#3565);
#2067=FACE_OUTER_BOUND('',#3566,.T.);
#2068=PLANE('',#3567);
#2069=SURFACE_STYLE_USAGE(.BOTH.,#3568);
#2070=FACE_OUTER_BOUND('',#3569,.T.);
#2071=PLANE('',#3570);
#2072=SURFACE_STYLE_USAGE(.BOTH.,#3571);
#2073=FACE_OUTER_BOUND('',#3572,.T.);
#2074=PLANE('',#3573);
#2075=SURFACE_STYLE_USAGE(.BOTH.,#3574);
#2076=FACE_OUTER_BOUND('',#3575,.T.);
#2077=PLANE('',#3576);
#2078=SURFACE_STYLE_USAGE(.BOTH.,#3577);
#2079=FACE_OUTER_BOUND('',#3578,.T.);
#2080=PLANE('',#3579);
#2081=SURFACE_STYLE_USAGE(.BOTH.,#3580);
#2082=FACE_OUTER_BOUND('',#3581,.T.);
#2083=PLANE('',#3582);
#2084=SURFACE_STYLE_USAGE(.BOTH.,#3583);
#2085=FACE_OUTER_BOUND('',#3584,.T.);
#2086=PLANE('',#3585);
#2087=SURFACE_STYLE_USAGE(.BOTH.,#3586);
#2088=FACE_OUTER_BOUND('',#3587,.T.);
#2089=PLANE('',#3588);
#2090=SURFACE_STYLE_USAGE(.BOTH.,#3589);
#2091=FACE_OUTER_BOUND('',#3590,.T.);
#2092=PLANE('',#3591);
#2093=SURFACE_STYLE_USAGE(.BOTH.,#3592);
#2094=FACE_OUTER_BOUND('',#3593,.T.);
#2095=PLANE('',#3594);
#2096=SURFACE_STYLE_USAGE(.BOTH.,#3595);
#2097=FACE_OUTER_BOUND('',#3596,.T.);
#2098=PLANE('',#3597);
#2099=SURFACE_STYLE_USAGE(.BOTH.,#3598);
#2100=FACE_OUTER_BOUND('',#3599,.T.);
#2101=PLANE('',#3600);
#2102=SURFACE_STYLE_USAGE(.BOTH.,#3601);
#2103=FACE_OUTER_BOUND('',#3602,.T.);
#2104=PLANE('',#3603);
#2105=SURFACE_STYLE_USAGE(.BOTH.,#3604);
#2106=FACE_OUTER_BOUND('',#3605,.T.);
#2107=PLANE('',#3606);
#2108=SURFACE_STYLE_USAGE(.BOTH.,#3607);
#2109=FACE_OUTER_BOUND('',#3608,.T.);
#2110=PLANE('',#3609);
#2111=SURFACE_STYLE_USAGE(.BOTH.,#3610);
#2112=FACE_OUTER_BOUND('',#3611,.T.);
#2113=PLANE('',#3612);
#2114=SURFACE_STYLE_USAGE(.BOTH.,#3613);
#2115=FACE_OUTER_BOUND('',#3614,.T.);
#2116=PLANE('',#3615);
#2117=SURFACE_STYLE_USAGE(.BOTH.,#3616);
#2118=FACE_OUTER_BOUND('',#3617,.T.);
#2119=FACE_BOUND('',#3618,.T.);
#2120=PLANE('',#3619);
#2121=SURFACE_STYLE_USAGE(.BOTH.,#3620);
#2122=FACE_OUTER_BOUND('',#3621,.T.);
#2123=PLANE('',#3622);
#2124=SURFACE_STYLE_USAGE(.BOTH.,#3623);
#2125=FACE_OUTER_BOUND('',#3624,.T.);
#2126=PLANE('',#3625);
#2127=SURFACE_STYLE_USAGE(.BOTH.,#3626);
#2128=FACE_OUTER_BOUND('',#3627,.T.);
#2129=PLANE('',#3628);
#2130=SURFACE_STYLE_USAGE(.BOTH.,#3629);
#2131=FACE_OUTER_BOUND('',#3630,.T.);
#2132=PLANE('',#3631);
#2133=SURFACE_STYLE_USAGE(.BOTH.,#3632);
#2134=FACE_OUTER_BOUND('',#3633,.T.);
#2135=PLANE('',#3634);
#2136=SURFACE_STYLE_USAGE(.BOTH.,#3635);
#2137=FACE_OUTER_BOUND('',#3636,.T.);
#2138=CYLINDRICAL_SURFACE('',#3637,0.374999999972496);
#2139=SURFACE_STYLE_USAGE(.BOTH.,#3638);
#2140=FACE_OUTER_BOUND('',#3639,.T.);
#2141=PLANE('',#3640);
#2142=SURFACE_STYLE_USAGE(.BOTH.,#3641);
#2143=FACE_OUTER_BOUND('',#3642,.T.);
#2144=PLANE('',#3643);
#2145=SURFACE_STYLE_USAGE(.BOTH.,#3644);
#2146=FACE_OUTER_BOUND('',#3645,.T.);
#2147=PLANE('',#3646);
#2148=SURFACE_STYLE_USAGE(.BOTH.,#3647);
#2149=FACE_OUTER_BOUND('',#3648,.T.);
#2150=PLANE('',#3649);
#2151=SURFACE_STYLE_USAGE(.BOTH.,#3650);
#2152=FACE_OUTER_BOUND('',#3651,.T.);
#2153=PLANE('',#3652);
#2154=SURFACE_STYLE_USAGE(.BOTH.,#3653);
#2155=FACE_OUTER_BOUND('',#3654,.T.);
#2156=PLANE('',#3655);
#2157=SURFACE_STYLE_USAGE(.BOTH.,#3656);
#2158=FACE_OUTER_BOUND('',#3657,.T.);
#2159=PLANE('',#3658);
#2160=SURFACE_STYLE_USAGE(.BOTH.,#3659);
#2161=FACE_OUTER_BOUND('',#3660,.T.);
#2162=PLANE('',#3661);
#2163=SURFACE_STYLE_USAGE(.BOTH.,#3662);
#2164=FACE_OUTER_BOUND('',#3663,.T.);
#2165=PLANE('',#3664);
#2166=SURFACE_STYLE_USAGE(.BOTH.,#3665);
#2167=FACE_OUTER_BOUND('',#3666,.T.);
#2168=PLANE('',#3667);
#2169=SURFACE_STYLE_USAGE(.BOTH.,#3668);
#2170=FACE_OUTER_BOUND('',#3669,.T.);
#2171=PLANE('',#3670);
#2172=SURFACE_STYLE_USAGE(.BOTH.,#3671);
#2173=FACE_OUTER_BOUND('',#3672,.T.);
#2174=PLANE('',#3673);
#2175=SURFACE_STYLE_USAGE(.BOTH.,#3674);
#2176=FACE_OUTER_BOUND('',#3675,.T.);
#2177=FACE_BOUND('',#3676,.T.);
#2178=PLANE('',#3677);
#2179=SURFACE_STYLE_USAGE(.BOTH.,#3678);
#2180=FACE_OUTER_BOUND('',#3679,.T.);
#2181=PLANE('',#3680);
#2182=SURFACE_STYLE_USAGE(.BOTH.,#3681);
#2183=FACE_OUTER_BOUND('',#3682,.T.);
#2184=CYLINDRICAL_SURFACE('',#3683,0.500000005);
#2185=SURFACE_STYLE_USAGE(.BOTH.,#3684);
#2186=FACE_OUTER_BOUND('',#3685,.T.);
#2187=(B_SPLINE_SURFACE(3,3,((#3687,#3688,#3689,#3690),(#3691,#3692,#3693,#3694),(#3695,#3696,#3697,#3698),(#3699,#3700,#3701,#3702)),.UNSPECIFIED.,.F.,.F.,.F.)B_SPLINE_SURFACE_WITH_KNOTS((4,4),(4,4),(0.0495524203225972,0.950447581921185),(0.0,1.0),.UNSPECIFIED.)RATIONAL_B_SPLINE_SURFACE(((0.928181272660282,0.746942605599053,0.746942605599053,0.928181272660282),(0.515635712903141,0.414951577111559,0.414951577111559,0.515635712903141),(0.515635713930633,0.41495157793842,0.41495157793842,0.515635713930633),(0.928181275742757,0.746942608079638,0.746942608079638,0.928181275742757)))BOUNDED_SURFACE()REPRESENTATION_ITEM('')GEOMETRIC_REPRESENTATION_ITEM()SURFACE());
#2188=SURFACE_STYLE_USAGE(.BOTH.,#3709);
#2189=FACE_OUTER_BOUND('',#3710,.T.);
#2190=CYLINDRICAL_SURFACE('',#3711,0.500000005);
#2191=SURFACE_STYLE_USAGE(.BOTH.,#3712);
#2192=FACE_OUTER_BOUND('',#3713,.T.);
#2193=PLANE('',#3714);
#2194=SURFACE_STYLE_USAGE(.BOTH.,#3715);
#2195=FACE_OUTER_BOUND('',#3716,.T.);
#2196=CYLINDRICAL_SURFACE('',#3717,0.375);
#2197=SURFACE_STYLE_USAGE(.BOTH.,#3718);
#2198=FACE_OUTER_BOUND('',#3719,.T.);
#2199=PLANE('',#3720);
#2200=SURFACE_STYLE_USAGE(.BOTH.,#3721);
#2201=FACE_OUTER_BOUND('',#3722,.T.);
#2202=CYLINDRICAL_SURFACE('',#3723,0.650000005);
#2203=SURFACE_STYLE_USAGE(.BOTH.,#3724);
#2204=FACE_OUTER_BOUND('',#3725,.T.);
#2205=(B_SPLINE_SURFACE(3,3,((#3727,#3728,#3729,#3730),(#3731,#3732,#3733,#3734),(#3735,#3736,#3737,#3738),(#3739,#3740,#3741,#3742)),.UNSPECIFIED.,.F.,.F.,.F.)B_SPLINE_SURFACE_WITH_KNOTS((4,4),(4,4),(0.0568587687102083,0.943141231119596),(0.0,1.0),.UNSPECIFIED.)RATIONAL_B_SPLINE_SURFACE(((0.948211990857403,0.763062084285263,0.763062084285263,0.948211990857403),(0.695353180329042,0.559577027302177,0.559577027302177,0.695353180329042),(0.695353180280484,0.559577027263102,0.559577027263102,0.695353180280484),(0.948211990711731,0.763062084168035,0.763062084168035,0.948211990711731)))BOUNDED_SURFACE()REPRESENTATION_ITEM('')GEOMETRIC_REPRESENTATION_ITEM()SURFACE());
#2206=SURFACE_STYLE_USAGE(.BOTH.,#3749);
#2207=FACE_OUTER_BOUND('',#3750,.T.);
#2208=CYLINDRICAL_SURFACE('',#3751,0.650000005);
#2209=SURFACE_STYLE_USAGE(.BOTH.,#3752);
#2210=FACE_OUTER_BOUND('',#3753,.T.);
#2211=CYLINDRICAL_SURFACE('',#3754,0.650000005);
#2212=SURFACE_STYLE_USAGE(.BOTH.,#3755);
#2213=FACE_OUTER_BOUND('',#3756,.T.);
#2214=CYLINDRICAL_SURFACE('',#3757,0.500000005);
#2215=SURFACE_STYLE_USAGE(.BOTH.,#3758);
#2216=FACE_OUTER_BOUND('',#3759,.T.);
#2217=PLANE('',#3760);
#2218=SURFACE_STYLE_USAGE(.BOTH.,#3761);
#2219=FACE_OUTER_BOUND('',#3762,.T.);
#2220=CYLINDRICAL_SURFACE('',#3763,0.375);
#2221=SURFACE_STYLE_USAGE(.BOTH.,#3764);
#2222=FACE_OUTER_BOUND('',#3765,.T.);
#2223=PLANE('',#3766);
#2224=SURFACE_STYLE_USAGE(.BOTH.,#3767);
#2225=FACE_OUTER_BOUND('',#3768,.T.);
#2226=(B_SPLINE_SURFACE(3,3,((#3770,#3771,#3772,#3773),(#3774,#3775,#3776,#3777),(#3778,#3779,#3780,#3781),(#3782,#3783,#3784,#3785)),.UNSPECIFIED.,.F.,.F.,.F.)B_SPLINE_SURFACE_WITH_KNOTS((4,4),(4,4),(0.0495524203619278,0.950447581921177),(0.0,1.0),.UNSPECIFIED.)RATIONAL_B_SPLINE_SURFACE(((0.92818127260625,0.746942605555571,0.746942605555571,0.92818127260625),(0.515635712903145,0.414951577111562,0.414951577111562,0.515635712903145),(0.515635713948644,0.414951577952914,0.414951577952914,0.515635713948644),(0.928181275742746,0.746942608079629,0.746942608079629,0.928181275742746)))BOUNDED_SURFACE()REPRESENTATION_ITEM('')GEOMETRIC_REPRESENTATION_ITEM()SURFACE());
#2227=SURFACE_STYLE_USAGE(.BOTH.,#3792);
#2228=FACE_OUTER_BOUND('',#3793,.T.);
#2229=CYLINDRICAL_SURFACE('',#3794,0.500000005);
#2230=SURFACE_STYLE_USAGE(.BOTH.,#3795);
#2231=FACE_OUTER_BOUND('',#3796,.T.);
#2232=PLANE('',#3797);
#2233=SURFACE_STYLE_USAGE(.BOTH.,#3798);
#2234=FACE_OUTER_BOUND('',#3799,.T.);
#2235=CYLINDRICAL_SURFACE('',#3800,0.650000005);
#2236=SURFACE_STYLE_USAGE(.BOTH.,#3801);
#2237=FACE_OUTER_BOUND('',#3802,.T.);
#2238=(B_SPLINE_SURFACE(3,3,((#3804,#3805,#3806,#3807),(#3808,#3809,#3810,#3811),(#3812,#3813,#3814,#3815),(#3816,#3817,#3818,#3819)),.UNSPECIFIED.,.F.,.F.,.F.)B_SPLINE_SURFACE_WITH_KNOTS((4,4),(4,4),(0.0568587660032431,0.943141230965543),(0.0,1.0),.UNSPECIFIED.)RATIONAL_B_SPLINE_SURFACE(((0.948211993174316,0.763062086149771,0.763062086149771,0.948211993174316),(0.695353180372993,0.559577027337547,0.559577027337547,0.695353180372993),(0.69535317950818,0.559577026641599,0.559577026641599,0.69535317950818),(0.948211990579876,0.763062084061926,0.763062084061926,0.948211990579876)))BOUNDED_SURFACE()REPRESENTATION_ITEM('')GEOMETRIC_REPRESENTATION_ITEM()SURFACE());
#2239=SURFACE_STYLE_USAGE(.BOTH.,#3826);
#2240=FACE_OUTER_BOUND('',#3827,.T.);
#2241=PLANE('',#3828);
#2242=SURFACE_STYLE_USAGE(.BOTH.,#3829);
#2243=FACE_OUTER_BOUND('',#3830,.T.);
#2244=PLANE('',#3831);
#2245=SURFACE_STYLE_USAGE(.BOTH.,#3832);
#2246=FACE_OUTER_BOUND('',#3833,.T.);
#2247=CYLINDRICAL_SURFACE('',#3834,0.2);
#2248=SURFACE_STYLE_USAGE(.BOTH.,#3835);
#2249=FACE_OUTER_BOUND('',#3836,.T.);
#2250=PLANE('',#3837);
#2251=SURFACE_STYLE_USAGE(.BOTH.,#3838);
#2252=FACE_OUTER_BOUND('',#3839,.T.);
#2253=PLANE('',#3840);
#2254=SURFACE_STYLE_USAGE(.BOTH.,#3841);
#2255=FACE_OUTER_BOUND('',#3842,.T.);
#2256=PLANE('',#3843);
#2257=SURFACE_STYLE_USAGE(.BOTH.,#3844);
#2258=FACE_OUTER_BOUND('',#3845,.T.);
#2259=CYLINDRICAL_SURFACE('',#3846,0.500000002);
#2260=SURFACE_STYLE_USAGE(.BOTH.,#3847);
#2261=FACE_OUTER_BOUND('',#3848,.T.);
#2262=PLANE('',#3849);
#2263=SURFACE_STYLE_USAGE(.BOTH.,#3850);
#2264=FACE_OUTER_BOUND('',#3851,.T.);
#2265=PLANE('',#3852);
#2266=SURFACE_STYLE_USAGE(.BOTH.,#3853);
#2267=FACE_OUTER_BOUND('',#3854,.T.);
#2268=PLANE('',#3855);
#2269=SURFACE_STYLE_USAGE(.BOTH.,#3856);
#2270=FACE_OUTER_BOUND('',#3857,.T.);
#2271=PLANE('',#3858);
#2272=SURFACE_STYLE_USAGE(.BOTH.,#3859);
#2273=FACE_OUTER_BOUND('',#3860,.T.);
#2274=CYLINDRICAL_SURFACE('',#3861,0.500000002);
#2275=SURFACE_STYLE_USAGE(.BOTH.,#3862);
#2276=FACE_OUTER_BOUND('',#3863,.T.);
#2277=PLANE('',#3864);
#2278=SURFACE_STYLE_USAGE(.BOTH.,#3865);
#2279=FACE_OUTER_BOUND('',#3866,.T.);
#2280=PLANE('',#3867);
#2281=SURFACE_STYLE_USAGE(.BOTH.,#3868);
#2282=FACE_OUTER_BOUND('',#3869,.T.);
#2283=PLANE('',#3870);
#2284=SURFACE_STYLE_USAGE(.BOTH.,#3871);
#2285=FACE_OUTER_BOUND('',#3872,.T.);
#2286=CYLINDRICAL_SURFACE('',#3873,0.7);
#2287=SURFACE_STYLE_USAGE(.BOTH.,#3874);
#2288=FACE_OUTER_BOUND('',#3875,.T.);
#2289=PLANE('',#3876);
#2290=SURFACE_STYLE_USAGE(.BOTH.,#3877);
#2291=FACE_OUTER_BOUND('',#3878,.T.);
#2292=PLANE('',#3879);
#2293=SURFACE_STYLE_USAGE(.BOTH.,#3880);
#2294=FACE_OUTER_BOUND('',#3881,.T.);
#2295=PLANE('',#3882);
#2296=SURFACE_STYLE_USAGE(.BOTH.,#3883);
#2297=FACE_OUTER_BOUND('',#3884,.T.);
#2298=PLANE('',#3885);
#2299=SURFACE_STYLE_USAGE(.BOTH.,#3886);
#2300=FACE_OUTER_BOUND('',#3887,.T.);
#2301=PLANE('',#3888);
#2302=SURFACE_STYLE_USAGE(.BOTH.,#3889);
#2303=FACE_OUTER_BOUND('',#3890,.T.);
#2304=PLANE('',#3891);
#2305=SURFACE_STYLE_USAGE(.BOTH.,#3892);
#2306=FACE_OUTER_BOUND('',#3893,.T.);
#2307=PLANE('',#3894);
#2308=SURFACE_STYLE_USAGE(.BOTH.,#3895);
#2309=FACE_OUTER_BOUND('',#3896,.T.);
#2310=PLANE('',#3897);
#2311=SURFACE_STYLE_USAGE(.BOTH.,#3898);
#2312=FACE_OUTER_BOUND('',#3899,.T.);
#2313=PLANE('',#3900);
#2314=SURFACE_STYLE_USAGE(.BOTH.,#3901);
#2315=FACE_OUTER_BOUND('',#3902,.T.);
#2316=PLANE('',#3903);
#2317=SURFACE_STYLE_USAGE(.BOTH.,#3904);
#2318=FACE_OUTER_BOUND('',#3905,.T.);
#2319=PLANE('',#3906);
#2320=SURFACE_STYLE_USAGE(.BOTH.,#3907);
#2321=FACE_OUTER_BOUND('',#3908,.T.);
#2322=CYLINDRICAL_SURFACE('',#3909,0.7);
#2323=SURFACE_STYLE_USAGE(.BOTH.,#3910);
#2324=FACE_OUTER_BOUND('',#3911,.T.);
#2325=CYLINDRICAL_SURFACE('',#3912,0.7);
#2326=SURFACE_STYLE_USAGE(.BOTH.,#3913);
#2327=FACE_OUTER_BOUND('',#3914,.T.);
#2328=PLANE('',#3915);
#2329=SURFACE_STYLE_USAGE(.BOTH.,#3916);
#2330=FACE_OUTER_BOUND('',#3917,.T.);
#2331=PLANE('',#3918);
#2332=SURFACE_STYLE_USAGE(.BOTH.,#3919);
#2333=FACE_OUTER_BOUND('',#3920,.T.);
#2334=PLANE('',#3921);
#2335=SURFACE_STYLE_USAGE(.BOTH.,#3922);
#2336=FACE_OUTER_BOUND('',#3923,.T.);
#2337=PLANE('',#3924);
#2338=SURFACE_STYLE_USAGE(.BOTH.,#3925);
#2339=FACE_OUTER_BOUND('',#3926,.T.);
#2340=PLANE('',#3927);
#2341=SURFACE_STYLE_USAGE(.BOTH.,#3928);
#2342=FACE_OUTER_BOUND('',#3929,.T.);
#2343=PLANE('',#3930);
#2344=SURFACE_STYLE_USAGE(.BOTH.,#3931);
#2345=FACE_OUTER_BOUND('',#3932,.T.);
#2346=PLANE('',#3933);
#2347=SURFACE_STYLE_USAGE(.BOTH.,#3934);
#2348=FACE_OUTER_BOUND('',#3935,.T.);
#2349=PLANE('',#3936);
#2350=SURFACE_STYLE_USAGE(.BOTH.,#3937);
#2351=FACE_OUTER_BOUND('',#3938,.T.);
#2352=PLANE('',#3939);
#2353=SURFACE_STYLE_USAGE(.BOTH.,#3940);
#2354=FACE_OUTER_BOUND('',#3941,.T.);
#2355=PLANE('',#3942);
#2356=SURFACE_STYLE_USAGE(.BOTH.,#3943);
#2357=FACE_OUTER_BOUND('',#3944,.T.);
#2358=PLANE('',#3945);
#2359=SURFACE_STYLE_USAGE(.BOTH.,#3946);
#2360=FACE_OUTER_BOUND('',#3947,.T.);
#2361=CYLINDRICAL_SURFACE('',#3948,0.7);
#2362=SURFACE_STYLE_USAGE(.BOTH.,#3949);
#2363=FACE_OUTER_BOUND('',#3950,.T.);
#2364=PLANE('',#3951);
#2365=SURFACE_STYLE_USAGE(.BOTH.,#3952);
#2366=FACE_OUTER_BOUND('',#3953,.T.);
#2367=CYLINDRICAL_SURFACE('',#3954,4.3);
#2368=SURFACE_STYLE_USAGE(.BOTH.,#3955);
#2369=FACE_OUTER_BOUND('',#3956,.T.);
#2370=PLANE('',#3957);
#2371=SURFACE_STYLE_USAGE(.BOTH.,#3958);
#2372=FACE_OUTER_BOUND('',#3959,.T.);
#2373=CYLINDRICAL_SURFACE('',#3960,4.3);
#2374=SURFACE_STYLE_USAGE(.BOTH.,#3961);
#2375=FACE_OUTER_BOUND('',#3962,.T.);
#2376=PLANE('',#3963);
#2377=SURFACE_STYLE_USAGE(.BOTH.,#3964);
#2378=FACE_OUTER_BOUND('',#3965,.T.);
#2379=CYLINDRICAL_SURFACE('',#3966,0.650000004);
#2380=SURFACE_STYLE_USAGE(.BOTH.,#3967);
#2381=FACE_OUTER_BOUND('',#3968,.T.);
#2382=(B_SPLINE_SURFACE(3,3,((#3970,#3971,#3972,#3973),(#3974,#3975,#3976,#3977),(#3978,#3979,#3980,#3981),(#3982,#3983,#3984,#3985)),.UNSPECIFIED.,.F.,.F.,.F.)B_SPLINE_SURFACE_WITH_KNOTS((4,4),(4,4),(0.0566605307775096,0.937215498411292),(0.0,1.0),.UNSPECIFIED.)RATIONAL_B_SPLINE_SURFACE(((0.947871784291417,0.762788307074036,0.762788307074036,0.947871784291417),(0.6940517929286,0.558529751516415,0.558529751516415,0.6940517929286),(0.692298750027716,0.557119011531584,0.557119011531584,0.692298750027716),(0.942612655588765,0.758556087119541,0.758556087119541,0.942612655588765)))BOUNDED_SURFACE()REPRESENTATION_ITEM('')GEOMETRIC_REPRESENTATION_ITEM()SURFACE());
#2383=SURFACE_STYLE_USAGE(.BOTH.,#3992);
#2384=FACE_OUTER_BOUND('',#3993,.T.);
#2385=CYLINDRICAL_SURFACE('',#3994,0.650000004);
#2386=SURFACE_STYLE_USAGE(.BOTH.,#3995);
#2387=FACE_OUTER_BOUND('',#3996,.T.);
#2388=PLANE('',#3997);
#2389=SURFACE_STYLE_USAGE(.BOTH.,#3998);
#2390=FACE_OUTER_BOUND('',#3999,.T.);
#2391=CYLINDRICAL_SURFACE('',#4000,0.500000004);
#2392=SURFACE_STYLE_USAGE(.BOTH.,#4001);
#2393=FACE_OUTER_BOUND('',#4002,.T.);
#2394=(B_SPLINE_SURFACE(3,3,((#4004,#4005,#4006,#4007),(#4008,#4009,#4010,#4011),(#4012,#4013,#4014,#4015),(#4016,#4017,#4018,#4019)),.UNSPECIFIED.,.F.,.F.,.F.)B_SPLINE_SURFACE_WITH_KNOTS((4,4),(4,4),(0.049465362610921,0.943530722389471),(0.0,1.0),.UNSPECIFIED.)RATIONAL_B_SPLINE_SURFACE(((0.927625624105756,0.746495455458598,0.746495455458598,0.927625624105756),(0.514271873582669,0.413854044695809,0.413854044695809,0.514271873582669),(0.511058919135692,0.411268458624299,0.411268458624299,0.511058919135692),(0.917986760764825,0.738738697244068,0.738738697244068,0.917986760764825)))BOUNDED_SURFACE()REPRESENTATION_ITEM('')GEOMETRIC_REPRESENTATION_ITEM()SURFACE());
#2395=SURFACE_STYLE_USAGE(.BOTH.,#4026);
#2396=FACE_OUTER_BOUND('',#4027,.T.);
#2397=CYLINDRICAL_SURFACE('',#4028,0.500000004);
#2398=SURFACE_STYLE_USAGE(.BOTH.,#4029);
#2399=FACE_OUTER_BOUND('',#4030,.T.);
#2400=CYLINDRICAL_SURFACE('',#4031,0.650000004);
#2401=SURFACE_STYLE_USAGE(.BOTH.,#4032);
#2402=FACE_OUTER_BOUND('',#4033,.T.);
#2403=PLANE('',#4034);
#2404=SURFACE_STYLE_USAGE(.BOTH.,#4035);
#2405=FACE_OUTER_BOUND('',#4036,.T.);
#2406=CYLINDRICAL_SURFACE('',#4037,0.500000004);
#2407=SURFACE_STYLE_USAGE(.BOTH.,#4038);
#2408=FACE_OUTER_BOUND('',#4039,.T.);
#2409=(B_SPLINE_SURFACE(3,3,((#4041,#4042,#4043,#4044),(#4045,#4046,#4047,#4048),(#4049,#4050,#4051,#4052),(#4053,#4054,#4055,#4056)),.UNSPECIFIED.,.F.,.F.,.F.)B_SPLINE_SURFACE_WITH_KNOTS((4,4),(4,4),(0.0495676693595042,0.950432331351716),(0.0,1.0),.UNSPECIFIED.)RATIONAL_B_SPLINE_SURFACE(((0.928160324109598,0.746925748793031,0.746925748793031,0.928160324109598),(0.515642696455145,0.414957197754489,0.414957197754489,0.515642696455145),(0.515642696780822,0.414957198016574,0.414957198016574,0.515642696780822),(0.928160325086629,0.746925749579285,0.746925749579285,0.928160325086629)))BOUNDED_SURFACE()REPRESENTATION_ITEM('')GEOMETRIC_REPRESENTATION_ITEM()SURFACE());
#2410=SURFACE_STYLE_USAGE(.BOTH.,#4063);
#2411=FACE_OUTER_BOUND('',#4064,.T.);
#2412=CYLINDRICAL_SURFACE('',#4065,0.500000004);
#2413=SURFACE_STYLE_USAGE(.BOTH.,#4066);
#2414=FACE_OUTER_BOUND('',#4067,.T.);
#2415=PLANE('',#4068);
#2416=SURFACE_STYLE_USAGE(.BOTH.,#4069);
#2417=FACE_OUTER_BOUND('',#4070,.T.);
#2418=CYLINDRICAL_SURFACE('',#4071,0.650000004);
#2419=SURFACE_STYLE_USAGE(.BOTH.,#4072);
#2420=FACE_OUTER_BOUND('',#4073,.T.);
#2421=(B_SPLINE_SURFACE(3,3,((#4075,#4076,#4077,#4078),(#4079,#4080,#4081,#4082),(#4083,#4084,#4085,#4086),(#4087,#4088,#4089,#4090)),.UNSPECIFIED.,.F.,.F.,.F.)B_SPLINE_SURFACE_WITH_KNOTS((4,4),(4,4),(0.0568602903186211,0.943139709681382),(0.0,1.0),.UNSPECIFIED.)RATIONAL_B_SPLINE_SURFACE(((0.948210688502506,0.763061036122121,0.763061036122121,0.948210688502506),(0.695353614398738,0.559577376534667,0.559577376534667,0.695353614398738),(0.695353614398739,0.559577376534668,0.559577376534668,0.695353614398739),(0.948210688502509,0.763061036122123,0.763061036122123,0.948210688502509)))BOUNDED_SURFACE()REPRESENTATION_ITEM('')GEOMETRIC_REPRESENTATION_ITEM()SURFACE());
#2422=SURFACE_STYLE_USAGE(.BOTH.,#4097);
#2423=FACE_OUTER_BOUND('',#4098,.T.);
#2424=PLANE('',#4099);
#2425=SURFACE_STYLE_USAGE(.BOTH.,#4100);
#2426=FACE_OUTER_BOUND('',#4101,.T.);
#2427=CYLINDRICAL_SURFACE('',#4102,0.2);
#2428=SURFACE_STYLE_USAGE(.BOTH.,#4103);
#2429=FACE_OUTER_BOUND('',#4104,.T.);
#2430=PLANE('',#4105);
#2431=SURFACE_STYLE_USAGE(.BOTH.,#4106);
#2432=FACE_OUTER_BOUND('',#4107,.T.);
#2433=PLANE('',#4108);
#2434=SURFACE_STYLE_USAGE(.BOTH.,#4109);
#2435=FACE_OUTER_BOUND('',#4110,.T.);
#2436=PLANE('',#4111);
#2437=SURFACE_STYLE_USAGE(.BOTH.,#4112);
#2438=FACE_OUTER_BOUND('',#4113,.T.);
#2439=CYLINDRICAL_SURFACE('',#4114,0.500000002);
#2440=SURFACE_STYLE_USAGE(.BOTH.,#4115);
#2441=FACE_OUTER_BOUND('',#4116,.T.);
#2442=PLANE('',#4117);
#2443=SURFACE_STYLE_USAGE(.BOTH.,#4118);
#2444=FACE_OUTER_BOUND('',#4119,.T.);
#2445=PLANE('',#4120);
#2446=SURFACE_STYLE_USAGE(.BOTH.,#4121);
#2447=FACE_OUTER_BOUND('',#4122,.T.);
#2448=CYLINDRICAL_SURFACE('',#4123,0.500000002);
#2449=SURFACE_STYLE_USAGE(.BOTH.,#4124);
#2450=FACE_OUTER_BOUND('',#4125,.T.);
#2451=PLANE('',#4126);
#2452=SURFACE_STYLE_USAGE(.BOTH.,#4127);
#2453=FACE_OUTER_BOUND('',#4128,.T.);
#2454=PLANE('',#4129);
#2455=SURFACE_STYLE_USAGE(.BOTH.,#4130);
#2456=FACE_OUTER_BOUND('',#4131,.T.);
#2457=PLANE('',#4132);
#2458=SURFACE_STYLE_USAGE(.BOTH.,#4133);
#2459=FACE_OUTER_BOUND('',#4134,.T.);
#2460=PLANE('',#4135);
#2461=SURFACE_STYLE_USAGE(.BOTH.,#4136);
#2462=FACE_OUTER_BOUND('',#4137,.T.);
#2463=PLANE('',#4138);
#2464=SURFACE_STYLE_USAGE(.BOTH.,#4139);
#2465=FACE_OUTER_BOUND('',#4140,.T.);
#2466=CYLINDRICAL_SURFACE('',#4141,1.0);
#2467=SURFACE_STYLE_USAGE(.BOTH.,#4142);
#2468=FACE_OUTER_BOUND('',#4143,.T.);
#2469=PLANE('',#4144);
#2470=SURFACE_STYLE_USAGE(.BOTH.,#4145);
#2471=FACE_OUTER_BOUND('',#4146,.T.);
#2472=PLANE('',#4147);
#2473=SURFACE_STYLE_USAGE(.BOTH.,#4148);
#2474=FACE_OUTER_BOUND('',#4149,.T.);
#2475=PLANE('',#4150);
#2476=SURFACE_STYLE_USAGE(.BOTH.,#4151);
#2477=FACE_OUTER_BOUND('',#4152,.T.);
#2478=PLANE('',#4153);
#2479=SURFACE_STYLE_USAGE(.BOTH.,#4154);
#2480=FACE_OUTER_BOUND('',#4155,.T.);
#2481=PLANE('',#4156);
#2482=SURFACE_STYLE_USAGE(.BOTH.,#4157);
#2483=FACE_OUTER_BOUND('',#4158,.T.);
#2484=PLANE('',#4159);
#2485=SURFACE_STYLE_USAGE(.BOTH.,#4160);
#2486=FACE_OUTER_BOUND('',#4161,.T.);
#2487=PLANE('',#4162);
#2488=SURFACE_STYLE_USAGE(.BOTH.,#4163);
#2489=FACE_OUTER_BOUND('',#4164,.T.);
#2490=PLANE('',#4165);
#2491=SURFACE_STYLE_USAGE(.BOTH.,#4166);
#2492=FACE_OUTER_BOUND('',#4167,.T.);
#2493=PLANE('',#4168);
#2494=SURFACE_STYLE_USAGE(.BOTH.,#4169);
#2495=FACE_OUTER_BOUND('',#4170,.T.);
#2496=PLANE('',#4171);
#2497=SURFACE_STYLE_USAGE(.BOTH.,#4172);
#2498=FACE_OUTER_BOUND('',#4173,.T.);
#2499=CYLINDRICAL_SURFACE('',#4174,1.0);
#2500=SURFACE_STYLE_USAGE(.BOTH.,#4175);
#2501=FACE_OUTER_BOUND('',#4176,.T.);
#2502=PLANE('',#4177);
#2503=SURFACE_STYLE_USAGE(.BOTH.,#4178);
#2504=FACE_OUTER_BOUND('',#4179,.T.);
#2505=PLANE('',#4180);
#2506=SURFACE_STYLE_USAGE(.BOTH.,#4181);
#2507=FACE_OUTER_BOUND('',#4182,.T.);
#2508=PLANE('',#4183);
#2509=SURFACE_STYLE_USAGE(.BOTH.,#4184);
#2510=FACE_OUTER_BOUND('',#4185,.T.);
#2511=PLANE('',#4186);
#2512=SURFACE_STYLE_USAGE(.BOTH.,#4187);
#2513=FACE_OUTER_BOUND('',#4188,.T.);
#2514=PLANE('',#4189);
#2515=SURFACE_STYLE_USAGE(.BOTH.,#4190);
#2516=FACE_OUTER_BOUND('',#4191,.T.);
#2517=PLANE('',#4192);
#2518=SURFACE_STYLE_USAGE(.BOTH.,#4193);
#2519=FACE_OUTER_BOUND('',#4194,.T.);
#2520=PLANE('',#4195);
#2521=SURFACE_STYLE_USAGE(.BOTH.,#4196);
#2522=FACE_OUTER_BOUND('',#4197,.T.);
#2523=PLANE('',#4198);
#2524=SURFACE_STYLE_USAGE(.BOTH.,#4199);
#2525=FACE_OUTER_BOUND('',#4200,.T.);
#2526=CYLINDRICAL_SURFACE('',#4201,0.225);
#2527=SURFACE_STYLE_USAGE(.BOTH.,#4202);
#2528=FACE_OUTER_BOUND('',#4203,.T.);
#2529=CYLINDRICAL_SURFACE('',#4204,0.225);
#2530=SURFACE_STYLE_USAGE(.BOTH.,#4205);
#2531=FACE_OUTER_BOUND('',#4206,.T.);
#2532=PLANE('',#4207);
#2533=SURFACE_STYLE_USAGE(.BOTH.,#4208);
#2534=FACE_OUTER_BOUND('',#4209,.T.);
#2535=PLANE('',#4210);
#2536=SURFACE_STYLE_USAGE(.BOTH.,#4211);
#2537=FACE_OUTER_BOUND('',#4212,.T.);
#2538=PLANE('',#4213);
#2539=SURFACE_STYLE_USAGE(.BOTH.,#4214);
#2540=FACE_OUTER_BOUND('',#4215,.T.);
#2541=CYLINDRICAL_SURFACE('',#4216,0.375000000213287);
#2542=SURFACE_STYLE_USAGE(.BOTH.,#4217);
#2543=FACE_OUTER_BOUND('',#4218,.T.);
#2544=CYLINDRICAL_SURFACE('',#4219,0.375000000213287);
#2545=SURFACE_STYLE_USAGE(.BOTH.,#4220);
#2546=FACE_OUTER_BOUND('',#4221,.T.);
#2547=PLANE('',#4222);
#2548=SURFACE_STYLE_USAGE(.BOTH.,#4223);
#2549=FACE_OUTER_BOUND('',#4224,.T.);
#2550=PLANE('',#4225);
#2551=SURFACE_STYLE_USAGE(.BOTH.,#4226);
#2552=FACE_OUTER_BOUND('',#4227,.T.);
#2553=PLANE('',#4228);
#2554=SURFACE_STYLE_USAGE(.BOTH.,#4229);
#2555=FACE_OUTER_BOUND('',#4230,.T.);
#2556=PLANE('',#4231);
#2557=SURFACE_STYLE_USAGE(.BOTH.,#4232);
#2558=FACE_OUTER_BOUND('',#4233,.T.);
#2559=CYLINDRICAL_SURFACE('',#4234,0.225);
#2560=SURFACE_STYLE_USAGE(.BOTH.,#4235);
#2561=FACE_OUTER_BOUND('',#4236,.T.);
#2562=CYLINDRICAL_SURFACE('',#4237,0.225);
#2563=SURFACE_STYLE_USAGE(.BOTH.,#4238);
#2564=FACE_OUTER_BOUND('',#4239,.T.);
#2565=PLANE('',#4240);
#2566=SURFACE_STYLE_USAGE(.BOTH.,#4241);
#2567=FACE_OUTER_BOUND('',#4242,.T.);
#2568=PLANE('',#4243);
#2569=SURFACE_STYLE_USAGE(.BOTH.,#4244);
#2570=FACE_OUTER_BOUND('',#4245,.T.);
#2571=PLANE('',#4246);
#2572=SURFACE_STYLE_USAGE(.BOTH.,#4247);
#2573=FACE_OUTER_BOUND('',#4248,.T.);
#2574=CYLINDRICAL_SURFACE('',#4249,0.375000000213287);
#2575=SURFACE_STYLE_USAGE(.BOTH.,#4250);
#2576=FACE_OUTER_BOUND('',#4251,.T.);
#2577=CYLINDRICAL_SURFACE('',#4252,0.375000000213287);
#2578=SURFACE_STYLE_USAGE(.BOTH.,#4253);
#2579=FACE_OUTER_BOUND('',#4254,.T.);
#2580=PLANE('',#4255);
#2581=SURFACE_STYLE_USAGE(.BOTH.,#4256);
#2582=FACE_OUTER_BOUND('',#4257,.T.);
#2583=PLANE('',#4258);
#2584=SURFACE_STYLE_USAGE(.BOTH.,#4259);
#2585=FACE_OUTER_BOUND('',#4260,.T.);
#2586=PLANE('',#4261);
#2587=SURFACE_STYLE_USAGE(.BOTH.,#4262);
#2588=FACE_OUTER_BOUND('',#4263,.T.);
#2589=PLANE('',#4264);
#2590=SURFACE_STYLE_USAGE(.BOTH.,#4265);
#2591=FACE_OUTER_BOUND('',#4266,.T.);
#2592=PLANE('',#4267);
#2593=SURFACE_STYLE_USAGE(.BOTH.,#4268);
#2594=FACE_OUTER_BOUND('',#4269,.T.);
#2595=PLANE('',#4270);
#2596=SURFACE_STYLE_USAGE(.BOTH.,#4271);
#2597=FACE_OUTER_BOUND('',#4272,.T.);
#2598=PLANE('',#4273);
#2599=SURFACE_STYLE_USAGE(.BOTH.,#4274);
#2600=FACE_OUTER_BOUND('',#4275,.T.);
#2601=PLANE('',#4276);
#2602=SURFACE_STYLE_USAGE(.BOTH.,#4277);
#2603=FACE_OUTER_BOUND('',#4278,.T.);
#2604=PLANE('',#4279);
#2605=SURFACE_STYLE_USAGE(.BOTH.,#4280);
#2606=FACE_OUTER_BOUND('',#4281,.T.);
#2607=CYLINDRICAL_SURFACE('',#4282,1.0);
#2608=SURFACE_STYLE_USAGE(.BOTH.,#4283);
#2609=FACE_OUTER_BOUND('',#4284,.T.);
#2610=PLANE('',#4285);
#2611=SURFACE_STYLE_USAGE(.BOTH.,#4286);
#2612=FACE_OUTER_BOUND('',#4287,.T.);
#2613=PLANE('',#4288);
#2614=SURFACE_STYLE_USAGE(.BOTH.,#4289);
#2615=FACE_OUTER_BOUND('',#4290,.T.);
#2616=PLANE('',#4291);
#2617=SURFACE_STYLE_USAGE(.BOTH.,#4292);
#2618=FACE_OUTER_BOUND('',#4293,.T.);
#2619=PLANE('',#4294);
#2620=SURFACE_STYLE_USAGE(.BOTH.,#4295);
#2621=FACE_OUTER_BOUND('',#4296,.T.);
#2622=PLANE('',#4297);
#2623=SURFACE_STYLE_USAGE(.BOTH.,#4298);
#2624=FACE_OUTER_BOUND('',#4299,.T.);
#2625=FACE_BOUND('',#4300,.T.);
#2626=PLANE('',#4301);
#2627=SURFACE_STYLE_USAGE(.BOTH.,#4302);
#2628=FACE_OUTER_BOUND('',#4303,.T.);
#2629=PLANE('',#4304);
#2630=SURFACE_STYLE_USAGE(.BOTH.,#4305);
#2631=FACE_OUTER_BOUND('',#4306,.T.);
#2632=PLANE('',#4307);
#2633=SURFACE_STYLE_USAGE(.BOTH.,#4308);
#2634=FACE_OUTER_BOUND('',#4309,.T.);
#2635=PLANE('',#4310);
#2636=SURFACE_STYLE_USAGE(.BOTH.,#4311);
#2637=FACE_OUTER_BOUND('',#4312,.T.);
#2638=PLANE('',#4313);
#2639=SURFACE_STYLE_USAGE(.BOTH.,#4314);
#2640=FACE_OUTER_BOUND('',#4315,.T.);
#2641=PLANE('',#4316);
#2642=SURFACE_STYLE_USAGE(.BOTH.,#4317);
#2643=FACE_OUTER_BOUND('',#4318,.T.);
#2644=CYLINDRICAL_SURFACE('',#4319,1.0);
#2645=SURFACE_STYLE_USAGE(.BOTH.,#4320);
#2646=FACE_OUTER_BOUND('',#4321,.T.);
#2647=PLANE('',#4322);
#2648=SURFACE_STYLE_USAGE(.BOTH.,#4323);
#2649=FACE_OUTER_BOUND('',#4324,.T.);
#2650=PLANE('',#4325);
#2651=SURFACE_STYLE_USAGE(.BOTH.,#4326);
#2652=FACE_OUTER_BOUND('',#4327,.T.);
#2653=PLANE('',#4328);
#2654=SURFACE_STYLE_USAGE(.BOTH.,#4329);
#2655=FACE_OUTER_BOUND('',#4330,.T.);
#2656=PLANE('',#4331);
#2657=SURFACE_STYLE_USAGE(.BOTH.,#4332);
#2658=FACE_OUTER_BOUND('',#4333,.T.);
#2659=CYLINDRICAL_SURFACE('',#4334,0.375000000121538);
#2660=SURFACE_STYLE_USAGE(.BOTH.,#4335);
#2661=FACE_OUTER_BOUND('',#4336,.T.);
#2662=PLANE('',#4337);
#2663=SURFACE_STYLE_USAGE(.BOTH.,#4338);
#2664=FACE_OUTER_BOUND('',#4339,.T.);
#2665=PLANE('',#4340);
#2666=SURFACE_STYLE_USAGE(.BOTH.,#4341);
#2667=FACE_OUTER_BOUND('',#4342,.T.);
#2668=PLANE('',#4343);
#2669=SURFACE_STYLE_USAGE(.BOTH.,#4344);
#2670=FACE_OUTER_BOUND('',#4345,.T.);
#2671=CYLINDRICAL_SURFACE('',#4346,0.225000000121537);
#2672=SURFACE_STYLE_USAGE(.BOTH.,#4347);
#2673=FACE_OUTER_BOUND('',#4348,.T.);
#2674=PLANE('',#4349);
#2675=SURFACE_STYLE_USAGE(.BOTH.,#4350);
#2676=FACE_OUTER_BOUND('',#4351,.T.);
#2677=PLANE('',#4352);
#2678=SURFACE_STYLE_USAGE(.BOTH.,#4353);
#2679=FACE_OUTER_BOUND('',#4354,.T.);
#2680=PLANE('',#4355);
#2681=SURFACE_STYLE_USAGE(.BOTH.,#4356);
#2682=FACE_OUTER_BOUND('',#4357,.T.);
#2683=PLANE('',#4358);
#2684=SURFACE_STYLE_USAGE(.BOTH.,#4359);
#2685=FACE_OUTER_BOUND('',#4360,.T.);
#2686=CYLINDRICAL_SURFACE('',#4361,0.225000000121538);
#2687=SURFACE_STYLE_USAGE(.BOTH.,#4362);
#2688=FACE_OUTER_BOUND('',#4363,.T.);
#2689=PLANE('',#4364);
#2690=SURFACE_STYLE_USAGE(.BOTH.,#4365);
#2691=FACE_OUTER_BOUND('',#4366,.T.);
#2692=PLANE('',#4367);
#2693=SURFACE_STYLE_USAGE(.BOTH.,#4368);
#2694=FACE_OUTER_BOUND('',#4369,.T.);
#2695=PLANE('',#4370);
#2696=SURFACE_STYLE_USAGE(.BOTH.,#4371);
#2697=FACE_OUTER_BOUND('',#4372,.T.);
#2698=CYLINDRICAL_SURFACE('',#4373,0.375000000121538);
#2699=SURFACE_STYLE_USAGE(.BOTH.,#4374);
#2700=FACE_OUTER_BOUND('',#4375,.T.);
#2701=PLANE('',#4376);
#2702=SURFACE_STYLE_USAGE(.BOTH.,#4377);
#2703=FACE_OUTER_BOUND('',#4378,.T.);
#2704=PLANE('',#4379);
#2705=SURFACE_STYLE_USAGE(.BOTH.,#4380);
#2706=FACE_OUTER_BOUND('',#4381,.T.);
#2707=PLANE('',#4382);
#2708=SURFACE_STYLE_USAGE(.BOTH.,#4383);
#2709=FACE_OUTER_BOUND('',#4384,.T.);
#2710=PLANE('',#4385);
#2711=SURFACE_STYLE_USAGE(.BOTH.,#4386);
#2712=FACE_OUTER_BOUND('',#4387,.T.);
#2713=PLANE('',#4388);
#2714=SURFACE_STYLE_USAGE(.BOTH.,#4389);
#2715=FACE_OUTER_BOUND('',#4390,.T.);
#2716=PLANE('',#4391);
#2717=SURFACE_STYLE_USAGE(.BOTH.,#4392);
#2718=FACE_OUTER_BOUND('',#4393,.T.);
#2719=PLANE('',#4394);
#2720=SURFACE_STYLE_USAGE(.BOTH.,#4395);
#2721=FACE_OUTER_BOUND('',#4396,.T.);
#2722=PLANE('',#4397);
#2723=SURFACE_STYLE_USAGE(.BOTH.,#4398);
#2724=FACE_OUTER_BOUND('',#4399,.T.);
#2725=PLANE('',#4400);
#2726=SURFACE_STYLE_USAGE(.BOTH.,#4401);
#2727=FACE_OUTER_BOUND('',#4402,.T.);
#2728=PLANE('',#4403);
#2729=SURFACE_STYLE_USAGE(.BOTH.,#4404);
#2730=FACE_OUTER_BOUND('',#4405,.T.);
#2731=CYLINDRICAL_SURFACE('',#4406,0.400000000000001);
#2732=SURFACE_STYLE_USAGE(.BOTH.,#4407);
#2733=FACE_OUTER_BOUND('',#4408,.T.);
#2734=PLANE('',#4409);
#2735=SURFACE_STYLE_USAGE(.BOTH.,#4410);
#2736=FACE_OUTER_BOUND('',#4411,.T.);
#2737=CYLINDRICAL_SURFACE('',#4412,0.5);
#2738=SURFACE_STYLE_USAGE(.BOTH.,#4413);
#2739=FACE_OUTER_BOUND('',#4414,.T.);
#2740=PLANE('',#4415);
#2741=SURFACE_STYLE_USAGE(.BOTH.,#4416);
#2742=FACE_OUTER_BOUND('',#4417,.T.);
#2743=PLANE('',#4418);
#2744=SURFACE_STYLE_USAGE(.BOTH.,#4419);
#2745=FACE_OUTER_BOUND('',#4420,.T.);
#2746=PLANE('',#4421);
#2747=SURFACE_STYLE_USAGE(.BOTH.,#4422);
#2748=FACE_OUTER_BOUND('',#4423,.T.);
#2749=PLANE('',#4424);
#2750=SURFACE_STYLE_USAGE(.BOTH.,#4425);
#2751=FACE_OUTER_BOUND('',#4426,.T.);
#2752=PLANE('',#4427);
#2753=SURFACE_STYLE_USAGE(.BOTH.,#4428);
#2754=FACE_OUTER_BOUND('',#4429,.T.);
#2755=PLANE('',#4430);
#2756=SURFACE_STYLE_USAGE(.BOTH.,#4431);
#2757=FACE_OUTER_BOUND('',#4432,.T.);
#2758=PLANE('',#4433);
#2759=SURFACE_STYLE_USAGE(.BOTH.,#4434);
#2760=FACE_OUTER_BOUND('',#4435,.T.);
#2761=PLANE('',#4436);
#2762=SURFACE_STYLE_USAGE(.BOTH.,#4437);
#2763=FACE_OUTER_BOUND('',#4438,.T.);
#2764=PLANE('',#4439);
#2765=SURFACE_STYLE_USAGE(.BOTH.,#4440);
#2766=FACE_OUTER_BOUND('',#4441,.T.);
#2767=PLANE('',#4442);
#2768=SURFACE_STYLE_USAGE(.BOTH.,#4443);
#2769=FACE_OUTER_BOUND('',#4444,.T.);
#2770=PLANE('',#4445);
#2771=SURFACE_STYLE_USAGE(.BOTH.,#4446);
#2772=FACE_OUTER_BOUND('',#4447,.T.);
#2773=PLANE('',#4448);
#2774=SURFACE_STYLE_USAGE(.BOTH.,#4449);
#2775=FACE_OUTER_BOUND('',#4450,.T.);
#2776=PLANE('',#4451);
#2777=SURFACE_STYLE_USAGE(.BOTH.,#4452);
#2778=FACE_OUTER_BOUND('',#4453,.T.);
#2779=CYLINDRICAL_SURFACE('',#4454,0.5);
#2780=SURFACE_STYLE_USAGE(.BOTH.,#4455);
#2781=FACE_OUTER_BOUND('',#4456,.T.);
#2782=PLANE('',#4457);
#2783=SURFACE_STYLE_USAGE(.BOTH.,#4458);
#2784=FACE_OUTER_BOUND('',#4459,.T.);
#2785=CYLINDRICAL_SURFACE('',#4460,0.399999999999999);
#2786=SURFACE_STYLE_USAGE(.BOTH.,#4461);
#2787=FACE_OUTER_BOUND('',#4462,.T.);
#2788=PLANE('',#4463);
#2789=SURFACE_STYLE_USAGE(.BOTH.,#4464);
#2790=FACE_OUTER_BOUND('',#4465,.T.);
#2791=PLANE('',#4466);
#2792=SURFACE_STYLE_USAGE(.BOTH.,#4467);
#2793=FACE_OUTER_BOUND('',#4468,.T.);
#2794=PLANE('',#4469);
#2795=SURFACE_STYLE_USAGE(.BOTH.,#4470);
#2796=FACE_OUTER_BOUND('',#4471,.T.);
#2797=CYLINDRICAL_SURFACE('',#4472,0.399999999999999);
#2798=SURFACE_STYLE_USAGE(.BOTH.,#4473);
#2799=FACE_OUTER_BOUND('',#4474,.T.);
#2800=PLANE('',#4475);
#2801=SURFACE_STYLE_USAGE(.BOTH.,#4476);
#2802=FACE_OUTER_BOUND('',#4477,.T.);
#2803=CYLINDRICAL_SURFACE('',#4478,0.5);
#2804=SURFACE_STYLE_USAGE(.BOTH.,#4479);
#2805=FACE_OUTER_BOUND('',#4480,.T.);
#2806=PLANE('',#4481);
#2807=SURFACE_STYLE_USAGE(.BOTH.,#4482);
#2808=FACE_OUTER_BOUND('',#4483,.T.);
#2809=PLANE('',#4484);
#2810=SURFACE_STYLE_USAGE(.BOTH.,#4485);
#2811=FACE_OUTER_BOUND('',#4486,.T.);
#2812=PLANE('',#4487);
#2813=SURFACE_STYLE_USAGE(.BOTH.,#4488);
#2814=FACE_OUTER_BOUND('',#4489,.T.);
#2815=PLANE('',#4490);
#2816=SURFACE_STYLE_USAGE(.BOTH.,#4491);
#2817=FACE_OUTER_BOUND('',#4492,.T.);
#2818=PLANE('',#4493);
#2819=SURFACE_STYLE_USAGE(.BOTH.,#4494);
#2820=FACE_OUTER_BOUND('',#4495,.T.);
#2821=PLANE('',#4496);
#2822=SURFACE_STYLE_USAGE(.BOTH.,#4497);
#2823=FACE_OUTER_BOUND('',#4498,.T.);
#2824=PLANE('',#4499);
#2825=SURFACE_STYLE_USAGE(.BOTH.,#4500);
#2826=FACE_OUTER_BOUND('',#4501,.T.);
#2827=PLANE('',#4502);
#2828=SURFACE_STYLE_USAGE(.BOTH.,#4503);
#2829=FACE_OUTER_BOUND('',#4504,.T.);
#2830=PLANE('',#4505);
#2831=SURFACE_STYLE_USAGE(.BOTH.,#4506);
#2832=FACE_OUTER_BOUND('',#4507,.T.);
#2833=PLANE('',#4508);
#2834=SURFACE_STYLE_USAGE(.BOTH.,#4509);
#2835=FACE_OUTER_BOUND('',#4510,.T.);
#2836=PLANE('',#4511);
#2837=SURFACE_STYLE_USAGE(.BOTH.,#4512);
#2838=FACE_OUTER_BOUND('',#4513,.T.);
#2839=PLANE('',#4514);
#2840=SURFACE_STYLE_USAGE(.BOTH.,#4515);
#2841=FACE_OUTER_BOUND('',#4516,.T.);
#2842=PLANE('',#4517);
#2843=SURFACE_STYLE_USAGE(.BOTH.,#4518);
#2844=FACE_OUTER_BOUND('',#4519,.T.);
#2845=CYLINDRICAL_SURFACE('',#4520,0.5);
#2846=SURFACE_STYLE_USAGE(.BOTH.,#4521);
#2847=FACE_OUTER_BOUND('',#4522,.T.);
#2848=PLANE('',#4523);
#2849=SURFACE_STYLE_USAGE(.BOTH.,#4524);
#2850=FACE_OUTER_BOUND('',#4525,.T.);
#2851=CYLINDRICAL_SURFACE('',#4526,0.400000000000001);
#2852=SURFACE_STYLE_USAGE(.BOTH.,#4527);
#2853=FACE_OUTER_BOUND('',#4528,.T.);
#2854=PLANE('',#4529);
#2855=SURFACE_STYLE_USAGE(.BOTH.,#4530);
#2856=FACE_OUTER_BOUND('',#4531,.T.);
#2857=PLANE('',#4532);
#2858=SURFACE_STYLE_USAGE(.BOTH.,#4533);
#2859=FACE_OUTER_BOUND('',#4534,.T.);
#2860=CYLINDRICAL_SURFACE('',#4535,0.399999999999999);
#2861=SURFACE_STYLE_USAGE(.BOTH.,#4536);
#2862=FACE_OUTER_BOUND('',#4537,.T.);
#2863=CYLINDRICAL_SURFACE('',#4538,0.399999999999999);
#2864=SURFACE_STYLE_USAGE(.BOTH.,#4539);
#2865=FACE_OUTER_BOUND('',#4540,.T.);
#2866=CYLINDRICAL_SURFACE('',#4541,0.4);
#2867=SURFACE_STYLE_USAGE(.BOTH.,#4542);
#2868=FACE_OUTER_BOUND('',#4543,.T.);
#2869=CYLINDRICAL_SURFACE('',#4544,0.4);
#2870=SURFACE_STYLE_USAGE(.BOTH.,#4545);
#2871=FACE_OUTER_BOUND('',#4546,.T.);
#2872=FACE_BOUND('',#4547,.T.);
#2873=FACE_BOUND('',#4548,.T.);
#2874=FACE_BOUND('',#4549,.T.);
#2875=PLANE('',#4550);
#2876=SURFACE_STYLE_USAGE(.BOTH.,#4551);
#2877=FACE_OUTER_BOUND('',#4552,.T.);
#2878=(B_SPLINE_SURFACE(3,3,((#4554,#4555,#4556,#4557),(#4558,#4559,#4560,#4561),(#4562,#4563,#4564,#4565),(#4566,#4567,#4568,#4569)),.UNSPECIFIED.,.F.,.F.,.F.)B_SPLINE_SURFACE_WITH_KNOTS((4,4),(4,4),(0.0445807038415543,0.951838946071394),(0.0,1.0),.UNSPECIFIED.)RATIONAL_B_SPLINE_SURFACE(((0.968734951300763,0.322911650433587,0.322911650433587,0.968734951300763),(0.766540482271323,0.255513494090441,0.255513494090441,0.766540482271323),(0.765745690536654,0.255248563512218,0.255248563512218,0.765745690536654),(0.966350576096756,0.322116858698918,0.322116858698918,0.966350576096756)))BOUNDED_SURFACE()REPRESENTATION_ITEM('')GEOMETRIC_REPRESENTATION_ITEM()SURFACE());
#2879=SURFACE_STYLE_USAGE(.BOTH.,#4576);
#2880=FACE_OUTER_BOUND('',#4577,.T.);
#2881=(B_SPLINE_SURFACE(3,3,((#4579,#4580,#4581,#4582),(#4583,#4584,#4585,#4586),(#4587,#4588,#4589,#4590),(#4591,#4592,#4593,#4594)),.UNSPECIFIED.,.F.,.F.,.F.)B_SPLINE_SURFACE_WITH_KNOTS((4,4),(4,4),(0.044580703841286,0.951838946128324),(0.0,1.0),.UNSPECIFIED.)RATIONAL_B_SPLINE_SURFACE(((0.968734951300942,0.322911650433647,0.322911650433647,0.968734951300942),(0.766540482258635,0.255513494086212,0.255513494086212,0.766540482258635),(0.765745690536494,0.255248563512165,0.255248563512165,0.765745690536494),(0.96635057613452,0.322116858711506,0.322116858711506,0.96635057613452)))BOUNDED_SURFACE()REPRESENTATION_ITEM('')GEOMETRIC_REPRESENTATION_ITEM()SURFACE());
#2882=SURFACE_STYLE_USAGE(.BOTH.,#4601);
#2883=FACE_OUTER_BOUND('',#4602,.T.);
#2884=CYLINDRICAL_SURFACE('',#4603,3.5);
#2885=SURFACE_STYLE_USAGE(.BOTH.,#4604);
#2886=FACE_OUTER_BOUND('',#4605,.T.);
#2887=CYLINDRICAL_SURFACE('',#4606,3.5);
#2888=SURFACE_STYLE_USAGE(.BOTH.,#4607);
#2889=FACE_OUTER_BOUND('',#4608,.T.);
#2890=CONICAL_SURFACE('',#4609,3.0,0.785398163397448);
#2891=SURFACE_STYLE_USAGE(.BOTH.,#4610);
#2892=FACE_OUTER_BOUND('',#4611,.T.);
#2893=CONICAL_SURFACE('',#4612,3.0,0.785398163397448);
#2894=SURFACE_STYLE_USAGE(.BOTH.,#4613);
#2895=FACE_OUTER_BOUND('',#4614,.T.);
#2896=FACE_BOUND('',#4615,.T.);
#2897=PLANE('',#4616);
#2898=SURFACE_STYLE_USAGE(.BOTH.,#4617);
#2899=FACE_OUTER_BOUND('',#4618,.T.);
#2900=CYLINDRICAL_SURFACE('',#4619,1.75);
#2901=SURFACE_STYLE_USAGE(.BOTH.,#4620);
#2902=FACE_OUTER_BOUND('',#4621,.T.);
#2903=CYLINDRICAL_SURFACE('',#4622,1.75);
#2904=SURFACE_STYLE_USAGE(.BOTH.,#4623);
#2905=FACE_OUTER_BOUND('',#4624,.T.);
#2906=FACE_BOUND('',#4625,.T.);
#2907=PLANE('',#4626);
#2908=SURFACE_STYLE_USAGE(.BOTH.,#4627);
#2909=FACE_OUTER_BOUND('',#4628,.T.);
#2910=CYLINDRICAL_SURFACE('',#4629,3.0);
#2911=SURFACE_STYLE_USAGE(.BOTH.,#4630);
#2912=FACE_OUTER_BOUND('',#4631,.T.);
#2913=PLANE('',#4632);
#2914=SURFACE_STYLE_USAGE(.BOTH.,#4633);
#2915=FACE_OUTER_BOUND('',#4634,.T.);
#2916=CONICAL_SURFACE('',#4635,2.0,0.785398163397447);
#2917=SURFACE_STYLE_USAGE(.BOTH.,#4636);
#2918=FACE_OUTER_BOUND('',#4637,.T.);
#2919=PLANE('',#4638);
#2920=SURFACE_STYLE_USAGE(.BOTH.,#4639);
#2921=FACE_OUTER_BOUND('',#4640,.T.);
#2922=PLANE('',#4641);
#2923=SURFACE_STYLE_USAGE(.BOTH.,#4642);
#2924=CLOSED_SHELL('',(#503,#505,#507,#509,#511,#513,#515,#517,#519,#521,#523,#525,#527,#529,#531,#533,#535,#537,#539,#541,#543,#545,#547,#549,#551,#553,#555,#557,#559,#561,#563,#565,#567,#569,#4643,#571,#573,#575,#577,#579,#581,#583,#585,#587,#589,#591,#593,#595,#597,#599,#601,#603,#605,#607,#609,#611,#613,#615,#617,#619,#621,#623,#625,#627,#629,#631,#633,#635,#637,#639,#641,#643,#645,#647,#649,#651,#653,#655,#657,#659,#661,#663,#665,#667,#669,#671,#673,#675,#677,#679,#681,#683,#685,#687,#689,#691,#693,#695,#697,#699,#701,#703,#705,#707,#709,#711,#713,#715,#717,#719,#721,#723,#725,#727,#729,#731,#733,#735,#737,#739,#741,#743,#745,#747,#749,#751,#753,#755,#757,#759,#761,#763,#765,#767,#769,#771,#773,#775,#777,#779,#781,#783,#785,#787,#789,#791,#793,#795,#797,#799,#801,#803,#4644,#805,#807,#809,#811,#813,#815,#817,#819,#821,#823,#825,#827,#829,#831,#833,#835,#837,#839,#841,#843,#845,#847,#849,#851,#853,#855,#857,#859,#861,#863,#865,#867,#869,#871,#873,#875,#877,#879,#881,#883,#885,#887,#889,#891,#893,#895,#897,#899,#901,#903,#905,#907,#909,#911,#913,#915,#917,#919,#921,#923,#925,#927,#929,#931,#933,#935,#937,#939,#941,#943,#945,#947,#949,#951,#953,#955,#957,#959,#961,#963,#965,#967,#969,#971,#973,#975,#977,#979,#981,#983,#985,#987,#989,#991,#993,#995,#997,#999,#1001,#1003,#1005,#1007,#1009,#1011,#1013,#1015,#1017,#1019,#1021,#1023,#1025,#1027,#1029,#1031,#1033,#1035,#1037,#1039,#1041,#1043,#1045,#1047,#1049,#1051,#1053,#1055,#1057,#1059,#1061,#1063,#1065,#1067,#1069,#1071,#1073,#1075,#1077,#1079,#1081,#1083,#1085,#1087,#1089,#1091,#1093,#1095,#1097,#1099,#1101,#1103,#1105,#1107,#1109,#1111,#1113,#1115,#1117,#1119,#1121,#1123,#1125,#1127,#1129,#1131,#1133,#1135,#1137,#1139,#1141,#1143,#1145,#1147,#1149,#1151,#1153,#1155,#1157,#1159,#1161,#1163,#1165,#1167,#1169,#1171,#1173,#1175,#1177,#1179,#4645,#1181,#1183,#1185,#1187,#1189,#1191,#1193,#1195,#1197,#1199,#1201,#1203,#1205,#1207,#1209,#1211,#1213,#1215,#1217,#1219,#1221,#1223,#1225,#1227,#1229,#1231,#1233,#1235,#4646,#1237,#1239,#1241,#4647,#1243,#1245,#1247,#1249,#1251,#1253,#1255,#1257,#1259,#1261,#1263,#1265,#1267,#1269,#1271,#1273,#1275,#4648,#1277,#1279,#1281,#1283,#1285,#1287,#1289,#1291,#1293,#1295,#1297,#1299,#1301,#1303,#1305,#1307,#1309,#1311,#1313,#1315,#4649,#1317,#1319,#1321,#1323,#1325,#1327,#1329,#1331,#1333,#1335,#1337,#1339,#1341,#1343,#1345,#1347,#1349,#1351,#1353,#1355,#1357,#1359,#1361,#1363,#1365,#1367,#1369,#1371,#1373,#1375,#1377,#1379,#1381,#1383,#1385,#1387,#1389,#1391,#1393,#1395,#1397,#1399,#1401,#1403,#1405,#1407,#1409,#1411,#1413,#1415,#1417,#1419,#1421,#1423,#1425,#1427,#1429,#1431,#1433,#1435,#1437,#1439,#1441,#1443,#1445,#1447,#1449,#1451,#1453,#1455,#1457));
#2925=PRODUCT_CONTEXT('',#489,'mechanical');
#2926=PRODUCT_DEFINITION_FORMATION_WITH_SPECIFIED_SOURCE(' ','NONE',#1460,.NOT_KNOWN.);
#2927=CARTESIAN_POINT('',(0.0,0.0,0.0));
#2928=DIRECTION('',(0.0,0.0,1.0));
#2929=DIRECTION('',(1.0,0.0,0.0));
#2930= (NAMED_UNIT(#1468)LENGTH_UNIT()SI_UNIT(.MILLI.,.METRE.));
#2931=SURFACE_SIDE_STYLE('',(#4651));
#2932=EDGE_LOOP('',(#4652,#4653,#4654,#4655));
#2933=AXIS2_PLACEMENT_3D('',#4656,#4657,#4658);
#2934=SURFACE_SIDE_STYLE('',(#4659));
#2935=EDGE_LOOP('',(#4660,#4661,#4662,#4663));
#2936=AXIS2_PLACEMENT_3D('',#4664,#4665,#4666);
#2937=SURFACE_SIDE_STYLE('',(#4667));
#2938=EDGE_LOOP('',(#4668,#4669,#4670,#4671));
#2939=AXIS2_PLACEMENT_3D('',#4672,#4673,#4674);
#2940=SURFACE_SIDE_STYLE('',(#4675));
#2941=EDGE_LOOP('',(#4676,#4677,#4678,#4679));
#2942=AXIS2_PLACEMENT_3D('',#4680,#4681,#4682);
#2943=SURFACE_SIDE_STYLE('',(#4683));
#2944=EDGE_LOOP('',(#4684,#4685,#4686,#4687));
#2945=AXIS2_PLACEMENT_3D('',#4688,#4689,#4690);
#2946=SURFACE_SIDE_STYLE('',(#4691));
#2947=EDGE_LOOP('',(#4692,#4693,#4694,#4695));
#2948=AXIS2_PLACEMENT_3D('',#4696,#4697,#4698);
#2949=SURFACE_SIDE_STYLE('',(#4699));
#2950=EDGE_LOOP('',(#4700,#4701,#4702,#4703));
#2951=AXIS2_PLACEMENT_3D('',#4704,#4705,#4706);
#2952=SURFACE_SIDE_STYLE('',(#4707));
#2953=EDGE_LOOP('',(#4708,#4709,#4710,#4711));
#2954=AXIS2_PLACEMENT_3D('',#4712,#4713,#4714);
#2955=SURFACE_SIDE_STYLE('',(#4715));
#2956=EDGE_LOOP('',(#4716,#4717,#4718,#4719,#4720,#4721,#4722,#4723));
#2957=AXIS2_PLACEMENT_3D('',#4724,#4725,#4726);
#2958=SURFACE_SIDE_STYLE('',(#4727));
#2959=EDGE_LOOP('',(#4728,#4729,#4730,#4731));
#2960=AXIS2_PLACEMENT_3D('',#4732,#4733,#4734);
#2961=SURFACE_SIDE_STYLE('',(#4735));
#2962=EDGE_LOOP('',(#4736,#4737,#4738,#4739));
#2963=AXIS2_PLACEMENT_3D('',#4740,#4741,#4742);
#2964=SURFACE_SIDE_STYLE('',(#4743));
#2965=EDGE_LOOP('',(#4744,#4745,#4746,#4747));
#2966=AXIS2_PLACEMENT_3D('',#4748,#4749,#4750);
#2967=SURFACE_SIDE_STYLE('',(#4751));
#2968=EDGE_LOOP('',(#4752,#4753,#4754,#4755));
#2969=AXIS2_PLACEMENT_3D('',#4756,#4757,#4758);
#2970=SURFACE_SIDE_STYLE('',(#4759));
#2971=EDGE_LOOP('',(#4760,#4761,#4762,#4763,#4764));
#2972=AXIS2_PLACEMENT_3D('',#4765,#4766,#4767);
#2973=SURFACE_SIDE_STYLE('',(#4768));
#2974=EDGE_LOOP('',(#4769,#4770,#4771,#4772,#4773,#4774));
#2975=AXIS2_PLACEMENT_3D('',#4775,#4776,#4777);
#2976=SURFACE_SIDE_STYLE('',(#4778));
#2977=EDGE_LOOP('',(#4779,#4780,#4781,#4782,#4783,#4784));
#2978=AXIS2_PLACEMENT_3D('',#4785,#4786,#4787);
#2979=SURFACE_SIDE_STYLE('',(#4788));
#2980=EDGE_LOOP('',(#4789,#4790,#4791,#4792,#4793,#4794));
#2981=AXIS2_PLACEMENT_3D('',#4795,#4796,#4797);
#2982=SURFACE_SIDE_STYLE('',(#4798));
#2983=EDGE_LOOP('',(#4799,#4800,#4801,#4802,#4803,#4804));
#2984=AXIS2_PLACEMENT_3D('',#4805,#4806,#4807);
#2985=SURFACE_SIDE_STYLE('',(#4808));
#2986=EDGE_LOOP('',(#4809,#4810,#4811,#4812));
#2987=AXIS2_PLACEMENT_3D('',#4813,#4814,#4815);
#2988=SURFACE_SIDE_STYLE('',(#4816));
#2989=EDGE_LOOP('',(#4817,#4818,#4819,#4820,#4821,#4822,#4823,#4824,#4825,#4826,#4827,#4828,#4829,#4830,#4831,#4832,#4833,#4834,#4835,#4836));
#2990=EDGE_LOOP('',(#4837,#4838,#4839,#4840));
#2991=EDGE_LOOP('',(#4841,#4842,#4843,#4844,#4845,#4846,#4847,#4848,#4849,#4850));
#2992=EDGE_LOOP('',(#4851,#4852,#4853,#4854,#4855,#4856,#4857,#4858,#4859,#4860));
#2993=AXIS2_PLACEMENT_3D('',#4861,#4862,#4863);
#2994=SURFACE_SIDE_STYLE('',(#4864));
#2995=EDGE_LOOP('',(#4865,#4866,#4867,#4868));
#2996=AXIS2_PLACEMENT_3D('',#4869,#4870,#4871);
#2997=SURFACE_SIDE_STYLE('',(#4872));
#2998=EDGE_LOOP('',(#4873,#4874,#4875,#4876));
#2999=AXIS2_PLACEMENT_3D('',#4877,#4878,#4879);
#3000=SURFACE_SIDE_STYLE('',(#4880));
#3001=EDGE_LOOP('',(#4881,#4882,#4883,#4884,#4885,#4886,#4887,#4888,#4889,#4890,#4891,#4892,#4893,#4894,#4895,#4896,#4897,#4898,#4899,#4900));
#3002=EDGE_LOOP('',(#4901,#4902,#4903,#4904,#4905,#4906,#4907,#4908,#4909,#4910));
#3003=EDGE_LOOP('',(#4911,#4912,#4913,#4914,#4915,#4916,#4917,#4918,#4919,#4920));
#3004=AXIS2_PLACEMENT_3D('',#4921,#4922,#4923);
#3005=SURFACE_SIDE_STYLE('',(#4924));
#3006=EDGE_LOOP('',(#4925,#4926,#4927,#4928));
#3007=AXIS2_PLACEMENT_3D('',#4929,#4930,#4931);
#3008=SURFACE_SIDE_STYLE('',(#4932));
#3009=EDGE_LOOP('',(#4933,#4934,#4935,#4936));
#3010=AXIS2_PLACEMENT_3D('',#4937,#4938,#4939);
#3011=SURFACE_SIDE_STYLE('',(#4940));
#3012=EDGE_LOOP('',(#4941,#4942,#4943,#4944));
#3013=AXIS2_PLACEMENT_3D('',#4945,#4946,#4947);
#3014=SURFACE_SIDE_STYLE('',(#4948));
#3015=EDGE_LOOP('',(#4949,#4950,#4951,#4952));
#3016=AXIS2_PLACEMENT_3D('',#4953,#4954,#4955);
#3017=SURFACE_SIDE_STYLE('',(#4956));
#3018=EDGE_LOOP('',(#4957,#4958,#4959,#4960));
#3019=AXIS2_PLACEMENT_3D('',#4961,#4962,#4963);
#3020=SURFACE_SIDE_STYLE('',(#4964));
#3021=EDGE_LOOP('',(#4965,#4966,#4967,#4968));
#3022=AXIS2_PLACEMENT_3D('',#4969,#4970,#4971);
#3023=SURFACE_SIDE_STYLE('',(#4972));
#3024=EDGE_LOOP('',(#4973,#4974,#4975,#4976,#4977,#4978));
#3025=AXIS2_PLACEMENT_3D('',#4979,#4980,#4981);
#3026=SURFACE_SIDE_STYLE('',(#4982));
#3027=EDGE_LOOP('',(#4983,#4984,#4985,#4986,#4987,#4988));
#3028=AXIS2_PLACEMENT_3D('',#4989,#4990,#4991);
#3029=SURFACE_SIDE_STYLE('',(#4992));
#3030=EDGE_LOOP('',(#4993,#4994,#4995,#4996,#4997,#4998,#4999));
#3031=AXIS2_PLACEMENT_3D('',#5000,#5001,#5002);
#3032=SURFACE_SIDE_STYLE('',(#5003));
#3033=EDGE_LOOP('',(#5004,#5005,#5006,#5007,#5008,#5009,#5010));
#3034=AXIS2_PLACEMENT_3D('',#5011,#5012,#5013);
#3035=SURFACE_SIDE_STYLE('',(#5014));
#3036=EDGE_LOOP('',(#5015,#5016,#5017,#5018,#5019,#5020));
#3037=AXIS2_PLACEMENT_3D('',#5021,#5022,#5023);
#3038=SURFACE_SIDE_STYLE('',(#5024));
#3039=EDGE_LOOP('',(#5025,#5026,#5027,#5028));
#3040=AXIS2_PLACEMENT_3D('',#5029,#5030,#5031);
#3041=SURFACE_SIDE_STYLE('',(#5032));
#3042=EDGE_LOOP('',(#5033,#5034,#5035,#5036));
#3043=AXIS2_PLACEMENT_3D('',#5037,#5038,#5039);
#3044=SURFACE_SIDE_STYLE('',(#5040));
#3045=EDGE_LOOP('',(#5041,#5042,#5043,#5044,#5045,#5046));
#3046=AXIS2_PLACEMENT_3D('',#5047,#5048,#5049);
#3047=SURFACE_SIDE_STYLE('',(#5050));
#3048=EDGE_LOOP('',(#5051,#5052,#5053,#5054));
#3049=AXIS2_PLACEMENT_3D('',#5055,#5056,#5057);
#3050=SURFACE_SIDE_STYLE('',(#5058));
#3051=EDGE_LOOP('',(#5059,#5060,#5061,#5062));
#3052=AXIS2_PLACEMENT_3D('',#5063,#5064,#5065);
#3053=SURFACE_SIDE_STYLE('',(#5066));
#3054=EDGE_LOOP('',(#5067,#5068,#5069,#5070));
#3055=AXIS2_PLACEMENT_3D('',#5071,#5072,#5073);
#3056=SURFACE_SIDE_STYLE('',(#5074));
#3057=EDGE_LOOP('',(#5075,#5076,#5077,#5078,#5079));
#3058=AXIS2_PLACEMENT_3D('',#5080,#5081,#5082);
#3059=SURFACE_SIDE_STYLE('',(#5083));
#3060=EDGE_LOOP('',(#5084,#5085,#5086,#5087));
#3061=AXIS2_PLACEMENT_3D('',#5088,#5089,#5090);
#3062=SURFACE_SIDE_STYLE('',(#5091));
#3063=EDGE_LOOP('',(#5092,#5093,#5094,#5095,#5096));
#3064=AXIS2_PLACEMENT_3D('',#5097,#5098,#5099);
#3065=SURFACE_SIDE_STYLE('',(#5100));
#3066=EDGE_LOOP('',(#5101,#5102,#5103,#5104));
#3067=AXIS2_PLACEMENT_3D('',#5105,#5106,#5107);
#3068=SURFACE_SIDE_STYLE('',(#5108));
#3069=EDGE_LOOP('',(#5109,#5110,#5111,#5112,#5113,#5114));
#3070=AXIS2_PLACEMENT_3D('',#5115,#5116,#5117);
#3071=SURFACE_SIDE_STYLE('',(#5118));
#3072=EDGE_LOOP('',(#5119,#5120,#5121,#5122));
#3073=AXIS2_PLACEMENT_3D('',#5123,#5124,#5125);
#3074=SURFACE_SIDE_STYLE('',(#5126));
#3075=EDGE_LOOP('',(#5127,#5128,#5129,#5130));
#3076=AXIS2_PLACEMENT_3D('',#5131,#5132,#5133);
#3077=SURFACE_SIDE_STYLE('',(#5134));
#3078=EDGE_LOOP('',(#5135,#5136,#5137,#5138,#5139));
#3079=AXIS2_PLACEMENT_3D('',#5140,#5141,#5142);
#3080=SURFACE_SIDE_STYLE('',(#5143));
#3081=EDGE_LOOP('',(#5144,#5145,#5146,#5147,#5148,#5149));
#3082=AXIS2_PLACEMENT_3D('',#5150,#5151,#5152);
#3083=SURFACE_SIDE_STYLE('',(#5153));
#3084=EDGE_LOOP('',(#5154,#5155,#5156,#5157,#5158,#5159));
#3085=AXIS2_PLACEMENT_3D('',#5160,#5161,#5162);
#3086=SURFACE_SIDE_STYLE('',(#5163));
#3087=EDGE_LOOP('',(#5164,#5165,#5166,#5167,#5168));
#3088=AXIS2_PLACEMENT_3D('',#5169,#5170,#5171);
#3089=SURFACE_SIDE_STYLE('',(#5172));
#3090=EDGE_LOOP('',(#5173,#5174,#5175,#5176,#5177));
#3091=AXIS2_PLACEMENT_3D('',#5178,#5179,#5180);
#3092=SURFACE_SIDE_STYLE('',(#5181));
#3093=EDGE_LOOP('',(#5182,#5183,#5184,#5185));
#3094=AXIS2_PLACEMENT_3D('',#5186,#5187,#5188);
#3095=SURFACE_SIDE_STYLE('',(#5189));
#3096=EDGE_LOOP('',(#5190,#5191,#5192,#5193));
#3097=AXIS2_PLACEMENT_3D('',#5194,#5195,#5196);
#3098=SURFACE_SIDE_STYLE('',(#5197));
#3099=EDGE_LOOP('',(#5198,#5199,#5200,#5201,#5202,#5203));
#3100=AXIS2_PLACEMENT_3D('',#5204,#5205,#5206);
#3101=SURFACE_SIDE_STYLE('',(#5207));
#3102=EDGE_LOOP('',(#5208,#5209,#5210,#5211,#5212,#5213));
#3103=AXIS2_PLACEMENT_3D('',#5214,#5215,#5216);
#3104=SURFACE_SIDE_STYLE('',(#5217));
#3105=EDGE_LOOP('',(#5218,#5219,#5220,#5221));
#3106=AXIS2_PLACEMENT_3D('',#5222,#5223,#5224);
#3107=SURFACE_SIDE_STYLE('',(#5225));
#3108=EDGE_LOOP('',(#5226,#5227,#5228,#5229));
#3109=AXIS2_PLACEMENT_3D('',#5230,#5231,#5232);
#3110=SURFACE_SIDE_STYLE('',(#5233));
#3111=EDGE_LOOP('',(#5234,#5235,#5236,#5237));
#3112=AXIS2_PLACEMENT_3D('',#5238,#5239,#5240);
#3113=SURFACE_SIDE_STYLE('',(#5241));
#3114=EDGE_LOOP('',(#5242,#5243,#5244,#5245));
#3115=AXIS2_PLACEMENT_3D('',#5246,#5247,#5248);
#3116=SURFACE_SIDE_STYLE('',(#5249));
#3117=EDGE_LOOP('',(#5250,#5251,#5252,#5253));
#3118=AXIS2_PLACEMENT_3D('',#5254,#5255,#5256);
#3119=SURFACE_SIDE_STYLE('',(#5257));
#3120=EDGE_LOOP('',(#5258,#5259,#5260,#5261));
#3121=AXIS2_PLACEMENT_3D('',#5262,#5263,#5264);
#3122=SURFACE_SIDE_STYLE('',(#5265));
#3123=EDGE_LOOP('',(#5266,#5267,#5268,#5269));
#3124=AXIS2_PLACEMENT_3D('',#5270,#5271,#5272);
#3125=SURFACE_SIDE_STYLE('',(#5273));
#3126=EDGE_LOOP('',(#5274,#5275,#5276,#5277,#5278));
#3127=AXIS2_PLACEMENT_3D('',#5279,#5280,#5281);
#3128=SURFACE_SIDE_STYLE('',(#5282));
#3129=EDGE_LOOP('',(#5283,#5284,#5285,#5286,#5287,#5288));
#3130=AXIS2_PLACEMENT_3D('',#5289,#5290,#5291);
#3131=SURFACE_SIDE_STYLE('',(#5292));
#3132=EDGE_LOOP('',(#5293,#5294,#5295,#5296));
#3133=AXIS2_PLACEMENT_3D('',#5297,#5298,#5299);
#3134=SURFACE_SIDE_STYLE('',(#5300));
#3135=EDGE_LOOP('',(#5301,#5302,#5303,#5304,#5305,#5306));
#3136=AXIS2_PLACEMENT_3D('',#5307,#5308,#5309);
#3137=SURFACE_SIDE_STYLE('',(#5310));
#3138=EDGE_LOOP('',(#5311,#5312,#5313,#5314));
#3139=AXIS2_PLACEMENT_3D('',#5315,#5316,#5317);
#3140=SURFACE_SIDE_STYLE('',(#5318));
#3141=EDGE_LOOP('',(#5319,#5320,#5321,#5322));
#3142=AXIS2_PLACEMENT_3D('',#5323,#5324,#5325);
#3143=SURFACE_SIDE_STYLE('',(#5326));
#3144=EDGE_LOOP('',(#5327,#5328,#5329,#5330));
#3145=AXIS2_PLACEMENT_3D('',#5331,#5332,#5333);
#3146=SURFACE_SIDE_STYLE('',(#5334));
#3147=EDGE_LOOP('',(#5335,#5336,#5337,#5338));
#3148=AXIS2_PLACEMENT_3D('',#5339,#5340,#5341);
#3149=SURFACE_SIDE_STYLE('',(#5342));
#3150=EDGE_LOOP('',(#5343,#5344,#5345,#5346));
#3151=AXIS2_PLACEMENT_3D('',#5347,#5348,#5349);
#3152=SURFACE_SIDE_STYLE('',(#5350));
#3153=EDGE_LOOP('',(#5351,#5352,#5353,#5354));
#3154=AXIS2_PLACEMENT_3D('',#5355,#5356,#5357);
#3155=SURFACE_SIDE_STYLE('',(#5358));
#3156=EDGE_LOOP('',(#5359,#5360,#5361,#5362));
#3157=AXIS2_PLACEMENT_3D('',#5363,#5364,#5365);
#3158=SURFACE_SIDE_STYLE('',(#5366));
#3159=EDGE_LOOP('',(#5367,#5368,#5369,#5370));
#3160=AXIS2_PLACEMENT_3D('',#5371,#5372,#5373);
#3161=SURFACE_SIDE_STYLE('',(#5374));
#3162=EDGE_LOOP('',(#5375,#5376,#5377,#5378));
#3163=AXIS2_PLACEMENT_3D('',#5379,#5380,#5381);
#3164=SURFACE_SIDE_STYLE('',(#5382));
#3165=EDGE_LOOP('',(#5383,#5384,#5385,#5386,#5387));
#3166=AXIS2_PLACEMENT_3D('',#5388,#5389,#5390);
#3167=SURFACE_SIDE_STYLE('',(#5391));
#3168=EDGE_LOOP('',(#5392,#5393,#5394,#5395));
#3169=AXIS2_PLACEMENT_3D('',#5396,#5397,#5398);
#3170=SURFACE_SIDE_STYLE('',(#5399));
#3171=EDGE_LOOP('',(#5400,#5401,#5402,#5403,#5404,#5405));
#3172=AXIS2_PLACEMENT_3D('',#5406,#5407,#5408);
#3173=SURFACE_SIDE_STYLE('',(#5409));
#3174=EDGE_LOOP('',(#5410,#5411,#5412,#5413,#5414,#5415));
#3175=AXIS2_PLACEMENT_3D('',#5416,#5417,#5418);
#3176=SURFACE_SIDE_STYLE('',(#5419));
#3177=EDGE_LOOP('',(#5420,#5421,#5422,#5423));
#3178=AXIS2_PLACEMENT_3D('',#5424,#5425,#5426);
#3179=SURFACE_SIDE_STYLE('',(#5427));
#3180=EDGE_LOOP('',(#5428,#5429,#5430,#5431,#5432));
#3181=AXIS2_PLACEMENT_3D('',#5433,#5434,#5435);
#3182=SURFACE_SIDE_STYLE('',(#5436));
#3183=EDGE_LOOP('',(#5437,#5438,#5439,#5440));
#3184=AXIS2_PLACEMENT_3D('',#5441,#5442,#5443);
#3185=SURFACE_SIDE_STYLE('',(#5444));
#3186=EDGE_LOOP('',(#5445,#5446,#5447,#5448));
#3187=AXIS2_PLACEMENT_3D('',#5449,#5450,#5451);
#3188=SURFACE_SIDE_STYLE('',(#5452));
#3189=EDGE_LOOP('',(#5453,#5454,#5455,#5456));
#3190=AXIS2_PLACEMENT_3D('',#5457,#5458,#5459);
#3191=SURFACE_SIDE_STYLE('',(#5460));
#3192=EDGE_LOOP('',(#5461,#5462,#5463,#5464,#5465,#5466,#5467));
#3193=AXIS2_PLACEMENT_3D('',#5468,#5469,#5470);
#3194=SURFACE_SIDE_STYLE('',(#5471));
#3195=EDGE_LOOP('',(#5472,#5473,#5474,#5475,#5476,#5477));
#3196=AXIS2_PLACEMENT_3D('',#5478,#5479,#5480);
#3197=SURFACE_SIDE_STYLE('',(#5481));
#3198=EDGE_LOOP('',(#5482,#5483,#5484,#5485,#5486,#5487));
#3199=AXIS2_PLACEMENT_3D('',#5488,#5489,#5490);
#3200=SURFACE_SIDE_STYLE('',(#5491));
#3201=EDGE_LOOP('',(#5492,#5493,#5494,#5495,#5496));
#3202=AXIS2_PLACEMENT_3D('',#5497,#5498,#5499);
#3203=SURFACE_SIDE_STYLE('',(#5500));
#3204=EDGE_LOOP('',(#5501,#5502,#5503,#5504,#5505));
#3205=AXIS2_PLACEMENT_3D('',#5506,#5507,#5508);
#3206=SURFACE_SIDE_STYLE('',(#5509));
#3207=EDGE_LOOP('',(#5510,#5511,#5512,#5513));
#3208=AXIS2_PLACEMENT_3D('',#5514,#5515,#5516);
#3209=SURFACE_SIDE_STYLE('',(#5517));
#3210=EDGE_LOOP('',(#5518,#5519,#5520,#5521));
#3211=AXIS2_PLACEMENT_3D('',#5522,#5523,#5524);
#3212=SURFACE_SIDE_STYLE('',(#5525));
#3213=EDGE_LOOP('',(#5526,#5527,#5528,#5529,#5530));
#3214=AXIS2_PLACEMENT_3D('',#5531,#5532,#5533);
#3215=SURFACE_SIDE_STYLE('',(#5534));
#3216=EDGE_LOOP('',(#5535,#5536,#5537,#5538,#5539));
#3217=AXIS2_PLACEMENT_3D('',#5540,#5541,#5542);
#3218=SURFACE_SIDE_STYLE('',(#5543));
#3219=EDGE_LOOP('',(#5544,#5545));
#3220=AXIS2_PLACEMENT_3D('',#5546,#5547,#5548);
#3221=SURFACE_SIDE_STYLE('',(#5549));
#3222=EDGE_LOOP('',(#5550,#5551,#5552,#5553,#5554,#5555));
#3223=AXIS2_PLACEMENT_3D('',#5556,#5557,#5558);
#3224=SURFACE_SIDE_STYLE('',(#5559));
#3225=EDGE_LOOP('',(#5560,#5561,#5562,#5563));
#3226=AXIS2_PLACEMENT_3D('',#5564,#5565,#5566);
#3227=SURFACE_SIDE_STYLE('',(#5567));
#3228=EDGE_LOOP('',(#5568,#5569,#5570,#5571));
#3229=AXIS2_PLACEMENT_3D('',#5572,#5573,#5574);
#3230=SURFACE_SIDE_STYLE('',(#5575));
#3231=EDGE_LOOP('',(#5576,#5577,#5578,#5579));
#3232=AXIS2_PLACEMENT_3D('',#5580,#5581,#5582);
#3233=SURFACE_SIDE_STYLE('',(#5583));
#3234=EDGE_LOOP('',(#5584,#5585,#5586,#5587));
#3235=AXIS2_PLACEMENT_3D('',#5588,#5589,#5590);
#3236=SURFACE_SIDE_STYLE('',(#5591));
#3237=EDGE_LOOP('',(#5592,#5593,#5594,#5595,#5596));
#3238=AXIS2_PLACEMENT_3D('',#5597,#5598,#5599);
#3239=SURFACE_SIDE_STYLE('',(#5600));
#3240=EDGE_LOOP('',(#5601,#5602,#5603,#5604,#5605,#5606));
#3241=AXIS2_PLACEMENT_3D('',#5607,#5608,#5609);
#3242=SURFACE_SIDE_STYLE('',(#5610));
#3243=EDGE_LOOP('',(#5611,#5612,#5613,#5614,#5615,#5616));
#3244=AXIS2_PLACEMENT_3D('',#5617,#5618,#5619);
#3245=SURFACE_SIDE_STYLE('',(#5620));
#3246=EDGE_LOOP('',(#5621,#5622,#5623,#5624,#5625,#5626,#5627));
#3247=AXIS2_PLACEMENT_3D('',#5628,#5629,#5630);
#3248=SURFACE_SIDE_STYLE('',(#5631));
#3249=EDGE_LOOP('',(#5632,#5633,#5634,#5635,#5636,#5637));
#3250=AXIS2_PLACEMENT_3D('',#5638,#5639,#5640);
#3251=SURFACE_SIDE_STYLE('',(#5641));
#3252=EDGE_LOOP('',(#5642,#5643,#5644,#5645,#5646));
#3253=AXIS2_PLACEMENT_3D('',#5647,#5648,#5649);
#3254=SURFACE_SIDE_STYLE('',(#5650));
#3255=EDGE_LOOP('',(#5651,#5652,#5653,#5654));
#3256=AXIS2_PLACEMENT_3D('',#5655,#5656,#5657);
#3257=SURFACE_SIDE_STYLE('',(#5658));
#3258=EDGE_LOOP('',(#5659,#5660,#5661,#5662));
#3259=AXIS2_PLACEMENT_3D('',#5663,#5664,#5665);
#3260=SURFACE_SIDE_STYLE('',(#5666));
#3261=EDGE_LOOP('',(#5667,#5668,#5669,#5670));
#3262=AXIS2_PLACEMENT_3D('',#5671,#5672,#5673);
#3263=SURFACE_SIDE_STYLE('',(#5674));
#3264=EDGE_LOOP('',(#5675,#5676,#5677,#5678,#5679));
#3266=CARTESIAN_POINT('',(0.212134675873333,-7.42499252860702,-0.85));
#3267=CARTESIAN_POINT('',(0.212134675873333,-7.42499252860702,-1.14288884161892));
#3268=CARTESIAN_POINT('',(0.212134675873333,-7.21788884161892,-1.34999252860702));
#3269=CARTESIAN_POINT('',(0.212134675873333,-6.925,-1.34999252860702));
#3270=CARTESIAN_POINT('',(0.12728587758416,-7.6650080713233,-0.85));
#3271=CARTESIAN_POINT('',(0.12728587758416,-7.6650080713233,-1.28348669153956));
#3272=CARTESIAN_POINT('',(0.12728587758416,-7.35848669153956,-1.5900080713233));
#3273=CARTESIAN_POINT('',(0.12728587758416,-6.925,-1.5900080713233));
#3274=CARTESIAN_POINT('',(-0.12728587926154,-7.66500807022838,-0.85));
#3275=CARTESIAN_POINT('',(-0.12728587926154,-7.66500807022838,-1.28348669089817));
#3276=CARTESIAN_POINT('',(-0.12728587926154,-7.35848669089817,-1.59000807022838));
#3277=CARTESIAN_POINT('',(-0.12728587926154,-6.925,-1.59000807022838));
#3278=CARTESIAN_POINT('',(-0.212134676231702,-7.42499252759329,-0.85));
#3279=CARTESIAN_POINT('',(-0.212134676231702,-7.42499252759329,-1.14288884102508));
#3280=CARTESIAN_POINT('',(-0.212134676231702,-7.21788884102509,-1.34999252759329));
#3281=CARTESIAN_POINT('',(-0.212134676231702,-6.925,-1.34999252759329));
#3288=SURFACE_SIDE_STYLE('',(#5680));
#3289=EDGE_LOOP('',(#5681,#5682,#5683,#5684));
#3290=AXIS2_PLACEMENT_3D('',#5685,#5686,#5687);
#3291=SURFACE_SIDE_STYLE('',(#5688));
#3292=EDGE_LOOP('',(#5689,#5690,#5691,#5692));
#3293=AXIS2_PLACEMENT_3D('',#5693,#5694,#5695);
#3294=SURFACE_SIDE_STYLE('',(#5696));
#3295=EDGE_LOOP('',(#5697,#5698,#5699,#5700));
#3296=AXIS2_PLACEMENT_3D('',#5701,#5702,#5703);
#3297=SURFACE_SIDE_STYLE('',(#5704));
#3298=EDGE_LOOP('',(#5705,#5706,#5707,#5708,#5709,#5710));
#3300=CARTESIAN_POINT('',(0.300000393443636,-7.5749994777063,-0.849999999230101));
#3301=CARTESIAN_POINT('',(0.300000393443636,-7.57499947469995,-1.23076087574296));
#3302=CARTESIAN_POINT('',(0.300000393443636,-7.30576087651267,-1.4999994727063));
#3303=CARTESIAN_POINT('',(0.300000393443636,-6.925,-1.4999994727063));
#3304=CARTESIAN_POINT('',(0.136363988954218,-7.79318214541548,-0.850000000845756));
#3305=CARTESIAN_POINT('',(0.136363988954218,-7.79318214232104,-1.35856932438428));
#3306=CARTESIAN_POINT('',(0.136363988954218,-7.43356932353414,-1.71818214041548));
#3307=CARTESIAN_POINT('',(0.136363988954218,-6.925,-1.71818214041548));
#3308=CARTESIAN_POINT('',(-0.136363988259075,-7.79318214624297,-0.850000000845756));
#3309=CARTESIAN_POINT('',(-0.136363988259075,-7.79318214249164,-1.35856932462037));
#3310=CARTESIAN_POINT('',(-0.136363988259075,-7.43356932370188,-1.71818214124296));
#3311=CARTESIAN_POINT('',(-0.136363988259075,-6.925,-1.71818214124297));
#3312=CARTESIAN_POINT('',(-0.300000393546846,-7.57499947778651,-0.849999999230101));
#3313=CARTESIAN_POINT('',(-0.300000393546846,-7.57499947556276,-1.23076087641765));
#3314=CARTESIAN_POINT('',(-0.300000393546846,-7.30576087630279,-1.49999947278651));
#3315=CARTESIAN_POINT('',(-0.300000393546846,-6.925,-1.49999947278651));
#3322=SURFACE_SIDE_STYLE('',(#5711));
#3323=EDGE_LOOP('',(#5712,#5713,#5714,#5715));
#3324=AXIS2_PLACEMENT_3D('',#5716,#5717,#5718);
#3325=SURFACE_SIDE_STYLE('',(#5719));
#3326=EDGE_LOOP('',(#5720,#5721,#5722,#5723,#5724));
#3327=AXIS2_PLACEMENT_3D('',#5725,#5726,#5727);
#3328=SURFACE_SIDE_STYLE('',(#5728));
#3329=EDGE_LOOP('',(#5729,#5730,#5731,#5732));
#3330=AXIS2_PLACEMENT_3D('',#5733,#5734,#5735);
#3331=SURFACE_SIDE_STYLE('',(#5736));
#3332=EDGE_LOOP('',(#5737,#5738,#5739,#5740));
#3333=AXIS2_PLACEMENT_3D('',#5741,#5742,#5743);
#3334=SURFACE_SIDE_STYLE('',(#5744));
#3335=EDGE_LOOP('',(#5745,#5746,#5747,#5748,#5749,#5750));
#3336=AXIS2_PLACEMENT_3D('',#5751,#5752,#5753);
#3337=SURFACE_SIDE_STYLE('',(#5754));
#3338=EDGE_LOOP('',(#5755,#5756,#5757,#5758));
#3339=AXIS2_PLACEMENT_3D('',#5759,#5760,#5761);
#3340=SURFACE_SIDE_STYLE('',(#5762));
#3341=EDGE_LOOP('',(#5763,#5764,#5765,#5766));
#3342=AXIS2_PLACEMENT_3D('',#5767,#5768,#5769);
#3343=SURFACE_SIDE_STYLE('',(#5770));
#3344=EDGE_LOOP('',(#5771,#5772,#5773,#5774,#5775));
#3345=AXIS2_PLACEMENT_3D('',#5776,#5777,#5778);
#3346=SURFACE_SIDE_STYLE('',(#5779));
#3347=EDGE_LOOP('',(#5780,#5781,#5782,#5783,#5784,#5785));
#3348=AXIS2_PLACEMENT_3D('',#5786,#5787,#5788);
#3349=SURFACE_SIDE_STYLE('',(#5789));
#3350=EDGE_LOOP('',(#5790,#5791,#5792,#5793,#5794,#5795));
#3351=AXIS2_PLACEMENT_3D('',#5796,#5797,#5798);
#3352=SURFACE_SIDE_STYLE('',(#5799));
#3353=EDGE_LOOP('',(#5800,#5801,#5802,#5803,#5804));
#3354=AXIS2_PLACEMENT_3D('',#5805,#5806,#5807);
#3355=SURFACE_SIDE_STYLE('',(#5808));
#3356=EDGE_LOOP('',(#5809,#5810,#5811,#5812));
#3357=AXIS2_PLACEMENT_3D('',#5813,#5814,#5815);
#3358=SURFACE_SIDE_STYLE('',(#5816));
#3359=EDGE_LOOP('',(#5817,#5818,#5819,#5820));
#3360=AXIS2_PLACEMENT_3D('',#5821,#5822,#5823);
#3361=SURFACE_SIDE_STYLE('',(#5824));
#3362=EDGE_LOOP('',(#5825,#5826,#5827,#5828));
#3363=AXIS2_PLACEMENT_3D('',#5829,#5830,#5831);
#3364=SURFACE_SIDE_STYLE('',(#5832));
#3365=EDGE_LOOP('',(#5833,#5834,#5835,#5836));
#3366=AXIS2_PLACEMENT_3D('',#5837,#5838,#5839);
#3367=SURFACE_SIDE_STYLE('',(#5840));
#3368=EDGE_LOOP('',(#5841,#5842,#5843,#5844,#5845,#5846,#5847,#5848,#5849,#5850,#5851));
#3369=AXIS2_PLACEMENT_3D('',#5852,#5853,#5854);
#3370=SURFACE_SIDE_STYLE('',(#5855));
#3371=EDGE_LOOP('',(#5856,#5857,#5858,#5859,#5860,#5861,#5862,#5863));
#3372=AXIS2_PLACEMENT_3D('',#5864,#5865,#5866);
#3373=SURFACE_SIDE_STYLE('',(#5867));
#3374=EDGE_LOOP('',(#5868,#5869,#5870,#5871));
#3375=AXIS2_PLACEMENT_3D('',#5872,#5873,#5874);
#3376=SURFACE_SIDE_STYLE('',(#5875));
#3377=EDGE_LOOP('',(#5876,#5877,#5878,#5879));
#3378=AXIS2_PLACEMENT_3D('',#5880,#5881,#5882);
#3379=SURFACE_SIDE_STYLE('',(#5883));
#3380=EDGE_LOOP('',(#5884,#5885,#5886,#5887));
#3381=AXIS2_PLACEMENT_3D('',#5888,#5889,#5890);
#3382=SURFACE_SIDE_STYLE('',(#5891));
#3383=EDGE_LOOP('',(#5892,#5893,#5894,#5895,#5896,#5897,#5898,#5899,#5900,#5901,#5902));
#3384=AXIS2_PLACEMENT_3D('',#5903,#5904,#5905);
#3385=SURFACE_SIDE_STYLE('',(#5906));
#3386=EDGE_LOOP('',(#5907,#5908,#5909,#5910));
#3387=AXIS2_PLACEMENT_3D('',#5911,#5912,#5913);
#3388=SURFACE_SIDE_STYLE('',(#5914));
#3389=EDGE_LOOP('',(#5915,#5916,#5917,#5918,#5919,#5920,#5921,#5922));
#3390=AXIS2_PLACEMENT_3D('',#5923,#5924,#5925);
#3391=SURFACE_SIDE_STYLE('',(#5926));
#3392=EDGE_LOOP('',(#5927,#5928,#5929,#5930));
#3393=AXIS2_PLACEMENT_3D('',#5931,#5932,#5933);
#3394=SURFACE_SIDE_STYLE('',(#5934));
#3395=EDGE_LOOP('',(#5935,#5936,#5937,#5938));
#3396=AXIS2_PLACEMENT_3D('',#5939,#5940,#5941);
#3397=SURFACE_SIDE_STYLE('',(#5942));
#3398=EDGE_LOOP('',(#5943,#5944,#5945,#5946));
#3399=AXIS2_PLACEMENT_3D('',#5947,#5948,#5949);
#3400=SURFACE_SIDE_STYLE('',(#5950));
#3401=EDGE_LOOP('',(#5951,#5952,#5953,#5954));
#3402=AXIS2_PLACEMENT_3D('',#5955,#5956,#5957);
#3403=SURFACE_SIDE_STYLE('',(#5958));
#3404=EDGE_LOOP('',(#5959,#5960,#5961,#5962,#5963,#5964,#5965,#5966,#5967,#5968,#5969));
#3405=AXIS2_PLACEMENT_3D('',#5970,#5971,#5972);
#3406=SURFACE_SIDE_STYLE('',(#5973));
#3407=EDGE_LOOP('',(#5974,#5975,#5976,#5977));
#3408=AXIS2_PLACEMENT_3D('',#5978,#5979,#5980);
#3409=SURFACE_SIDE_STYLE('',(#5981));
#3410=EDGE_LOOP('',(#5982,#5983,#5984,#5985));
#3411=AXIS2_PLACEMENT_3D('',#5986,#5987,#5988);
#3412=SURFACE_SIDE_STYLE('',(#5989));
#3413=EDGE_LOOP('',(#5990,#5991,#5992,#5993));
#3414=AXIS2_PLACEMENT_3D('',#5994,#5995,#5996);
#3415=SURFACE_SIDE_STYLE('',(#5997));
#3416=EDGE_LOOP('',(#5998,#5999,#6000,#6001));
#3417=AXIS2_PLACEMENT_3D('',#6002,#6003,#6004);
#3418=SURFACE_SIDE_STYLE('',(#6005));
#3419=EDGE_LOOP('',(#6006,#6007,#6008,#6009));
#3420=AXIS2_PLACEMENT_3D('',#6010,#6011,#6012);
#3421=SURFACE_SIDE_STYLE('',(#6013));
#3422=EDGE_LOOP('',(#6014,#6015,#6016,#6017));
#3423=AXIS2_PLACEMENT_3D('',#6018,#6019,#6020);
#3424=SURFACE_SIDE_STYLE('',(#6021));
#3425=EDGE_LOOP('',(#6022,#6023,#6024,#6025));
#3426=AXIS2_PLACEMENT_3D('',#6026,#6027,#6028);
#3427=SURFACE_SIDE_STYLE('',(#6029));
#3428=EDGE_LOOP('',(#6030,#6031,#6032,#6033));
#3429=AXIS2_PLACEMENT_3D('',#6034,#6035,#6036);
#3430=SURFACE_SIDE_STYLE('',(#6037));
#3431=EDGE_LOOP('',(#6038,#6039,#6040,#6041,#6042));
#3432=AXIS2_PLACEMENT_3D('',#6043,#6044,#6045);
#3433=SURFACE_SIDE_STYLE('',(#6046));
#3434=EDGE_LOOP('',(#6047,#6048,#6049,#6050));
#3435=AXIS2_PLACEMENT_3D('',#6051,#6052,#6053);
#3436=SURFACE_SIDE_STYLE('',(#6054));
#3437=EDGE_LOOP('',(#6055,#6056,#6057,#6058));
#3438=AXIS2_PLACEMENT_3D('',#6059,#6060,#6061);
#3439=SURFACE_SIDE_STYLE('',(#6062));
#3440=EDGE_LOOP('',(#6063,#6064,#6065,#6066,#6067,#6068));
#3441=AXIS2_PLACEMENT_3D('',#6069,#6070,#6071);
#3442=SURFACE_SIDE_STYLE('',(#6072));
#3443=EDGE_LOOP('',(#6073,#6074,#6075,#6076,#6077));
#3444=AXIS2_PLACEMENT_3D('',#6078,#6079,#6080);
#3445=SURFACE_SIDE_STYLE('',(#6081));
#3446=EDGE_LOOP('',(#6082,#6083,#6084,#6085));
#3447=AXIS2_PLACEMENT_3D('',#6086,#6087,#6088);
#3448=SURFACE_SIDE_STYLE('',(#6089));
#3449=EDGE_LOOP('',(#6090,#6091,#6092,#6093,#6094));
#3450=AXIS2_PLACEMENT_3D('',#6095,#6096,#6097);
#3451=SURFACE_SIDE_STYLE('',(#6098));
#3452=EDGE_LOOP('',(#6099,#6100,#6101,#6102));
#3453=AXIS2_PLACEMENT_3D('',#6103,#6104,#6105);
#3454=SURFACE_SIDE_STYLE('',(#6106));
#3455=EDGE_LOOP('',(#6107,#6108,#6109,#6110));
#3456=AXIS2_PLACEMENT_3D('',#6111,#6112,#6113);
#3457=SURFACE_SIDE_STYLE('',(#6114));
#3458=EDGE_LOOP('',(#6115,#6116,#6117,#6118));
#3459=AXIS2_PLACEMENT_3D('',#6119,#6120,#6121);
#3460=SURFACE_SIDE_STYLE('',(#6122));
#3461=EDGE_LOOP('',(#6123,#6124,#6125,#6126,#6127,#6128,#6129,#6130));
#3462=AXIS2_PLACEMENT_3D('',#6131,#6132,#6133);
#3463=SURFACE_SIDE_STYLE('',(#6134));
#3464=EDGE_LOOP('',(#6135,#6136,#6137,#6138));
#3465=AXIS2_PLACEMENT_3D('',#6139,#6140,#6141);
#3466=SURFACE_SIDE_STYLE('',(#6142));
#3467=EDGE_LOOP('',(#6143,#6144,#6145,#6146));
#3468=AXIS2_PLACEMENT_3D('',#6147,#6148,#6149);
#3469=SURFACE_SIDE_STYLE('',(#6150));
#3470=EDGE_LOOP('',(#6151,#6152,#6153,#6154));
#3471=AXIS2_PLACEMENT_3D('',#6155,#6156,#6157);
#3472=SURFACE_SIDE_STYLE('',(#6158));
#3473=EDGE_LOOP('',(#6159,#6160,#6161,#6162,#6163,#6164,#6165,#6166,#6167,#6168,#6169));
#3474=AXIS2_PLACEMENT_3D('',#6170,#6171,#6172);
#3475=SURFACE_SIDE_STYLE('',(#6173));
#3476=EDGE_LOOP('',(#6174,#6175,#6176,#6177));
#3477=AXIS2_PLACEMENT_3D('',#6178,#6179,#6180);
#3478=SURFACE_SIDE_STYLE('',(#6181));
#3479=EDGE_LOOP('',(#6182,#6183,#6184,#6185,#6186,#6187,#6188,#6189));
#3480=AXIS2_PLACEMENT_3D('',#6190,#6191,#6192);
#3481=SURFACE_SIDE_STYLE('',(#6193));
#3482=EDGE_LOOP('',(#6194,#6195,#6196,#6197));
#3483=AXIS2_PLACEMENT_3D('',#6198,#6199,#6200);
#3484=SURFACE_SIDE_STYLE('',(#6201));
#3485=EDGE_LOOP('',(#6202,#6203,#6204,#6205));
#3486=AXIS2_PLACEMENT_3D('',#6206,#6207,#6208);
#3487=SURFACE_SIDE_STYLE('',(#6209));
#3488=EDGE_LOOP('',(#6210,#6211,#6212,#6213));
#3489=AXIS2_PLACEMENT_3D('',#6214,#6215,#6216);
#3490=SURFACE_SIDE_STYLE('',(#6217));
#3491=EDGE_LOOP('',(#6218,#6219,#6220,#6221));
#3492=AXIS2_PLACEMENT_3D('',#6222,#6223,#6224);
#3493=SURFACE_SIDE_STYLE('',(#6225));
#3494=EDGE_LOOP('',(#6226,#6227,#6228,#6229));
#3495=AXIS2_PLACEMENT_3D('',#6230,#6231,#6232);
#3496=SURFACE_SIDE_STYLE('',(#6233));
#3497=EDGE_LOOP('',(#6234,#6235,#6236,#6237));
#3498=AXIS2_PLACEMENT_3D('',#6238,#6239,#6240);
#3499=SURFACE_SIDE_STYLE('',(#6241));
#3500=EDGE_LOOP('',(#6242,#6243,#6244,#6245));
#3501=AXIS2_PLACEMENT_3D('',#6246,#6247,#6248);
#3502=SURFACE_SIDE_STYLE('',(#6249));
#3503=EDGE_LOOP('',(#6250,#6251,#6252,#6253));
#3504=AXIS2_PLACEMENT_3D('',#6254,#6255,#6256);
#3505=SURFACE_SIDE_STYLE('',(#6257));
#3506=EDGE_LOOP('',(#6258,#6259,#6260,#6261));
#3507=AXIS2_PLACEMENT_3D('',#6262,#6263,#6264);
#3508=SURFACE_SIDE_STYLE('',(#6265));
#3509=EDGE_LOOP('',(#6266,#6267,#6268,#6269));
#3510=AXIS2_PLACEMENT_3D('',#6270,#6271,#6272);
#3511=SURFACE_SIDE_STYLE('',(#6273));
#3512=EDGE_LOOP('',(#6274,#6275,#6276,#6277));
#3513=AXIS2_PLACEMENT_3D('',#6278,#6279,#6280);
#3514=SURFACE_SIDE_STYLE('',(#6281));
#3515=EDGE_LOOP('',(#6282,#6283,#6284,#6285));
#3516=AXIS2_PLACEMENT_3D('',#6286,#6287,#6288);
#3517=SURFACE_SIDE_STYLE('',(#6289));
#3518=EDGE_LOOP('',(#6290,#6291,#6292,#6293));
#3519=AXIS2_PLACEMENT_3D('',#6294,#6295,#6296);
#3520=SURFACE_SIDE_STYLE('',(#6297));
#3521=EDGE_LOOP('',(#6298,#6299,#6300,#6301));
#3522=AXIS2_PLACEMENT_3D('',#6302,#6303,#6304);
#3523=SURFACE_SIDE_STYLE('',(#6305));
#3524=EDGE_LOOP('',(#6306,#6307,#6308,#6309,#6310,#6311));
#3525=AXIS2_PLACEMENT_3D('',#6312,#6313,#6314);
#3526=SURFACE_SIDE_STYLE('',(#6315));
#3527=EDGE_LOOP('',(#6316,#6317,#6318,#6319));
#3528=AXIS2_PLACEMENT_3D('',#6320,#6321,#6322);
#3529=SURFACE_SIDE_STYLE('',(#6323));
#3530=EDGE_LOOP('',(#6324,#6325,#6326,#6327));
#3531=AXIS2_PLACEMENT_3D('',#6328,#6329,#6330);
#3532=SURFACE_SIDE_STYLE('',(#6331));
#3533=EDGE_LOOP('',(#6332,#6333,#6334,#6335,#6336,#6337));
#3534=AXIS2_PLACEMENT_3D('',#6338,#6339,#6340);
#3535=SURFACE_SIDE_STYLE('',(#6341));
#3536=EDGE_LOOP('',(#6342,#6343,#6344,#6345));
#3537=AXIS2_PLACEMENT_3D('',#6346,#6347,#6348);
#3538=SURFACE_SIDE_STYLE('',(#6349));
#3539=EDGE_LOOP('',(#6350,#6351,#6352,#6353));
#3540=AXIS2_PLACEMENT_3D('',#6354,#6355,#6356);
#3541=SURFACE_SIDE_STYLE('',(#6357));
#3542=EDGE_LOOP('',(#6358,#6359,#6360,#6361));
#3543=AXIS2_PLACEMENT_3D('',#6362,#6363,#6364);
#3544=SURFACE_SIDE_STYLE('',(#6365));
#3545=EDGE_LOOP('',(#6366,#6367,#6368,#6369));
#3546=AXIS2_PLACEMENT_3D('',#6370,#6371,#6372);
#3547=SURFACE_SIDE_STYLE('',(#6373));
#3548=EDGE_LOOP('',(#6374,#6375,#6376,#6377,#6378,#6379,#6380,#6381,#6382,#6383,#6384));
#3549=AXIS2_PLACEMENT_3D('',#6385,#6386,#6387);
#3550=SURFACE_SIDE_STYLE('',(#6388));
#3551=EDGE_LOOP('',(#6389,#6390,#6391,#6392));
#3552=AXIS2_PLACEMENT_3D('',#6393,#6394,#6395);
#3553=SURFACE_SIDE_STYLE('',(#6396));
#3554=EDGE_LOOP('',(#6397,#6398,#6399,#6400,#6401,#6402));
#3555=AXIS2_PLACEMENT_3D('',#6403,#6404,#6405);
#3556=SURFACE_SIDE_STYLE('',(#6406));
#3557=EDGE_LOOP('',(#6407,#6408,#6409,#6410));
#3558=AXIS2_PLACEMENT_3D('',#6411,#6412,#6413);
#3559=SURFACE_SIDE_STYLE('',(#6414));
#3560=EDGE_LOOP('',(#6415,#6416,#6417,#6418));
#3561=AXIS2_PLACEMENT_3D('',#6419,#6420,#6421);
#3562=SURFACE_SIDE_STYLE('',(#6422));
#3563=EDGE_LOOP('',(#6423,#6424,#6425,#6426,#6427,#6428));
#3564=AXIS2_PLACEMENT_3D('',#6429,#6430,#6431);
#3565=SURFACE_SIDE_STYLE('',(#6432));
#3566=EDGE_LOOP('',(#6433,#6434,#6435,#6436));
#3567=AXIS2_PLACEMENT_3D('',#6437,#6438,#6439);
#3568=SURFACE_SIDE_STYLE('',(#6440));
#3569=EDGE_LOOP('',(#6441,#6442,#6443,#6444));
#3570=AXIS2_PLACEMENT_3D('',#6445,#6446,#6447);
#3571=SURFACE_SIDE_STYLE('',(#6448));
#3572=EDGE_LOOP('',(#6449,#6450,#6451,#6452));
#3573=AXIS2_PLACEMENT_3D('',#6453,#6454,#6455);
#3574=SURFACE_SIDE_STYLE('',(#6456));
#3575=EDGE_LOOP('',(#6457,#6458,#6459,#6460,#6461,#6462,#6463,#6464,#6465,#6466,#6467));
#3576=AXIS2_PLACEMENT_3D('',#6468,#6469,#6470);
#3577=SURFACE_SIDE_STYLE('',(#6471));
#3578=EDGE_LOOP('',(#6472,#6473,#6474,#6475));
#3579=AXIS2_PLACEMENT_3D('',#6476,#6477,#6478);
#3580=SURFACE_SIDE_STYLE('',(#6479));
#3581=EDGE_LOOP('',(#6480,#6481,#6482,#6483,#6484,#6485,#6486,#6487,#6488,#6489));
#3582=AXIS2_PLACEMENT_3D('',#6490,#6491,#6492);
#3583=SURFACE_SIDE_STYLE('',(#6493));
#3584=EDGE_LOOP('',(#6494,#6495,#6496,#6497));
#3585=AXIS2_PLACEMENT_3D('',#6498,#6499,#6500);
#3586=SURFACE_SIDE_STYLE('',(#6501));
#3587=EDGE_LOOP('',(#6502,#6503,#6504,#6505));
#3588=AXIS2_PLACEMENT_3D('',#6506,#6507,#6508);
#3589=SURFACE_SIDE_STYLE('',(#6509));
#3590=EDGE_LOOP('',(#6510,#6511,#6512,#6513));
#3591=AXIS2_PLACEMENT_3D('',#6514,#6515,#6516);
#3592=SURFACE_SIDE_STYLE('',(#6517));
#3593=EDGE_LOOP('',(#6518,#6519,#6520,#6521,#6522,#6523,#6524,#6525));
#3594=AXIS2_PLACEMENT_3D('',#6526,#6527,#6528);
#3595=SURFACE_SIDE_STYLE('',(#6529));
#3596=EDGE_LOOP('',(#6530,#6531,#6532,#6533,#6534,#6535,#6536,#6537,#6538,#6539,#6540));
#3597=AXIS2_PLACEMENT_3D('',#6541,#6542,#6543);
#3598=SURFACE_SIDE_STYLE('',(#6544));
#3599=EDGE_LOOP('',(#6545,#6546,#6547,#6548));
#3600=AXIS2_PLACEMENT_3D('',#6549,#6550,#6551);
#3601=SURFACE_SIDE_STYLE('',(#6552));
#3602=EDGE_LOOP('',(#6553,#6554,#6555,#6556));
#3603=AXIS2_PLACEMENT_3D('',#6557,#6558,#6559);
#3604=SURFACE_SIDE_STYLE('',(#6560));
#3605=EDGE_LOOP('',(#6561,#6562,#6563,#6564));
#3606=AXIS2_PLACEMENT_3D('',#6565,#6566,#6567);
#3607=SURFACE_SIDE_STYLE('',(#6568));
#3608=EDGE_LOOP('',(#6569,#6570,#6571,#6572,#6573));
#3609=AXIS2_PLACEMENT_3D('',#6574,#6575,#6576);
#3610=SURFACE_SIDE_STYLE('',(#6577));
#3611=EDGE_LOOP('',(#6578,#6579,#6580,#6581));
#3612=AXIS2_PLACEMENT_3D('',#6582,#6583,#6584);
#3613=SURFACE_SIDE_STYLE('',(#6585));
#3614=EDGE_LOOP('',(#6586,#6587,#6588,#6589));
#3615=AXIS2_PLACEMENT_3D('',#6590,#6591,#6592);
#3616=SURFACE_SIDE_STYLE('',(#6593));
#3617=EDGE_LOOP('',(#6594,#6595,#6596,#6597,#6598,#6599,#6600,#6601,#6602,#6603,#6604,#6605,#6606,#6607));
#3618=EDGE_LOOP('',(#6608,#6609));
#3619=AXIS2_PLACEMENT_3D('',#6610,#6611,#6612);
#3620=SURFACE_SIDE_STYLE('',(#6613));
#3621=EDGE_LOOP('',(#6614,#6615,#6616,#6617));
#3622=AXIS2_PLACEMENT_3D('',#6618,#6619,#6620);
#3623=SURFACE_SIDE_STYLE('',(#6621));
#3624=EDGE_LOOP('',(#6622,#6623,#6624,#6625));
#3625=AXIS2_PLACEMENT_3D('',#6626,#6627,#6628);
#3626=SURFACE_SIDE_STYLE('',(#6629));
#3627=EDGE_LOOP('',(#6630,#6631,#6632,#6633,#6634,#6635));
#3628=AXIS2_PLACEMENT_3D('',#6636,#6637,#6638);
#3629=SURFACE_SIDE_STYLE('',(#6639));
#3630=EDGE_LOOP('',(#6640,#6641,#6642,#6643));
#3631=AXIS2_PLACEMENT_3D('',#6644,#6645,#6646);
#3632=SURFACE_SIDE_STYLE('',(#6647));
#3633=EDGE_LOOP('',(#6648,#6649,#6650,#6651));
#3634=AXIS2_PLACEMENT_3D('',#6652,#6653,#6654);
#3635=SURFACE_SIDE_STYLE('',(#6655));
#3636=EDGE_LOOP('',(#6656,#6657,#6658,#6659,#6660));
#3637=AXIS2_PLACEMENT_3D('',#6661,#6662,#6663);
#3638=SURFACE_SIDE_STYLE('',(#6664));
#3639=EDGE_LOOP('',(#6665,#6666,#6667,#6668));
#3640=AXIS2_PLACEMENT_3D('',#6669,#6670,#6671);
#3641=SURFACE_SIDE_STYLE('',(#6672));
#3642=EDGE_LOOP('',(#6673,#6674,#6675,#6676));
#3643=AXIS2_PLACEMENT_3D('',#6677,#6678,#6679);
#3644=SURFACE_SIDE_STYLE('',(#6680));
#3645=EDGE_LOOP('',(#6681,#6682,#6683,#6684));
#3646=AXIS2_PLACEMENT_3D('',#6685,#6686,#6687);
#3647=SURFACE_SIDE_STYLE('',(#6688));
#3648=EDGE_LOOP('',(#6689,#6690,#6691,#6692));
#3649=AXIS2_PLACEMENT_3D('',#6693,#6694,#6695);
#3650=SURFACE_SIDE_STYLE('',(#6696));
#3651=EDGE_LOOP('',(#6697,#6698,#6699,#6700));
#3652=AXIS2_PLACEMENT_3D('',#6701,#6702,#6703);
#3653=SURFACE_SIDE_STYLE('',(#6704));
#3654=EDGE_LOOP('',(#6705,#6706,#6707,#6708,#6709,#6710));
#3655=AXIS2_PLACEMENT_3D('',#6711,#6712,#6713);
#3656=SURFACE_SIDE_STYLE('',(#6714));
#3657=EDGE_LOOP('',(#6715,#6716,#6717,#6718));
#3658=AXIS2_PLACEMENT_3D('',#6719,#6720,#6721);
#3659=SURFACE_SIDE_STYLE('',(#6722));
#3660=EDGE_LOOP('',(#6723,#6724,#6725,#6726));
#3661=AXIS2_PLACEMENT_3D('',#6727,#6728,#6729);
#3662=SURFACE_SIDE_STYLE('',(#6730));
#3663=EDGE_LOOP('',(#6731,#6732,#6733,#6734));
#3664=AXIS2_PLACEMENT_3D('',#6735,#6736,#6737);
#3665=SURFACE_SIDE_STYLE('',(#6738));
#3666=EDGE_LOOP('',(#6739,#6740,#6741,#6742,#6743,#6744,#6745,#6746,#6747,#6748,#6749));
#3667=AXIS2_PLACEMENT_3D('',#6750,#6751,#6752);
#3668=SURFACE_SIDE_STYLE('',(#6753));
#3669=EDGE_LOOP('',(#6754,#6755,#6756,#6757));
#3670=AXIS2_PLACEMENT_3D('',#6758,#6759,#6760);
#3671=SURFACE_SIDE_STYLE('',(#6761));
#3672=EDGE_LOOP('',(#6762,#6763,#6764,#6765,#6766,#6767));
#3673=AXIS2_PLACEMENT_3D('',#6768,#6769,#6770);
#3674=SURFACE_SIDE_STYLE('',(#6771));
#3675=EDGE_LOOP('',(#6772,#6773,#6774,#6775));
#3676=EDGE_LOOP('',(#6776,#6777,#6778,#6779,#6780,#6781,#6782,#6783,#6784,#6785));
#3677=AXIS2_PLACEMENT_3D('',#6786,#6787,#6788);
#3678=SURFACE_SIDE_STYLE('',(#6789));
#3679=EDGE_LOOP('',(#6790,#6791,#6792,#6793));
#3680=AXIS2_PLACEMENT_3D('',#6794,#6795,#6796);
#3681=SURFACE_SIDE_STYLE('',(#6797));
#3682=EDGE_LOOP('',(#6798,#6799,#6800,#6801));
#3683=AXIS2_PLACEMENT_3D('',#6802,#6803,#6804);
#3684=SURFACE_SIDE_STYLE('',(#6805));
#3685=EDGE_LOOP('',(#6806,#6807,#6808,#6809,#6810));
#3687=CARTESIAN_POINT('',(2.71213467587951,-7.42499252858955,-0.85));
#3688=CARTESIAN_POINT('',(2.71213467587951,-7.42499252858955,-1.14288884160869));
#3689=CARTESIAN_POINT('',(2.71213467587951,-7.21788884160868,-1.34999252858956));
#3690=CARTESIAN_POINT('',(2.71213467587951,-6.925,-1.34999252858956));
#3691=CARTESIAN_POINT('',(2.62728587760639,-7.66500807132331,-0.85));
#3692=CARTESIAN_POINT('',(2.62728587760639,-7.66500807132331,-1.28348669153956));
#3693=CARTESIAN_POINT('',(2.62728587760639,-7.35848669153956,-1.59000807132331));
#3694=CARTESIAN_POINT('',(2.62728587760639,-6.925,-1.59000807132331));
#3695=CARTESIAN_POINT('',(2.37271412074513,-7.66500807024725,-0.85));
#3696=CARTESIAN_POINT('',(2.37271412074513,-7.66500807024725,-1.28348669090922));
#3697=CARTESIAN_POINT('',(2.37271412074513,-7.35848669090922,-1.59000807024725));
#3698=CARTESIAN_POINT('',(2.37271412074513,-6.925,-1.59000807024725));
#3699=CARTESIAN_POINT('',(2.2878653237683,-7.42499252759328,-0.85));
#3700=CARTESIAN_POINT('',(2.2878653237683,-7.42499252759328,-1.14288884102508));
#3701=CARTESIAN_POINT('',(2.2878653237683,-7.21788884102508,-1.34999252759328));
#3702=CARTESIAN_POINT('',(2.2878653237683,-6.925,-1.34999252759329));
#3709=SURFACE_SIDE_STYLE('',(#6811));
#3710=EDGE_LOOP('',(#6812,#6813,#6814,#6815));
#3711=AXIS2_PLACEMENT_3D('',#6816,#6817,#6818);
#3712=SURFACE_SIDE_STYLE('',(#6819));
#3713=EDGE_LOOP('',(#6820,#6821,#6822,#6823));
#3714=AXIS2_PLACEMENT_3D('',#6824,#6825,#6826);
#3715=SURFACE_SIDE_STYLE('',(#6827));
#3716=EDGE_LOOP('',(#6828,#6829,#6830,#6831));
#3717=AXIS2_PLACEMENT_3D('',#6832,#6833,#6834);
#3718=SURFACE_SIDE_STYLE('',(#6835));
#3719=EDGE_LOOP('',(#6836,#6837,#6838,#6839));
#3720=AXIS2_PLACEMENT_3D('',#6840,#6841,#6842);
#3721=SURFACE_SIDE_STYLE('',(#6843));
#3722=EDGE_LOOP('',(#6844,#6845,#6846,#6847));
#3723=AXIS2_PLACEMENT_3D('',#6848,#6849,#6850);
#3724=SURFACE_SIDE_STYLE('',(#6851));
#3725=EDGE_LOOP('',(#6852,#6853,#6854,#6855,#6856));
#3727=CARTESIAN_POINT('',(2.80000101394102,-7.57499864744445,-0.849999999230095));
#3728=CARTESIAN_POINT('',(2.80000101394102,-7.57499864532941,-1.2307603900991));
#3729=CARTESIAN_POINT('',(2.80000101394102,-7.30576038998405,-1.49999864244446));
#3730=CARTESIAN_POINT('',(2.80000101394102,-6.925,-1.49999864244446));
#3731=CARTESIAN_POINT('',(2.63636454425627,-7.79318265612955,-0.85000000084576));
#3732=CARTESIAN_POINT('',(2.63636454425627,-7.79318265320666,-1.35856962396636));
#3733=CARTESIAN_POINT('',(2.63636454425627,-7.43356962304347,-1.71818265112955));
#3734=CARTESIAN_POINT('',(2.63636454425627,-6.925,-1.71818265112955));
#3735=CARTESIAN_POINT('',(2.36363545589133,-7.79318265618668,-0.850000000845759));
#3736=CARTESIAN_POINT('',(2.36363545589133,-7.7931826532638,-1.35856962399982));
#3737=CARTESIAN_POINT('',(2.36363545589133,-7.43356962307694,-1.71818265118668));
#3738=CARTESIAN_POINT('',(2.36363545589133,-6.925,-1.71818265118668));
#3739=CARTESIAN_POINT('',(2.19999898612811,-7.57499864753663,-0.849999999230095));
#3740=CARTESIAN_POINT('',(2.19999898612811,-7.57499864542158,-1.2307603901531));
#3741=CARTESIAN_POINT('',(2.19999898612811,-7.30576039003805,-1.49999864253663));
#3742=CARTESIAN_POINT('',(2.19999898612811,-6.925,-1.49999864253663));
#3749=SURFACE_SIDE_STYLE('',(#6857));
#3750=EDGE_LOOP('',(#6858,#6859,#6860,#6861));
#3751=AXIS2_PLACEMENT_3D('',#6862,#6863,#6864);
#3752=SURFACE_SIDE_STYLE('',(#6865));
#3753=EDGE_LOOP('',(#6866,#6867,#6868,#6869));
#3754=AXIS2_PLACEMENT_3D('',#6870,#6871,#6872);
#3755=SURFACE_SIDE_STYLE('',(#6873));
#3756=EDGE_LOOP('',(#6874,#6875,#6876,#6877));
#3757=AXIS2_PLACEMENT_3D('',#6878,#6879,#6880);
#3758=SURFACE_SIDE_STYLE('',(#6881));
#3759=EDGE_LOOP('',(#6882,#6883,#6884,#6885));
#3760=AXIS2_PLACEMENT_3D('',#6886,#6887,#6888);
#3761=SURFACE_SIDE_STYLE('',(#6889));
#3762=EDGE_LOOP('',(#6890,#6891,#6892,#6893));
#3763=AXIS2_PLACEMENT_3D('',#6894,#6895,#6896);
#3764=SURFACE_SIDE_STYLE('',(#6897));
#3765=EDGE_LOOP('',(#6898,#6899,#6900,#6901));
#3766=AXIS2_PLACEMENT_3D('',#6902,#6903,#6904);
#3767=SURFACE_SIDE_STYLE('',(#6905));
#3768=EDGE_LOOP('',(#6906,#6907,#6908,#6909,#6910));
#3770=CARTESIAN_POINT('',(-2.28786532412667,-7.42499252860702,-0.85));
#3771=CARTESIAN_POINT('',(-2.28786532412667,-7.42499252860702,-1.14288884161892));
#3772=CARTESIAN_POINT('',(-2.28786532412667,-7.21788884161892,-1.34999252860702));
#3773=CARTESIAN_POINT('',(-2.28786532412667,-6.925,-1.34999252860702));
#3774=CARTESIAN_POINT('',(-2.37271412241583,-7.66500807132331,-0.85));
#3775=CARTESIAN_POINT('',(-2.37271412241583,-7.66500807132331,-1.28348669153956));
#3776=CARTESIAN_POINT('',(-2.37271412241583,-7.35848669153956,-1.59000807132331));
#3777=CARTESIAN_POINT('',(-2.37271412241583,-6.925,-1.59000807132331));
#3778=CARTESIAN_POINT('',(-2.62728587926154,-7.66500807022839,-0.85));
#3779=CARTESIAN_POINT('',(-2.62728587926154,-7.66500807022839,-1.28348669089817));
#3780=CARTESIAN_POINT('',(-2.62728587926154,-7.35848669089817,-1.59000807022839));
#3781=CARTESIAN_POINT('',(-2.62728587926154,-6.925,-1.59000807022839));
#3782=CARTESIAN_POINT('',(-2.7121346762317,-7.42499252759329,-0.85));
#3783=CARTESIAN_POINT('',(-2.7121346762317,-7.42499252759329,-1.14288884102509));
#3784=CARTESIAN_POINT('',(-2.7121346762317,-7.21788884102509,-1.34999252759329));
#3785=CARTESIAN_POINT('',(-2.7121346762317,-6.925,-1.34999252759329));
#3792=SURFACE_SIDE_STYLE('',(#6911));
#3793=EDGE_LOOP('',(#6912,#6913,#6914,#6915));
#3794=AXIS2_PLACEMENT_3D('',#6916,#6917,#6918);
#3795=SURFACE_SIDE_STYLE('',(#6919));
#3796=EDGE_LOOP('',(#6920,#6921,#6922,#6923));
#3797=AXIS2_PLACEMENT_3D('',#6924,#6925,#6926);
#3798=SURFACE_SIDE_STYLE('',(#6927));
#3799=EDGE_LOOP('',(#6928,#6929,#6930,#6931));
#3800=AXIS2_PLACEMENT_3D('',#6932,#6933,#6934);
#3801=SURFACE_SIDE_STYLE('',(#6935));
#3802=EDGE_LOOP('',(#6936,#6937,#6938,#6939,#6940));
#3804=CARTESIAN_POINT('',(-2.19999898495944,-7.57499864597838,-0.849999999230095));
#3805=CARTESIAN_POINT('',(-2.19999898495944,-7.57499864386334,-1.2307603892403));
#3806=CARTESIAN_POINT('',(-2.19999898495944,-7.30576038912525,-1.49999864097839));
#3807=CARTESIAN_POINT('',(-2.19999898495944,-6.925,-1.49999864097839));
#3808=CARTESIAN_POINT('',(-2.36363545403895,-7.79318265607783,-0.850000000845759));
#3809=CARTESIAN_POINT('',(-2.36363545403895,-7.79318265315495,-1.35856962393606));
#3810=CARTESIAN_POINT('',(-2.36363545403895,-7.43356962301318,-1.71818265107783));
#3811=CARTESIAN_POINT('',(-2.36363545403895,-6.925,-1.71818265107783));
#3812=CARTESIAN_POINT('',(-2.63636454333233,-7.79318265709541,-0.850000000845759));
#3813=CARTESIAN_POINT('',(-2.63636454333233,-7.79318265417252,-1.35856962453214));
#3814=CARTESIAN_POINT('',(-2.63636454333233,-7.43356962360926,-1.71818265209541));
#3815=CARTESIAN_POINT('',(-2.63636454333233,-6.925,-1.71818265209541));
#3816=CARTESIAN_POINT('',(-2.80000101380931,-7.57499864762006,-0.849999999230095));
#3817=CARTESIAN_POINT('',(-2.80000101380931,-7.57499864550502,-1.23076039020197));
#3818=CARTESIAN_POINT('',(-2.80000101380931,-7.30576039008692,-1.49999864262007));
#3819=CARTESIAN_POINT('',(-2.80000101380931,-6.925,-1.49999864262007));
#3826=SURFACE_SIDE_STYLE('',(#6941));
#3827=EDGE_LOOP('',(#6942,#6943,#6944,#6945));
#3828=AXIS2_PLACEMENT_3D('',#6946,#6947,#6948);
#3829=SURFACE_SIDE_STYLE('',(#6949));
#3830=EDGE_LOOP('',(#6950,#6951,#6952,#6953,#6954));
#3831=AXIS2_PLACEMENT_3D('',#6955,#6956,#6957);
#3832=SURFACE_SIDE_STYLE('',(#6958));
#3833=EDGE_LOOP('',(#6959,#6960,#6961,#6962));
#3834=AXIS2_PLACEMENT_3D('',#6963,#6964,#6965);
#3835=SURFACE_SIDE_STYLE('',(#6966));
#3836=EDGE_LOOP('',(#6967,#6968,#6969,#6970,#6971));
#3837=AXIS2_PLACEMENT_3D('',#6972,#6973,#6974);
#3838=SURFACE_SIDE_STYLE('',(#6975));
#3839=EDGE_LOOP('',(#6976,#6977,#6978,#6979));
#3840=AXIS2_PLACEMENT_3D('',#6980,#6981,#6982);
#3841=SURFACE_SIDE_STYLE('',(#6983));
#3842=EDGE_LOOP('',(#6984,#6985,#6986,#6987,#6988,#6989,#6990,#6991,#6992,#6993));
#3843=AXIS2_PLACEMENT_3D('',#6994,#6995,#6996);
#3844=SURFACE_SIDE_STYLE('',(#6997));
#3845=EDGE_LOOP('',(#6998,#6999,#7000,#7001));
#3846=AXIS2_PLACEMENT_3D('',#7002,#7003,#7004);
#3847=SURFACE_SIDE_STYLE('',(#7005));
#3848=EDGE_LOOP('',(#7006,#7007,#7008,#7009));
#3849=AXIS2_PLACEMENT_3D('',#7010,#7011,#7012);
#3850=SURFACE_SIDE_STYLE('',(#7013));
#3851=EDGE_LOOP('',(#7014,#7015,#7016,#7017));
#3852=AXIS2_PLACEMENT_3D('',#7018,#7019,#7020);
#3853=SURFACE_SIDE_STYLE('',(#7021));
#3854=EDGE_LOOP('',(#7022,#7023,#7024,#7025));
#3855=AXIS2_PLACEMENT_3D('',#7026,#7027,#7028);
#3856=SURFACE_SIDE_STYLE('',(#7029));
#3857=EDGE_LOOP('',(#7030,#7031,#7032,#7033));
#3858=AXIS2_PLACEMENT_3D('',#7034,#7035,#7036);
#3859=SURFACE_SIDE_STYLE('',(#7037));
#3860=EDGE_LOOP('',(#7038,#7039,#7040,#7041));
#3861=AXIS2_PLACEMENT_3D('',#7042,#7043,#7044);
#3862=SURFACE_SIDE_STYLE('',(#7045));
#3863=EDGE_LOOP('',(#7046,#7047,#7048,#7049,#7050,#7051,#7052,#7053,#7054,#7055));
#3864=AXIS2_PLACEMENT_3D('',#7056,#7057,#7058);
#3865=SURFACE_SIDE_STYLE('',(#7059));
#3866=EDGE_LOOP('',(#7060,#7061,#7062,#7063));
#3867=AXIS2_PLACEMENT_3D('',#7064,#7065,#7066);
#3868=SURFACE_SIDE_STYLE('',(#7067));
#3869=EDGE_LOOP('',(#7068,#7069,#7070,#7071));
#3870=AXIS2_PLACEMENT_3D('',#7072,#7073,#7074);
#3871=SURFACE_SIDE_STYLE('',(#7075));
#3872=EDGE_LOOP('',(#7076,#7077,#7078,#7079));
#3873=AXIS2_PLACEMENT_3D('',#7080,#7081,#7082);
#3874=SURFACE_SIDE_STYLE('',(#7083));
#3875=EDGE_LOOP('',(#7084,#7085,#7086,#7087));
#3876=AXIS2_PLACEMENT_3D('',#7088,#7089,#7090);
#3877=SURFACE_SIDE_STYLE('',(#7091));
#3878=EDGE_LOOP('',(#7092,#7093,#7094,#7095));
#3879=AXIS2_PLACEMENT_3D('',#7096,#7097,#7098);
#3880=SURFACE_SIDE_STYLE('',(#7099));
#3881=EDGE_LOOP('',(#7100,#7101,#7102,#7103,#7104));
#3882=AXIS2_PLACEMENT_3D('',#7105,#7106,#7107);
#3883=SURFACE_SIDE_STYLE('',(#7108));
#3884=EDGE_LOOP('',(#7109,#7110,#7111,#7112,#7113,#7114));
#3885=AXIS2_PLACEMENT_3D('',#7115,#7116,#7117);
#3886=SURFACE_SIDE_STYLE('',(#7118));
#3887=EDGE_LOOP('',(#7119,#7120,#7121,#7122));
#3888=AXIS2_PLACEMENT_3D('',#7123,#7124,#7125);
#3889=SURFACE_SIDE_STYLE('',(#7126));
#3890=EDGE_LOOP('',(#7127,#7128,#7129,#7130));
#3891=AXIS2_PLACEMENT_3D('',#7131,#7132,#7133);
#3892=SURFACE_SIDE_STYLE('',(#7134));
#3893=EDGE_LOOP('',(#7135,#7136,#7137,#7138));
#3894=AXIS2_PLACEMENT_3D('',#7139,#7140,#7141);
#3895=SURFACE_SIDE_STYLE('',(#7142));
#3896=EDGE_LOOP('',(#7143,#7144,#7145,#7146,#7147,#7148));
#3897=AXIS2_PLACEMENT_3D('',#7149,#7150,#7151);
#3898=SURFACE_SIDE_STYLE('',(#7152));
#3899=EDGE_LOOP('',(#7153,#7154,#7155,#7156,#7157));
#3900=AXIS2_PLACEMENT_3D('',#7158,#7159,#7160);
#3901=SURFACE_SIDE_STYLE('',(#7161));
#3902=EDGE_LOOP('',(#7162,#7163,#7164,#7165));
#3903=AXIS2_PLACEMENT_3D('',#7166,#7167,#7168);
#3904=SURFACE_SIDE_STYLE('',(#7169));
#3905=EDGE_LOOP('',(#7170,#7171,#7172,#7173));
#3906=AXIS2_PLACEMENT_3D('',#7174,#7175,#7176);
#3907=SURFACE_SIDE_STYLE('',(#7177));
#3908=EDGE_LOOP('',(#7178,#7179,#7180,#7181));
#3909=AXIS2_PLACEMENT_3D('',#7182,#7183,#7184);
#3910=SURFACE_SIDE_STYLE('',(#7185));
#3911=EDGE_LOOP('',(#7186,#7187,#7188,#7189));
#3912=AXIS2_PLACEMENT_3D('',#7190,#7191,#7192);
#3913=SURFACE_SIDE_STYLE('',(#7193));
#3914=EDGE_LOOP('',(#7194,#7195,#7196,#7197));
#3915=AXIS2_PLACEMENT_3D('',#7198,#7199,#7200);
#3916=SURFACE_SIDE_STYLE('',(#7201));
#3917=EDGE_LOOP('',(#7202,#7203,#7204,#7205));
#3918=AXIS2_PLACEMENT_3D('',#7206,#7207,#7208);
#3919=SURFACE_SIDE_STYLE('',(#7209));
#3920=EDGE_LOOP('',(#7210,#7211,#7212,#7213,#7214));
#3921=AXIS2_PLACEMENT_3D('',#7215,#7216,#7217);
#3922=SURFACE_SIDE_STYLE('',(#7218));
#3923=EDGE_LOOP('',(#7219,#7220,#7221,#7222,#7223,#7224,#7225,#7226));
#3924=AXIS2_PLACEMENT_3D('',#7227,#7228,#7229);
#3925=SURFACE_SIDE_STYLE('',(#7230));
#3926=EDGE_LOOP('',(#7231,#7232,#7233,#7234));
#3927=AXIS2_PLACEMENT_3D('',#7235,#7236,#7237);
#3928=SURFACE_SIDE_STYLE('',(#7238));
#3929=EDGE_LOOP('',(#7239,#7240,#7241,#7242));
#3930=AXIS2_PLACEMENT_3D('',#7243,#7244,#7245);
#3931=SURFACE_SIDE_STYLE('',(#7246));
#3932=EDGE_LOOP('',(#7247,#7248,#7249,#7250));
#3933=AXIS2_PLACEMENT_3D('',#7251,#7252,#7253);
#3934=SURFACE_SIDE_STYLE('',(#7254));
#3935=EDGE_LOOP('',(#7255,#7256,#7257,#7258,#7259,#7260,#7261,#7262));
#3936=AXIS2_PLACEMENT_3D('',#7263,#7264,#7265);
#3937=SURFACE_SIDE_STYLE('',(#7266));
#3938=EDGE_LOOP('',(#7267,#7268,#7269,#7270,#7271));
#3939=AXIS2_PLACEMENT_3D('',#7272,#7273,#7274);
#3940=SURFACE_SIDE_STYLE('',(#7275));
#3941=EDGE_LOOP('',(#7276,#7277,#7278,#7279));
#3942=AXIS2_PLACEMENT_3D('',#7280,#7281,#7282);
#3943=SURFACE_SIDE_STYLE('',(#7283));
#3944=EDGE_LOOP('',(#7284,#7285,#7286,#7287));
#3945=AXIS2_PLACEMENT_3D('',#7288,#7289,#7290);
#3946=SURFACE_SIDE_STYLE('',(#7291));
#3947=EDGE_LOOP('',(#7292,#7293,#7294,#7295));
#3948=AXIS2_PLACEMENT_3D('',#7296,#7297,#7298);
#3949=SURFACE_SIDE_STYLE('',(#7299));
#3950=EDGE_LOOP('',(#7300,#7301,#7302,#7303,#7304,#7305,#7306,#7307));
#3951=AXIS2_PLACEMENT_3D('',#7308,#7309,#7310);
#3952=SURFACE_SIDE_STYLE('',(#7311));
#3953=EDGE_LOOP('',(#7312,#7313,#7314,#7315));
#3954=AXIS2_PLACEMENT_3D('',#7316,#7317,#7318);
#3955=SURFACE_SIDE_STYLE('',(#7319));
#3956=EDGE_LOOP('',(#7320,#7321,#7322,#7323,#7324,#7325,#7326,#7327));
#3957=AXIS2_PLACEMENT_3D('',#7328,#7329,#7330);
#3958=SURFACE_SIDE_STYLE('',(#7331));
#3959=EDGE_LOOP('',(#7332,#7333,#7334,#7335));
#3960=AXIS2_PLACEMENT_3D('',#7336,#7337,#7338);
#3961=SURFACE_SIDE_STYLE('',(#7339));
#3962=EDGE_LOOP('',(#7340,#7341,#7342,#7343));
#3963=AXIS2_PLACEMENT_3D('',#7344,#7345,#7346);
#3964=SURFACE_SIDE_STYLE('',(#7347));
#3965=EDGE_LOOP('',(#7348,#7349,#7350,#7351));
#3966=AXIS2_PLACEMENT_3D('',#7352,#7353,#7354);
#3967=SURFACE_SIDE_STYLE('',(#7355));
#3968=EDGE_LOOP('',(#7356,#7357,#7358,#7359,#7360,#7361));
#3970=CARTESIAN_POINT('',(2.19999960265365,7.07499947658974,-0.849999999228348));
#3971=CARTESIAN_POINT('',(2.19999960265365,7.07499947447556,-1.23076087574868));
#3972=CARTESIAN_POINT('',(2.19999960265365,6.80576087563451,-1.49999947170391));
#3973=CARTESIAN_POINT('',(2.19999960265365,6.425,-1.49999947170391));
#3974=CARTESIAN_POINT('',(2.36342906412552,7.29290622764282,-0.850000000830329));
#3975=CARTESIAN_POINT('',(2.36342906412552,7.29290622472766,-1.35840769615976));
#3976=CARTESIAN_POINT('',(2.36342906412552,6.9334076952446,-1.71790622355799));
#3977=CARTESIAN_POINT('',(2.36342906412552,6.425,-1.71790622355799));
#3978=CARTESIAN_POINT('',(2.6361571030192,7.29345801101882,-0.850000000845478));
#3979=CARTESIAN_POINT('',(2.6361571030192,7.29345800809608,-1.3587309228885));
#3980=CARTESIAN_POINT('',(2.6361571030192,6.93373092196576,-1.71845800694155));
#3981=CARTESIAN_POINT('',(2.6361571030192,6.425,-1.71845800694155));
#3982=CARTESIAN_POINT('',(2.80000039951266,7.07499947360916,-0.849999999252788));
#3983=CARTESIAN_POINT('',(2.80000039951266,7.07499947148276,-1.23076087398763));
#3984=CARTESIAN_POINT('',(2.80000039951266,6.80576087386124,-1.49999946873555));
#3985=CARTESIAN_POINT('',(2.80000039951266,6.425,-1.49999946873555));
#3992=SURFACE_SIDE_STYLE('',(#7362));
#3993=EDGE_LOOP('',(#7363,#7364,#7365,#7366));
#3994=AXIS2_PLACEMENT_3D('',#7367,#7368,#7369);
#3995=SURFACE_SIDE_STYLE('',(#7370));
#3996=EDGE_LOOP('',(#7371,#7372,#7373,#7374));
#3997=AXIS2_PLACEMENT_3D('',#7375,#7376,#7377);
#3998=SURFACE_SIDE_STYLE('',(#7378));
#3999=EDGE_LOOP('',(#7379,#7380,#7381,#7382));
#4000=AXIS2_PLACEMENT_3D('',#7383,#7384,#7385);
#4001=SURFACE_SIDE_STYLE('',(#7386));
#4002=EDGE_LOOP('',(#7387,#7388,#7389,#7390,#7391,#7392));
#4004=CARTESIAN_POINT('',(2.28786771245566,6.92499929020532,-0.84999999922212));
#4005=CARTESIAN_POINT('',(2.28786771245566,6.92499928812762,-1.14289280104389));
#4006=CARTESIAN_POINT('',(2.28786771245566,6.71789280082177,-1.34999928627569));
#4007=CARTESIAN_POINT('',(2.28786771245566,6.42499999892596,-1.34999928620165));
#4008=CARTESIAN_POINT('',(2.3724543783898,7.16424908103653,-0.850000001688903));
#4009=CARTESIAN_POINT('',(2.3724543783898,7.1642490780561,-1.28304208486191));
#4010=CARTESIAN_POINT('',(2.3724543783898,6.858042082173,-1.5892490778487));
#4011=CARTESIAN_POINT('',(2.3724543783898,6.4249999981037,-1.5892490769524));
#4012=CARTESIAN_POINT('',(2.62701378879417,7.16575323014885,-0.850000001723706));
#4013=CARTESIAN_POINT('',(2.62701378879417,7.1657532264297,-1.28392319502434));
#4014=CARTESIAN_POINT('',(2.62701378879417,6.85892319230064,-1.5907532262455));
#4015=CARTESIAN_POINT('',(2.62701378879417,6.4249999980921,-1.5907532253376));
#4016=CARTESIAN_POINT('',(2.71213227578206,6.92499932292167,-0.849999999254344));
#4017=CARTESIAN_POINT('',(2.71213227578207,6.92499932075689,-1.14289282046443));
#4018=CARTESIAN_POINT('',(2.71213227578207,6.71789282021009,-1.34999931892645));
#4019=CARTESIAN_POINT('',(2.71213227578206,6.42499999891522,-1.34999931884167));
#4026=SURFACE_SIDE_STYLE('',(#7393));
#4027=EDGE_LOOP('',(#7394,#7395,#7396,#7397));
#4028=AXIS2_PLACEMENT_3D('',#7398,#7399,#7400);
#4029=SURFACE_SIDE_STYLE('',(#7401));
#4030=EDGE_LOOP('',(#7402,#7403,#7404,#7405));
#4031=AXIS2_PLACEMENT_3D('',#7406,#7407,#7408);
#4032=SURFACE_SIDE_STYLE('',(#7409));
#4033=EDGE_LOOP('',(#7410,#7411,#7412,#7413));
#4034=AXIS2_PLACEMENT_3D('',#7414,#7415,#7416);
#4035=SURFACE_SIDE_STYLE('',(#7417));
#4036=EDGE_LOOP('',(#7418,#7419,#7420,#7421));
#4037=AXIS2_PLACEMENT_3D('',#7422,#7423,#7424);
#4038=SURFACE_SIDE_STYLE('',(#7425));
#4039=EDGE_LOOP('',(#7426,#7427,#7428,#7429,#7430,#7431));
#4041=CARTESIAN_POINT('',(-2.71213228217904,6.92499930541192,-0.849999999224614));
#4042=CARTESIAN_POINT('',(-2.71213228217904,6.92499930333705,-1.14289281001435));
#4043=CARTESIAN_POINT('',(-2.71213228217904,6.71789280971486,-1.34999930148679));
#4044=CARTESIAN_POINT('',(-2.71213228217904,6.42499999892513,-1.34999930141192));
#4045=CARTESIAN_POINT('',(-2.62727984519633,7.16500076378141,-0.850000001725911));
#4046=CARTESIAN_POINT('',(-2.62727984519633,7.16500076087277,-1.28348241118318));
#4047=CARTESIAN_POINT('',(-2.62727984519633,6.85848240754863,-1.59000076069004));
#4048=CARTESIAN_POINT('',(-2.62727984519633,6.42499999809136,-1.59000075978141));
#4049=CARTESIAN_POINT('',(-2.37272015428115,7.16500076344035,-0.850000001725911));
#4050=CARTESIAN_POINT('',(-2.37272015428115,7.16500076053171,-1.28348241098339));
#4051=CARTESIAN_POINT('',(-2.37272015428115,6.85848240734884,-1.59000076034898));
#4052=CARTESIAN_POINT('',(-2.37272015428115,6.42499999809136,-1.59000075944035));
#4053=CARTESIAN_POINT('',(-2.28786771770931,6.92499930509612,-0.849999999224614));
#4054=CARTESIAN_POINT('',(-2.28786771770931,6.92499930302125,-1.14289280982936));
#4055=CARTESIAN_POINT('',(-2.28786771770931,6.71789280952987,-1.349999301171));
#4056=CARTESIAN_POINT('',(-2.28786771770931,6.42499999892513,-1.34999930109612));
#4063=SURFACE_SIDE_STYLE('',(#7432));
#4064=EDGE_LOOP('',(#7433,#7434,#7435,#7436));
#4065=AXIS2_PLACEMENT_3D('',#7437,#7438,#7439);
#4066=SURFACE_SIDE_STYLE('',(#7440));
#4067=EDGE_LOOP('',(#7441,#7442,#7443,#7444));
#4068=AXIS2_PLACEMENT_3D('',#7445,#7446,#7447);
#4069=SURFACE_SIDE_STYLE('',(#7448));
#4070=EDGE_LOOP('',(#7449,#7450,#7451,#7452));
#4071=AXIS2_PLACEMENT_3D('',#7453,#7454,#7455);
#4072=SURFACE_SIDE_STYLE('',(#7456));
#4073=EDGE_LOOP('',(#7457,#7458,#7459,#7460,#7461,#7462));
#4075=CARTESIAN_POINT('',(-2.80000039587738,7.07499947853469,-0.849999999230101));
#4076=CARTESIAN_POINT('',(-2.80000039587738,7.07499947641964,-1.23076087683999));
#4077=CARTESIAN_POINT('',(-2.80000039587738,6.80576087672493,-1.49999947353469));
#4078=CARTESIAN_POINT('',(-2.80000039587738,6.425,-1.49999947353469));
#4079=CARTESIAN_POINT('',(-2.63636399084635,7.29318215238461,-0.850000000845755));
#4080=CARTESIAN_POINT('',(-2.63636399084635,7.29318214946173,-1.3585693287789));
#4081=CARTESIAN_POINT('',(-2.63636399084635,6.93356932785602,-1.71818214738462));
#4082=CARTESIAN_POINT('',(-2.63636399084635,6.425,-1.71818214738462));
#4083=CARTESIAN_POINT('',(-2.36363600915364,7.29318215238461,-0.850000000845756));
#4084=CARTESIAN_POINT('',(-2.36363600915364,7.29318214946174,-1.3585693287789));
#4085=CARTESIAN_POINT('',(-2.36363600915364,6.93356932785602,-1.71818214738461));
#4086=CARTESIAN_POINT('',(-2.36363600915364,6.425,-1.71818214738461));
#4087=CARTESIAN_POINT('',(-2.19999960412262,7.07499947853469,-0.849999999230102));
#4088=CARTESIAN_POINT('',(-2.19999960412262,7.07499947641964,-1.23076087683998));
#4089=CARTESIAN_POINT('',(-2.19999960412262,6.80576087672493,-1.49999947353469));
#4090=CARTESIAN_POINT('',(-2.19999960412262,6.425,-1.49999947353469));
#4097=SURFACE_SIDE_STYLE('',(#7463));
#4098=EDGE_LOOP('',(#7464,#7465,#7466,#7467,#7468,#7469));
#4099=AXIS2_PLACEMENT_3D('',#7470,#7471,#7472);
#4100=SURFACE_SIDE_STYLE('',(#7473));
#4101=EDGE_LOOP('',(#7474,#7475,#7476,#7477));
#4102=AXIS2_PLACEMENT_3D('',#7478,#7479,#7480);
#4103=SURFACE_SIDE_STYLE('',(#7481));
#4104=EDGE_LOOP('',(#7482,#7483,#7484,#7485,#7486,#7487));
#4105=AXIS2_PLACEMENT_3D('',#7488,#7489,#7490);
#4106=SURFACE_SIDE_STYLE('',(#7491));
#4107=EDGE_LOOP('',(#7492,#7493,#7494,#7495));
#4108=AXIS2_PLACEMENT_3D('',#7496,#7497,#7498);
#4109=SURFACE_SIDE_STYLE('',(#7499));
#4110=EDGE_LOOP('',(#7500,#7501,#7502,#7503,#7504,#7505,#7506,#7507));
#4111=AXIS2_PLACEMENT_3D('',#7508,#7509,#7510);
#4112=SURFACE_SIDE_STYLE('',(#7511));
#4113=EDGE_LOOP('',(#7512,#7513,#7514,#7515));
#4114=AXIS2_PLACEMENT_3D('',#7516,#7517,#7518);
#4115=SURFACE_SIDE_STYLE('',(#7519));
#4116=EDGE_LOOP('',(#7520,#7521,#7522,#7523));
#4117=AXIS2_PLACEMENT_3D('',#7524,#7525,#7526);
#4118=SURFACE_SIDE_STYLE('',(#7527));
#4119=EDGE_LOOP('',(#7528,#7529,#7530,#7531));
#4120=AXIS2_PLACEMENT_3D('',#7532,#7533,#7534);
#4121=SURFACE_SIDE_STYLE('',(#7535));
#4122=EDGE_LOOP('',(#7536,#7537,#7538,#7539));
#4123=AXIS2_PLACEMENT_3D('',#7540,#7541,#7542);
#4124=SURFACE_SIDE_STYLE('',(#7543));
#4125=EDGE_LOOP('',(#7544,#7545,#7546,#7547,#7548,#7549,#7550,#7551));
#4126=AXIS2_PLACEMENT_3D('',#7552,#7553,#7554);
#4127=SURFACE_SIDE_STYLE('',(#7555));
#4128=EDGE_LOOP('',(#7556,#7557,#7558,#7559));
#4129=AXIS2_PLACEMENT_3D('',#7560,#7561,#7562);
#4130=SURFACE_SIDE_STYLE('',(#7563));
#4131=EDGE_LOOP('',(#7564,#7565,#7566));
#4132=AXIS2_PLACEMENT_3D('',#7567,#7568,#7569);
#4133=SURFACE_SIDE_STYLE('',(#7570));
#4134=EDGE_LOOP('',(#7571,#7572,#7573));
#4135=AXIS2_PLACEMENT_3D('',#7574,#7575,#7576);
#4136=SURFACE_SIDE_STYLE('',(#7577));
#4137=EDGE_LOOP('',(#7578,#7579,#7580,#7581,#7582));
#4138=AXIS2_PLACEMENT_3D('',#7583,#7584,#7585);
#4139=SURFACE_SIDE_STYLE('',(#7586));
#4140=EDGE_LOOP('',(#7587,#7588,#7589,#7590,#7591));
#4141=AXIS2_PLACEMENT_3D('',#7592,#7593,#7594);
#4142=SURFACE_SIDE_STYLE('',(#7595));
#4143=EDGE_LOOP('',(#7596,#7597,#7598,#7599));
#4144=AXIS2_PLACEMENT_3D('',#7600,#7601,#7602);
#4145=SURFACE_SIDE_STYLE('',(#7603));
#4146=EDGE_LOOP('',(#7604,#7605,#7606,#7607));
#4147=AXIS2_PLACEMENT_3D('',#7608,#7609,#7610);
#4148=SURFACE_SIDE_STYLE('',(#7611));
#4149=EDGE_LOOP('',(#7612,#7613,#7614,#7615));
#4150=AXIS2_PLACEMENT_3D('',#7616,#7617,#7618);
#4151=SURFACE_SIDE_STYLE('',(#7619));
#4152=EDGE_LOOP('',(#7620,#7621,#7622,#7623));
#4153=AXIS2_PLACEMENT_3D('',#7624,#7625,#7626);
#4154=SURFACE_SIDE_STYLE('',(#7627));
#4155=EDGE_LOOP('',(#7628,#7629,#7630,#7631));
#4156=AXIS2_PLACEMENT_3D('',#7632,#7633,#7634);
#4157=SURFACE_SIDE_STYLE('',(#7635));
#4158=EDGE_LOOP('',(#7636,#7637,#7638,#7639));
#4159=AXIS2_PLACEMENT_3D('',#7640,#7641,#7642);
#4160=SURFACE_SIDE_STYLE('',(#7643));
#4161=EDGE_LOOP('',(#7644,#7645,#7646,#7647));
#4162=AXIS2_PLACEMENT_3D('',#7648,#7649,#7650);
#4163=SURFACE_SIDE_STYLE('',(#7651));
#4164=EDGE_LOOP('',(#7652,#7653,#7654,#7655));
#4165=AXIS2_PLACEMENT_3D('',#7656,#7657,#7658);
#4166=SURFACE_SIDE_STYLE('',(#7659));
#4167=EDGE_LOOP('',(#7660,#7661,#7662,#7663));
#4168=AXIS2_PLACEMENT_3D('',#7664,#7665,#7666);
#4169=SURFACE_SIDE_STYLE('',(#7667));
#4170=EDGE_LOOP('',(#7668,#7669,#7670,#7671));
#4171=AXIS2_PLACEMENT_3D('',#7672,#7673,#7674);
#4172=SURFACE_SIDE_STYLE('',(#7675));
#4173=EDGE_LOOP('',(#7676,#7677,#7678,#7679,#7680));
#4174=AXIS2_PLACEMENT_3D('',#7681,#7682,#7683);
#4175=SURFACE_SIDE_STYLE('',(#7684));
#4176=EDGE_LOOP('',(#7685,#7686,#7687,#7688));
#4177=AXIS2_PLACEMENT_3D('',#7689,#7690,#7691);
#4178=SURFACE_SIDE_STYLE('',(#7692));
#4179=EDGE_LOOP('',(#7693,#7694,#7695,#7696));
#4180=AXIS2_PLACEMENT_3D('',#7697,#7698,#7699);
#4181=SURFACE_SIDE_STYLE('',(#7700));
#4182=EDGE_LOOP('',(#7701,#7702,#7703,#7704));
#4183=AXIS2_PLACEMENT_3D('',#7705,#7706,#7707);
#4184=SURFACE_SIDE_STYLE('',(#7708));
#4185=EDGE_LOOP('',(#7709,#7710,#7711,#7712));
#4186=AXIS2_PLACEMENT_3D('',#7713,#7714,#7715);
#4187=SURFACE_SIDE_STYLE('',(#7716));
#4188=EDGE_LOOP('',(#7717,#7718,#7719,#7720));
#4189=AXIS2_PLACEMENT_3D('',#7721,#7722,#7723);
#4190=SURFACE_SIDE_STYLE('',(#7724));
#4191=EDGE_LOOP('',(#7725,#7726,#7727,#7728));
#4192=AXIS2_PLACEMENT_3D('',#7729,#7730,#7731);
#4193=SURFACE_SIDE_STYLE('',(#7732));
#4194=EDGE_LOOP('',(#7733,#7734,#7735,#7736));
#4195=AXIS2_PLACEMENT_3D('',#7737,#7738,#7739);
#4196=SURFACE_SIDE_STYLE('',(#7740));
#4197=EDGE_LOOP('',(#7741,#7742,#7743,#7744));
#4198=AXIS2_PLACEMENT_3D('',#7745,#7746,#7747);
#4199=SURFACE_SIDE_STYLE('',(#7748));
#4200=EDGE_LOOP('',(#7749,#7750,#7751,#7752));
#4201=AXIS2_PLACEMENT_3D('',#7753,#7754,#7755);
#4202=SURFACE_SIDE_STYLE('',(#7756));
#4203=EDGE_LOOP('',(#7757,#7758,#7759,#7760));
#4204=AXIS2_PLACEMENT_3D('',#7761,#7762,#7763);
#4205=SURFACE_SIDE_STYLE('',(#7764));
#4206=EDGE_LOOP('',(#7765,#7766,#7767,#7768,#7769,#7770,#7771));
#4207=AXIS2_PLACEMENT_3D('',#7772,#7773,#7774);
#4208=SURFACE_SIDE_STYLE('',(#7775));
#4209=EDGE_LOOP('',(#7776,#7777,#7778,#7779));
#4210=AXIS2_PLACEMENT_3D('',#7780,#7781,#7782);
#4211=SURFACE_SIDE_STYLE('',(#7783));
#4212=EDGE_LOOP('',(#7784,#7785,#7786,#7787,#7788,#7789,#7790));
#4213=AXIS2_PLACEMENT_3D('',#7791,#7792,#7793);
#4214=SURFACE_SIDE_STYLE('',(#7794));
#4215=EDGE_LOOP('',(#7795,#7796,#7797,#7798));
#4216=AXIS2_PLACEMENT_3D('',#7799,#7800,#7801);
#4217=SURFACE_SIDE_STYLE('',(#7802));
#4218=EDGE_LOOP('',(#7803,#7804,#7805,#7806));
#4219=AXIS2_PLACEMENT_3D('',#7807,#7808,#7809);
#4220=SURFACE_SIDE_STYLE('',(#7810));
#4221=EDGE_LOOP('',(#7811,#7812,#7813,#7814));
#4222=AXIS2_PLACEMENT_3D('',#7815,#7816,#7817);
#4223=SURFACE_SIDE_STYLE('',(#7818));
#4224=EDGE_LOOP('',(#7819,#7820,#7821,#7822,#7823,#7824,#7825));
#4225=AXIS2_PLACEMENT_3D('',#7826,#7827,#7828);
#4226=SURFACE_SIDE_STYLE('',(#7829));
#4227=EDGE_LOOP('',(#7830,#7831,#7832,#7833));
#4228=AXIS2_PLACEMENT_3D('',#7834,#7835,#7836);
#4229=SURFACE_SIDE_STYLE('',(#7837));
#4230=EDGE_LOOP('',(#7838,#7839,#7840,#7841,#7842,#7843,#7844));
#4231=AXIS2_PLACEMENT_3D('',#7845,#7846,#7847);
#4232=SURFACE_SIDE_STYLE('',(#7848));
#4233=EDGE_LOOP('',(#7849,#7850,#7851,#7852));
#4234=AXIS2_PLACEMENT_3D('',#7853,#7854,#7855);
#4235=SURFACE_SIDE_STYLE('',(#7856));
#4236=EDGE_LOOP('',(#7857,#7858,#7859,#7860));
#4237=AXIS2_PLACEMENT_3D('',#7861,#7862,#7863);
#4238=SURFACE_SIDE_STYLE('',(#7864));
#4239=EDGE_LOOP('',(#7865,#7866,#7867,#7868));
#4240=AXIS2_PLACEMENT_3D('',#7869,#7870,#7871);
#4241=SURFACE_SIDE_STYLE('',(#7872));
#4242=EDGE_LOOP('',(#7873,#7874,#7875,#7876));
#4243=AXIS2_PLACEMENT_3D('',#7877,#7878,#7879);
#4244=SURFACE_SIDE_STYLE('',(#7880));
#4245=EDGE_LOOP('',(#7881,#7882,#7883,#7884));
#4246=AXIS2_PLACEMENT_3D('',#7885,#7886,#7887);
#4247=SURFACE_SIDE_STYLE('',(#7888));
#4248=EDGE_LOOP('',(#7889,#7890,#7891,#7892));
#4249=AXIS2_PLACEMENT_3D('',#7893,#7894,#7895);
#4250=SURFACE_SIDE_STYLE('',(#7896));
#4251=EDGE_LOOP('',(#7897,#7898,#7899,#7900));
#4252=AXIS2_PLACEMENT_3D('',#7901,#7902,#7903);
#4253=SURFACE_SIDE_STYLE('',(#7904));
#4254=EDGE_LOOP('',(#7905,#7906,#7907,#7908));
#4255=AXIS2_PLACEMENT_3D('',#7909,#7910,#7911);
#4256=SURFACE_SIDE_STYLE('',(#7912));
#4257=EDGE_LOOP('',(#7913,#7914,#7915,#7916));
#4258=AXIS2_PLACEMENT_3D('',#7917,#7918,#7919);
#4259=SURFACE_SIDE_STYLE('',(#7920));
#4260=EDGE_LOOP('',(#7921,#7922,#7923,#7924,#7925));
#4261=AXIS2_PLACEMENT_3D('',#7926,#7927,#7928);
#4262=SURFACE_SIDE_STYLE('',(#7929));
#4263=EDGE_LOOP('',(#7930,#7931,#7932));
#4264=AXIS2_PLACEMENT_3D('',#7933,#7934,#7935);
#4265=SURFACE_SIDE_STYLE('',(#7936));
#4266=EDGE_LOOP('',(#7937,#7938,#7939));
#4267=AXIS2_PLACEMENT_3D('',#7940,#7941,#7942);
#4268=SURFACE_SIDE_STYLE('',(#7943));
#4269=EDGE_LOOP('',(#7944,#7945,#7946,#7947,#7948,#7949,#7950,#7951,#7952,#7953,#7954,#7955,#7956,#7957,#7958,#7959,#7960,#7961,#7962,#7963));
#4270=AXIS2_PLACEMENT_3D('',#7964,#7965,#7966);
#4271=SURFACE_SIDE_STYLE('',(#7967));
#4272=EDGE_LOOP('',(#7968,#7969,#7970));
#4273=AXIS2_PLACEMENT_3D('',#7971,#7972,#7973);
#4274=SURFACE_SIDE_STYLE('',(#7974));
#4275=EDGE_LOOP('',(#7975,#7976,#7977));
#4276=AXIS2_PLACEMENT_3D('',#7978,#7979,#7980);
#4277=SURFACE_SIDE_STYLE('',(#7981));
#4278=EDGE_LOOP('',(#7982,#7983,#7984,#7985,#7986));
#4279=AXIS2_PLACEMENT_3D('',#7987,#7988,#7989);
#4280=SURFACE_SIDE_STYLE('',(#7990));
#4281=EDGE_LOOP('',(#7991,#7992,#7993,#7994,#7995));
#4282=AXIS2_PLACEMENT_3D('',#7996,#7997,#7998);
#4283=SURFACE_SIDE_STYLE('',(#7999));
#4284=EDGE_LOOP('',(#8000,#8001,#8002,#8003));
#4285=AXIS2_PLACEMENT_3D('',#8004,#8005,#8006);
#4286=SURFACE_SIDE_STYLE('',(#8007));
#4287=EDGE_LOOP('',(#8008,#8009,#8010,#8011));
#4288=AXIS2_PLACEMENT_3D('',#8012,#8013,#8014);
#4289=SURFACE_SIDE_STYLE('',(#8015));
#4290=EDGE_LOOP('',(#8016,#8017,#8018,#8019));
#4291=AXIS2_PLACEMENT_3D('',#8020,#8021,#8022);
#4292=SURFACE_SIDE_STYLE('',(#8023));
#4293=EDGE_LOOP('',(#8024,#8025,#8026,#8027));
#4294=AXIS2_PLACEMENT_3D('',#8028,#8029,#8030);
#4295=SURFACE_SIDE_STYLE('',(#8031));
#4296=EDGE_LOOP('',(#8032,#8033,#8034,#8035));
#4297=AXIS2_PLACEMENT_3D('',#8036,#8037,#8038);
#4298=SURFACE_SIDE_STYLE('',(#8039));
#4299=EDGE_LOOP('',(#8040,#8041,#8042,#8043,#8044,#8045,#8046,#8047,#8048,#8049,#8050,#8051,#8052,#8053,#8054,#8055,#8056,#8057,#8058,#8059,#8060,#8061,#8062,#8063,#8064,#8065,#8066,#8067,#8068,#8069,#8070,#8071,#8072,#8073,#8074,#8075,#8076,#8077,#8078,#8079,#8080,#8081,#8082,#8083,#8084,#8085,#8086,#8087));
#4300=EDGE_LOOP('',(#8088,#8089,#8090,#8091));
#4301=AXIS2_PLACEMENT_3D('',#8092,#8093,#8094);
#4302=SURFACE_SIDE_STYLE('',(#8095));
#4303=EDGE_LOOP('',(#8096,#8097,#8098,#8099));
#4304=AXIS2_PLACEMENT_3D('',#8100,#8101,#8102);
#4305=SURFACE_SIDE_STYLE('',(#8103));
#4306=EDGE_LOOP('',(#8104,#8105,#8106,#8107));
#4307=AXIS2_PLACEMENT_3D('',#8108,#8109,#8110);
#4308=SURFACE_SIDE_STYLE('',(#8111));
#4309=EDGE_LOOP('',(#8112,#8113,#8114,#8115));
#4310=AXIS2_PLACEMENT_3D('',#8116,#8117,#8118);
#4311=SURFACE_SIDE_STYLE('',(#8119));
#4312=EDGE_LOOP('',(#8120,#8121,#8122,#8123));
#4313=AXIS2_PLACEMENT_3D('',#8124,#8125,#8126);
#4314=SURFACE_SIDE_STYLE('',(#8127));
#4315=EDGE_LOOP('',(#8128,#8129,#8130,#8131));
#4316=AXIS2_PLACEMENT_3D('',#8132,#8133,#8134);
#4317=SURFACE_SIDE_STYLE('',(#8135));
#4318=EDGE_LOOP('',(#8136,#8137,#8138,#8139,#8140));
#4319=AXIS2_PLACEMENT_3D('',#8141,#8142,#8143);
#4320=SURFACE_SIDE_STYLE('',(#8144));
#4321=EDGE_LOOP('',(#8145,#8146,#8147,#8148));
#4322=AXIS2_PLACEMENT_3D('',#8149,#8150,#8151);
#4323=SURFACE_SIDE_STYLE('',(#8152));
#4324=EDGE_LOOP('',(#8153,#8154,#8155,#8156));
#4325=AXIS2_PLACEMENT_3D('',#8157,#8158,#8159);
#4326=SURFACE_SIDE_STYLE('',(#8160));
#4327=EDGE_LOOP('',(#8161,#8162,#8163,#8164));
#4328=AXIS2_PLACEMENT_3D('',#8165,#8166,#8167);
#4329=SURFACE_SIDE_STYLE('',(#8168));
#4330=EDGE_LOOP('',(#8169,#8170,#8171,#8172));
#4331=AXIS2_PLACEMENT_3D('',#8173,#8174,#8175);
#4332=SURFACE_SIDE_STYLE('',(#8176));
#4333=EDGE_LOOP('',(#8177,#8178,#8179,#8180));
#4334=AXIS2_PLACEMENT_3D('',#8181,#8182,#8183);
#4335=SURFACE_SIDE_STYLE('',(#8184));
#4336=EDGE_LOOP('',(#8185,#8186,#8187,#8188));
#4337=AXIS2_PLACEMENT_3D('',#8189,#8190,#8191);
#4338=SURFACE_SIDE_STYLE('',(#8192));
#4339=EDGE_LOOP('',(#8193,#8194,#8195,#8196));
#4340=AXIS2_PLACEMENT_3D('',#8197,#8198,#8199);
#4341=SURFACE_SIDE_STYLE('',(#8200));
#4342=EDGE_LOOP('',(#8201,#8202,#8203,#8204));
#4343=AXIS2_PLACEMENT_3D('',#8205,#8206,#8207);
#4344=SURFACE_SIDE_STYLE('',(#8208));
#4345=EDGE_LOOP('',(#8209,#8210,#8211,#8212));
#4346=AXIS2_PLACEMENT_3D('',#8213,#8214,#8215);
#4347=SURFACE_SIDE_STYLE('',(#8216));
#4348=EDGE_LOOP('',(#8217,#8218,#8219,#8220));
#4349=AXIS2_PLACEMENT_3D('',#8221,#8222,#8223);
#4350=SURFACE_SIDE_STYLE('',(#8224));
#4351=EDGE_LOOP('',(#8225,#8226,#8227,#8228));
#4352=AXIS2_PLACEMENT_3D('',#8229,#8230,#8231);
#4353=SURFACE_SIDE_STYLE('',(#8232));
#4354=EDGE_LOOP('',(#8233,#8234,#8235,#8236));
#4355=AXIS2_PLACEMENT_3D('',#8237,#8238,#8239);
#4356=SURFACE_SIDE_STYLE('',(#8240));
#4357=EDGE_LOOP('',(#8241,#8242,#8243,#8244));
#4358=AXIS2_PLACEMENT_3D('',#8245,#8246,#8247);
#4359=SURFACE_SIDE_STYLE('',(#8248));
#4360=EDGE_LOOP('',(#8249,#8250,#8251,#8252));
#4361=AXIS2_PLACEMENT_3D('',#8253,#8254,#8255);
#4362=SURFACE_SIDE_STYLE('',(#8256));
#4363=EDGE_LOOP('',(#8257,#8258,#8259,#8260));
#4364=AXIS2_PLACEMENT_3D('',#8261,#8262,#8263);
#4365=SURFACE_SIDE_STYLE('',(#8264));
#4366=EDGE_LOOP('',(#8265,#8266,#8267,#8268));
#4367=AXIS2_PLACEMENT_3D('',#8269,#8270,#8271);
#4368=SURFACE_SIDE_STYLE('',(#8272));
#4369=EDGE_LOOP('',(#8273,#8274,#8275,#8276));
#4370=AXIS2_PLACEMENT_3D('',#8277,#8278,#8279);
#4371=SURFACE_SIDE_STYLE('',(#8280));
#4372=EDGE_LOOP('',(#8281,#8282,#8283,#8284));
#4373=AXIS2_PLACEMENT_3D('',#8285,#8286,#8287);
#4374=SURFACE_SIDE_STYLE('',(#8288));
#4375=EDGE_LOOP('',(#8289,#8290,#8291,#8292));
#4376=AXIS2_PLACEMENT_3D('',#8293,#8294,#8295);
#4377=SURFACE_SIDE_STYLE('',(#8296));
#4378=EDGE_LOOP('',(#8297,#8298,#8299,#8300));
#4379=AXIS2_PLACEMENT_3D('',#8301,#8302,#8303);
#4380=SURFACE_SIDE_STYLE('',(#8304));
#4381=EDGE_LOOP('',(#8305,#8306,#8307,#8308,#8309));
#4382=AXIS2_PLACEMENT_3D('',#8310,#8311,#8312);
#4383=SURFACE_SIDE_STYLE('',(#8313));
#4384=EDGE_LOOP('',(#8314,#8315,#8316,#8317,#8318,#8319,#8320,#8321,#8322,#8323,#8324,#8325,#8326,#8327,#8328,#8329,#8330,#8331,#8332,#8333));
#4385=AXIS2_PLACEMENT_3D('',#8334,#8335,#8336);
#4386=SURFACE_SIDE_STYLE('',(#8337));
#4387=EDGE_LOOP('',(#8338,#8339,#8340));
#4388=AXIS2_PLACEMENT_3D('',#8341,#8342,#8343);
#4389=SURFACE_SIDE_STYLE('',(#8344));
#4390=EDGE_LOOP('',(#8345,#8346,#8347));
#4391=AXIS2_PLACEMENT_3D('',#8348,#8349,#8350);
#4392=SURFACE_SIDE_STYLE('',(#8351));
#4393=EDGE_LOOP('',(#8352,#8353,#8354,#8355));
#4394=AXIS2_PLACEMENT_3D('',#8356,#8357,#8358);
#4395=SURFACE_SIDE_STYLE('',(#8359));
#4396=EDGE_LOOP('',(#8360,#8361));
#4397=AXIS2_PLACEMENT_3D('',#8362,#8363,#8364);
#4398=SURFACE_SIDE_STYLE('',(#8365));
#4399=EDGE_LOOP('',(#8366,#8367));
#4400=AXIS2_PLACEMENT_3D('',#8368,#8369,#8370);
#4401=SURFACE_SIDE_STYLE('',(#8371));
#4402=EDGE_LOOP('',(#8372,#8373,#8374,#8375,#8376,#8377));
#4403=AXIS2_PLACEMENT_3D('',#8378,#8379,#8380);
#4404=SURFACE_SIDE_STYLE('',(#8381));
#4405=EDGE_LOOP('',(#8382,#8383,#8384,#8385));
#4406=AXIS2_PLACEMENT_3D('',#8386,#8387,#8388);
#4407=SURFACE_SIDE_STYLE('',(#8389));
#4408=EDGE_LOOP('',(#8390,#8391,#8392,#8393));
#4409=AXIS2_PLACEMENT_3D('',#8394,#8395,#8396);
#4410=SURFACE_SIDE_STYLE('',(#8397));
#4411=EDGE_LOOP('',(#8398,#8399,#8400,#8401,#8402));
#4412=AXIS2_PLACEMENT_3D('',#8403,#8404,#8405);
#4413=SURFACE_SIDE_STYLE('',(#8406));
#4414=EDGE_LOOP('',(#8407,#8408,#8409,#8410));
#4415=AXIS2_PLACEMENT_3D('',#8411,#8412,#8413);
#4416=SURFACE_SIDE_STYLE('',(#8414));
#4417=EDGE_LOOP('',(#8415,#8416,#8417,#8418));
#4418=AXIS2_PLACEMENT_3D('',#8419,#8420,#8421);
#4419=SURFACE_SIDE_STYLE('',(#8422));
#4420=EDGE_LOOP('',(#8423,#8424,#8425,#8426));
#4421=AXIS2_PLACEMENT_3D('',#8427,#8428,#8429);
#4422=SURFACE_SIDE_STYLE('',(#8430));
#4423=EDGE_LOOP('',(#8431,#8432,#8433,#8434));
#4424=AXIS2_PLACEMENT_3D('',#8435,#8436,#8437);
#4425=SURFACE_SIDE_STYLE('',(#8438));
#4426=EDGE_LOOP('',(#8439,#8440,#8441,#8442));
#4427=AXIS2_PLACEMENT_3D('',#8443,#8444,#8445);
#4428=SURFACE_SIDE_STYLE('',(#8446));
#4429=EDGE_LOOP('',(#8447,#8448,#8449,#8450));
#4430=AXIS2_PLACEMENT_3D('',#8451,#8452,#8453);
#4431=SURFACE_SIDE_STYLE('',(#8454));
#4432=EDGE_LOOP('',(#8455,#8456,#8457,#8458,#8459,#8460,#8461,#8462,#8463,#8464,#8465,#8466,#8467,#8468,#8469,#8470,#8471,#8472,#8473,#8474,#8475,#8476,#8477,#8478));
#4433=AXIS2_PLACEMENT_3D('',#8479,#8480,#8481);
#4434=SURFACE_SIDE_STYLE('',(#8482));
#4435=EDGE_LOOP('',(#8483,#8484,#8485,#8486));
#4436=AXIS2_PLACEMENT_3D('',#8487,#8488,#8489);
#4437=SURFACE_SIDE_STYLE('',(#8490));
#4438=EDGE_LOOP('',(#8491,#8492,#8493,#8494));
#4439=AXIS2_PLACEMENT_3D('',#8495,#8496,#8497);
#4440=SURFACE_SIDE_STYLE('',(#8498));
#4441=EDGE_LOOP('',(#8499,#8500,#8501,#8502));
#4442=AXIS2_PLACEMENT_3D('',#8503,#8504,#8505);
#4443=SURFACE_SIDE_STYLE('',(#8506));
#4444=EDGE_LOOP('',(#8507,#8508,#8509,#8510));
#4445=AXIS2_PLACEMENT_3D('',#8511,#8512,#8513);
#4446=SURFACE_SIDE_STYLE('',(#8514));
#4447=EDGE_LOOP('',(#8515,#8516,#8517,#8518));
#4448=AXIS2_PLACEMENT_3D('',#8519,#8520,#8521);
#4449=SURFACE_SIDE_STYLE('',(#8522));
#4450=EDGE_LOOP('',(#8523,#8524,#8525,#8526));
#4451=AXIS2_PLACEMENT_3D('',#8527,#8528,#8529);
#4452=SURFACE_SIDE_STYLE('',(#8530));
#4453=EDGE_LOOP('',(#8531,#8532,#8533,#8534,#8535));
#4454=AXIS2_PLACEMENT_3D('',#8536,#8537,#8538);
#4455=SURFACE_SIDE_STYLE('',(#8539));
#4456=EDGE_LOOP('',(#8540,#8541,#8542,#8543));
#4457=AXIS2_PLACEMENT_3D('',#8544,#8545,#8546);
#4458=SURFACE_SIDE_STYLE('',(#8547));
#4459=EDGE_LOOP('',(#8548,#8549,#8550,#8551));
#4460=AXIS2_PLACEMENT_3D('',#8552,#8553,#8554);
#4461=SURFACE_SIDE_STYLE('',(#8555));
#4462=EDGE_LOOP('',(#8556,#8557,#8558,#8559));
#4463=AXIS2_PLACEMENT_3D('',#8560,#8561,#8562);
#4464=SURFACE_SIDE_STYLE('',(#8563));
#4465=EDGE_LOOP('',(#8564,#8565,#8566,#8567));
#4466=AXIS2_PLACEMENT_3D('',#8568,#8569,#8570);
#4467=SURFACE_SIDE_STYLE('',(#8571));
#4468=EDGE_LOOP('',(#8572,#8573,#8574,#8575));
#4469=AXIS2_PLACEMENT_3D('',#8576,#8577,#8578);
#4470=SURFACE_SIDE_STYLE('',(#8579));
#4471=EDGE_LOOP('',(#8580,#8581,#8582,#8583));
#4472=AXIS2_PLACEMENT_3D('',#8584,#8585,#8586);
#4473=SURFACE_SIDE_STYLE('',(#8587));
#4474=EDGE_LOOP('',(#8588,#8589,#8590,#8591));
#4475=AXIS2_PLACEMENT_3D('',#8592,#8593,#8594);
#4476=SURFACE_SIDE_STYLE('',(#8595));
#4477=EDGE_LOOP('',(#8596,#8597,#8598,#8599,#8600));
#4478=AXIS2_PLACEMENT_3D('',#8601,#8602,#8603);
#4479=SURFACE_SIDE_STYLE('',(#8604));
#4480=EDGE_LOOP('',(#8605,#8606,#8607,#8608));
#4481=AXIS2_PLACEMENT_3D('',#8609,#8610,#8611);
#4482=SURFACE_SIDE_STYLE('',(#8612));
#4483=EDGE_LOOP('',(#8613,#8614,#8615,#8616));
#4484=AXIS2_PLACEMENT_3D('',#8617,#8618,#8619);
#4485=SURFACE_SIDE_STYLE('',(#8620));
#4486=EDGE_LOOP('',(#8621,#8622,#8623,#8624));
#4487=AXIS2_PLACEMENT_3D('',#8625,#8626,#8627);
#4488=SURFACE_SIDE_STYLE('',(#8628));
#4489=EDGE_LOOP('',(#8629,#8630,#8631,#8632));
#4490=AXIS2_PLACEMENT_3D('',#8633,#8634,#8635);
#4491=SURFACE_SIDE_STYLE('',(#8636));
#4492=EDGE_LOOP('',(#8637,#8638,#8639,#8640));
#4493=AXIS2_PLACEMENT_3D('',#8641,#8642,#8643);
#4494=SURFACE_SIDE_STYLE('',(#8644));
#4495=EDGE_LOOP('',(#8645,#8646,#8647,#8648));
#4496=AXIS2_PLACEMENT_3D('',#8649,#8650,#8651);
#4497=SURFACE_SIDE_STYLE('',(#8652));
#4498=EDGE_LOOP('',(#8653,#8654,#8655,#8656,#8657,#8658,#8659,#8660,#8661,#8662,#8663,#8664,#8665,#8666,#8667,#8668,#8669,#8670,#8671,#8672,#8673,#8674,#8675,#8676));
#4499=AXIS2_PLACEMENT_3D('',#8677,#8678,#8679);
#4500=SURFACE_SIDE_STYLE('',(#8680));
#4501=EDGE_LOOP('',(#8681,#8682,#8683,#8684));
#4502=AXIS2_PLACEMENT_3D('',#8685,#8686,#8687);
#4503=SURFACE_SIDE_STYLE('',(#8688));
#4504=EDGE_LOOP('',(#8689,#8690,#8691,#8692));
#4505=AXIS2_PLACEMENT_3D('',#8693,#8694,#8695);
#4506=SURFACE_SIDE_STYLE('',(#8696));
#4507=EDGE_LOOP('',(#8697,#8698,#8699,#8700));
#4508=AXIS2_PLACEMENT_3D('',#8701,#8702,#8703);
#4509=SURFACE_SIDE_STYLE('',(#8704));
#4510=EDGE_LOOP('',(#8705,#8706,#8707,#8708));
#4511=AXIS2_PLACEMENT_3D('',#8709,#8710,#8711);
#4512=SURFACE_SIDE_STYLE('',(#8712));
#4513=EDGE_LOOP('',(#8713,#8714,#8715,#8716));
#4514=AXIS2_PLACEMENT_3D('',#8717,#8718,#8719);
#4515=SURFACE_SIDE_STYLE('',(#8720));
#4516=EDGE_LOOP('',(#8721,#8722,#8723,#8724));
#4517=AXIS2_PLACEMENT_3D('',#8725,#8726,#8727);
#4518=SURFACE_SIDE_STYLE('',(#8728));
#4519=EDGE_LOOP('',(#8729,#8730,#8731,#8732,#8733));
#4520=AXIS2_PLACEMENT_3D('',#8734,#8735,#8736);
#4521=SURFACE_SIDE_STYLE('',(#8737));
#4522=EDGE_LOOP('',(#8738,#8739,#8740,#8741));
#4523=AXIS2_PLACEMENT_3D('',#8742,#8743,#8744);
#4524=SURFACE_SIDE_STYLE('',(#8745));
#4525=EDGE_LOOP('',(#8746,#8747,#8748,#8749));
#4526=AXIS2_PLACEMENT_3D('',#8750,#8751,#8752);
#4527=SURFACE_SIDE_STYLE('',(#8753));
#4528=EDGE_LOOP('',(#8754,#8755,#8756,#8757,#8758,#8759));
#4529=AXIS2_PLACEMENT_3D('',#8760,#8761,#8762);
#4530=SURFACE_SIDE_STYLE('',(#8763));
#4531=EDGE_LOOP('',(#8764,#8765,#8766,#8767));
#4532=AXIS2_PLACEMENT_3D('',#8768,#8769,#8770);
#4533=SURFACE_SIDE_STYLE('',(#8771));
#4534=EDGE_LOOP('',(#8772,#8773,#8774,#8775));
#4535=AXIS2_PLACEMENT_3D('',#8776,#8777,#8778);
#4536=SURFACE_SIDE_STYLE('',(#8779));
#4537=EDGE_LOOP('',(#8780,#8781,#8782,#8783));
#4538=AXIS2_PLACEMENT_3D('',#8784,#8785,#8786);
#4539=SURFACE_SIDE_STYLE('',(#8787));
#4540=EDGE_LOOP('',(#8788,#8789,#8790,#8791));
#4541=AXIS2_PLACEMENT_3D('',#8792,#8793,#8794);
#4542=SURFACE_SIDE_STYLE('',(#8795));
#4543=EDGE_LOOP('',(#8796,#8797,#8798,#8799));
#4544=AXIS2_PLACEMENT_3D('',#8800,#8801,#8802);
#4545=SURFACE_SIDE_STYLE('',(#8803));
#4546=EDGE_LOOP('',(#8804,#8805,#8806,#8807,#8808,#8809,#8810,#8811,#8812,#8813,#8814,#8815,#8816,#8817,#8818,#8819,#8820,#8821,#8822,#8823,#8824,#8825,#8826,#8827,#8828,#8829,#8830,#8831,#8832,#8833,#8834,#8835,#8836,#8837,#8838,#8839,#8840,#8841,#8842,#8843,#8844,#8845,#8846,#8847,#8848,#8849,#8850,#8851,#8852,#8853,#8854,#8855));
#4547=EDGE_LOOP('',(#8856,#8857));
#4548=EDGE_LOOP('',(#8858,#8859));
#4549=EDGE_LOOP('',(#8860,#8861));
#4550=AXIS2_PLACEMENT_3D('',#8862,#8863,#8864);
#4551=SURFACE_SIDE_STYLE('',(#8865));
#4552=EDGE_LOOP('',(#8866,#8867,#8868,#8869));
#4554=CARTESIAN_POINT('',(4.01492516504714,0.0,-4.50022280991362));
#4555=CARTESIAN_POINT('',(4.01492516504714,-8.0298503310854,-4.50022280991362));
#4556=CARTESIAN_POINT('',(-4.01492516504714,-8.0298503310854,-4.50022280991362));
#4557=CARTESIAN_POINT('',(-4.01492516504714,0.0,-4.50022280991362));
#4558=CARTESIAN_POINT('',(3.70963297288576,0.0,-4.49110567477288));
#4559=CARTESIAN_POINT('',(3.70963297288576,-7.41926594661154,-4.49110567477288));
#4560=CARTESIAN_POINT('',(-3.70963297288576,-7.41926594661154,-4.49110567477288));
#4561=CARTESIAN_POINT('',(-3.70963297288576,0.0,-4.49110567477288));
#4562=CARTESIAN_POINT('',(3.49277004535163,0.0,-4.7064050950558));
#4563=CARTESIAN_POINT('',(3.49277004535163,-6.98554008998754,-4.70640509505581));
#4564=CARTESIAN_POINT('',(-3.49277004535163,-6.98554008998754,-4.70640509505581));
#4565=CARTESIAN_POINT('',(-3.49277004535163,0.0,-4.7064050950558));
#4566=CARTESIAN_POINT('',(3.5001454990932,0.0,-5.01206143450474));
#4567=CARTESIAN_POINT('',(3.5001454990932,-7.00029099898176,-5.01206143450474));
#4568=CARTESIAN_POINT('',(-3.5001454990932,-7.00029099898176,-5.01206143450474));
#4569=CARTESIAN_POINT('',(-3.5001454990932,0.0,-5.01206143450474));
#4576=SURFACE_SIDE_STYLE('',(#8870));
#4577=EDGE_LOOP('',(#8871,#8872,#8873,#8874));
#4579=CARTESIAN_POINT('',(-4.01492516504735,0.0,-4.50022280991363));
#4580=CARTESIAN_POINT('',(-4.01492516504735,8.02985033108583,-4.50022280991363));
#4581=CARTESIAN_POINT('',(4.01492516504735,8.02985033108583,-4.50022280991363));
#4582=CARTESIAN_POINT('',(4.01492516504735,0.0,-4.50022280991363));
#4583=CARTESIAN_POINT('',(-3.70963297286168,0.0,-4.49110567477203));
#4584=CARTESIAN_POINT('',(-3.70963297286168,7.41926594656337,-4.49110567477203));
#4585=CARTESIAN_POINT('',(3.70963297286168,7.41926594656337,-4.49110567477203));
#4586=CARTESIAN_POINT('',(3.70963297286168,0.0,-4.49110567477203));
#4587=CARTESIAN_POINT('',(-3.49277004532438,0.0,-4.70640509508274));
#4588=CARTESIAN_POINT('',(-3.49277004532438,6.98554008993305,-4.70640509508274));
#4589=CARTESIAN_POINT('',(3.49277004532438,6.98554008993305,-4.70640509508274));
#4590=CARTESIAN_POINT('',(3.49277004532438,0.0,-4.70640509508274));
#4591=CARTESIAN_POINT('',(-3.5001454990943,0.0,-5.01206143455033));
#4592=CARTESIAN_POINT('',(-3.5001454990943,7.00029099898397,-5.01206143455034));
#4593=CARTESIAN_POINT('',(3.5001454990943,7.00029099898397,-5.01206143455034));
#4594=CARTESIAN_POINT('',(3.5001454990943,0.0,-5.01206143455033));
#4601=SURFACE_SIDE_STYLE('',(#8875));
#4602=EDGE_LOOP('',(#8876,#8877,#8878,#8879));
#4603=AXIS2_PLACEMENT_3D('',#8880,#8881,#8882);
#4604=SURFACE_SIDE_STYLE('',(#8883));
#4605=EDGE_LOOP('',(#8884,#8885,#8886,#8887));
#4606=AXIS2_PLACEMENT_3D('',#8888,#8889,#8890);
#4607=SURFACE_SIDE_STYLE('',(#8891));
#4608=EDGE_LOOP('',(#8892,#8893,#8894,#8895));
#4609=AXIS2_PLACEMENT_3D('',#8896,#8897,#8898);
#4610=SURFACE_SIDE_STYLE('',(#8899));
#4611=EDGE_LOOP('',(#8900,#8901,#8902,#8903));
#4612=AXIS2_PLACEMENT_3D('',#8904,#8905,#8906);
#4613=SURFACE_SIDE_STYLE('',(#8907));
#4614=EDGE_LOOP('',(#8908,#8909));
#4615=EDGE_LOOP('',(#8910,#8911));
#4616=AXIS2_PLACEMENT_3D('',#8912,#8913,#8914);
#4617=SURFACE_SIDE_STYLE('',(#8915));
#4618=EDGE_LOOP('',(#8916,#8917,#8918,#8919));
#4619=AXIS2_PLACEMENT_3D('',#8920,#8921,#8922);
#4620=SURFACE_SIDE_STYLE('',(#8923));
#4621=EDGE_LOOP('',(#8924,#8925,#8926,#8927));
#4622=AXIS2_PLACEMENT_3D('',#8928,#8929,#8930);
#4623=SURFACE_SIDE_STYLE('',(#8931));
#4624=EDGE_LOOP('',(#8932,#8933));
#4625=EDGE_LOOP('',(#8934,#8935));
#4626=AXIS2_PLACEMENT_3D('',#8936,#8937,#8938);
#4627=SURFACE_SIDE_STYLE('',(#8939));
#4628=EDGE_LOOP('',(#8940,#8941,#8942,#8943));
#4629=AXIS2_PLACEMENT_3D('',#8944,#8945,#8946);
#4630=SURFACE_SIDE_STYLE('',(#8947));
#4631=EDGE_LOOP('',(#8948,#8949,#8950,#8951));
#4632=AXIS2_PLACEMENT_3D('',#8952,#8953,#8954);
#4633=SURFACE_SIDE_STYLE('',(#8955));
#4634=EDGE_LOOP('',(#8956,#8957,#8958,#8959));
#4635=AXIS2_PLACEMENT_3D('',#8960,#8961,#8962);
#4636=SURFACE_SIDE_STYLE('',(#8963));
#4637=EDGE_LOOP('',(#8964,#8965));
#4638=AXIS2_PLACEMENT_3D('',#8966,#8967,#8968);
#4639=SURFACE_SIDE_STYLE('',(#8969));
#4640=EDGE_LOOP('',(#8970,#8971,#8972,#8973,#8974,#8975));
#4641=AXIS2_PLACEMENT_3D('',#8976,#8977,#8978);
#4642=SURFACE_SIDE_STYLE('',(#8979));
#4643=ADVANCED_FACE('NONE',(#8980),#8981,.F.);
#4644=ADVANCED_FACE('NONE',(#8982),#8983,.F.);
#4645=ADVANCED_FACE('NONE',(#8984),#8985,.T.);
#4646=ADVANCED_FACE('NONE',(#8986),#8987,.T.);
#4647=ADVANCED_FACE('NONE',(#8988),#8989,.F.);
#4648=ADVANCED_FACE('NONE',(#8990),#8991,.T.);
#4649=ADVANCED_FACE('NONE',(#8992),#8993,.T.);
#4651=SURFACE_STYLE_FILL_AREA(#8994);
#4652=ORIENTED_EDGE('',*,*,#8995,.F.);
#4653=ORIENTED_EDGE('',*,*,#8996,.F.);
#4654=ORIENTED_EDGE('',*,*,#8997,.F.);
#4655=ORIENTED_EDGE('',*,*,#8998,.F.);
#4656=CARTESIAN_POINT('',(-5.95,1.25,1.58137085));
#4657=DIRECTION('',(3.61400724161835E-16,1.0,0.0));
#4658=DIRECTION('',(1.0,-3.61400724161835E-16,0.0));
#4659=SURFACE_STYLE_FILL_AREA(#8999);
#4660=ORIENTED_EDGE('',*,*,#9000,.F.);
#4661=ORIENTED_EDGE('',*,*,#9001,.T.);
#4662=ORIENTED_EDGE('',*,*,#9002,.T.);
#4663=ORIENTED_EDGE('',*,*,#9003,.F.);
#4664=CARTESIAN_POINT('',(3.0,0.0,-0.4));
#4665=DIRECTION('',(0.0,0.0,-1.0));
#4666=DIRECTION('',(1.0,0.0,0.0));
#4667=SURFACE_STYLE_FILL_AREA(#9004);
#4668=ORIENTED_EDGE('',*,*,#9005,.F.);
#4669=ORIENTED_EDGE('',*,*,#9006,.F.);
#4670=ORIENTED_EDGE('',*,*,#9007,.F.);
#4671=ORIENTED_EDGE('',*,*,#9008,.F.);
#4672=CARTESIAN_POINT('',(5.95,-1.25,1.58137085));
#4673=DIRECTION('',(3.61400724161835E-16,-1.0,0.0));
#4674=DIRECTION('',(-1.0,-3.61400724161835E-16,0.0));
#4675=SURFACE_STYLE_FILL_AREA(#9009);
#4676=ORIENTED_EDGE('',*,*,#9010,.F.);
#4677=ORIENTED_EDGE('',*,*,#9011,.T.);
#4678=ORIENTED_EDGE('',*,*,#9012,.F.);
#4679=ORIENTED_EDGE('',*,*,#9013,.T.);
#4680=CARTESIAN_POINT('',(5.87331945914514,0.0,2.42438234120732));
#4681=DIRECTION('',(-0.946289874916324,-3.50543660222566E-17,-0.323319459097109));
#4682=DIRECTION('',(0.323319459097109,-1.9459082144366E-33,-0.946289874916324));
#4683=SURFACE_STYLE_FILL_AREA(#9014);
#4684=ORIENTED_EDGE('',*,*,#9015,.F.);
#4685=ORIENTED_EDGE('',*,*,#9016,.T.);
#4686=ORIENTED_EDGE('',*,*,#9017,.T.);
#4687=ORIENTED_EDGE('',*,*,#9018,.T.);
#4688=CARTESIAN_POINT('',(-5.95,1.25,1.58137085));
#4689=DIRECTION('',(1.0842021724855E-15,1.0,0.0));
#4690=DIRECTION('',(1.0,-1.0842021724855E-15,0.0));
#4691=SURFACE_STYLE_FILL_AREA(#9019);
#4692=ORIENTED_EDGE('',*,*,#9020,.F.);
#4693=ORIENTED_EDGE('',*,*,#9021,.T.);
#4694=ORIENTED_EDGE('',*,*,#9022,.T.);
#4695=ORIENTED_EDGE('',*,*,#9023,.T.);
#4696=CARTESIAN_POINT('',(5.95,-1.25,1.58137085));
#4697=DIRECTION('',(1.0842021724855E-15,-1.0,0.0));
#4698=DIRECTION('',(-1.0,-1.0842021724855E-15,0.0));
#4699=SURFACE_STYLE_FILL_AREA(#9024);
#4700=ORIENTED_EDGE('',*,*,#9025,.F.);
#4701=ORIENTED_EDGE('',*,*,#9026,.T.);
#4702=ORIENTED_EDGE('',*,*,#9027,.F.);
#4703=ORIENTED_EDGE('',*,*,#9028,.F.);
#4704=CARTESIAN_POINT('',(0.0,0.0,-24.5));
#4705=DIRECTION('',(-0.0,-0.0,1.0));
#4706=DIRECTION('',(1.0,0.0,0.0));
#4707=SURFACE_STYLE_FILL_AREA(#9029);
#4708=ORIENTED_EDGE('',*,*,#9026,.F.);
#4709=ORIENTED_EDGE('',*,*,#9030,.F.);
#4710=ORIENTED_EDGE('',*,*,#9031,.T.);
#4711=ORIENTED_EDGE('',*,*,#9032,.F.);
#4712=CARTESIAN_POINT('',(0.0,0.0,-24.5));
#4713=DIRECTION('',(-0.0,-0.0,1.0));
#4714=DIRECTION('',(1.0,0.0,0.0));
#4715=SURFACE_STYLE_FILL_AREA(#9033);
#4716=ORIENTED_EDGE('',*,*,#9027,.T.);
#4717=ORIENTED_EDGE('',*,*,#9034,.T.);
#4718=ORIENTED_EDGE('',*,*,#9035,.F.);
#4719=ORIENTED_EDGE('',*,*,#9036,.F.);
#4720=ORIENTED_EDGE('',*,*,#9037,.T.);
#4721=ORIENTED_EDGE('',*,*,#9038,.T.);
#4722=ORIENTED_EDGE('',*,*,#9039,.F.);
#4723=ORIENTED_EDGE('',*,*,#9040,.T.);
#4724=CARTESIAN_POINT('',(0.0,0.0,-23.5));
#4725=DIRECTION('',(0.0,0.0,-1.0));
#4726=DIRECTION('',(1.0,0.0,0.0));
#4727=SURFACE_STYLE_FILL_AREA(#9041);
#4728=ORIENTED_EDGE('',*,*,#9042,.F.);
#4729=ORIENTED_EDGE('',*,*,#9043,.T.);
#4730=ORIENTED_EDGE('',*,*,#9044,.F.);
#4731=ORIENTED_EDGE('',*,*,#9045,.F.);
#4732=CARTESIAN_POINT('',(-2.5,6.42500000033212,-1.275000002));
#4733=DIRECTION('',(-2.57461725466629E-25,1.0,-1.78099895884474E-09));
#4734=DIRECTION('',(0.0,-1.78099895884474E-09,-1.0));
#4735=SURFACE_STYLE_FILL_AREA(#9046);
#4736=ORIENTED_EDGE('',*,*,#9047,.T.);
#4737=ORIENTED_EDGE('',*,*,#9048,.T.);
#4738=ORIENTED_EDGE('',*,*,#9049,.F.);
#4739=ORIENTED_EDGE('',*,*,#9050,.T.);
#4740=CARTESIAN_POINT('',(-2.5,6.42499999859927,-1.275000002));
#4741=DIRECTION('',(0.0,1.0,-1.78099818747172E-09));
#4742=DIRECTION('',(0.0,-1.78099818747172E-09,-1.0));
#4743=SURFACE_STYLE_FILL_AREA(#9051);
#4744=ORIENTED_EDGE('',*,*,#9052,.T.);
#4745=ORIENTED_EDGE('',*,*,#9053,.T.);
#4746=ORIENTED_EDGE('',*,*,#9054,.F.);
#4747=ORIENTED_EDGE('',*,*,#9055,.T.);
#4748=CARTESIAN_POINT('',(2.5,6.42500000059928,-1.275000002));
#4749=DIRECTION('',(0.0,1.0,-1.78100204241277E-09));
#4750=DIRECTION('',(0.0,-1.78100204241277E-09,-1.0));
#4751=SURFACE_STYLE_FILL_AREA(#9056);
#4752=ORIENTED_EDGE('',*,*,#9057,.F.);
#4753=ORIENTED_EDGE('',*,*,#9058,.T.);
#4754=ORIENTED_EDGE('',*,*,#9059,.F.);
#4755=ORIENTED_EDGE('',*,*,#9060,.F.);
#4756=CARTESIAN_POINT('',(2.5,6.42500000033212,-1.275000002));
#4757=DIRECTION('',(-2.57461725466629E-25,1.0,-1.78099895884474E-09));
#4758=DIRECTION('',(0.0,-1.78099895884474E-09,-1.0));
#4759=SURFACE_STYLE_FILL_AREA(#9061);
#4760=ORIENTED_EDGE('',*,*,#9062,.F.);
#4761=ORIENTED_EDGE('',*,*,#9063,.T.);
#4762=ORIENTED_EDGE('',*,*,#9064,.F.);
#4763=ORIENTED_EDGE('',*,*,#9065,.F.);
#4764=ORIENTED_EDGE('',*,*,#9066,.F.);
#4765=CARTESIAN_POINT('',(0.0,-7.350000002,-0.84999999980575));
#4766=DIRECTION('',(0.0,-5.17999994934575E-10,-1.0));
#4767=DIRECTION('',(0.0,-1.0,5.17999994934575E-10));
#4768=SURFACE_STYLE_FILL_AREA(#9067);
#4769=ORIENTED_EDGE('',*,*,#9068,.F.);
#4770=ORIENTED_EDGE('',*,*,#9069,.T.);
#4771=ORIENTED_EDGE('',*,*,#9070,.F.);
#4772=ORIENTED_EDGE('',*,*,#9071,.T.);
#4773=ORIENTED_EDGE('',*,*,#9072,.F.);
#4774=ORIENTED_EDGE('',*,*,#9073,.F.);
#4775=CARTESIAN_POINT('',(5.85,-5.0,-4.1));
#4776=DIRECTION('',(-1.0,0.0,0.0));
#4777=DIRECTION('',(0.0,0.0,1.0));
#4778=SURFACE_STYLE_FILL_AREA(#9074);
#4779=ORIENTED_EDGE('',*,*,#9075,.F.);
#4780=ORIENTED_EDGE('',*,*,#9076,.F.);
#4781=ORIENTED_EDGE('',*,*,#9077,.F.);
#4782=ORIENTED_EDGE('',*,*,#9078,.T.);
#4783=ORIENTED_EDGE('',*,*,#9079,.F.);
#4784=ORIENTED_EDGE('',*,*,#9080,.F.);
#4785=CARTESIAN_POINT('',(5.85,-5.0,-4.1));
#4786=DIRECTION('',(-1.0,0.0,0.0));
#4787=DIRECTION('',(0.0,0.0,1.0));
#4788=SURFACE_STYLE_FILL_AREA(#9081);
#4789=ORIENTED_EDGE('',*,*,#9082,.F.);
#4790=ORIENTED_EDGE('',*,*,#9083,.F.);
#4791=ORIENTED_EDGE('',*,*,#9084,.F.);
#4792=ORIENTED_EDGE('',*,*,#9085,.T.);
#4793=ORIENTED_EDGE('',*,*,#9086,.F.);
#4794=ORIENTED_EDGE('',*,*,#9087,.F.);
#4795=CARTESIAN_POINT('',(-5.85,-5.0,0.55));
#4796=DIRECTION('',(1.0,-0.0,0.0));
#4797=DIRECTION('',(0.0,1.0,-0.0));
#4798=SURFACE_STYLE_FILL_AREA(#9088);
#4799=ORIENTED_EDGE('',*,*,#9089,.F.);
#4800=ORIENTED_EDGE('',*,*,#9090,.F.);
#4801=ORIENTED_EDGE('',*,*,#9091,.F.);
#4802=ORIENTED_EDGE('',*,*,#9092,.T.);
#4803=ORIENTED_EDGE('',*,*,#9093,.F.);
#4804=ORIENTED_EDGE('',*,*,#9094,.F.);
#4805=CARTESIAN_POINT('',(-5.85,-5.0,0.55));
#4806=DIRECTION('',(1.0,-0.0,0.0));
#4807=DIRECTION('',(0.0,1.0,-0.0));
#4808=SURFACE_STYLE_FILL_AREA(#9095);
#4809=ORIENTED_EDGE('',*,*,#9096,.F.);
#4810=ORIENTED_EDGE('',*,*,#9097,.F.);
#4811=ORIENTED_EDGE('',*,*,#9098,.F.);
#4812=ORIENTED_EDGE('',*,*,#9090,.T.);
#4813=CARTESIAN_POINT('',(-4.85,-5.0,0.0));
#4814=DIRECTION('',(0.0,0.0,1.0));
#4815=DIRECTION('',(-1.0,0.0,0.0));
#4816=SURFACE_STYLE_FILL_AREA(#9099);
#4817=ORIENTED_EDGE('',*,*,#9097,.T.);
#4818=ORIENTED_EDGE('',*,*,#9100,.T.);
#4819=ORIENTED_EDGE('',*,*,#9101,.T.);
#4820=ORIENTED_EDGE('',*,*,#9102,.F.);
#4821=ORIENTED_EDGE('',*,*,#9103,.T.);
#4822=ORIENTED_EDGE('',*,*,#9104,.T.);
#4823=ORIENTED_EDGE('',*,*,#9105,.T.);
#4824=ORIENTED_EDGE('',*,*,#9106,.T.);
#4825=ORIENTED_EDGE('',*,*,#9107,.T.);
#4826=ORIENTED_EDGE('',*,*,#9108,.T.);
#4827=ORIENTED_EDGE('',*,*,#9109,.T.);
#4828=ORIENTED_EDGE('',*,*,#9110,.T.);
#4829=ORIENTED_EDGE('',*,*,#9111,.T.);
#4830=ORIENTED_EDGE('',*,*,#9112,.T.);
#4831=ORIENTED_EDGE('',*,*,#9113,.T.);
#4832=ORIENTED_EDGE('',*,*,#9114,.T.);
#4833=ORIENTED_EDGE('',*,*,#9115,.T.);
#4834=ORIENTED_EDGE('',*,*,#9116,.T.);
#4835=ORIENTED_EDGE('',*,*,#9117,.T.);
#4836=ORIENTED_EDGE('',*,*,#9118,.F.);
#4837=ORIENTED_EDGE('',*,*,#9119,.T.);
#4838=ORIENTED_EDGE('',*,*,#9120,.T.);
#4839=ORIENTED_EDGE('',*,*,#9121,.T.);
#4840=ORIENTED_EDGE('',*,*,#9122,.T.);
#4841=ORIENTED_EDGE('',*,*,#9123,.T.);
#4842=ORIENTED_EDGE('',*,*,#9124,.T.);
#4843=ORIENTED_EDGE('',*,*,#9125,.T.);
#4844=ORIENTED_EDGE('',*,*,#9126,.T.);
#4845=ORIENTED_EDGE('',*,*,#9127,.T.);
#4846=ORIENTED_EDGE('',*,*,#9128,.T.);
#4847=ORIENTED_EDGE('',*,*,#9129,.T.);
#4848=ORIENTED_EDGE('',*,*,#9130,.T.);
#4849=ORIENTED_EDGE('',*,*,#9131,.T.);
#4850=ORIENTED_EDGE('',*,*,#9132,.T.);
#4851=ORIENTED_EDGE('',*,*,#9133,.T.);
#4852=ORIENTED_EDGE('',*,*,#9134,.T.);
#4853=ORIENTED_EDGE('',*,*,#9135,.T.);
#4854=ORIENTED_EDGE('',*,*,#9136,.T.);
#4855=ORIENTED_EDGE('',*,*,#9137,.T.);
#4856=ORIENTED_EDGE('',*,*,#9138,.T.);
#4857=ORIENTED_EDGE('',*,*,#9139,.T.);
#4858=ORIENTED_EDGE('',*,*,#9140,.T.);
#4859=ORIENTED_EDGE('',*,*,#9141,.T.);
#4860=ORIENTED_EDGE('',*,*,#9142,.T.);
#4861=CARTESIAN_POINT('',(-4.95,-6.0,-4.5));
#4862=DIRECTION('',(0.0,-1.0,0.0));
#4863=DIRECTION('',(0.0,0.0,-1.0));
#4864=SURFACE_STYLE_FILL_AREA(#9143);
#4865=ORIENTED_EDGE('',*,*,#9144,.F.);
#4866=ORIENTED_EDGE('',*,*,#9080,.T.);
#4867=ORIENTED_EDGE('',*,*,#9145,.F.);
#4868=ORIENTED_EDGE('',*,*,#9101,.F.);
#4869=CARTESIAN_POINT('',(4.85,-5.0,0.0));
#4870=DIRECTION('',(0.0,0.0,1.0));
#4871=DIRECTION('',(-1.0,0.0,0.0));
#4872=SURFACE_STYLE_FILL_AREA(#9146);
#4873=ORIENTED_EDGE('',*,*,#9147,.F.);
#4874=ORIENTED_EDGE('',*,*,#9148,.F.);
#4875=ORIENTED_EDGE('',*,*,#9149,.F.);
#4876=ORIENTED_EDGE('',*,*,#9069,.F.);
#4877=CARTESIAN_POINT('',(4.85,5.0,0.0));
#4878=DIRECTION('',(0.0,0.0,1.0));
#4879=DIRECTION('',(-1.0,0.0,0.0));
#4880=SURFACE_STYLE_FILL_AREA(#9150);
#4881=ORIENTED_EDGE('',*,*,#9148,.T.);
#4882=ORIENTED_EDGE('',*,*,#9151,.T.);
#4883=ORIENTED_EDGE('',*,*,#9152,.T.);
#4884=ORIENTED_EDGE('',*,*,#9153,.F.);
#4885=ORIENTED_EDGE('',*,*,#9154,.T.);
#4886=ORIENTED_EDGE('',*,*,#9155,.T.);
#4887=ORIENTED_EDGE('',*,*,#9156,.T.);
#4888=ORIENTED_EDGE('',*,*,#9157,.T.);
#4889=ORIENTED_EDGE('',*,*,#9158,.T.);
#4890=ORIENTED_EDGE('',*,*,#9159,.T.);
#4891=ORIENTED_EDGE('',*,*,#9160,.T.);
#4892=ORIENTED_EDGE('',*,*,#9161,.T.);
#4893=ORIENTED_EDGE('',*,*,#9162,.T.);
#4894=ORIENTED_EDGE('',*,*,#9163,.T.);
#4895=ORIENTED_EDGE('',*,*,#9164,.T.);
#4896=ORIENTED_EDGE('',*,*,#9165,.F.);
#4897=ORIENTED_EDGE('',*,*,#9166,.T.);
#4898=ORIENTED_EDGE('',*,*,#9167,.T.);
#4899=ORIENTED_EDGE('',*,*,#9168,.T.);
#4900=ORIENTED_EDGE('',*,*,#9169,.F.);
#4901=ORIENTED_EDGE('',*,*,#9054,.T.);
#4902=ORIENTED_EDGE('',*,*,#9170,.T.);
#4903=ORIENTED_EDGE('',*,*,#9171,.T.);
#4904=ORIENTED_EDGE('',*,*,#9172,.T.);
#4905=ORIENTED_EDGE('',*,*,#9173,.T.);
#4906=ORIENTED_EDGE('',*,*,#9059,.T.);
#4907=ORIENTED_EDGE('',*,*,#9174,.T.);
#4908=ORIENTED_EDGE('',*,*,#9175,.T.);
#4909=ORIENTED_EDGE('',*,*,#9176,.T.);
#4910=ORIENTED_EDGE('',*,*,#9177,.T.);
#4911=ORIENTED_EDGE('',*,*,#9178,.T.);
#4912=ORIENTED_EDGE('',*,*,#9044,.T.);
#4913=ORIENTED_EDGE('',*,*,#9179,.T.);
#4914=ORIENTED_EDGE('',*,*,#9180,.T.);
#4915=ORIENTED_EDGE('',*,*,#9181,.T.);
#4916=ORIENTED_EDGE('',*,*,#9182,.T.);
#4917=ORIENTED_EDGE('',*,*,#9049,.T.);
#4918=ORIENTED_EDGE('',*,*,#9183,.T.);
#4919=ORIENTED_EDGE('',*,*,#9184,.T.);
#4920=ORIENTED_EDGE('',*,*,#9185,.T.);
#4921=CARTESIAN_POINT('',(4.95,6.0,-4.5));
#4922=DIRECTION('',(0.0,1.0,0.0));
#4923=DIRECTION('',(1.0,-0.0,0.0));
#4924=SURFACE_STYLE_FILL_AREA(#9186);
#4925=ORIENTED_EDGE('',*,*,#9187,.F.);
#4926=ORIENTED_EDGE('',*,*,#9087,.T.);
#4927=ORIENTED_EDGE('',*,*,#9188,.F.);
#4928=ORIENTED_EDGE('',*,*,#9152,.F.);
#4929=CARTESIAN_POINT('',(-4.85,5.0,0.0));
#4930=DIRECTION('',(0.0,0.0,1.0));
#4931=DIRECTION('',(-1.0,0.0,0.0));
#4932=SURFACE_STYLE_FILL_AREA(#9189);
#4933=ORIENTED_EDGE('',*,*,#9190,.F.);
#4934=ORIENTED_EDGE('',*,*,#9075,.T.);
#4935=ORIENTED_EDGE('',*,*,#9191,.F.);
#4936=ORIENTED_EDGE('',*,*,#9192,.F.);
#4937=CARTESIAN_POINT('',(5.85,-5.0,-4.1));
#4938=DIRECTION('',(-1.0,0.0,0.0));
#4939=DIRECTION('',(0.0,0.0,1.0));
#4940=SURFACE_STYLE_FILL_AREA(#9193);
#4941=ORIENTED_EDGE('',*,*,#9194,.T.);
#4942=ORIENTED_EDGE('',*,*,#9068,.T.);
#4943=ORIENTED_EDGE('',*,*,#9195,.F.);
#4944=ORIENTED_EDGE('',*,*,#9196,.T.);
#4945=CARTESIAN_POINT('',(5.85,-5.0,-4.1));
#4946=DIRECTION('',(-1.0,0.0,0.0));
#4947=DIRECTION('',(0.0,0.0,1.0));
#4948=SURFACE_STYLE_FILL_AREA(#9197);
#4949=ORIENTED_EDGE('',*,*,#9198,.F.);
#4950=ORIENTED_EDGE('',*,*,#9089,.T.);
#4951=ORIENTED_EDGE('',*,*,#9199,.F.);
#4952=ORIENTED_EDGE('',*,*,#9200,.F.);
#4953=CARTESIAN_POINT('',(-5.85,-5.0,0.55));
#4954=DIRECTION('',(1.0,-0.0,0.0));
#4955=DIRECTION('',(0.0,1.0,-0.0));
#4956=SURFACE_STYLE_FILL_AREA(#9201);
#4957=ORIENTED_EDGE('',*,*,#9202,.F.);
#4958=ORIENTED_EDGE('',*,*,#9082,.T.);
#4959=ORIENTED_EDGE('',*,*,#9203,.F.);
#4960=ORIENTED_EDGE('',*,*,#9204,.F.);
#4961=CARTESIAN_POINT('',(-5.85,-5.0,0.55));
#4962=DIRECTION('',(1.0,-0.0,0.0));
#4963=DIRECTION('',(0.0,1.0,-0.0));
#4964=SURFACE_STYLE_FILL_AREA(#9205);
#4965=ORIENTED_EDGE('',*,*,#9206,.T.);
#4966=ORIENTED_EDGE('',*,*,#9207,.T.);
#4967=ORIENTED_EDGE('',*,*,#9208,.T.);
#4968=ORIENTED_EDGE('',*,*,#9209,.T.);
#4969=CARTESIAN_POINT('',(0.0,-7.35,-0.85));
#4970=DIRECTION('',(0.0,0.0,-1.0));
#4971=DIRECTION('',(1.0,0.0,0.0));
#4972=SURFACE_STYLE_FILL_AREA(#9210);
#4973=ORIENTED_EDGE('',*,*,#9211,.F.);
#4974=ORIENTED_EDGE('',*,*,#9212,.T.);
#4975=ORIENTED_EDGE('',*,*,#9213,.F.);
#4976=ORIENTED_EDGE('',*,*,#9214,.F.);
#4977=ORIENTED_EDGE('',*,*,#9215,.F.);
#4978=ORIENTED_EDGE('',*,*,#9209,.F.);
#4979=CARTESIAN_POINT('',(0.75,-7.425,3.412132034));
#4980=DIRECTION('',(0.0,-1.0,0.0));
#4981=DIRECTION('',(0.0,0.0,-1.0));
#4982=SURFACE_STYLE_FILL_AREA(#9216);
#4983=ORIENTED_EDGE('',*,*,#9217,.F.);
#4984=ORIENTED_EDGE('',*,*,#9207,.F.);
#4985=ORIENTED_EDGE('',*,*,#9218,.F.);
#4986=ORIENTED_EDGE('',*,*,#9219,.F.);
#4987=ORIENTED_EDGE('',*,*,#9220,.F.);
#4988=ORIENTED_EDGE('',*,*,#9221,.T.);
#4989=CARTESIAN_POINT('',(-0.212132034,-7.425,3.412132034));
#4990=DIRECTION('',(0.0,-1.0,0.0));
#4991=DIRECTION('',(0.0,0.0,-1.0));
#4992=SURFACE_STYLE_FILL_AREA(#9222);
#4993=ORIENTED_EDGE('',*,*,#9223,.F.);
#4994=ORIENTED_EDGE('',*,*,#9224,.F.);
#4995=ORIENTED_EDGE('',*,*,#9013,.F.);
#4996=ORIENTED_EDGE('',*,*,#9225,.F.);
#4997=ORIENTED_EDGE('',*,*,#9226,.F.);
#4998=ORIENTED_EDGE('',*,*,#9022,.F.);
#4999=ORIENTED_EDGE('',*,*,#9227,.F.);
#5000=CARTESIAN_POINT('',(5.546464452,-1.25,3.381020041));
#5001=DIRECTION('',(0.946289874860466,0.0,0.323319459260596));
#5002=DIRECTION('',(0.0,-1.0,-0.0));
#5003=SURFACE_STYLE_FILL_AREA(#9228);
#5004=ORIENTED_EDGE('',*,*,#9229,.T.);
#5005=ORIENTED_EDGE('',*,*,#9230,.T.);
#5006=ORIENTED_EDGE('',*,*,#9231,.T.);
#5007=ORIENTED_EDGE('',*,*,#9232,.T.);
#5008=ORIENTED_EDGE('',*,*,#9233,.T.);
#5009=ORIENTED_EDGE('',*,*,#9234,.T.);
#5010=ORIENTED_EDGE('',*,*,#9017,.F.);
#5011=CARTESIAN_POINT('',(-5.546464452,-1.25,3.381020041));
#5012=DIRECTION('',(0.946289874860466,0.0,-0.323319459260596));
#5013=DIRECTION('',(0.0,-1.0,0.0));
#5014=SURFACE_STYLE_FILL_AREA(#9235);
#5015=ORIENTED_EDGE('',*,*,#9236,.T.);
#5016=ORIENTED_EDGE('',*,*,#9237,.T.);
#5017=ORIENTED_EDGE('',*,*,#9238,.T.);
#5018=ORIENTED_EDGE('',*,*,#9239,.T.);
#5019=ORIENTED_EDGE('',*,*,#9240,.T.);
#5020=ORIENTED_EDGE('',*,*,#9241,.T.);
#5021=CARTESIAN_POINT('',(3.25,7.075,-0.85));
#5022=DIRECTION('',(0.0,1.0,0.0));
#5023=DIRECTION('',(1.0,-0.0,0.0));
#5024=SURFACE_STYLE_FILL_AREA(#9242);
#5025=ORIENTED_EDGE('',*,*,#9243,.T.);
#5026=ORIENTED_EDGE('',*,*,#9244,.F.);
#5027=ORIENTED_EDGE('',*,*,#9245,.T.);
#5028=ORIENTED_EDGE('',*,*,#9212,.F.);
#5029=CARTESIAN_POINT('',(0.45,-7.425,3.174264069));
#5030=DIRECTION('',(-1.0,0.0,0.0));
#5031=DIRECTION('',(0.0,0.0,1.0));
#5032=SURFACE_STYLE_FILL_AREA(#9246);
#5033=ORIENTED_EDGE('',*,*,#9247,.F.);
#5034=ORIENTED_EDGE('',*,*,#9221,.F.);
#5035=ORIENTED_EDGE('',*,*,#9248,.T.);
#5036=ORIENTED_EDGE('',*,*,#9249,.F.);
#5037=CARTESIAN_POINT('',(-0.45,-7.425,-0.328207888));
#5038=DIRECTION('',(1.0,0.0,-0.0));
#5039=DIRECTION('',(-0.0,1.0,0.0));
#5040=SURFACE_STYLE_FILL_AREA(#9250);
#5041=ORIENTED_EDGE('',*,*,#9251,.F.);
#5042=ORIENTED_EDGE('',*,*,#9252,.T.);
#5043=ORIENTED_EDGE('',*,*,#9253,.F.);
#5044=ORIENTED_EDGE('',*,*,#9254,.F.);
#5045=ORIENTED_EDGE('',*,*,#9255,.F.);
#5046=ORIENTED_EDGE('',*,*,#9256,.F.);
#5047=CARTESIAN_POINT('',(3.25,-7.425,3.412132034));
#5048=DIRECTION('',(0.0,-1.0,0.0));
#5049=DIRECTION('',(0.0,0.0,-1.0));
#5050=SURFACE_STYLE_FILL_AREA(#9257);
#5051=ORIENTED_EDGE('',*,*,#9258,.T.);
#5052=ORIENTED_EDGE('',*,*,#9259,.T.);
#5053=ORIENTED_EDGE('',*,*,#9260,.T.);
#5054=ORIENTED_EDGE('',*,*,#9261,.T.);
#5055=CARTESIAN_POINT('',(-2.5,-7.35,-0.85));
#5056=DIRECTION('',(0.0,0.0,-1.0));
#5057=DIRECTION('',(1.0,0.0,0.0));
#5058=SURFACE_STYLE_FILL_AREA(#9262);
#5059=ORIENTED_EDGE('',*,*,#9020,.T.);
#5060=ORIENTED_EDGE('',*,*,#9263,.T.);
#5061=ORIENTED_EDGE('',*,*,#9264,.T.);
#5062=ORIENTED_EDGE('',*,*,#9265,.T.);
#5063=CARTESIAN_POINT('',(5.95,-1.25,1.58137085));
#5064=DIRECTION('',(1.0842021724855E-15,-1.0,0.0));
#5065=DIRECTION('',(-1.0,-1.0842021724855E-15,0.0));
#5066=SURFACE_STYLE_FILL_AREA(#9266);
#5067=ORIENTED_EDGE('',*,*,#9015,.T.);
#5068=ORIENTED_EDGE('',*,*,#9267,.T.);
#5069=ORIENTED_EDGE('',*,*,#9268,.F.);
#5070=ORIENTED_EDGE('',*,*,#9269,.T.);
#5071=CARTESIAN_POINT('',(-5.95,1.25,1.58137085));
#5072=DIRECTION('',(1.0842021724855E-15,1.0,0.0));
#5073=DIRECTION('',(1.0,-1.0842021724855E-15,0.0));
#5074=SURFACE_STYLE_FILL_AREA(#9270);
#5075=ORIENTED_EDGE('',*,*,#9271,.T.);
#5076=ORIENTED_EDGE('',*,*,#9272,.F.);
#5077=ORIENTED_EDGE('',*,*,#9273,.T.);
#5078=ORIENTED_EDGE('',*,*,#9237,.F.);
#5079=ORIENTED_EDGE('',*,*,#9274,.F.);
#5080=CARTESIAN_POINT('',(2.5,6.850000007,-0.85000000042375));
#5081=DIRECTION('',(-1.30682521898053E-24,1.13000002881649E-09,-1.0));
#5082=DIRECTION('',(0.0,-1.0,-1.13000002881649E-09));
#5083=SURFACE_STYLE_FILL_AREA(#9275);
#5084=ORIENTED_EDGE('',*,*,#9276,.T.);
#5085=ORIENTED_EDGE('',*,*,#9277,.T.);
#5086=ORIENTED_EDGE('',*,*,#9278,.F.);
#5087=ORIENTED_EDGE('',*,*,#9239,.F.);
#5088=CARTESIAN_POINT('',(2.95,7.075,-0.328207888));
#5089=DIRECTION('',(-1.0,0.0,0.0));
#5090=DIRECTION('',(0.0,0.0,1.0));
#5091=SURFACE_STYLE_FILL_AREA(#9279);
#5092=ORIENTED_EDGE('',*,*,#9273,.F.);
#5093=ORIENTED_EDGE('',*,*,#9280,.T.);
#5094=ORIENTED_EDGE('',*,*,#9281,.T.);
#5095=ORIENTED_EDGE('',*,*,#9276,.F.);
#5096=ORIENTED_EDGE('',*,*,#9238,.F.);
#5097=CARTESIAN_POINT('',(2.95,6.925,3.174264069));
#5098=DIRECTION('',(-0.707106779700203,0.0,-0.707106782672892));
#5099=DIRECTION('',(-0.707106782672892,0.0,0.707106779700203));
#5100=SURFACE_STYLE_FILL_AREA(#9282);
#5101=ORIENTED_EDGE('',*,*,#9283,.T.);
#5102=ORIENTED_EDGE('',*,*,#9284,.T.);
#5103=ORIENTED_EDGE('',*,*,#9285,.T.);
#5104=ORIENTED_EDGE('',*,*,#9286,.T.);
#5105=CARTESIAN_POINT('',(-2.5,6.850000007,-0.850000000254475));
#5106=DIRECTION('',(-2.17996907612138E-24,1.13099971145066E-09,-1.0));
#5107=DIRECTION('',(0.0,-1.0,-1.13099971145066E-09));
#5108=SURFACE_STYLE_FILL_AREA(#9287);
#5109=ORIENTED_EDGE('',*,*,#9288,.F.);
#5110=ORIENTED_EDGE('',*,*,#9289,.T.);
#5111=ORIENTED_EDGE('',*,*,#9290,.F.);
#5112=ORIENTED_EDGE('',*,*,#9291,.F.);
#5113=ORIENTED_EDGE('',*,*,#9292,.F.);
#5114=ORIENTED_EDGE('',*,*,#9293,.F.);
#5115=CARTESIAN_POINT('',(-2.712132034,6.925,-0.85));
#5116=DIRECTION('',(0.0,1.0,0.0));
#5117=DIRECTION('',(1.0,-0.0,0.0));
#5118=SURFACE_STYLE_FILL_AREA(#9294);
#5119=ORIENTED_EDGE('',*,*,#9295,.T.);
#5120=ORIENTED_EDGE('',*,*,#9296,.F.);
#5121=ORIENTED_EDGE('',*,*,#9248,.F.);
#5122=ORIENTED_EDGE('',*,*,#9220,.T.);
#5123=CARTESIAN_POINT('',(-0.45,-7.425,-0.328207888));
#5124=DIRECTION('',(-0.0,-0.0,-1.0));
#5125=DIRECTION('',(0.0,-1.0,0.0));
#5126=SURFACE_STYLE_FILL_AREA(#9297);
#5127=ORIENTED_EDGE('',*,*,#9245,.F.);
#5128=ORIENTED_EDGE('',*,*,#9298,.F.);
#5129=ORIENTED_EDGE('',*,*,#9299,.T.);
#5130=ORIENTED_EDGE('',*,*,#9213,.T.);
#5131=CARTESIAN_POINT('',(0.75,-7.425,-0.328207888));
#5132=DIRECTION('',(-0.0,-0.0,-1.0));
#5133=DIRECTION('',(0.0,-1.0,0.0));
#5134=SURFACE_STYLE_FILL_AREA(#9300);
#5135=ORIENTED_EDGE('',*,*,#9243,.F.);
#5136=ORIENTED_EDGE('',*,*,#9211,.T.);
#5137=ORIENTED_EDGE('',*,*,#9301,.T.);
#5138=ORIENTED_EDGE('',*,*,#9302,.T.);
#5139=ORIENTED_EDGE('',*,*,#9303,.F.);
#5140=CARTESIAN_POINT('',(0.45,-7.66063832,3.174264069));
#5141=DIRECTION('',(-0.707106779700204,0.0,-0.707106782672892));
#5142=DIRECTION('',(-0.707106782672892,0.0,0.707106779700204));
#5143=SURFACE_STYLE_FILL_AREA(#9304);
#5144=ORIENTED_EDGE('',*,*,#9298,.T.);
#5145=ORIENTED_EDGE('',*,*,#9244,.T.);
#5146=ORIENTED_EDGE('',*,*,#9303,.T.);
#5147=ORIENTED_EDGE('',*,*,#9305,.T.);
#5148=ORIENTED_EDGE('',*,*,#9306,.T.);
#5149=ORIENTED_EDGE('',*,*,#9307,.T.);
#5150=CARTESIAN_POINT('',(0.75,-7.575,3.324264069));
#5151=DIRECTION('',(0.0,-1.0,0.0));
#5152=DIRECTION('',(0.0,0.0,-1.0));
#5153=SURFACE_STYLE_FILL_AREA(#9308);
#5154=ORIENTED_EDGE('',*,*,#9309,.T.);
#5155=ORIENTED_EDGE('',*,*,#9066,.T.);
#5156=ORIENTED_EDGE('',*,*,#9310,.T.);
#5157=ORIENTED_EDGE('',*,*,#9249,.T.);
#5158=ORIENTED_EDGE('',*,*,#9296,.T.);
#5159=ORIENTED_EDGE('',*,*,#9311,.T.);
#5160=CARTESIAN_POINT('',(-0.3,-7.575,3.324264069));
#5161=DIRECTION('',(0.0,-1.0,0.0));
#5162=DIRECTION('',(0.0,0.0,-1.0));
#5163=SURFACE_STYLE_FILL_AREA(#9312);
#5164=ORIENTED_EDGE('',*,*,#9217,.T.);
#5165=ORIENTED_EDGE('',*,*,#9247,.T.);
#5166=ORIENTED_EDGE('',*,*,#9310,.F.);
#5167=ORIENTED_EDGE('',*,*,#9065,.T.);
#5168=ORIENTED_EDGE('',*,*,#9313,.T.);
#5169=CARTESIAN_POINT('',(-0.212132034,-7.66063832,3.412132034));
#5170=DIRECTION('',(0.707106779700204,0.0,-0.707106782672892));
#5171=DIRECTION('',(0.0,-1.0,0.0));
#5172=SURFACE_STYLE_FILL_AREA(#9314);
#5173=ORIENTED_EDGE('',*,*,#9313,.F.);
#5174=ORIENTED_EDGE('',*,*,#9064,.T.);
#5175=ORIENTED_EDGE('',*,*,#9315,.T.);
#5176=ORIENTED_EDGE('',*,*,#9301,.F.);
#5177=ORIENTED_EDGE('',*,*,#9208,.F.);
#5178=CARTESIAN_POINT('',(0.0,-7.72683274182335,3.2));
#5179=DIRECTION('',(-2.89120579329467E-15,-1.0,0.0));
#5180=DIRECTION('',(-1.0,2.89120579329467E-15,0.0));
#5181=SURFACE_STYLE_FILL_AREA(#9316);
#5182=ORIENTED_EDGE('',*,*,#9256,.T.);
#5183=ORIENTED_EDGE('',*,*,#9317,.T.);
#5184=ORIENTED_EDGE('',*,*,#9318,.T.);
#5185=ORIENTED_EDGE('',*,*,#9319,.T.);
#5186=CARTESIAN_POINT('',(2.5,-7.35,-0.85));
#5187=DIRECTION('',(0.0,0.0,-1.0));
#5188=DIRECTION('',(1.0,0.0,0.0));
#5189=SURFACE_STYLE_FILL_AREA(#9320);
#5190=ORIENTED_EDGE('',*,*,#9321,.F.);
#5191=ORIENTED_EDGE('',*,*,#9322,.F.);
#5192=ORIENTED_EDGE('',*,*,#9323,.T.);
#5193=ORIENTED_EDGE('',*,*,#9252,.F.);
#5194=CARTESIAN_POINT('',(2.95,-7.575,3.174264069));
#5195=DIRECTION('',(-1.0,0.0,0.0));
#5196=DIRECTION('',(0.0,0.0,1.0));
#5197=SURFACE_STYLE_FILL_AREA(#9324);
#5198=ORIENTED_EDGE('',*,*,#9325,.F.);
#5199=ORIENTED_EDGE('',*,*,#9326,.T.);
#5200=ORIENTED_EDGE('',*,*,#9327,.F.);
#5201=ORIENTED_EDGE('',*,*,#9328,.F.);
#5202=ORIENTED_EDGE('',*,*,#9329,.F.);
#5203=ORIENTED_EDGE('',*,*,#9261,.F.);
#5204=CARTESIAN_POINT('',(-1.75,-7.425,3.412132034));
#5205=DIRECTION('',(0.0,-1.0,0.0));
#5206=DIRECTION('',(0.0,0.0,-1.0));
#5207=SURFACE_STYLE_FILL_AREA(#9330);
#5208=ORIENTED_EDGE('',*,*,#9331,.F.);
#5209=ORIENTED_EDGE('',*,*,#9259,.F.);
#5210=ORIENTED_EDGE('',*,*,#9332,.F.);
#5211=ORIENTED_EDGE('',*,*,#9333,.F.);
#5212=ORIENTED_EDGE('',*,*,#9334,.F.);
#5213=ORIENTED_EDGE('',*,*,#9335,.T.);
#5214=CARTESIAN_POINT('',(-2.712132034,-7.425,3.412132034));
#5215=DIRECTION('',(0.0,-1.0,0.0));
#5216=DIRECTION('',(0.0,0.0,-1.0));
#5217=SURFACE_STYLE_FILL_AREA(#9336);
#5218=ORIENTED_EDGE('',*,*,#9225,.T.);
#5219=ORIENTED_EDGE('',*,*,#9012,.T.);
#5220=ORIENTED_EDGE('',*,*,#9337,.T.);
#5221=ORIENTED_EDGE('',*,*,#9338,.T.);
#5222=CARTESIAN_POINT('',(5.971832544,0.5,3.373221196));
#5223=DIRECTION('',(-0.280002865848987,0.499999999705189,0.819511070950945));
#5224=DIRECTION('',(0.87250388387577,0.488607176187268,0.0));
#5225=SURFACE_STYLE_FILL_AREA(#9339);
#5226=ORIENTED_EDGE('',*,*,#9223,.T.);
#5227=ORIENTED_EDGE('',*,*,#9340,.F.);
#5228=ORIENTED_EDGE('',*,*,#9341,.T.);
#5229=ORIENTED_EDGE('',*,*,#9342,.T.);
#5230=CARTESIAN_POINT('',(6.111833977,-1.25,2.963465661));
#5231=DIRECTION('',(-0.280002865848988,-0.499999999705189,0.819511070950945));
#5232=DIRECTION('',(-0.872503883875769,0.48860717618727,0.0));
#5233=SURFACE_STYLE_FILL_AREA(#9343);
#5234=ORIENTED_EDGE('',*,*,#9010,.T.);
#5235=ORIENTED_EDGE('',*,*,#9224,.T.);
#5236=ORIENTED_EDGE('',*,*,#9342,.F.);
#5237=ORIENTED_EDGE('',*,*,#9344,.T.);
#5238=CARTESIAN_POINT('',(5.87331945914514,0.0,2.42438234120732));
#5239=DIRECTION('',(-0.946289874916324,-3.50543660222566E-17,-0.323319459097109));
#5240=DIRECTION('',(0.323319459097109,-1.9459082144366E-33,-0.946289874916324));
#5241=SURFACE_STYLE_FILL_AREA(#9345);
#5242=ORIENTED_EDGE('',*,*,#9227,.T.);
#5243=ORIENTED_EDGE('',*,*,#9346,.T.);
#5244=ORIENTED_EDGE('',*,*,#9347,.T.);
#5245=ORIENTED_EDGE('',*,*,#9340,.T.);
#5246=CARTESIAN_POINT('',(6.517773925,-1.25,1.775362525));
#5247=DIRECTION('',(0.0,-1.0,0.0));
#5248=DIRECTION('',(0.0,0.0,-1.0));
#5249=SURFACE_STYLE_FILL_AREA(#9348);
#5250=ORIENTED_EDGE('',*,*,#9349,.T.);
#5251=ORIENTED_EDGE('',*,*,#9350,.T.);
#5252=ORIENTED_EDGE('',*,*,#9226,.T.);
#5253=ORIENTED_EDGE('',*,*,#9338,.F.);
#5254=CARTESIAN_POINT('',(6.139257975,1.25,1.646034742));
#5255=DIRECTION('',(0.0,-1.0,0.0));
#5256=DIRECTION('',(0.0,0.0,-1.0));
#5257=SURFACE_STYLE_FILL_AREA(#9351);
#5258=ORIENTED_EDGE('',*,*,#9352,.F.);
#5259=ORIENTED_EDGE('',*,*,#9353,.T.);
#5260=ORIENTED_EDGE('',*,*,#9354,.F.);
#5261=ORIENTED_EDGE('',*,*,#9264,.F.);
#5262=CARTESIAN_POINT('',(6.091421356,-1.25,1.439949494));
#5263=DIRECTION('',(0.707106781186547,0.0,-0.707106781186548));
#5264=DIRECTION('',(0.0,-1.0,0.0));
#5265=SURFACE_STYLE_FILL_AREA(#9355);
#5266=ORIENTED_EDGE('',*,*,#9356,.T.);
#5267=ORIENTED_EDGE('',*,*,#9357,.T.);
#5268=ORIENTED_EDGE('',*,*,#9358,.T.);
#5269=ORIENTED_EDGE('',*,*,#9268,.T.);
#5270=CARTESIAN_POINT('',(-6.091421356,-1.25,1.439949494));
#5271=DIRECTION('',(0.707106781186547,0.0,0.707106781186548));
#5272=DIRECTION('',(-0.0,-1.0,0.0));
#5273=SURFACE_STYLE_FILL_AREA(#9359);
#5274=ORIENTED_EDGE('',*,*,#9360,.F.);
#5275=ORIENTED_EDGE('',*,*,#9361,.F.);
#5276=ORIENTED_EDGE('',*,*,#9362,.F.);
#5277=ORIENTED_EDGE('',*,*,#9363,.F.);
#5278=ORIENTED_EDGE('',*,*,#9271,.F.);
#5279=CARTESIAN_POINT('',(2.5,6.850000007,-0.85000000042375));
#5280=DIRECTION('',(-1.30682521898053E-24,1.13000002881649E-09,-1.0));
#5281=DIRECTION('',(0.0,-1.0,-1.13000002881649E-09));
#5282=SURFACE_STYLE_FILL_AREA(#9364);
#5283=ORIENTED_EDGE('',*,*,#9281,.F.);
#5284=ORIENTED_EDGE('',*,*,#9365,.F.);
#5285=ORIENTED_EDGE('',*,*,#9366,.F.);
#5286=ORIENTED_EDGE('',*,*,#9367,.F.);
#5287=ORIENTED_EDGE('',*,*,#9368,.F.);
#5288=ORIENTED_EDGE('',*,*,#9277,.F.);
#5289=CARTESIAN_POINT('',(3.25,6.925,-0.85));
#5290=DIRECTION('',(0.0,1.0,0.0));
#5291=DIRECTION('',(1.0,-0.0,0.0));
#5292=SURFACE_STYLE_FILL_AREA(#9369);
#5293=ORIENTED_EDGE('',*,*,#9370,.T.);
#5294=ORIENTED_EDGE('',*,*,#9371,.F.);
#5295=ORIENTED_EDGE('',*,*,#9280,.F.);
#5296=ORIENTED_EDGE('',*,*,#9272,.T.);
#5297=CARTESIAN_POINT('',(2.5,7.226800002,3.2));
#5298=DIRECTION('',(-2.89120579329468E-15,1.0,0.0));
#5299=DIRECTION('',(1.0,2.89120579329468E-15,0.0));
#5300=SURFACE_STYLE_FILL_AREA(#9372);
#5301=ORIENTED_EDGE('',*,*,#9373,.F.);
#5302=ORIENTED_EDGE('',*,*,#9283,.F.);
#5303=ORIENTED_EDGE('',*,*,#9374,.F.);
#5304=ORIENTED_EDGE('',*,*,#9375,.F.);
#5305=ORIENTED_EDGE('',*,*,#9376,.F.);
#5306=ORIENTED_EDGE('',*,*,#9377,.F.);
#5307=CARTESIAN_POINT('',(-1.75,6.925,-0.85));
#5308=DIRECTION('',(0.0,1.0,0.0));
#5309=DIRECTION('',(1.0,-0.0,0.0));
#5310=SURFACE_STYLE_FILL_AREA(#9378);
#5311=ORIENTED_EDGE('',*,*,#9379,.T.);
#5312=ORIENTED_EDGE('',*,*,#9380,.F.);
#5313=ORIENTED_EDGE('',*,*,#9381,.F.);
#5314=ORIENTED_EDGE('',*,*,#9289,.F.);
#5315=CARTESIAN_POINT('',(-2.95,6.925,3.174264069));
#5316=DIRECTION('',(1.0,-0.0,0.0));
#5317=DIRECTION('',(0.0,1.0,-0.0));
#5318=SURFACE_STYLE_FILL_AREA(#9382);
#5319=ORIENTED_EDGE('',*,*,#9383,.T.);
#5320=ORIENTED_EDGE('',*,*,#9233,.F.);
#5321=ORIENTED_EDGE('',*,*,#9384,.T.);
#5322=ORIENTED_EDGE('',*,*,#9385,.F.);
#5323=CARTESIAN_POINT('',(-6.111833977,-1.25,2.963465661));
#5324=DIRECTION('',(-0.280002865848988,0.499999999705189,-0.819511070950945));
#5325=DIRECTION('',(-0.946289874648829,0.0,0.323319459880015));
#5326=SURFACE_STYLE_FILL_AREA(#9386);
#5327=ORIENTED_EDGE('',*,*,#9387,.T.);
#5328=ORIENTED_EDGE('',*,*,#9388,.F.);
#5329=ORIENTED_EDGE('',*,*,#9384,.F.);
#5330=ORIENTED_EDGE('',*,*,#9232,.F.);
#5331=CARTESIAN_POINT('',(-5.8733194590643,0.0,2.42438234117971));
#5332=DIRECTION('',(0.946289874916324,0.0,-0.323319459097112));
#5333=DIRECTION('',(0.323319459097112,0.0,0.946289874916324));
#5334=SURFACE_STYLE_FILL_AREA(#9389);
#5335=ORIENTED_EDGE('',*,*,#9231,.F.);
#5336=ORIENTED_EDGE('',*,*,#9390,.T.);
#5337=ORIENTED_EDGE('',*,*,#9391,.F.);
#5338=ORIENTED_EDGE('',*,*,#9387,.F.);
#5339=CARTESIAN_POINT('',(-5.8733194590643,0.0,2.42438234117971));
#5340=DIRECTION('',(0.946289874916324,0.0,-0.323319459097112));
#5341=DIRECTION('',(0.323319459097112,0.0,0.946289874916324));
#5342=SURFACE_STYLE_FILL_AREA(#9392);
#5343=ORIENTED_EDGE('',*,*,#9390,.F.);
#5344=ORIENTED_EDGE('',*,*,#9230,.F.);
#5345=ORIENTED_EDGE('',*,*,#9393,.F.);
#5346=ORIENTED_EDGE('',*,*,#9394,.F.);
#5347=CARTESIAN_POINT('',(-5.971832544,0.5,3.373221196));
#5348=DIRECTION('',(-0.280002865848987,-0.499999999705189,-0.819511070950945));
#5349=DIRECTION('',(-1.55432814313287E-17,-0.853658108858697,0.520833786519072));
#5350=SURFACE_STYLE_FILL_AREA(#9395);
#5351=ORIENTED_EDGE('',*,*,#9393,.T.);
#5352=ORIENTED_EDGE('',*,*,#9229,.F.);
#5353=ORIENTED_EDGE('',*,*,#9396,.T.);
#5354=ORIENTED_EDGE('',*,*,#9397,.F.);
#5355=CARTESIAN_POINT('',(-6.517773925,1.25,1.775362525));
#5356=DIRECTION('',(0.0,1.0,0.0));
#5357=DIRECTION('',(1.0,0.0,-0.0));
#5358=SURFACE_STYLE_FILL_AREA(#9398);
#5359=ORIENTED_EDGE('',*,*,#9399,.T.);
#5360=ORIENTED_EDGE('',*,*,#9234,.F.);
#5361=ORIENTED_EDGE('',*,*,#9383,.F.);
#5362=ORIENTED_EDGE('',*,*,#9400,.F.);
#5363=CARTESIAN_POINT('',(-6.517773925,-1.25,1.775362525));
#5364=DIRECTION('',(0.0,1.0,0.0));
#5365=DIRECTION('',(1.0,0.0,-0.0));
#5366=SURFACE_STYLE_FILL_AREA(#9401);
#5367=ORIENTED_EDGE('',*,*,#9311,.F.);
#5368=ORIENTED_EDGE('',*,*,#9295,.F.);
#5369=ORIENTED_EDGE('',*,*,#9219,.T.);
#5370=ORIENTED_EDGE('',*,*,#9402,.F.);
#5371=CARTESIAN_POINT('',(-0.75,-7.425,-0.85));
#5372=DIRECTION('',(1.0,0.0,-0.0));
#5373=DIRECTION('',(-0.0,1.0,0.0));
#5374=SURFACE_STYLE_FILL_AREA(#9403);
#5375=ORIENTED_EDGE('',*,*,#9214,.T.);
#5376=ORIENTED_EDGE('',*,*,#9299,.F.);
#5377=ORIENTED_EDGE('',*,*,#9307,.F.);
#5378=ORIENTED_EDGE('',*,*,#9404,.F.);
#5379=CARTESIAN_POINT('',(0.75,-7.425,-0.328207888));
#5380=DIRECTION('',(-1.0,0.0,0.0));
#5381=DIRECTION('',(0.0,0.0,1.0));
#5382=SURFACE_STYLE_FILL_AREA(#9405);
#5383=ORIENTED_EDGE('',*,*,#9063,.F.);
#5384=ORIENTED_EDGE('',*,*,#9406,.F.);
#5385=ORIENTED_EDGE('',*,*,#9305,.F.);
#5386=ORIENTED_EDGE('',*,*,#9302,.F.);
#5387=ORIENTED_EDGE('',*,*,#9315,.F.);
#5388=CARTESIAN_POINT('',(0.0,-7.350000002,-0.84999999980575));
#5389=DIRECTION('',(0.0,-5.17999994934575E-10,-1.0));
#5390=DIRECTION('',(0.0,-1.0,5.17999994934575E-10));
#5391=SURFACE_STYLE_FILL_AREA(#9407);
#5392=ORIENTED_EDGE('',*,*,#9323,.F.);
#5393=ORIENTED_EDGE('',*,*,#9408,.F.);
#5394=ORIENTED_EDGE('',*,*,#9409,.T.);
#5395=ORIENTED_EDGE('',*,*,#9253,.T.);
#5396=CARTESIAN_POINT('',(3.25,-7.425,-0.328207888));
#5397=DIRECTION('',(-0.0,-0.0,-1.0));
#5398=DIRECTION('',(0.0,-1.0,0.0));
#5399=SURFACE_STYLE_FILL_AREA(#9410);
#5400=ORIENTED_EDGE('',*,*,#9411,.T.);
#5401=ORIENTED_EDGE('',*,*,#9318,.F.);
#5402=ORIENTED_EDGE('',*,*,#9412,.F.);
#5403=ORIENTED_EDGE('',*,*,#9413,.F.);
#5404=ORIENTED_EDGE('',*,*,#9414,.F.);
#5405=ORIENTED_EDGE('',*,*,#9415,.T.);
#5406=CARTESIAN_POINT('',(2.287867966,-7.425,3.412132034));
#5407=DIRECTION('',(0.0,-1.0,0.0));
#5408=DIRECTION('',(0.0,0.0,-1.0));
#5409=SURFACE_STYLE_FILL_AREA(#9416);
#5410=ORIENTED_EDGE('',*,*,#9408,.T.);
#5411=ORIENTED_EDGE('',*,*,#9322,.T.);
#5412=ORIENTED_EDGE('',*,*,#9417,.T.);
#5413=ORIENTED_EDGE('',*,*,#9418,.T.);
#5414=ORIENTED_EDGE('',*,*,#9419,.T.);
#5415=ORIENTED_EDGE('',*,*,#9420,.T.);
#5416=CARTESIAN_POINT('',(3.25,-7.575,3.324264069));
#5417=DIRECTION('',(0.0,-1.0,0.0));
#5418=DIRECTION('',(0.0,0.0,-1.0));
#5419=SURFACE_STYLE_FILL_AREA(#9421);
#5420=ORIENTED_EDGE('',*,*,#9422,.T.);
#5421=ORIENTED_EDGE('',*,*,#9423,.T.);
#5422=ORIENTED_EDGE('',*,*,#9319,.F.);
#5423=ORIENTED_EDGE('',*,*,#9424,.T.);
#5424=CARTESIAN_POINT('',(2.5,-7.72683274082689,3.2));
#5425=DIRECTION('',(-2.89120579329467E-15,-1.0,0.0));
#5426=DIRECTION('',(-1.0,2.89120579329467E-15,0.0));
#5427=SURFACE_STYLE_FILL_AREA(#9425);
#5428=ORIENTED_EDGE('',*,*,#9417,.F.);
#5429=ORIENTED_EDGE('',*,*,#9321,.T.);
#5430=ORIENTED_EDGE('',*,*,#9251,.T.);
#5431=ORIENTED_EDGE('',*,*,#9423,.F.);
#5432=ORIENTED_EDGE('',*,*,#9426,.T.);
#5433=CARTESIAN_POINT('',(2.95,-7.660638319,3.174264069));
#5434=DIRECTION('',(-0.707106779700203,0.0,-0.707106782672892));
#5435=DIRECTION('',(-0.707106782672892,0.0,0.707106779700203));
#5436=SURFACE_STYLE_FILL_AREA(#9427);
#5437=ORIENTED_EDGE('',*,*,#9428,.T.);
#5438=ORIENTED_EDGE('',*,*,#9429,.F.);
#5439=ORIENTED_EDGE('',*,*,#9430,.T.);
#5440=ORIENTED_EDGE('',*,*,#9326,.F.);
#5441=CARTESIAN_POINT('',(-2.05,-7.425,3.174264069));
#5442=DIRECTION('',(-1.0,0.0,0.0));
#5443=DIRECTION('',(0.0,0.0,1.0));
#5444=SURFACE_STYLE_FILL_AREA(#9431);
#5445=ORIENTED_EDGE('',*,*,#9432,.F.);
#5446=ORIENTED_EDGE('',*,*,#9335,.F.);
#5447=ORIENTED_EDGE('',*,*,#9433,.T.);
#5448=ORIENTED_EDGE('',*,*,#9434,.F.);
#5449=CARTESIAN_POINT('',(-2.95,-7.425,3.174264069));
#5450=DIRECTION('',(1.0,0.0,0.0));
#5451=DIRECTION('',(0.0,1.0,0.0));
#5452=SURFACE_STYLE_FILL_AREA(#9435);
#5453=ORIENTED_EDGE('',*,*,#9436,.T.);
#5454=ORIENTED_EDGE('',*,*,#9437,.F.);
#5455=ORIENTED_EDGE('',*,*,#9433,.F.);
#5456=ORIENTED_EDGE('',*,*,#9334,.T.);
#5457=CARTESIAN_POINT('',(-3.25,-7.425,-0.328207888));
#5458=DIRECTION('',(0.0,0.0,-1.0));
#5459=DIRECTION('',(0.0,-1.0,0.0));
#5460=SURFACE_STYLE_FILL_AREA(#9438);
#5461=ORIENTED_EDGE('',*,*,#9341,.F.);
#5462=ORIENTED_EDGE('',*,*,#9347,.F.);
#5463=ORIENTED_EDGE('',*,*,#9007,.T.);
#5464=ORIENTED_EDGE('',*,*,#9349,.F.);
#5465=ORIENTED_EDGE('',*,*,#9337,.F.);
#5466=ORIENTED_EDGE('',*,*,#9011,.F.);
#5467=ORIENTED_EDGE('',*,*,#9344,.F.);
#5468=CARTESIAN_POINT('',(6.517773925,-1.25,1.775362525));
#5469=DIRECTION('',(-0.946289874917481,0.0,-0.323319459093725));
#5470=DIRECTION('',(-0.323319459093725,0.0,0.946289874917481));
#5471=SURFACE_STYLE_FILL_AREA(#9439);
#5472=ORIENTED_EDGE('',*,*,#9265,.F.);
#5473=ORIENTED_EDGE('',*,*,#9440,.F.);
#5474=ORIENTED_EDGE('',*,*,#9441,.T.);
#5475=ORIENTED_EDGE('',*,*,#9008,.T.);
#5476=ORIENTED_EDGE('',*,*,#9346,.F.);
#5477=ORIENTED_EDGE('',*,*,#9021,.F.);
#5478=CARTESIAN_POINT('',(6.088669884,-1.25,1.153397247));
#5479=DIRECTION('',(-0.0,1.0,0.0));
#5480=DIRECTION('',(1.0,0.0,0.0));
#5481=SURFACE_STYLE_FILL_AREA(#9442);
#5482=ORIENTED_EDGE('',*,*,#9023,.F.);
#5483=ORIENTED_EDGE('',*,*,#9350,.F.);
#5484=ORIENTED_EDGE('',*,*,#9006,.T.);
#5485=ORIENTED_EDGE('',*,*,#9443,.T.);
#5486=ORIENTED_EDGE('',*,*,#9444,.T.);
#5487=ORIENTED_EDGE('',*,*,#9263,.F.);
#5488=CARTESIAN_POINT('',(6.088669884,1.25,1.153397247));
#5489=DIRECTION('',(0.0,-1.0,0.0));
#5490=DIRECTION('',(0.0,0.0,-1.0));
#5491=SURFACE_STYLE_FILL_AREA(#9445);
#5492=ORIENTED_EDGE('',*,*,#9446,.T.);
#5493=ORIENTED_EDGE('',*,*,#9447,.T.);
#5494=ORIENTED_EDGE('',*,*,#9070,.T.);
#5495=ORIENTED_EDGE('',*,*,#9149,.T.);
#5496=ORIENTED_EDGE('',*,*,#9169,.T.);
#5497=CARTESIAN_POINT('',(3.85,4.7,0.0));
#5498=DIRECTION('',(0.0,0.0,1.0));
#5499=DIRECTION('',(1.0,0.0,0.0));
#5500=SURFACE_STYLE_FILL_AREA(#9448);
#5501=ORIENTED_EDGE('',*,*,#9145,.T.);
#5502=ORIENTED_EDGE('',*,*,#9079,.T.);
#5503=ORIENTED_EDGE('',*,*,#9449,.T.);
#5504=ORIENTED_EDGE('',*,*,#9450,.T.);
#5505=ORIENTED_EDGE('',*,*,#9102,.T.);
#5506=CARTESIAN_POINT('',(3.85,-6.0,0.0));
#5507=DIRECTION('',(0.0,0.0,1.0));
#5508=DIRECTION('',(1.0,0.0,0.0));
#5509=SURFACE_STYLE_FILL_AREA(#9451);
#5510=ORIENTED_EDGE('',*,*,#9452,.F.);
#5511=ORIENTED_EDGE('',*,*,#9453,.T.);
#5512=ORIENTED_EDGE('',*,*,#9454,.F.);
#5513=ORIENTED_EDGE('',*,*,#9353,.F.);
#5514=CARTESIAN_POINT('',(6.05,1.25,0.55));
#5515=DIRECTION('',(3.61400724161835E-16,1.0,0.0));
#5516=DIRECTION('',(1.0,-3.61400724161835E-16,0.0));
#5517=SURFACE_STYLE_FILL_AREA(#9455);
#5518=ORIENTED_EDGE('',*,*,#9357,.F.);
#5519=ORIENTED_EDGE('',*,*,#9456,.F.);
#5520=ORIENTED_EDGE('',*,*,#9457,.T.);
#5521=ORIENTED_EDGE('',*,*,#9458,.F.);
#5522=CARTESIAN_POINT('',(-6.05,-1.25,0.55));
#5523=DIRECTION('',(0.0,-1.0,0.0));
#5524=DIRECTION('',(-1.0,0.0,0.0));
#5525=SURFACE_STYLE_FILL_AREA(#9459);
#5526=ORIENTED_EDGE('',*,*,#9098,.T.);
#5527=ORIENTED_EDGE('',*,*,#9118,.T.);
#5528=ORIENTED_EDGE('',*,*,#9460,.T.);
#5529=ORIENTED_EDGE('',*,*,#9461,.T.);
#5530=ORIENTED_EDGE('',*,*,#9091,.T.);
#5531=CARTESIAN_POINT('',(-5.85,-6.0,0.0));
#5532=DIRECTION('',(0.0,0.0,1.0));
#5533=DIRECTION('',(1.0,0.0,0.0));
#5534=SURFACE_STYLE_FILL_AREA(#9462);
#5535=ORIENTED_EDGE('',*,*,#9463,.T.);
#5536=ORIENTED_EDGE('',*,*,#9464,.T.);
#5537=ORIENTED_EDGE('',*,*,#9001,.F.);
#5538=ORIENTED_EDGE('',*,*,#9465,.F.);
#5539=ORIENTED_EDGE('',*,*,#9466,.T.);
#5540=CARTESIAN_POINT('',(2.2916,-0.7,-0.4));
#5541=DIRECTION('',(0.0,0.0,1.0));
#5542=DIRECTION('',(1.0,0.0,0.0));
#5543=SURFACE_STYLE_FILL_AREA(#9467);
#5544=ORIENTED_EDGE('',*,*,#9468,.T.);
#5545=ORIENTED_EDGE('',*,*,#9469,.T.);
#5546=CARTESIAN_POINT('',(-2.024,-2.024,0.0));
#5547=DIRECTION('',(0.0,0.0,1.0));
#5548=DIRECTION('',(1.0,0.0,0.0));
#5549=SURFACE_STYLE_FILL_AREA(#9470);
#5550=ORIENTED_EDGE('',*,*,#9471,.F.);
#5551=ORIENTED_EDGE('',*,*,#9472,.F.);
#5552=ORIENTED_EDGE('',*,*,#9473,.T.);
#5553=ORIENTED_EDGE('',*,*,#9361,.T.);
#5554=ORIENTED_EDGE('',*,*,#9474,.T.);
#5555=ORIENTED_EDGE('',*,*,#9475,.T.);
#5556=CARTESIAN_POINT('',(2.2,7.075,-0.85));
#5557=DIRECTION('',(0.0,1.0,0.0));
#5558=DIRECTION('',(1.0,-0.0,0.0));
#5559=SURFACE_STYLE_FILL_AREA(#9476);
#5560=ORIENTED_EDGE('',*,*,#9365,.T.);
#5561=ORIENTED_EDGE('',*,*,#9371,.T.);
#5562=ORIENTED_EDGE('',*,*,#9477,.F.);
#5563=ORIENTED_EDGE('',*,*,#9478,.T.);
#5564=CARTESIAN_POINT('',(2.5,6.850000007,-0.850000000254475));
#5565=DIRECTION('',(-2.17996907612138E-24,1.13099971145066E-09,-1.0));
#5566=DIRECTION('',(0.0,-1.0,-1.13099971145066E-09));
#5567=SURFACE_STYLE_FILL_AREA(#9479);
#5568=ORIENTED_EDGE('',*,*,#9363,.T.);
#5569=ORIENTED_EDGE('',*,*,#9480,.T.);
#5570=ORIENTED_EDGE('',*,*,#9481,.F.);
#5571=ORIENTED_EDGE('',*,*,#9370,.F.);
#5572=CARTESIAN_POINT('',(2.5,7.226800002,3.2));
#5573=DIRECTION('',(-2.89120579329468E-15,1.0,0.0));
#5574=DIRECTION('',(1.0,2.89120579329468E-15,0.0));
#5575=SURFACE_STYLE_FILL_AREA(#9482);
#5576=ORIENTED_EDGE('',*,*,#9483,.F.);
#5577=ORIENTED_EDGE('',*,*,#9484,.F.);
#5578=ORIENTED_EDGE('',*,*,#9485,.T.);
#5579=ORIENTED_EDGE('',*,*,#9377,.T.);
#5580=CARTESIAN_POINT('',(-2.05,6.925,-0.328207888));
#5581=DIRECTION('',(1.0,0.0,0.0));
#5582=DIRECTION('',(0.0,1.0,0.0));
#5583=SURFACE_STYLE_FILL_AREA(#9486);
#5584=ORIENTED_EDGE('',*,*,#9487,.T.);
#5585=ORIENTED_EDGE('',*,*,#9488,.T.);
#5586=ORIENTED_EDGE('',*,*,#9489,.F.);
#5587=ORIENTED_EDGE('',*,*,#9490,.T.);
#5588=CARTESIAN_POINT('',(-2.5,7.226800002,3.2));
#5589=DIRECTION('',(-2.89120579329468E-15,1.0,0.0));
#5590=DIRECTION('',(1.0,2.89120579329468E-15,0.0));
#5591=SURFACE_STYLE_FILL_AREA(#9491);
#5592=ORIENTED_EDGE('',*,*,#9379,.F.);
#5593=ORIENTED_EDGE('',*,*,#9288,.T.);
#5594=ORIENTED_EDGE('',*,*,#9488,.F.);
#5595=ORIENTED_EDGE('',*,*,#9492,.T.);
#5596=ORIENTED_EDGE('',*,*,#9493,.F.);
#5597=CARTESIAN_POINT('',(-2.712132034,6.925,3.412132034));
#5598=DIRECTION('',(0.707106779700203,0.0,-0.707106782672892));
#5599=DIRECTION('',(0.0,-1.0,0.0));
#5600=SURFACE_STYLE_FILL_AREA(#9494);
#5601=ORIENTED_EDGE('',*,*,#9495,.T.);
#5602=ORIENTED_EDGE('',*,*,#9380,.T.);
#5603=ORIENTED_EDGE('',*,*,#9493,.T.);
#5604=ORIENTED_EDGE('',*,*,#9496,.T.);
#5605=ORIENTED_EDGE('',*,*,#9497,.T.);
#5606=ORIENTED_EDGE('',*,*,#9498,.T.);
#5607=CARTESIAN_POINT('',(-2.8,7.075,-0.85));
#5608=DIRECTION('',(0.0,1.0,0.0));
#5609=DIRECTION('',(1.0,-0.0,0.0));
#5610=SURFACE_STYLE_FILL_AREA(#9499);
#5611=ORIENTED_EDGE('',*,*,#9500,.F.);
#5612=ORIENTED_EDGE('',*,*,#9501,.T.);
#5613=ORIENTED_EDGE('',*,*,#8998,.T.);
#5614=ORIENTED_EDGE('',*,*,#9396,.F.);
#5615=ORIENTED_EDGE('',*,*,#9016,.F.);
#5616=ORIENTED_EDGE('',*,*,#9269,.F.);
#5617=CARTESIAN_POINT('',(-6.552751472,1.25,1.77907206));
#5618=DIRECTION('',(0.0,-1.0,0.0));
#5619=DIRECTION('',(0.0,0.0,-1.0));
#5620=SURFACE_STYLE_FILL_AREA(#9502);
#5621=ORIENTED_EDGE('',*,*,#8997,.T.);
#5622=ORIENTED_EDGE('',*,*,#9400,.T.);
#5623=ORIENTED_EDGE('',*,*,#9385,.T.);
#5624=ORIENTED_EDGE('',*,*,#9388,.T.);
#5625=ORIENTED_EDGE('',*,*,#9391,.T.);
#5626=ORIENTED_EDGE('',*,*,#9394,.T.);
#5627=ORIENTED_EDGE('',*,*,#9397,.T.);
#5628=CARTESIAN_POINT('',(-6.517773925,-1.25,1.775362525));
#5629=DIRECTION('',(-0.946289874917481,0.0,0.323319459093725));
#5630=DIRECTION('',(0.0,1.0,0.0));
#5631=SURFACE_STYLE_FILL_AREA(#9503);
#5632=ORIENTED_EDGE('',*,*,#9018,.F.);
#5633=ORIENTED_EDGE('',*,*,#9399,.F.);
#5634=ORIENTED_EDGE('',*,*,#8996,.T.);
#5635=ORIENTED_EDGE('',*,*,#9504,.T.);
#5636=ORIENTED_EDGE('',*,*,#9505,.T.);
#5637=ORIENTED_EDGE('',*,*,#9267,.F.);
#5638=CARTESIAN_POINT('',(-6.552751472,-1.25,1.153397247));
#5639=DIRECTION('',(-0.0,1.0,0.0));
#5640=DIRECTION('',(1.0,0.0,0.0));
#5641=SURFACE_STYLE_FILL_AREA(#9506);
#5642=ORIENTED_EDGE('',*,*,#9188,.T.);
#5643=ORIENTED_EDGE('',*,*,#9086,.T.);
#5644=ORIENTED_EDGE('',*,*,#9507,.T.);
#5645=ORIENTED_EDGE('',*,*,#9508,.T.);
#5646=ORIENTED_EDGE('',*,*,#9153,.T.);
#5647=CARTESIAN_POINT('',(-5.85,4.7,0.0));
#5648=DIRECTION('',(0.0,0.0,1.0));
#5649=DIRECTION('',(1.0,0.0,0.0));
#5650=SURFACE_STYLE_FILL_AREA(#9509);
#5651=ORIENTED_EDGE('',*,*,#9309,.F.);
#5652=ORIENTED_EDGE('',*,*,#9510,.F.);
#5653=ORIENTED_EDGE('',*,*,#9511,.F.);
#5654=ORIENTED_EDGE('',*,*,#9512,.F.);
#5655=CARTESIAN_POINT('',(-0.3,-6.925,-0.85));
#5656=DIRECTION('',(1.0,-0.0,0.0));
#5657=DIRECTION('',(0.0,0.0,1.0));
#5658=SURFACE_STYLE_FILL_AREA(#9513);
#5659=ORIENTED_EDGE('',*,*,#9514,.T.);
#5660=ORIENTED_EDGE('',*,*,#9510,.T.);
#5661=ORIENTED_EDGE('',*,*,#9402,.T.);
#5662=ORIENTED_EDGE('',*,*,#9515,.F.);
#5663=CARTESIAN_POINT('',(-0.75,-7.578900007,-1.503900002));
#5664=DIRECTION('',(-1.0,0.0,0.0));
#5665=DIRECTION('',(0.0,0.0,1.0));
#5666=SURFACE_STYLE_FILL_AREA(#9516);
#5667=ORIENTED_EDGE('',*,*,#9517,.T.);
#5668=ORIENTED_EDGE('',*,*,#9515,.T.);
#5669=ORIENTED_EDGE('',*,*,#9218,.T.);
#5670=ORIENTED_EDGE('',*,*,#9518,.T.);
#5671=CARTESIAN_POINT('',(-0.212132034,-6.925,-0.85));
#5672=DIRECTION('',(1.0,-0.0,0.0));
#5673=DIRECTION('',(0.0,0.0,1.0));
#5674=SURFACE_STYLE_FILL_AREA(#9519);
#5675=ORIENTED_EDGE('',*,*,#9520,.F.);
#5676=ORIENTED_EDGE('',*,*,#9521,.F.);
#5677=ORIENTED_EDGE('',*,*,#9522,.F.);
#5678=ORIENTED_EDGE('',*,*,#9518,.F.);
#5679=ORIENTED_EDGE('',*,*,#9206,.F.);
#5680=SURFACE_STYLE_FILL_AREA(#9523);
#5681=ORIENTED_EDGE('',*,*,#9215,.T.);
#5682=ORIENTED_EDGE('',*,*,#9524,.F.);
#5683=ORIENTED_EDGE('',*,*,#9525,.T.);
#5684=ORIENTED_EDGE('',*,*,#9520,.T.);
#5685=CARTESIAN_POINT('',(0.75,-6.925,-0.85));
#5686=DIRECTION('',(1.0,2.16840432328697E-16,0.0));
#5687=DIRECTION('',(2.16840432328697E-16,-1.0,0.0));
#5688=SURFACE_STYLE_FILL_AREA(#9526);
#5689=ORIENTED_EDGE('',*,*,#9527,.T.);
#5690=ORIENTED_EDGE('',*,*,#9528,.T.);
#5691=ORIENTED_EDGE('',*,*,#9524,.T.);
#5692=ORIENTED_EDGE('',*,*,#9404,.T.);
#5693=CARTESIAN_POINT('',(0.75,-7.578900007,-0.85));
#5694=DIRECTION('',(1.0,-0.0,0.0));
#5695=DIRECTION('',(0.0,1.0,-0.0));
#5696=SURFACE_STYLE_FILL_AREA(#9529);
#5697=ORIENTED_EDGE('',*,*,#9530,.F.);
#5698=ORIENTED_EDGE('',*,*,#9527,.F.);
#5699=ORIENTED_EDGE('',*,*,#9306,.F.);
#5700=ORIENTED_EDGE('',*,*,#9531,.F.);
#5701=CARTESIAN_POINT('',(0.75,-6.925,-0.85));
#5702=DIRECTION('',(1.0,1.6680033294546E-16,0.0));
#5703=DIRECTION('',(1.6680033294546E-16,-1.0,0.0));
#5704=SURFACE_STYLE_FILL_AREA(#9532);
#5705=ORIENTED_EDGE('',*,*,#9533,.T.);
#5706=ORIENTED_EDGE('',*,*,#9531,.T.);
#5707=ORIENTED_EDGE('',*,*,#9406,.T.);
#5708=ORIENTED_EDGE('',*,*,#9062,.T.);
#5709=ORIENTED_EDGE('',*,*,#9512,.T.);
#5710=ORIENTED_EDGE('',*,*,#9534,.T.);
#5711=SURFACE_STYLE_FILL_AREA(#9535);
#5712=ORIENTED_EDGE('',*,*,#9254,.T.);
#5713=ORIENTED_EDGE('',*,*,#9409,.F.);
#5714=ORIENTED_EDGE('',*,*,#9420,.F.);
#5715=ORIENTED_EDGE('',*,*,#9536,.F.);
#5716=CARTESIAN_POINT('',(3.25,-7.425,-0.328207888));
#5717=DIRECTION('',(-1.0,0.0,0.0));
#5718=DIRECTION('',(0.0,0.0,1.0));
#5719=SURFACE_STYLE_FILL_AREA(#9537);
#5720=ORIENTED_EDGE('',*,*,#9424,.F.);
#5721=ORIENTED_EDGE('',*,*,#9411,.F.);
#5722=ORIENTED_EDGE('',*,*,#9538,.T.);
#5723=ORIENTED_EDGE('',*,*,#9539,.F.);
#5724=ORIENTED_EDGE('',*,*,#9540,.T.);
#5725=CARTESIAN_POINT('',(2.287867966,-7.660638319,3.412132034));
#5726=DIRECTION('',(0.707106779700203,0.0,-0.707106782672893));
#5727=DIRECTION('',(0.0,-1.0,0.0));
#5728=SURFACE_STYLE_FILL_AREA(#9541);
#5729=ORIENTED_EDGE('',*,*,#9538,.F.);
#5730=ORIENTED_EDGE('',*,*,#9415,.F.);
#5731=ORIENTED_EDGE('',*,*,#9542,.T.);
#5732=ORIENTED_EDGE('',*,*,#9543,.F.);
#5733=CARTESIAN_POINT('',(2.05,-7.425,3.174264069));
#5734=DIRECTION('',(1.0,0.0,0.0));
#5735=DIRECTION('',(0.0,1.0,0.0));
#5736=SURFACE_STYLE_FILL_AREA(#9544);
#5737=ORIENTED_EDGE('',*,*,#9545,.T.);
#5738=ORIENTED_EDGE('',*,*,#9546,.F.);
#5739=ORIENTED_EDGE('',*,*,#9542,.F.);
#5740=ORIENTED_EDGE('',*,*,#9414,.T.);
#5741=CARTESIAN_POINT('',(2.05,-7.425,-0.328207888));
#5742=DIRECTION('',(-0.0,-0.0,-1.0));
#5743=DIRECTION('',(0.0,-1.0,0.0));
#5744=SURFACE_STYLE_FILL_AREA(#9547);
#5745=ORIENTED_EDGE('',*,*,#9422,.F.);
#5746=ORIENTED_EDGE('',*,*,#9540,.F.);
#5747=ORIENTED_EDGE('',*,*,#9548,.F.);
#5748=ORIENTED_EDGE('',*,*,#9549,.F.);
#5749=ORIENTED_EDGE('',*,*,#9418,.F.);
#5750=ORIENTED_EDGE('',*,*,#9426,.F.);
#5751=CARTESIAN_POINT('',(2.5,-7.35,-0.85));
#5752=DIRECTION('',(0.0,0.0,-1.0));
#5753=DIRECTION('',(1.0,0.0,0.0));
#5754=SURFACE_STYLE_FILL_AREA(#9550);
#5755=ORIENTED_EDGE('',*,*,#9551,.F.);
#5756=ORIENTED_EDGE('',*,*,#9436,.F.);
#5757=ORIENTED_EDGE('',*,*,#9333,.T.);
#5758=ORIENTED_EDGE('',*,*,#9552,.F.);
#5759=CARTESIAN_POINT('',(-3.25,-7.425,-0.85));
#5760=DIRECTION('',(1.0,0.0,-0.0));
#5761=DIRECTION('',(-0.0,1.0,0.0));
#5762=SURFACE_STYLE_FILL_AREA(#9553);
#5763=ORIENTED_EDGE('',*,*,#9430,.F.);
#5764=ORIENTED_EDGE('',*,*,#9554,.F.);
#5765=ORIENTED_EDGE('',*,*,#9555,.T.);
#5766=ORIENTED_EDGE('',*,*,#9327,.T.);
#5767=CARTESIAN_POINT('',(-2.05,-7.425,-0.328207888));
#5768=DIRECTION('',(0.0,0.0,-1.0));
#5769=DIRECTION('',(0.0,-1.0,0.0));
#5770=SURFACE_STYLE_FILL_AREA(#9556);
#5771=ORIENTED_EDGE('',*,*,#9428,.F.);
#5772=ORIENTED_EDGE('',*,*,#9325,.T.);
#5773=ORIENTED_EDGE('',*,*,#9557,.T.);
#5774=ORIENTED_EDGE('',*,*,#9558,.T.);
#5775=ORIENTED_EDGE('',*,*,#9559,.F.);
#5776=CARTESIAN_POINT('',(-2.05,-7.660638319,3.174264069));
#5777=DIRECTION('',(-0.707106779700203,0.0,-0.707106782672893));
#5778=DIRECTION('',(-0.707106782672893,0.0,0.707106779700203));
#5779=SURFACE_STYLE_FILL_AREA(#9560);
#5780=ORIENTED_EDGE('',*,*,#9554,.T.);
#5781=ORIENTED_EDGE('',*,*,#9429,.T.);
#5782=ORIENTED_EDGE('',*,*,#9559,.T.);
#5783=ORIENTED_EDGE('',*,*,#9561,.T.);
#5784=ORIENTED_EDGE('',*,*,#9562,.T.);
#5785=ORIENTED_EDGE('',*,*,#9563,.T.);
#5786=CARTESIAN_POINT('',(-1.75,-7.575,3.324264069));
#5787=DIRECTION('',(0.0,-1.0,0.0));
#5788=DIRECTION('',(0.0,0.0,-1.0));
#5789=SURFACE_STYLE_FILL_AREA(#9564);
#5790=ORIENTED_EDGE('',*,*,#9565,.T.);
#5791=ORIENTED_EDGE('',*,*,#9566,.T.);
#5792=ORIENTED_EDGE('',*,*,#9567,.T.);
#5793=ORIENTED_EDGE('',*,*,#9434,.T.);
#5794=ORIENTED_EDGE('',*,*,#9437,.T.);
#5795=ORIENTED_EDGE('',*,*,#9551,.T.);
#5796=CARTESIAN_POINT('',(-2.799999982,-7.575,3.324264069));
#5797=DIRECTION('',(0.0,-1.0,0.0));
#5798=DIRECTION('',(0.0,0.0,-1.0));
#5799=SURFACE_STYLE_FILL_AREA(#9568);
#5800=ORIENTED_EDGE('',*,*,#9331,.T.);
#5801=ORIENTED_EDGE('',*,*,#9432,.T.);
#5802=ORIENTED_EDGE('',*,*,#9567,.F.);
#5803=ORIENTED_EDGE('',*,*,#9569,.T.);
#5804=ORIENTED_EDGE('',*,*,#9570,.T.);
#5805=CARTESIAN_POINT('',(-2.712132034,-7.660638319,3.412132034));
#5806=DIRECTION('',(0.707106779700203,0.0,-0.707106782672892));
#5807=DIRECTION('',(0.0,-1.0,0.0));
#5808=SURFACE_STYLE_FILL_AREA(#9571);
#5809=ORIENTED_EDGE('',*,*,#9570,.F.);
#5810=ORIENTED_EDGE('',*,*,#9572,.T.);
#5811=ORIENTED_EDGE('',*,*,#9557,.F.);
#5812=ORIENTED_EDGE('',*,*,#9260,.F.);
#5813=CARTESIAN_POINT('',(-2.5,-7.72683274082689,3.2));
#5814=DIRECTION('',(-2.89120579329467E-15,-1.0,0.0));
#5815=DIRECTION('',(-1.0,2.89120579329467E-15,0.0));
#5816=SURFACE_STYLE_FILL_AREA(#9573);
#5817=ORIENTED_EDGE('',*,*,#9005,.T.);
#5818=ORIENTED_EDGE('',*,*,#9441,.F.);
#5819=ORIENTED_EDGE('',*,*,#9574,.T.);
#5820=ORIENTED_EDGE('',*,*,#9443,.F.);
#5821=CARTESIAN_POINT('',(5.95,-1.25,1.58137085));
#5822=DIRECTION('',(3.61400724161835E-16,-1.0,0.0));
#5823=DIRECTION('',(-1.0,-3.61400724161835E-16,0.0));
#5824=SURFACE_STYLE_FILL_AREA(#9575);
#5825=ORIENTED_EDGE('',*,*,#9576,.T.);
#5826=ORIENTED_EDGE('',*,*,#9440,.T.);
#5827=ORIENTED_EDGE('',*,*,#9354,.T.);
#5828=ORIENTED_EDGE('',*,*,#9577,.T.);
#5829=CARTESIAN_POINT('',(5.908578644,-1.25,0.691421356));
#5830=DIRECTION('',(0.0,-1.0,0.0));
#5831=DIRECTION('',(0.0,0.0,-1.0));
#5832=SURFACE_STYLE_FILL_AREA(#9578);
#5833=ORIENTED_EDGE('',*,*,#9352,.T.);
#5834=ORIENTED_EDGE('',*,*,#9444,.F.);
#5835=ORIENTED_EDGE('',*,*,#9579,.T.);
#5836=ORIENTED_EDGE('',*,*,#9580,.T.);
#5837=CARTESIAN_POINT('',(5.908578644,1.25,0.691421356));
#5838=DIRECTION('',(0.0,-1.0,0.0));
#5839=DIRECTION('',(0.0,0.0,-1.0));
#5840=SURFACE_STYLE_FILL_AREA(#9581);
#5841=ORIENTED_EDGE('',*,*,#9582,.T.);
#5842=ORIENTED_EDGE('',*,*,#9583,.F.);
#5843=ORIENTED_EDGE('',*,*,#9584,.F.);
#5844=ORIENTED_EDGE('',*,*,#9071,.F.);
#5845=ORIENTED_EDGE('',*,*,#9447,.F.);
#5846=ORIENTED_EDGE('',*,*,#9585,.F.);
#5847=ORIENTED_EDGE('',*,*,#9586,.F.);
#5848=ORIENTED_EDGE('',*,*,#9587,.F.);
#5849=ORIENTED_EDGE('',*,*,#9588,.F.);
#5850=ORIENTED_EDGE('',*,*,#9589,.F.);
#5851=ORIENTED_EDGE('',*,*,#9590,.T.);
#5852=CARTESIAN_POINT('',(5.85,4.7,-1.05));
#5853=DIRECTION('',(0.0,1.0,0.0));
#5854=DIRECTION('',(1.0,-0.0,0.0));
#5855=SURFACE_STYLE_FILL_AREA(#9591);
#5856=ORIENTED_EDGE('',*,*,#9592,.F.);
#5857=ORIENTED_EDGE('',*,*,#9593,.F.);
#5858=ORIENTED_EDGE('',*,*,#9594,.F.);
#5859=ORIENTED_EDGE('',*,*,#9595,.F.);
#5860=ORIENTED_EDGE('',*,*,#9596,.T.);
#5861=ORIENTED_EDGE('',*,*,#9597,.T.);
#5862=ORIENTED_EDGE('',*,*,#9598,.F.);
#5863=ORIENTED_EDGE('',*,*,#9599,.F.);
#5864=CARTESIAN_POINT('',(3.821238898,4.475,-0.299999998));
#5865=DIRECTION('',(0.0,-1.0,0.0));
#5866=DIRECTION('',(0.0,0.0,-1.0));
#5867=SURFACE_STYLE_FILL_AREA(#9600);
#5868=ORIENTED_EDGE('',*,*,#9601,.F.);
#5869=ORIENTED_EDGE('',*,*,#9598,.T.);
#5870=ORIENTED_EDGE('',*,*,#9602,.T.);
#5871=ORIENTED_EDGE('',*,*,#9603,.F.);
#5872=CARTESIAN_POINT('',(3.421238898,4.075,-0.3));
#5873=DIRECTION('',(-0.707106781186548,0.707106781186548,0.0));
#5874=DIRECTION('',(0.0,0.0,1.0));
#5875=SURFACE_STYLE_FILL_AREA(#9604);
#5876=ORIENTED_EDGE('',*,*,#9605,.F.);
#5877=ORIENTED_EDGE('',*,*,#9603,.T.);
#5878=ORIENTED_EDGE('',*,*,#9606,.T.);
#5879=ORIENTED_EDGE('',*,*,#9607,.F.);
#5880=CARTESIAN_POINT('',(3.421238898,3.875,-0.3));
#5881=DIRECTION('',(-1.0,0.0,0.0));
#5882=DIRECTION('',(0.0,0.0,1.0));
#5883=SURFACE_STYLE_FILL_AREA(#9608);
#5884=ORIENTED_EDGE('',*,*,#9609,.T.);
#5885=ORIENTED_EDGE('',*,*,#9582,.F.);
#5886=ORIENTED_EDGE('',*,*,#9610,.T.);
#5887=ORIENTED_EDGE('',*,*,#9596,.F.);
#5888=CARTESIAN_POINT('',(5.425,4.475,-0.749787544));
#5889=DIRECTION('',(-0.707106781186548,0.0,-0.707106781186548));
#5890=DIRECTION('',(-0.707106781186548,0.0,0.707106781186548));
#5891=SURFACE_STYLE_FILL_AREA(#9611);
#5892=ORIENTED_EDGE('',*,*,#9612,.F.);
#5893=ORIENTED_EDGE('',*,*,#9613,.F.);
#5894=ORIENTED_EDGE('',*,*,#9614,.F.);
#5895=ORIENTED_EDGE('',*,*,#9615,.F.);
#5896=ORIENTED_EDGE('',*,*,#9616,.F.);
#5897=ORIENTED_EDGE('',*,*,#9617,.F.);
#5898=ORIENTED_EDGE('',*,*,#9618,.F.);
#5899=ORIENTED_EDGE('',*,*,#9449,.F.);
#5900=ORIENTED_EDGE('',*,*,#9078,.F.);
#5901=ORIENTED_EDGE('',*,*,#9619,.F.);
#5902=ORIENTED_EDGE('',*,*,#9620,.T.);
#5903=CARTESIAN_POINT('',(3.15,-4.7,-1.05));
#5904=DIRECTION('',(0.0,-1.0,0.0));
#5905=DIRECTION('',(0.0,0.0,-1.0));
#5906=SURFACE_STYLE_FILL_AREA(#9621);
#5907=ORIENTED_EDGE('',*,*,#9612,.T.);
#5908=ORIENTED_EDGE('',*,*,#9622,.T.);
#5909=ORIENTED_EDGE('',*,*,#9623,.T.);
#5910=ORIENTED_EDGE('',*,*,#9624,.F.);
#5911=CARTESIAN_POINT('',(5.275,-4.7,-0.599787544));
#5912=DIRECTION('',(0.707106781186548,0.0,0.707106781186548));
#5913=DIRECTION('',(0.0,-1.0,-0.0));
#5914=SURFACE_STYLE_FILL_AREA(#9625);
#5915=ORIENTED_EDGE('',*,*,#9626,.F.);
#5916=ORIENTED_EDGE('',*,*,#9627,.F.);
#5917=ORIENTED_EDGE('',*,*,#9628,.F.);
#5918=ORIENTED_EDGE('',*,*,#9629,.F.);
#5919=ORIENTED_EDGE('',*,*,#9630,.F.);
#5920=ORIENTED_EDGE('',*,*,#9623,.F.);
#5921=ORIENTED_EDGE('',*,*,#9631,.T.);
#5922=ORIENTED_EDGE('',*,*,#9632,.F.);
#5923=CARTESIAN_POINT('',(5.850000002,-4.475,-1.05));
#5924=DIRECTION('',(0.0,1.0,0.0));
#5925=DIRECTION('',(1.0,-0.0,0.0));
#5926=SURFACE_STYLE_FILL_AREA(#9633);
#5927=ORIENTED_EDGE('',*,*,#9629,.T.);
#5928=ORIENTED_EDGE('',*,*,#9634,.F.);
#5929=ORIENTED_EDGE('',*,*,#9635,.F.);
#5930=ORIENTED_EDGE('',*,*,#9636,.F.);
#5931=CARTESIAN_POINT('',(3.821238898,-4.475,-0.3));
#5932=DIRECTION('',(-0.707106781186548,-0.707106781186548,-0.0));
#5933=DIRECTION('',(-0.707106781186548,0.707106781186548,0.0));
#5934=SURFACE_STYLE_FILL_AREA(#9637);
#5935=ORIENTED_EDGE('',*,*,#9635,.T.);
#5936=ORIENTED_EDGE('',*,*,#9638,.F.);
#5937=ORIENTED_EDGE('',*,*,#9639,.F.);
#5938=ORIENTED_EDGE('',*,*,#9640,.F.);
#5939=CARTESIAN_POINT('',(3.421238898,-4.075,-0.3));
#5940=DIRECTION('',(-1.0,0.0,0.0));
#5941=DIRECTION('',(0.0,0.0,1.0));
#5942=SURFACE_STYLE_FILL_AREA(#9641);
#5943=ORIENTED_EDGE('',*,*,#9642,.T.);
#5944=ORIENTED_EDGE('',*,*,#9643,.F.);
#5945=ORIENTED_EDGE('',*,*,#9453,.F.);
#5946=ORIENTED_EDGE('',*,*,#9644,.F.);
#5947=CARTESIAN_POINT('',(5.45,-1.25,-1.05));
#5948=DIRECTION('',(1.0,0.0,0.0));
#5949=DIRECTION('',(0.0,1.0,0.0));
#5950=SURFACE_STYLE_FILL_AREA(#9645);
#5951=ORIENTED_EDGE('',*,*,#9646,.T.);
#5952=ORIENTED_EDGE('',*,*,#9647,.F.);
#5953=ORIENTED_EDGE('',*,*,#9457,.F.);
#5954=ORIENTED_EDGE('',*,*,#9648,.F.);
#5955=CARTESIAN_POINT('',(-5.45,-1.25,0.55));
#5956=DIRECTION('',(-1.0,0.0,0.0));
#5957=DIRECTION('',(0.0,0.0,1.0));
#5958=SURFACE_STYLE_FILL_AREA(#9649);
#5959=ORIENTED_EDGE('',*,*,#9650,.T.);
#5960=ORIENTED_EDGE('',*,*,#9651,.F.);
#5961=ORIENTED_EDGE('',*,*,#9652,.F.);
#5962=ORIENTED_EDGE('',*,*,#9092,.F.);
#5963=ORIENTED_EDGE('',*,*,#9461,.F.);
#5964=ORIENTED_EDGE('',*,*,#9653,.F.);
#5965=ORIENTED_EDGE('',*,*,#9654,.F.);
#5966=ORIENTED_EDGE('',*,*,#9655,.F.);
#5967=ORIENTED_EDGE('',*,*,#9656,.F.);
#5968=ORIENTED_EDGE('',*,*,#9657,.F.);
#5969=ORIENTED_EDGE('',*,*,#9658,.T.);
#5970=CARTESIAN_POINT('',(-5.85,-4.7,-1.05));
#5971=DIRECTION('',(0.0,-1.0,0.0));
#5972=DIRECTION('',(0.0,0.0,-1.0));
#5973=SURFACE_STYLE_FILL_AREA(#9659);
#5974=ORIENTED_EDGE('',*,*,#9660,.F.);
#5975=ORIENTED_EDGE('',*,*,#9661,.T.);
#5976=ORIENTED_EDGE('',*,*,#9662,.T.);
#5977=ORIENTED_EDGE('',*,*,#9663,.F.);
#5978=CARTESIAN_POINT('',(-3.0,0.0,-0.4));
#5979=DIRECTION('',(0.0,0.0,-1.0));
#5980=DIRECTION('',(1.0,0.0,0.0));
#5981=SURFACE_STYLE_FILL_AREA(#9664);
#5982=ORIENTED_EDGE('',*,*,#9665,.T.);
#5983=ORIENTED_EDGE('',*,*,#9666,.F.);
#5984=ORIENTED_EDGE('',*,*,#9663,.T.);
#5985=ORIENTED_EDGE('',*,*,#9667,.T.);
#5986=CARTESIAN_POINT('',(-3.0,0.0,-0.4));
#5987=DIRECTION('',(0.0,0.0,-1.0));
#5988=DIRECTION('',(1.0,0.0,0.0));
#5989=SURFACE_STYLE_FILL_AREA(#9668);
#5990=ORIENTED_EDGE('',*,*,#9000,.T.);
#5991=ORIENTED_EDGE('',*,*,#9669,.F.);
#5992=ORIENTED_EDGE('',*,*,#9670,.T.);
#5993=ORIENTED_EDGE('',*,*,#9465,.T.);
#5994=CARTESIAN_POINT('',(3.0,0.0,-0.4));
#5995=DIRECTION('',(0.0,0.0,-1.0));
#5996=DIRECTION('',(1.0,0.0,0.0));
#5997=SURFACE_STYLE_FILL_AREA(#9671);
#5998=ORIENTED_EDGE('',*,*,#9672,.T.);
#5999=ORIENTED_EDGE('',*,*,#9673,.F.);
#6000=ORIENTED_EDGE('',*,*,#9674,.T.);
#6001=ORIENTED_EDGE('',*,*,#9469,.F.);
#6002=CARTESIAN_POINT('',(0.0,0.0,0.0));
#6003=DIRECTION('',(0.0,0.0,1.0));
#6004=DIRECTION('',(-1.0,0.0,0.0));
#6005=SURFACE_STYLE_FILL_AREA(#9675);
#6006=ORIENTED_EDGE('',*,*,#9468,.F.);
#6007=ORIENTED_EDGE('',*,*,#9674,.F.);
#6008=ORIENTED_EDGE('',*,*,#9676,.F.);
#6009=ORIENTED_EDGE('',*,*,#9672,.F.);
#6010=CARTESIAN_POINT('',(0.0,0.0,0.0));
#6011=DIRECTION('',(0.0,0.0,1.0));
#6012=DIRECTION('',(-1.0,0.0,0.0));
#6013=SURFACE_STYLE_FILL_AREA(#9677);
#6014=ORIENTED_EDGE('',*,*,#9678,.T.);
#6015=ORIENTED_EDGE('',*,*,#9240,.F.);
#6016=ORIENTED_EDGE('',*,*,#9278,.T.);
#6017=ORIENTED_EDGE('',*,*,#9368,.T.);
#6018=CARTESIAN_POINT('',(3.25,7.075,-0.328207888));
#6019=DIRECTION('',(-0.0,-0.0,-1.0));
#6020=DIRECTION('',(0.0,-1.0,0.0));
#6021=SURFACE_STYLE_FILL_AREA(#9679);
#6022=ORIENTED_EDGE('',*,*,#9471,.T.);
#6023=ORIENTED_EDGE('',*,*,#9680,.F.);
#6024=ORIENTED_EDGE('',*,*,#9681,.T.);
#6025=ORIENTED_EDGE('',*,*,#9682,.F.);
#6026=CARTESIAN_POINT('',(2.05,6.925,-0.328207888));
#6027=DIRECTION('',(0.0,-0.0,1.0));
#6028=DIRECTION('',(1.0,0.0,-0.0));
#6029=SURFACE_STYLE_FILL_AREA(#9683);
#6030=ORIENTED_EDGE('',*,*,#9682,.T.);
#6031=ORIENTED_EDGE('',*,*,#9684,.T.);
#6032=ORIENTED_EDGE('',*,*,#9685,.T.);
#6033=ORIENTED_EDGE('',*,*,#9472,.T.);
#6034=CARTESIAN_POINT('',(2.05,6.925,-0.328207888));
#6035=DIRECTION('',(-1.0,0.0,0.0));
#6036=DIRECTION('',(0.0,0.0,1.0));
#6037=SURFACE_STYLE_FILL_AREA(#9686);
#6038=ORIENTED_EDGE('',*,*,#9685,.F.);
#6039=ORIENTED_EDGE('',*,*,#9687,.T.);
#6040=ORIENTED_EDGE('',*,*,#9480,.F.);
#6041=ORIENTED_EDGE('',*,*,#9362,.T.);
#6042=ORIENTED_EDGE('',*,*,#9473,.F.);
#6043=CARTESIAN_POINT('',(2.287867966,6.925,3.412132034));
#6044=DIRECTION('',(0.707106779700203,0.0,-0.707106782672893));
#6045=DIRECTION('',(0.0,-1.0,0.0));
#6046=SURFACE_STYLE_FILL_AREA(#9688);
#6047=ORIENTED_EDGE('',*,*,#9689,.F.);
#6048=ORIENTED_EDGE('',*,*,#9483,.T.);
#6049=ORIENTED_EDGE('',*,*,#9376,.T.);
#6050=ORIENTED_EDGE('',*,*,#9690,.F.);
#6051=CARTESIAN_POINT('',(-2.05,6.925,-0.328207888));
#6052=DIRECTION('',(0.0,0.0,1.0));
#6053=DIRECTION('',(1.0,0.0,0.0));
#6054=SURFACE_STYLE_FILL_AREA(#9691);
#6055=ORIENTED_EDGE('',*,*,#9381,.T.);
#6056=ORIENTED_EDGE('',*,*,#9495,.F.);
#6057=ORIENTED_EDGE('',*,*,#9692,.T.);
#6058=ORIENTED_EDGE('',*,*,#9290,.T.);
#6059=CARTESIAN_POINT('',(-2.95,6.925,-0.328207888));
#6060=DIRECTION('',(0.0,0.0,-1.0));
#6061=DIRECTION('',(0.0,-1.0,0.0));
#6062=SURFACE_STYLE_FILL_AREA(#9693);
#6063=ORIENTED_EDGE('',*,*,#9694,.T.);
#6064=ORIENTED_EDGE('',*,*,#9695,.T.);
#6065=ORIENTED_EDGE('',*,*,#9696,.T.);
#6066=ORIENTED_EDGE('',*,*,#9484,.T.);
#6067=ORIENTED_EDGE('',*,*,#9689,.T.);
#6068=ORIENTED_EDGE('',*,*,#9697,.F.);
#6069=CARTESIAN_POINT('',(-1.75,7.075,-0.85));
#6070=DIRECTION('',(0.0,1.0,0.0));
#6071=DIRECTION('',(1.0,-0.0,0.0));
#6072=SURFACE_STYLE_FILL_AREA(#9698);
#6073=ORIENTED_EDGE('',*,*,#9699,.T.);
#6074=ORIENTED_EDGE('',*,*,#9700,.T.);
#6075=ORIENTED_EDGE('',*,*,#9373,.T.);
#6076=ORIENTED_EDGE('',*,*,#9485,.F.);
#6077=ORIENTED_EDGE('',*,*,#9696,.F.);
#6078=CARTESIAN_POINT('',(-2.05,6.925,3.174264069));
#6079=DIRECTION('',(-0.707106779700203,0.0,-0.707106782672893));
#6080=DIRECTION('',(-0.707106782672893,0.0,0.707106779700203));
#6081=SURFACE_STYLE_FILL_AREA(#9701);
#6082=ORIENTED_EDGE('',*,*,#9490,.F.);
#6083=ORIENTED_EDGE('',*,*,#9284,.F.);
#6084=ORIENTED_EDGE('',*,*,#9700,.F.);
#6085=ORIENTED_EDGE('',*,*,#9702,.T.);
#6086=CARTESIAN_POINT('',(-2.5,7.226800002,3.2));
#6087=DIRECTION('',(-2.89120579329468E-15,1.0,0.0));
#6088=DIRECTION('',(1.0,2.89120579329468E-15,0.0));
#6089=SURFACE_STYLE_FILL_AREA(#9703);
#6090=ORIENTED_EDGE('',*,*,#9704,.F.);
#6091=ORIENTED_EDGE('',*,*,#9496,.F.);
#6092=ORIENTED_EDGE('',*,*,#9492,.F.);
#6093=ORIENTED_EDGE('',*,*,#9487,.F.);
#6094=ORIENTED_EDGE('',*,*,#9705,.T.);
#6095=CARTESIAN_POINT('',(-2.5,6.850000007,-0.85000000042375));
#6096=DIRECTION('',(-1.30682521898053E-24,1.13000002881649E-09,-1.0));
#6097=DIRECTION('',(0.0,-1.0,-1.13000002881649E-09));
#6098=SURFACE_STYLE_FILL_AREA(#9706);
#6099=ORIENTED_EDGE('',*,*,#9707,.T.);
#6100=ORIENTED_EDGE('',*,*,#9708,.F.);
#6101=ORIENTED_EDGE('',*,*,#9500,.T.);
#6102=ORIENTED_EDGE('',*,*,#9358,.F.);
#6103=CARTESIAN_POINT('',(-6.374264069,1.25,1.157106781));
#6104=DIRECTION('',(0.0,1.0,0.0));
#6105=DIRECTION('',(1.0,0.0,-0.0));
#6106=SURFACE_STYLE_FILL_AREA(#9709);
#6107=ORIENTED_EDGE('',*,*,#8995,.T.);
#6108=ORIENTED_EDGE('',*,*,#9501,.F.);
#6109=ORIENTED_EDGE('',*,*,#9710,.F.);
#6110=ORIENTED_EDGE('',*,*,#9504,.F.);
#6111=CARTESIAN_POINT('',(-5.95,1.25,1.58137085));
#6112=DIRECTION('',(3.61400724161835E-16,1.0,0.0));
#6113=DIRECTION('',(1.0,-3.61400724161835E-16,0.0));
#6114=SURFACE_STYLE_FILL_AREA(#9711);
#6115=ORIENTED_EDGE('',*,*,#9505,.F.);
#6116=ORIENTED_EDGE('',*,*,#9712,.F.);
#6117=ORIENTED_EDGE('',*,*,#9713,.T.);
#6118=ORIENTED_EDGE('',*,*,#9356,.F.);
#6119=CARTESIAN_POINT('',(-5.908578644,-1.25,0.691421356));
#6120=DIRECTION('',(0.0,1.0,0.0));
#6121=DIRECTION('',(1.0,-0.0,0.0));
#6122=SURFACE_STYLE_FILL_AREA(#9714);
#6123=ORIENTED_EDGE('',*,*,#9715,.F.);
#6124=ORIENTED_EDGE('',*,*,#9716,.F.);
#6125=ORIENTED_EDGE('',*,*,#9717,.T.);
#6126=ORIENTED_EDGE('',*,*,#9718,.T.);
#6127=ORIENTED_EDGE('',*,*,#9719,.T.);
#6128=ORIENTED_EDGE('',*,*,#9720,.F.);
#6129=ORIENTED_EDGE('',*,*,#9721,.F.);
#6130=ORIENTED_EDGE('',*,*,#9722,.F.);
#6131=CARTESIAN_POINT('',(-3.821238898,-4.475,-1.05));
#6132=DIRECTION('',(0.0,1.0,0.0));
#6133=DIRECTION('',(1.0,-0.0,0.0));
#6134=SURFACE_STYLE_FILL_AREA(#9723);
#6135=ORIENTED_EDGE('',*,*,#9724,.T.);
#6136=ORIENTED_EDGE('',*,*,#9725,.T.);
#6137=ORIENTED_EDGE('',*,*,#9726,.F.);
#6138=ORIENTED_EDGE('',*,*,#9719,.F.);
#6139=CARTESIAN_POINT('',(-3.821238898,-4.475,-0.3));
#6140=DIRECTION('',(-0.707106781186548,0.707106781186548,0.0));
#6141=DIRECTION('',(0.0,0.0,1.0));
#6142=SURFACE_STYLE_FILL_AREA(#9727);
#6143=ORIENTED_EDGE('',*,*,#9728,.T.);
#6144=ORIENTED_EDGE('',*,*,#9729,.T.);
#6145=ORIENTED_EDGE('',*,*,#9730,.F.);
#6146=ORIENTED_EDGE('',*,*,#9725,.F.);
#6147=CARTESIAN_POINT('',(-3.421238898,-4.075,-0.3));
#6148=DIRECTION('',(-1.0,0.0,0.0));
#6149=DIRECTION('',(0.0,0.0,1.0));
#6150=SURFACE_STYLE_FILL_AREA(#9731);
#6151=ORIENTED_EDGE('',*,*,#9732,.T.);
#6152=ORIENTED_EDGE('',*,*,#9650,.F.);
#6153=ORIENTED_EDGE('',*,*,#9733,.T.);
#6154=ORIENTED_EDGE('',*,*,#9717,.F.);
#6155=CARTESIAN_POINT('',(-5.275,-4.7,-0.599787544));
#6156=DIRECTION('',(0.707106781186548,0.0,-0.707106781186548));
#6157=DIRECTION('',(0.0,-1.0,0.0));
#6158=SURFACE_STYLE_FILL_AREA(#9734);
#6159=ORIENTED_EDGE('',*,*,#9735,.T.);
#6160=ORIENTED_EDGE('',*,*,#9736,.F.);
#6161=ORIENTED_EDGE('',*,*,#9737,.F.);
#6162=ORIENTED_EDGE('',*,*,#9738,.F.);
#6163=ORIENTED_EDGE('',*,*,#9739,.F.);
#6164=ORIENTED_EDGE('',*,*,#9740,.F.);
#6165=ORIENTED_EDGE('',*,*,#9741,.F.);
#6166=ORIENTED_EDGE('',*,*,#9742,.F.);
#6167=ORIENTED_EDGE('',*,*,#9507,.F.);
#6168=ORIENTED_EDGE('',*,*,#9085,.F.);
#6169=ORIENTED_EDGE('',*,*,#9743,.F.);
#6170=CARTESIAN_POINT('',(-3.15,4.7,-1.05));
#6171=DIRECTION('',(0.0,1.0,0.0));
#6172=DIRECTION('',(1.0,-0.0,0.0));
#6173=SURFACE_STYLE_FILL_AREA(#9744);
#6174=ORIENTED_EDGE('',*,*,#9745,.F.);
#6175=ORIENTED_EDGE('',*,*,#9736,.T.);
#6176=ORIENTED_EDGE('',*,*,#9746,.T.);
#6177=ORIENTED_EDGE('',*,*,#9747,.T.);
#6178=CARTESIAN_POINT('',(-5.425,4.475,-0.749787544));
#6179=DIRECTION('',(-0.707106781186548,0.0,0.707106781186548));
#6180=DIRECTION('',(0.0,1.0,0.0));
#6181=SURFACE_STYLE_FILL_AREA(#9748);
#6182=ORIENTED_EDGE('',*,*,#9749,.F.);
#6183=ORIENTED_EDGE('',*,*,#9750,.F.);
#6184=ORIENTED_EDGE('',*,*,#9751,.F.);
#6185=ORIENTED_EDGE('',*,*,#9752,.F.);
#6186=ORIENTED_EDGE('',*,*,#9753,.T.);
#6187=ORIENTED_EDGE('',*,*,#9754,.F.);
#6188=ORIENTED_EDGE('',*,*,#9747,.F.);
#6189=ORIENTED_EDGE('',*,*,#9755,.T.);
#6190=CARTESIAN_POINT('',(-5.850000002,4.475,-0.299999998));
#6191=DIRECTION('',(0.0,-1.0,0.0));
#6192=DIRECTION('',(0.0,0.0,-1.0));
#6193=SURFACE_STYLE_FILL_AREA(#9756);
#6194=ORIENTED_EDGE('',*,*,#9757,.T.);
#6195=ORIENTED_EDGE('',*,*,#9758,.F.);
#6196=ORIENTED_EDGE('',*,*,#9759,.T.);
#6197=ORIENTED_EDGE('',*,*,#9760,.F.);
#6198=CARTESIAN_POINT('',(-3.421238898,3.875,-0.3));
#6199=DIRECTION('',(-1.0,0.0,0.0));
#6200=DIRECTION('',(0.0,0.0,1.0));
#6201=SURFACE_STYLE_FILL_AREA(#9761);
#6202=ORIENTED_EDGE('',*,*,#9753,.F.);
#6203=ORIENTED_EDGE('',*,*,#9762,.F.);
#6204=ORIENTED_EDGE('',*,*,#9757,.F.);
#6205=ORIENTED_EDGE('',*,*,#9763,.F.);
#6206=CARTESIAN_POINT('',(-3.421238898,4.075,-0.3));
#6207=DIRECTION('',(-0.707106781186548,-0.707106781186548,-0.0));
#6208=DIRECTION('',(-0.707106781186548,0.707106781186548,0.0));
#6209=SURFACE_STYLE_FILL_AREA(#9764);
#6210=ORIENTED_EDGE('',*,*,#9534,.F.);
#6211=ORIENTED_EDGE('',*,*,#9765,.F.);
#6212=ORIENTED_EDGE('',*,*,#9766,.F.);
#6213=ORIENTED_EDGE('',*,*,#9767,.T.);
#6214=CARTESIAN_POINT('',(0.0,-6.925000001,-1.274999998));
#6215=DIRECTION('',(0.0,-1.0,0.0));
#6216=DIRECTION('',(-1.0,0.0,0.0));
#6217=SURFACE_STYLE_FILL_AREA(#9768);
#6218=ORIENTED_EDGE('',*,*,#9511,.T.);
#6219=ORIENTED_EDGE('',*,*,#9769,.T.);
#6220=ORIENTED_EDGE('',*,*,#9770,.F.);
#6221=ORIENTED_EDGE('',*,*,#9765,.T.);
#6222=CARTESIAN_POINT('',(-0.299999998,-6.925,-1.5));
#6223=DIRECTION('',(0.0,0.0,-1.0));
#6224=DIRECTION('',(0.0,-1.0,0.0));
#6225=SURFACE_STYLE_FILL_AREA(#9771);
#6226=ORIENTED_EDGE('',*,*,#9772,.F.);
#6227=ORIENTED_EDGE('',*,*,#9769,.F.);
#6228=ORIENTED_EDGE('',*,*,#9514,.F.);
#6229=ORIENTED_EDGE('',*,*,#9773,.T.);
#6230=CARTESIAN_POINT('',(-0.75,-6.3,-1.35));
#6231=DIRECTION('',(1.0,0.0,0.0));
#6232=DIRECTION('',(0.0,1.0,0.0));
#6233=SURFACE_STYLE_FILL_AREA(#9774);
#6234=ORIENTED_EDGE('',*,*,#9775,.F.);
#6235=ORIENTED_EDGE('',*,*,#9773,.F.);
#6236=ORIENTED_EDGE('',*,*,#9517,.F.);
#6237=ORIENTED_EDGE('',*,*,#9776,.F.);
#6238=CARTESIAN_POINT('',(-0.212132034,-6.925,-1.35));
#6239=DIRECTION('',(0.0,0.0,-1.0));
#6240=DIRECTION('',(0.0,-1.0,0.0));
#6241=SURFACE_STYLE_FILL_AREA(#9777);
#6242=ORIENTED_EDGE('',*,*,#9778,.F.);
#6243=ORIENTED_EDGE('',*,*,#9776,.T.);
#6244=ORIENTED_EDGE('',*,*,#9522,.T.);
#6245=ORIENTED_EDGE('',*,*,#9779,.F.);
#6246=CARTESIAN_POINT('',(0.0,-6.925,-1.275));
#6247=DIRECTION('',(0.0,-1.0,0.0));
#6248=DIRECTION('',(0.0,0.0,1.0));
#6249=SURFACE_STYLE_FILL_AREA(#9780);
#6250=ORIENTED_EDGE('',*,*,#9781,.T.);
#6251=ORIENTED_EDGE('',*,*,#9782,.F.);
#6252=ORIENTED_EDGE('',*,*,#9779,.T.);
#6253=ORIENTED_EDGE('',*,*,#9521,.T.);
#6254=CARTESIAN_POINT('',(0.0,-6.925,-1.275));
#6255=DIRECTION('',(0.0,-1.0,0.0));
#6256=DIRECTION('',(0.0,0.0,1.0));
#6257=SURFACE_STYLE_FILL_AREA(#9783);
#6258=ORIENTED_EDGE('',*,*,#9784,.F.);
#6259=ORIENTED_EDGE('',*,*,#9781,.F.);
#6260=ORIENTED_EDGE('',*,*,#9525,.F.);
#6261=ORIENTED_EDGE('',*,*,#9785,.T.);
#6262=CARTESIAN_POINT('',(0.75,-6.925,-1.35));
#6263=DIRECTION('',(0.0,0.0,-1.0));
#6264=DIRECTION('',(0.0,-1.0,0.0));
#6265=SURFACE_STYLE_FILL_AREA(#9786);
#6266=ORIENTED_EDGE('',*,*,#9787,.F.);
#6267=ORIENTED_EDGE('',*,*,#9785,.F.);
#6268=ORIENTED_EDGE('',*,*,#9528,.F.);
#6269=ORIENTED_EDGE('',*,*,#9788,.F.);
#6270=CARTESIAN_POINT('',(0.75,-6.925,-1.35));
#6271=DIRECTION('',(-1.0,0.0,0.0));
#6272=DIRECTION('',(0.0,0.0,1.0));
#6273=SURFACE_STYLE_FILL_AREA(#9789);
#6274=ORIENTED_EDGE('',*,*,#9530,.T.);
#6275=ORIENTED_EDGE('',*,*,#9790,.T.);
#6276=ORIENTED_EDGE('',*,*,#9791,.F.);
#6277=ORIENTED_EDGE('',*,*,#9788,.T.);
#6278=CARTESIAN_POINT('',(0.75,-6.925,-1.5));
#6279=DIRECTION('',(0.0,0.0,-1.0));
#6280=DIRECTION('',(0.0,-1.0,0.0));
#6281=SURFACE_STYLE_FILL_AREA(#9792);
#6282=ORIENTED_EDGE('',*,*,#9767,.F.);
#6283=ORIENTED_EDGE('',*,*,#9793,.F.);
#6284=ORIENTED_EDGE('',*,*,#9790,.F.);
#6285=ORIENTED_EDGE('',*,*,#9533,.F.);
#6286=CARTESIAN_POINT('',(0.0,-6.925000001,-1.274999998));
#6287=DIRECTION('',(0.0,-1.0,0.0));
#6288=DIRECTION('',(-1.0,0.0,0.0));
#6289=SURFACE_STYLE_FILL_AREA(#9794);
#6290=ORIENTED_EDGE('',*,*,#9795,.F.);
#6291=ORIENTED_EDGE('',*,*,#9545,.F.);
#6292=ORIENTED_EDGE('',*,*,#9413,.T.);
#6293=ORIENTED_EDGE('',*,*,#9796,.F.);
#6294=CARTESIAN_POINT('',(1.75,-7.425,-0.328207888));
#6295=DIRECTION('',(1.0,0.0,0.0));
#6296=DIRECTION('',(0.0,1.0,0.0));
#6297=SURFACE_STYLE_FILL_AREA(#9797);
#6298=ORIENTED_EDGE('',*,*,#9798,.T.);
#6299=ORIENTED_EDGE('',*,*,#9799,.T.);
#6300=ORIENTED_EDGE('',*,*,#9800,.F.);
#6301=ORIENTED_EDGE('',*,*,#9536,.T.);
#6302=CARTESIAN_POINT('',(3.25,-7.578900007,-0.85));
#6303=DIRECTION('',(1.0,-0.0,0.0));
#6304=DIRECTION('',(0.0,1.0,-0.0));
#6305=SURFACE_STYLE_FILL_AREA(#9801);
#6306=ORIENTED_EDGE('',*,*,#9802,.T.);
#6307=ORIENTED_EDGE('',*,*,#9548,.T.);
#6308=ORIENTED_EDGE('',*,*,#9539,.T.);
#6309=ORIENTED_EDGE('',*,*,#9543,.T.);
#6310=ORIENTED_EDGE('',*,*,#9546,.T.);
#6311=ORIENTED_EDGE('',*,*,#9795,.T.);
#6312=CARTESIAN_POINT('',(2.2,-7.575,3.324264069));
#6313=DIRECTION('',(0.0,-1.0,0.0));
#6314=DIRECTION('',(0.0,0.0,-1.0));
#6315=SURFACE_STYLE_FILL_AREA(#9803);
#6316=ORIENTED_EDGE('',*,*,#9804,.T.);
#6317=ORIENTED_EDGE('',*,*,#9805,.T.);
#6318=ORIENTED_EDGE('',*,*,#9552,.T.);
#6319=ORIENTED_EDGE('',*,*,#9806,.F.);
#6320=CARTESIAN_POINT('',(-3.25,-7.578900007,-1.503900002));
#6321=DIRECTION('',(-1.0,0.0,0.0));
#6322=DIRECTION('',(0.0,0.0,1.0));
#6323=SURFACE_STYLE_FILL_AREA(#9807);
#6324=ORIENTED_EDGE('',*,*,#9328,.T.);
#6325=ORIENTED_EDGE('',*,*,#9555,.F.);
#6326=ORIENTED_EDGE('',*,*,#9563,.F.);
#6327=ORIENTED_EDGE('',*,*,#9808,.F.);
#6328=CARTESIAN_POINT('',(-1.75,-7.425,-0.328207888));
#6329=DIRECTION('',(-1.0,0.0,0.0));
#6330=DIRECTION('',(0.0,0.0,1.0));
#6331=SURFACE_STYLE_FILL_AREA(#9809);
#6332=ORIENTED_EDGE('',*,*,#9569,.F.);
#6333=ORIENTED_EDGE('',*,*,#9566,.F.);
#6334=ORIENTED_EDGE('',*,*,#9810,.F.);
#6335=ORIENTED_EDGE('',*,*,#9561,.F.);
#6336=ORIENTED_EDGE('',*,*,#9558,.F.);
#6337=ORIENTED_EDGE('',*,*,#9572,.F.);
#6338=CARTESIAN_POINT('',(-2.5,-7.35,-0.85));
#6339=DIRECTION('',(0.0,0.0,-1.0));
#6340=DIRECTION('',(1.0,0.0,0.0));
#6341=SURFACE_STYLE_FILL_AREA(#9811);
#6342=ORIENTED_EDGE('',*,*,#9579,.F.);
#6343=ORIENTED_EDGE('',*,*,#9574,.F.);
#6344=ORIENTED_EDGE('',*,*,#9576,.F.);
#6345=ORIENTED_EDGE('',*,*,#9812,.F.);
#6346=CARTESIAN_POINT('',(5.908578644,-1.25,0.691421356));
#6347=DIRECTION('',(-0.707106781186548,0.0,0.707106781186547));
#6348=DIRECTION('',(0.0,1.0,0.0));
#6349=SURFACE_STYLE_FILL_AREA(#9813);
#6350=ORIENTED_EDGE('',*,*,#9814,.F.);
#6351=ORIENTED_EDGE('',*,*,#9577,.F.);
#6352=ORIENTED_EDGE('',*,*,#9454,.T.);
#6353=ORIENTED_EDGE('',*,*,#9815,.F.);
#6354=CARTESIAN_POINT('',(5.447248528,-1.25,0.55));
#6355=DIRECTION('',(-0.0,1.0,0.0));
#6356=DIRECTION('',(1.0,0.0,0.0));
#6357=SURFACE_STYLE_FILL_AREA(#9816);
#6358=ORIENTED_EDGE('',*,*,#9817,.F.);
#6359=ORIENTED_EDGE('',*,*,#9452,.T.);
#6360=ORIENTED_EDGE('',*,*,#9580,.F.);
#6361=ORIENTED_EDGE('',*,*,#9818,.F.);
#6362=CARTESIAN_POINT('',(5.447248528,1.25,0.976809653));
#6363=DIRECTION('',(0.0,-1.0,0.0));
#6364=DIRECTION('',(0.0,0.0,-1.0));
#6365=SURFACE_STYLE_FILL_AREA(#9819);
#6366=ORIENTED_EDGE('',*,*,#9820,.T.);
#6367=ORIENTED_EDGE('',*,*,#9821,.T.);
#6368=ORIENTED_EDGE('',*,*,#9822,.F.);
#6369=ORIENTED_EDGE('',*,*,#9823,.F.);
#6370=CARTESIAN_POINT('',(5.45,1.25,-1.4));
#6371=DIRECTION('',(1.0,0.0,0.0));
#6372=DIRECTION('',(0.0,1.0,0.0));
#6373=SURFACE_STYLE_FILL_AREA(#9824);
#6374=ORIENTED_EDGE('',*,*,#9597,.F.);
#6375=ORIENTED_EDGE('',*,*,#9610,.F.);
#6376=ORIENTED_EDGE('',*,*,#9590,.F.);
#6377=ORIENTED_EDGE('',*,*,#9825,.F.);
#6378=ORIENTED_EDGE('',*,*,#9826,.F.);
#6379=ORIENTED_EDGE('',*,*,#9827,.F.);
#6380=ORIENTED_EDGE('',*,*,#9828,.T.);
#6381=ORIENTED_EDGE('',*,*,#9829,.T.);
#6382=ORIENTED_EDGE('',*,*,#9830,.F.);
#6383=ORIENTED_EDGE('',*,*,#9606,.F.);
#6384=ORIENTED_EDGE('',*,*,#9602,.F.);
#6385=CARTESIAN_POINT('',(5.275,2.8,-0.599787544));
#6386=DIRECTION('',(0.0471064506558711,0.0,-0.998889874964506));
#6387=DIRECTION('',(0.0,-1.0,0.0));
#6388=SURFACE_STYLE_FILL_AREA(#9831);
#6389=ORIENTED_EDGE('',*,*,#9832,.F.);
#6390=ORIENTED_EDGE('',*,*,#9607,.T.);
#6391=ORIENTED_EDGE('',*,*,#9830,.T.);
#6392=ORIENTED_EDGE('',*,*,#9833,.T.);
#6393=CARTESIAN_POINT('',(4.321238898,2.975,-0.3));
#6394=DIRECTION('',(-0.707106781186548,-0.707106781186548,-0.0));
#6395=DIRECTION('',(-0.707106781186548,0.707106781186548,0.0));
#6396=SURFACE_STYLE_FILL_AREA(#9834);
#6397=ORIENTED_EDGE('',*,*,#9832,.T.);
#6398=ORIENTED_EDGE('',*,*,#9835,.T.);
#6399=ORIENTED_EDGE('',*,*,#9836,.T.);
#6400=ORIENTED_EDGE('',*,*,#9599,.T.);
#6401=ORIENTED_EDGE('',*,*,#9601,.T.);
#6402=ORIENTED_EDGE('',*,*,#9605,.T.);
#6403=CARTESIAN_POINT('',(5.35,2.975,-0.3));
#6404=DIRECTION('',(0.0,-0.0,1.0));
#6405=DIRECTION('',(1.0,0.0,-0.0));
#6406=SURFACE_STYLE_FILL_AREA(#9837);
#6407=ORIENTED_EDGE('',*,*,#9838,.T.);
#6408=ORIENTED_EDGE('',*,*,#9583,.T.);
#6409=ORIENTED_EDGE('',*,*,#9609,.F.);
#6410=ORIENTED_EDGE('',*,*,#9595,.T.);
#6411=CARTESIAN_POINT('',(5.425,4.7,-1.05));
#6412=DIRECTION('',(-1.0,0.0,0.0));
#6413=DIRECTION('',(0.0,0.0,1.0));
#6414=SURFACE_STYLE_FILL_AREA(#9839);
#6415=ORIENTED_EDGE('',*,*,#9631,.F.);
#6416=ORIENTED_EDGE('',*,*,#9622,.F.);
#6417=ORIENTED_EDGE('',*,*,#9620,.F.);
#6418=ORIENTED_EDGE('',*,*,#9840,.T.);
#6419=CARTESIAN_POINT('',(5.425,-4.475,-1.05));
#6420=DIRECTION('',(-1.0,0.0,0.0));
#6421=DIRECTION('',(0.0,0.0,1.0));
#6422=SURFACE_STYLE_FILL_AREA(#9841);
#6423=ORIENTED_EDGE('',*,*,#9634,.T.);
#6424=ORIENTED_EDGE('',*,*,#9628,.T.);
#6425=ORIENTED_EDGE('',*,*,#9842,.T.);
#6426=ORIENTED_EDGE('',*,*,#9843,.T.);
#6427=ORIENTED_EDGE('',*,*,#9844,.F.);
#6428=ORIENTED_EDGE('',*,*,#9638,.T.);
#6429=CARTESIAN_POINT('',(5.35,-4.475,-0.3));
#6430=DIRECTION('',(0.0,-0.0,1.0));
#6431=DIRECTION('',(1.0,0.0,-0.0));
#6432=SURFACE_STYLE_FILL_AREA(#9845);
#6433=ORIENTED_EDGE('',*,*,#9639,.T.);
#6434=ORIENTED_EDGE('',*,*,#9844,.T.);
#6435=ORIENTED_EDGE('',*,*,#9846,.T.);
#6436=ORIENTED_EDGE('',*,*,#9847,.F.);
#6437=CARTESIAN_POINT('',(3.421238898,-3.875,-0.3));
#6438=DIRECTION('',(-0.707106781186548,0.707106781186548,0.0));
#6439=DIRECTION('',(0.0,0.0,1.0));
#6440=SURFACE_STYLE_FILL_AREA(#9848);
#6441=ORIENTED_EDGE('',*,*,#9849,.T.);
#6442=ORIENTED_EDGE('',*,*,#9850,.T.);
#6443=ORIENTED_EDGE('',*,*,#9851,.F.);
#6444=ORIENTED_EDGE('',*,*,#9852,.F.);
#6445=CARTESIAN_POINT('',(5.45,-2.975,-1.4));
#6446=DIRECTION('',(1.0,0.0,0.0));
#6447=DIRECTION('',(0.0,1.0,0.0));
#6448=SURFACE_STYLE_FILL_AREA(#9853);
#6449=ORIENTED_EDGE('',*,*,#9854,.F.);
#6450=ORIENTED_EDGE('',*,*,#9855,.F.);
#6451=ORIENTED_EDGE('',*,*,#9856,.F.);
#6452=ORIENTED_EDGE('',*,*,#9108,.F.);
#6453=CARTESIAN_POINT('',(2.8,-6.0,-0.8));
#6454=DIRECTION('',(0.0,0.0,-1.0));
#6455=DIRECTION('',(0.0,-1.0,0.0));
#6456=SURFACE_STYLE_FILL_AREA(#9857);
#6457=ORIENTED_EDGE('',*,*,#9640,.T.);
#6458=ORIENTED_EDGE('',*,*,#9847,.T.);
#6459=ORIENTED_EDGE('',*,*,#9858,.T.);
#6460=ORIENTED_EDGE('',*,*,#9859,.F.);
#6461=ORIENTED_EDGE('',*,*,#9860,.T.);
#6462=ORIENTED_EDGE('',*,*,#9861,.T.);
#6463=ORIENTED_EDGE('',*,*,#9862,.T.);
#6464=ORIENTED_EDGE('',*,*,#9613,.T.);
#6465=ORIENTED_EDGE('',*,*,#9624,.T.);
#6466=ORIENTED_EDGE('',*,*,#9630,.T.);
#6467=ORIENTED_EDGE('',*,*,#9636,.T.);
#6468=CARTESIAN_POINT('',(3.15,-4.7,-0.7));
#6469=DIRECTION('',(-0.0471064506558711,0.0,0.998889874964506));
#6470=DIRECTION('',(0.0,1.0,0.0));
#6471=SURFACE_STYLE_FILL_AREA(#9863);
#6472=ORIENTED_EDGE('',*,*,#9864,.T.);
#6473=ORIENTED_EDGE('',*,*,#9859,.T.);
#6474=ORIENTED_EDGE('',*,*,#9865,.T.);
#6475=ORIENTED_EDGE('',*,*,#9866,.T.);
#6476=CARTESIAN_POINT('',(5.275,-2.975,-0.599787544));
#6477=DIRECTION('',(0.707106781186548,0.0,0.707106781186548));
#6478=DIRECTION('',(0.0,-1.0,-0.0));
#6479=SURFACE_STYLE_FILL_AREA(#9867);
#6480=ORIENTED_EDGE('',*,*,#9868,.T.);
#6481=ORIENTED_EDGE('',*,*,#9849,.F.);
#6482=ORIENTED_EDGE('',*,*,#9642,.F.);
#6483=ORIENTED_EDGE('',*,*,#9821,.F.);
#6484=ORIENTED_EDGE('',*,*,#9869,.T.);
#6485=ORIENTED_EDGE('',*,*,#9870,.F.);
#6486=ORIENTED_EDGE('',*,*,#9871,.F.);
#6487=ORIENTED_EDGE('',*,*,#9872,.T.);
#6488=ORIENTED_EDGE('',*,*,#9873,.T.);
#6489=ORIENTED_EDGE('',*,*,#9874,.T.);
#6490=CARTESIAN_POINT('',(4.95,-2.975,-1.05));
#6491=DIRECTION('',(0.0,0.0,-1.0));
#6492=DIRECTION('',(0.0,-1.0,0.0));
#6493=SURFACE_STYLE_FILL_AREA(#9875);
#6494=ORIENTED_EDGE('',*,*,#9876,.T.);
#6495=ORIENTED_EDGE('',*,*,#9828,.F.);
#6496=ORIENTED_EDGE('',*,*,#9877,.T.);
#6497=ORIENTED_EDGE('',*,*,#9878,.T.);
#6498=CARTESIAN_POINT('',(5.425,2.8,-0.749787544));
#6499=DIRECTION('',(-0.707106781186548,0.0,-0.707106781186548));
#6500=DIRECTION('',(-0.707106781186548,0.0,0.707106781186548));
#6501=SURFACE_STYLE_FILL_AREA(#9879);
#6502=ORIENTED_EDGE('',*,*,#9880,.F.);
#6503=ORIENTED_EDGE('',*,*,#9881,.F.);
#6504=ORIENTED_EDGE('',*,*,#9163,.F.);
#6505=ORIENTED_EDGE('',*,*,#9882,.F.);
#6506=CARTESIAN_POINT('',(2.8,4.2898,-0.8));
#6507=DIRECTION('',(0.0,0.0,-1.0));
#6508=DIRECTION('',(0.0,-1.0,0.0));
#6509=SURFACE_STYLE_FILL_AREA(#9883);
#6510=ORIENTED_EDGE('',*,*,#9884,.F.);
#6511=ORIENTED_EDGE('',*,*,#9885,.F.);
#6512=ORIENTED_EDGE('',*,*,#9886,.F.);
#6513=ORIENTED_EDGE('',*,*,#9159,.F.);
#6514=CARTESIAN_POINT('',(-1.4,4.2898,-0.8));
#6515=DIRECTION('',(0.0,0.0,-1.0));
#6516=DIRECTION('',(0.0,-1.0,0.0));
#6517=SURFACE_STYLE_FILL_AREA(#9887);
#6518=ORIENTED_EDGE('',*,*,#9888,.F.);
#6519=ORIENTED_EDGE('',*,*,#9889,.F.);
#6520=ORIENTED_EDGE('',*,*,#9890,.T.);
#6521=ORIENTED_EDGE('',*,*,#9891,.T.);
#6522=ORIENTED_EDGE('',*,*,#9892,.F.);
#6523=ORIENTED_EDGE('',*,*,#9893,.F.);
#6524=ORIENTED_EDGE('',*,*,#9646,.F.);
#6525=ORIENTED_EDGE('',*,*,#9894,.F.);
#6526=CARTESIAN_POINT('',(-5.45,-1.5,-1.05));
#6527=DIRECTION('',(0.0,0.0,-1.0));
#6528=DIRECTION('',(0.0,-1.0,0.0));
#6529=SURFACE_STYLE_FILL_AREA(#9895);
#6530=ORIENTED_EDGE('',*,*,#9733,.F.);
#6531=ORIENTED_EDGE('',*,*,#9658,.F.);
#6532=ORIENTED_EDGE('',*,*,#9896,.T.);
#6533=ORIENTED_EDGE('',*,*,#9897,.T.);
#6534=ORIENTED_EDGE('',*,*,#9898,.T.);
#6535=ORIENTED_EDGE('',*,*,#9899,.T.);
#6536=ORIENTED_EDGE('',*,*,#9900,.F.);
#6537=ORIENTED_EDGE('',*,*,#9901,.T.);
#6538=ORIENTED_EDGE('',*,*,#9728,.F.);
#6539=ORIENTED_EDGE('',*,*,#9724,.F.);
#6540=ORIENTED_EDGE('',*,*,#9718,.F.);
#6541=CARTESIAN_POINT('',(-3.15,-4.7,-0.7));
#6542=DIRECTION('',(-0.0471064506558711,0.0,-0.998889874964506));
#6543=DIRECTION('',(-0.998889874964506,0.0,0.0471064506558711));
#6544=SURFACE_STYLE_FILL_AREA(#9902);
#6545=ORIENTED_EDGE('',*,*,#9112,.F.);
#6546=ORIENTED_EDGE('',*,*,#9903,.F.);
#6547=ORIENTED_EDGE('',*,*,#9904,.F.);
#6548=ORIENTED_EDGE('',*,*,#9905,.F.);
#6549=CARTESIAN_POINT('',(-1.4,-6.0,-0.8));
#6550=DIRECTION('',(0.0,0.0,-1.0));
#6551=DIRECTION('',(0.0,-1.0,0.0));
#6552=SURFACE_STYLE_FILL_AREA(#9906);
#6553=ORIENTED_EDGE('',*,*,#9665,.F.);
#6554=ORIENTED_EDGE('',*,*,#9907,.T.);
#6555=ORIENTED_EDGE('',*,*,#9908,.T.);
#6556=ORIENTED_EDGE('',*,*,#9909,.F.);
#6557=CARTESIAN_POINT('',(-3.7,-0.7,-0.15));
#6558=DIRECTION('',(0.0,-1.0,0.0));
#6559=DIRECTION('',(0.0,0.0,-1.0));
#6560=SURFACE_STYLE_FILL_AREA(#9910);
#6561=ORIENTED_EDGE('',*,*,#9911,.T.);
#6562=ORIENTED_EDGE('',*,*,#9912,.T.);
#6563=ORIENTED_EDGE('',*,*,#9661,.F.);
#6564=ORIENTED_EDGE('',*,*,#9913,.F.);
#6565=CARTESIAN_POINT('',(-3.0,0.7,-0.4));
#6566=DIRECTION('',(0.0,1.0,0.0));
#6567=DIRECTION('',(1.0,-0.0,0.0));
#6568=SURFACE_STYLE_FILL_AREA(#9914);
#6569=ORIENTED_EDGE('',*,*,#9907,.F.);
#6570=ORIENTED_EDGE('',*,*,#9667,.F.);
#6571=ORIENTED_EDGE('',*,*,#9662,.F.);
#6572=ORIENTED_EDGE('',*,*,#9912,.F.);
#6573=ORIENTED_EDGE('',*,*,#9915,.T.);
#6574=CARTESIAN_POINT('',(-2.2916,-0.7,-0.4));
#6575=DIRECTION('',(0.0,0.0,-1.0));
#6576=DIRECTION('',(0.0,-1.0,0.0));
#6577=SURFACE_STYLE_FILL_AREA(#9916);
#6578=ORIENTED_EDGE('',*,*,#9917,.T.);
#6579=ORIENTED_EDGE('',*,*,#9466,.F.);
#6580=ORIENTED_EDGE('',*,*,#9670,.F.);
#6581=ORIENTED_EDGE('',*,*,#9918,.F.);
#6582=CARTESIAN_POINT('',(3.0,-0.7,-0.4));
#6583=DIRECTION('',(0.0,-1.0,0.0));
#6584=DIRECTION('',(0.0,0.0,-1.0));
#6585=SURFACE_STYLE_FILL_AREA(#9919);
#6586=ORIENTED_EDGE('',*,*,#9002,.F.);
#6587=ORIENTED_EDGE('',*,*,#9464,.F.);
#6588=ORIENTED_EDGE('',*,*,#9920,.T.);
#6589=ORIENTED_EDGE('',*,*,#9921,.F.);
#6590=CARTESIAN_POINT('',(3.0,0.7,-0.4));
#6591=DIRECTION('',(-0.0,1.0,0.0));
#6592=DIRECTION('',(1.0,0.0,0.0));
#6593=SURFACE_STYLE_FILL_AREA(#9922);
#6594=ORIENTED_EDGE('',*,*,#9918,.T.);
#6595=ORIENTED_EDGE('',*,*,#9669,.T.);
#6596=ORIENTED_EDGE('',*,*,#9003,.T.);
#6597=ORIENTED_EDGE('',*,*,#9921,.T.);
#6598=ORIENTED_EDGE('',*,*,#9923,.T.);
#6599=ORIENTED_EDGE('',*,*,#9924,.T.);
#6600=ORIENTED_EDGE('',*,*,#9925,.T.);
#6601=ORIENTED_EDGE('',*,*,#9913,.T.);
#6602=ORIENTED_EDGE('',*,*,#9660,.T.);
#6603=ORIENTED_EDGE('',*,*,#9666,.T.);
#6604=ORIENTED_EDGE('',*,*,#9909,.T.);
#6605=ORIENTED_EDGE('',*,*,#9926,.T.);
#6606=ORIENTED_EDGE('',*,*,#9927,.T.);
#6607=ORIENTED_EDGE('',*,*,#9928,.T.);
#6608=ORIENTED_EDGE('',*,*,#9673,.T.);
#6609=ORIENTED_EDGE('',*,*,#9676,.T.);
#6610=CARTESIAN_POINT('',(-3.7,-4.3516,-0.15));
#6611=DIRECTION('',(0.0,0.0,1.0));
#6612=DIRECTION('',(1.0,0.0,0.0));
#6613=SURFACE_STYLE_FILL_AREA(#9929);
#6614=ORIENTED_EDGE('',*,*,#9930,.T.);
#6615=ORIENTED_EDGE('',*,*,#9680,.T.);
#6616=ORIENTED_EDGE('',*,*,#9475,.F.);
#6617=ORIENTED_EDGE('',*,*,#9931,.F.);
#6618=CARTESIAN_POINT('',(1.75,7.075000004,-0.85));
#6619=DIRECTION('',(-1.0,0.0,0.0));
#6620=DIRECTION('',(0.0,0.0,1.0));
#6621=SURFACE_STYLE_FILL_AREA(#9932);
#6622=ORIENTED_EDGE('',*,*,#9241,.F.);
#6623=ORIENTED_EDGE('',*,*,#9678,.F.);
#6624=ORIENTED_EDGE('',*,*,#9367,.T.);
#6625=ORIENTED_EDGE('',*,*,#9933,.F.);
#6626=CARTESIAN_POINT('',(3.25,7.075000004,-0.85));
#6627=DIRECTION('',(-1.0,0.0,0.0));
#6628=DIRECTION('',(0.0,0.0,1.0));
#6629=SURFACE_STYLE_FILL_AREA(#9934);
#6630=ORIENTED_EDGE('',*,*,#9687,.F.);
#6631=ORIENTED_EDGE('',*,*,#9684,.F.);
#6632=ORIENTED_EDGE('',*,*,#9681,.F.);
#6633=ORIENTED_EDGE('',*,*,#9930,.F.);
#6634=ORIENTED_EDGE('',*,*,#9935,.F.);
#6635=ORIENTED_EDGE('',*,*,#9936,.F.);
#6636=CARTESIAN_POINT('',(2.287867966,6.925,-0.85));
#6637=DIRECTION('',(0.0,1.0,0.0));
#6638=DIRECTION('',(1.0,-0.0,0.0));
#6639=SURFACE_STYLE_FILL_AREA(#9937);
#6640=ORIENTED_EDGE('',*,*,#9697,.T.);
#6641=ORIENTED_EDGE('',*,*,#9690,.T.);
#6642=ORIENTED_EDGE('',*,*,#9375,.T.);
#6643=ORIENTED_EDGE('',*,*,#9938,.F.);
#6644=CARTESIAN_POINT('',(-1.75,6.925,-0.85));
#6645=DIRECTION('',(1.0,0.0,0.0));
#6646=DIRECTION('',(0.0,1.0,0.0));
#6647=SURFACE_STYLE_FILL_AREA(#9939);
#6648=ORIENTED_EDGE('',*,*,#9291,.T.);
#6649=ORIENTED_EDGE('',*,*,#9692,.F.);
#6650=ORIENTED_EDGE('',*,*,#9498,.F.);
#6651=ORIENTED_EDGE('',*,*,#9940,.F.);
#6652=CARTESIAN_POINT('',(-3.25,6.925,-0.85));
#6653=DIRECTION('',(1.0,0.0,0.0));
#6654=DIRECTION('',(0.0,1.0,0.0));
#6655=SURFACE_STYLE_FILL_AREA(#9941);
#6656=ORIENTED_EDGE('',*,*,#9705,.F.);
#6657=ORIENTED_EDGE('',*,*,#9702,.F.);
#6658=ORIENTED_EDGE('',*,*,#9699,.F.);
#6659=ORIENTED_EDGE('',*,*,#9695,.F.);
#6660=ORIENTED_EDGE('',*,*,#9942,.F.);
#6661=CARTESIAN_POINT('',(-2.5,6.850000007,-0.85000000042375));
#6662=DIRECTION('',(-1.30682521898053E-24,1.13000002881649E-09,-1.0));
#6663=DIRECTION('',(0.0,-1.0,-1.13000002881649E-09));
#6664=SURFACE_STYLE_FILL_AREA(#9943);
#6665=ORIENTED_EDGE('',*,*,#9944,.F.);
#6666=ORIENTED_EDGE('',*,*,#9707,.F.);
#6667=ORIENTED_EDGE('',*,*,#9458,.T.);
#6668=ORIENTED_EDGE('',*,*,#9945,.T.);
#6669=CARTESIAN_POINT('',(-5.911330116,1.25,0.976809653));
#6670=DIRECTION('',(0.0,-1.0,0.0));
#6671=DIRECTION('',(0.0,0.0,-1.0));
#6672=SURFACE_STYLE_FILL_AREA(#9946);
#6673=ORIENTED_EDGE('',*,*,#9712,.T.);
#6674=ORIENTED_EDGE('',*,*,#9710,.T.);
#6675=ORIENTED_EDGE('',*,*,#9708,.T.);
#6676=ORIENTED_EDGE('',*,*,#9947,.F.);
#6677=CARTESIAN_POINT('',(-5.908578644,-1.25,0.691421356));
#6678=DIRECTION('',(-0.707106781186548,0.0,-0.707106781186547));
#6679=DIRECTION('',(-0.707106781186547,0.0,0.707106781186548));
#6680=SURFACE_STYLE_FILL_AREA(#9948);
#6681=ORIENTED_EDGE('',*,*,#9949,.F.);
#6682=ORIENTED_EDGE('',*,*,#9950,.T.);
#6683=ORIENTED_EDGE('',*,*,#9456,.T.);
#6684=ORIENTED_EDGE('',*,*,#9713,.F.);
#6685=CARTESIAN_POINT('',(-5.911330116,-1.25,0.55));
#6686=DIRECTION('',(-0.0,1.0,0.0));
#6687=DIRECTION('',(1.0,0.0,0.0));
#6688=SURFACE_STYLE_FILL_AREA(#9951);
#6689=ORIENTED_EDGE('',*,*,#9952,.T.);
#6690=ORIENTED_EDGE('',*,*,#9899,.F.);
#6691=ORIENTED_EDGE('',*,*,#9953,.T.);
#6692=ORIENTED_EDGE('',*,*,#9954,.F.);
#6693=CARTESIAN_POINT('',(-5.275,-2.975,-0.599787544));
#6694=DIRECTION('',(0.707106781186548,0.0,-0.707106781186548));
#6695=DIRECTION('',(0.0,-1.0,0.0));
#6696=SURFACE_STYLE_FILL_AREA(#9955);
#6697=ORIENTED_EDGE('',*,*,#9901,.F.);
#6698=ORIENTED_EDGE('',*,*,#9956,.T.);
#6699=ORIENTED_EDGE('',*,*,#9957,.F.);
#6700=ORIENTED_EDGE('',*,*,#9729,.F.);
#6701=CARTESIAN_POINT('',(-3.421238898,-3.875,-0.3));
#6702=DIRECTION('',(-0.707106781186548,-0.707106781186548,-0.0));
#6703=DIRECTION('',(-0.707106781186548,0.707106781186548,0.0));
#6704=SURFACE_STYLE_FILL_AREA(#9958);
#6705=ORIENTED_EDGE('',*,*,#9730,.T.);
#6706=ORIENTED_EDGE('',*,*,#9957,.T.);
#6707=ORIENTED_EDGE('',*,*,#9959,.T.);
#6708=ORIENTED_EDGE('',*,*,#9960,.T.);
#6709=ORIENTED_EDGE('',*,*,#9720,.T.);
#6710=ORIENTED_EDGE('',*,*,#9726,.T.);
#6711=CARTESIAN_POINT('',(-3.421238898,-4.475,-0.3));
#6712=DIRECTION('',(0.0,-0.0,1.0));
#6713=DIRECTION('',(1.0,0.0,-0.0));
#6714=SURFACE_STYLE_FILL_AREA(#9961);
#6715=ORIENTED_EDGE('',*,*,#9962,.T.);
#6716=ORIENTED_EDGE('',*,*,#9651,.T.);
#6717=ORIENTED_EDGE('',*,*,#9732,.F.);
#6718=ORIENTED_EDGE('',*,*,#9716,.T.);
#6719=CARTESIAN_POINT('',(-5.425,-4.7,-1.05));
#6720=DIRECTION('',(1.0,0.0,0.0));
#6721=DIRECTION('',(0.0,1.0,0.0));
#6722=SURFACE_STYLE_FILL_AREA(#9963);
#6723=ORIENTED_EDGE('',*,*,#9755,.F.);
#6724=ORIENTED_EDGE('',*,*,#9746,.F.);
#6725=ORIENTED_EDGE('',*,*,#9735,.F.);
#6726=ORIENTED_EDGE('',*,*,#9964,.T.);
#6727=CARTESIAN_POINT('',(-5.425,4.475,-0.749787544));
#6728=DIRECTION('',(1.0,-0.0,0.0));
#6729=DIRECTION('',(0.0,1.0,-0.0));
#6730=SURFACE_STYLE_FILL_AREA(#9965);
#6731=ORIENTED_EDGE('',*,*,#9759,.F.);
#6732=ORIENTED_EDGE('',*,*,#9966,.F.);
#6733=ORIENTED_EDGE('',*,*,#9967,.T.);
#6734=ORIENTED_EDGE('',*,*,#9968,.F.);
#6735=CARTESIAN_POINT('',(-4.321238898,2.975,-0.3));
#6736=DIRECTION('',(-0.707106781186548,0.707106781186548,0.0));
#6737=DIRECTION('',(0.0,0.0,1.0));
#6738=SURFACE_STYLE_FILL_AREA(#9969);
#6739=ORIENTED_EDGE('',*,*,#9763,.T.);
#6740=ORIENTED_EDGE('',*,*,#9760,.T.);
#6741=ORIENTED_EDGE('',*,*,#9968,.T.);
#6742=ORIENTED_EDGE('',*,*,#9970,.T.);
#6743=ORIENTED_EDGE('',*,*,#9971,.F.);
#6744=ORIENTED_EDGE('',*,*,#9972,.T.);
#6745=ORIENTED_EDGE('',*,*,#9973,.T.);
#6746=ORIENTED_EDGE('',*,*,#9974,.T.);
#6747=ORIENTED_EDGE('',*,*,#9737,.T.);
#6748=ORIENTED_EDGE('',*,*,#9745,.T.);
#6749=ORIENTED_EDGE('',*,*,#9754,.T.);
#6750=CARTESIAN_POINT('',(-5.275,2.8,-0.599787544));
#6751=DIRECTION('',(0.0471064506558711,0.0,0.998889874964506));
#6752=DIRECTION('',(-0.0,-1.0,0.0));
#6753=SURFACE_STYLE_FILL_AREA(#9975);
#6754=ORIENTED_EDGE('',*,*,#9976,.T.);
#6755=ORIENTED_EDGE('',*,*,#9971,.T.);
#6756=ORIENTED_EDGE('',*,*,#9977,.T.);
#6757=ORIENTED_EDGE('',*,*,#9978,.F.);
#6758=CARTESIAN_POINT('',(-5.425,2.8,-0.749787544));
#6759=DIRECTION('',(-0.707106781186548,0.0,0.707106781186548));
#6760=DIRECTION('',(0.0,1.0,0.0));
#6761=SURFACE_STYLE_FILL_AREA(#9979);
#6762=ORIENTED_EDGE('',*,*,#9758,.T.);
#6763=ORIENTED_EDGE('',*,*,#9762,.T.);
#6764=ORIENTED_EDGE('',*,*,#9752,.T.);
#6765=ORIENTED_EDGE('',*,*,#9980,.T.);
#6766=ORIENTED_EDGE('',*,*,#9981,.T.);
#6767=ORIENTED_EDGE('',*,*,#9966,.T.);
#6768=CARTESIAN_POINT('',(-3.421238898,2.975,-0.3));
#6769=DIRECTION('',(0.0,-0.0,1.0));
#6770=DIRECTION('',(1.0,0.0,-0.0));
#6771=SURFACE_STYLE_FILL_AREA(#9982);
#6772=ORIENTED_EDGE('',*,*,#9983,.F.);
#6773=ORIENTED_EDGE('',*,*,#9984,.T.);
#6774=ORIENTED_EDGE('',*,*,#9985,.F.);
#6775=ORIENTED_EDGE('',*,*,#9986,.F.);
#6776=ORIENTED_EDGE('',*,*,#9791,.T.);
#6777=ORIENTED_EDGE('',*,*,#9793,.T.);
#6778=ORIENTED_EDGE('',*,*,#9766,.T.);
#6779=ORIENTED_EDGE('',*,*,#9770,.T.);
#6780=ORIENTED_EDGE('',*,*,#9772,.T.);
#6781=ORIENTED_EDGE('',*,*,#9775,.T.);
#6782=ORIENTED_EDGE('',*,*,#9778,.T.);
#6783=ORIENTED_EDGE('',*,*,#9782,.T.);
#6784=ORIENTED_EDGE('',*,*,#9784,.T.);
#6785=ORIENTED_EDGE('',*,*,#9787,.T.);
#6786=CARTESIAN_POINT('',(1.25,-6.3,-2.3));
#6787=DIRECTION('',(0.0,-1.0,0.0));
#6788=DIRECTION('',(0.0,0.0,-1.0));
#6789=SURFACE_STYLE_FILL_AREA(#9987);
#6790=ORIENTED_EDGE('',*,*,#9988,.T.);
#6791=ORIENTED_EDGE('',*,*,#9989,.T.);
#6792=ORIENTED_EDGE('',*,*,#9796,.T.);
#6793=ORIENTED_EDGE('',*,*,#9990,.F.);
#6794=CARTESIAN_POINT('',(1.75,-7.578900007,-1.503900002));
#6795=DIRECTION('',(-1.0,0.0,0.0));
#6796=DIRECTION('',(0.0,0.0,1.0));
#6797=SURFACE_STYLE_FILL_AREA(#9991);
#6798=ORIENTED_EDGE('',*,*,#9990,.T.);
#6799=ORIENTED_EDGE('',*,*,#9412,.T.);
#6800=ORIENTED_EDGE('',*,*,#9992,.T.);
#6801=ORIENTED_EDGE('',*,*,#9993,.T.);
#6802=CARTESIAN_POINT('',(2.287867966,-6.925,-0.85));
#6803=DIRECTION('',(1.0,-0.0,0.0));
#6804=DIRECTION('',(0.0,0.0,1.0));
#6805=SURFACE_STYLE_FILL_AREA(#9994);
#6806=ORIENTED_EDGE('',*,*,#9995,.F.);
#6807=ORIENTED_EDGE('',*,*,#9996,.F.);
#6808=ORIENTED_EDGE('',*,*,#9997,.F.);
#6809=ORIENTED_EDGE('',*,*,#9992,.F.);
#6810=ORIENTED_EDGE('',*,*,#9317,.F.);
#6811=SURFACE_STYLE_FILL_AREA(#9998);
#6812=ORIENTED_EDGE('',*,*,#9800,.T.);
#6813=ORIENTED_EDGE('',*,*,#9999,.T.);
#6814=ORIENTED_EDGE('',*,*,#9995,.T.);
#6815=ORIENTED_EDGE('',*,*,#9255,.T.);
#6816=CARTESIAN_POINT('',(3.25,-6.925,-0.85));
#6817=DIRECTION('',(1.0,0.0,0.0));
#6818=DIRECTION('',(0.0,-1.0,0.0));
#6819=SURFACE_STYLE_FILL_AREA(#10000);
#6820=ORIENTED_EDGE('',*,*,#10001,.F.);
#6821=ORIENTED_EDGE('',*,*,#10002,.T.);
#6822=ORIENTED_EDGE('',*,*,#10003,.T.);
#6823=ORIENTED_EDGE('',*,*,#10004,.F.);
#6824=CARTESIAN_POINT('',(4.6,-6.6,-1.35));
#6825=DIRECTION('',(-0.0,1.0,0.0));
#6826=DIRECTION('',(1.0,0.0,0.0));
#6827=SURFACE_STYLE_FILL_AREA(#10005);
#6828=ORIENTED_EDGE('',*,*,#10006,.T.);
#6829=ORIENTED_EDGE('',*,*,#10007,.T.);
#6830=ORIENTED_EDGE('',*,*,#10008,.F.);
#6831=ORIENTED_EDGE('',*,*,#10004,.T.);
#6832=CARTESIAN_POINT('',(3.625,-6.675,-1.5));
#6833=DIRECTION('',(0.0,0.0,-1.0));
#6834=DIRECTION('',(1.0,0.0,0.0));
#6835=SURFACE_STYLE_FILL_AREA(#10009);
#6836=ORIENTED_EDGE('',*,*,#9799,.F.);
#6837=ORIENTED_EDGE('',*,*,#10010,.F.);
#6838=ORIENTED_EDGE('',*,*,#10007,.F.);
#6839=ORIENTED_EDGE('',*,*,#10011,.T.);
#6840=CARTESIAN_POINT('',(3.25,-6.925,-1.35));
#6841=DIRECTION('',(-1.0,0.0,0.0));
#6842=DIRECTION('',(0.0,0.0,1.0));
#6843=SURFACE_STYLE_FILL_AREA(#10012);
#6844=ORIENTED_EDGE('',*,*,#10013,.F.);
#6845=ORIENTED_EDGE('',*,*,#10014,.F.);
#6846=ORIENTED_EDGE('',*,*,#9798,.F.);
#6847=ORIENTED_EDGE('',*,*,#9419,.F.);
#6848=CARTESIAN_POINT('',(3.25,-6.925,-0.85));
#6849=DIRECTION('',(1.0,6.67201331781839E-16,0.0));
#6850=DIRECTION('',(6.67201331781839E-16,-1.0,0.0));
#6851=SURFACE_STYLE_FILL_AREA(#10015);
#6852=ORIENTED_EDGE('',*,*,#10016,.T.);
#6853=ORIENTED_EDGE('',*,*,#10013,.T.);
#6854=ORIENTED_EDGE('',*,*,#9549,.T.);
#6855=ORIENTED_EDGE('',*,*,#10017,.T.);
#6856=ORIENTED_EDGE('',*,*,#10018,.T.);
#6857=SURFACE_STYLE_FILL_AREA(#10019);
#6858=ORIENTED_EDGE('',*,*,#10017,.F.);
#6859=ORIENTED_EDGE('',*,*,#9802,.F.);
#6860=ORIENTED_EDGE('',*,*,#9989,.F.);
#6861=ORIENTED_EDGE('',*,*,#10020,.F.);
#6862=CARTESIAN_POINT('',(2.2,-6.925,-0.85));
#6863=DIRECTION('',(1.0,-0.0,0.0));
#6864=DIRECTION('',(0.0,0.0,1.0));
#6865=SURFACE_STYLE_FILL_AREA(#10021);
#6866=ORIENTED_EDGE('',*,*,#9565,.F.);
#6867=ORIENTED_EDGE('',*,*,#9805,.F.);
#6868=ORIENTED_EDGE('',*,*,#10022,.F.);
#6869=ORIENTED_EDGE('',*,*,#10023,.F.);
#6870=CARTESIAN_POINT('',(-2.799999982,-6.925,-0.85));
#6871=DIRECTION('',(1.0,-0.0,0.0));
#6872=DIRECTION('',(0.0,0.0,1.0));
#6873=SURFACE_STYLE_FILL_AREA(#10024);
#6874=ORIENTED_EDGE('',*,*,#10025,.T.);
#6875=ORIENTED_EDGE('',*,*,#9806,.T.);
#6876=ORIENTED_EDGE('',*,*,#9332,.T.);
#6877=ORIENTED_EDGE('',*,*,#10026,.T.);
#6878=CARTESIAN_POINT('',(-2.712132034,-6.925,-0.85));
#6879=DIRECTION('',(1.0,-0.0,0.0));
#6880=DIRECTION('',(0.0,0.0,1.0));
#6881=SURFACE_STYLE_FILL_AREA(#10027);
#6882=ORIENTED_EDGE('',*,*,#9804,.F.);
#6883=ORIENTED_EDGE('',*,*,#10028,.T.);
#6884=ORIENTED_EDGE('',*,*,#10029,.F.);
#6885=ORIENTED_EDGE('',*,*,#10030,.F.);
#6886=CARTESIAN_POINT('',(-3.25,-6.675,-1.35));
#6887=DIRECTION('',(1.0,0.0,0.0));
#6888=DIRECTION('',(0.0,1.0,0.0));
#6889=SURFACE_STYLE_FILL_AREA(#10031);
#6890=ORIENTED_EDGE('',*,*,#10032,.F.);
#6891=ORIENTED_EDGE('',*,*,#10029,.T.);
#6892=ORIENTED_EDGE('',*,*,#10033,.T.);
#6893=ORIENTED_EDGE('',*,*,#10034,.T.);
#6894=CARTESIAN_POINT('',(-3.625,-6.675,-1.5));
#6895=DIRECTION('',(0.0,0.0,-1.0));
#6896=DIRECTION('',(1.0,0.0,0.0));
#6897=SURFACE_STYLE_FILL_AREA(#10035);
#6898=ORIENTED_EDGE('',*,*,#10036,.F.);
#6899=ORIENTED_EDGE('',*,*,#10034,.F.);
#6900=ORIENTED_EDGE('',*,*,#10037,.T.);
#6901=ORIENTED_EDGE('',*,*,#10038,.T.);
#6902=CARTESIAN_POINT('',(-3.992423461,-6.6,-1.35));
#6903=DIRECTION('',(-0.0,1.0,0.0));
#6904=DIRECTION('',(1.0,0.0,0.0));
#6905=SURFACE_STYLE_FILL_AREA(#10039);
#6906=ORIENTED_EDGE('',*,*,#10040,.F.);
#6907=ORIENTED_EDGE('',*,*,#10041,.F.);
#6908=ORIENTED_EDGE('',*,*,#10042,.F.);
#6909=ORIENTED_EDGE('',*,*,#10026,.F.);
#6910=ORIENTED_EDGE('',*,*,#9258,.F.);
#6911=SURFACE_STYLE_FILL_AREA(#10043);
#6912=ORIENTED_EDGE('',*,*,#9329,.T.);
#6913=ORIENTED_EDGE('',*,*,#10044,.F.);
#6914=ORIENTED_EDGE('',*,*,#10045,.T.);
#6915=ORIENTED_EDGE('',*,*,#10040,.T.);
#6916=CARTESIAN_POINT('',(-1.75,-6.925,-0.85));
#6917=DIRECTION('',(1.0,-0.0,0.0));
#6918=DIRECTION('',(0.0,0.0,1.0));
#6919=SURFACE_STYLE_FILL_AREA(#10046);
#6920=ORIENTED_EDGE('',*,*,#10047,.T.);
#6921=ORIENTED_EDGE('',*,*,#10048,.T.);
#6922=ORIENTED_EDGE('',*,*,#10044,.T.);
#6923=ORIENTED_EDGE('',*,*,#9808,.T.);
#6924=CARTESIAN_POINT('',(-1.75,-7.578900007,-0.85));
#6925=DIRECTION('',(1.0,-0.0,0.0));
#6926=DIRECTION('',(0.0,1.0,-0.0));
#6927=SURFACE_STYLE_FILL_AREA(#10049);
#6928=ORIENTED_EDGE('',*,*,#10050,.F.);
#6929=ORIENTED_EDGE('',*,*,#10047,.F.);
#6930=ORIENTED_EDGE('',*,*,#9562,.F.);
#6931=ORIENTED_EDGE('',*,*,#10051,.F.);
#6932=CARTESIAN_POINT('',(-1.75,-6.925,-0.85));
#6933=DIRECTION('',(1.0,-0.0,0.0));
#6934=DIRECTION('',(0.0,0.0,1.0));
#6935=SURFACE_STYLE_FILL_AREA(#10052);
#6936=ORIENTED_EDGE('',*,*,#10053,.T.);
#6937=ORIENTED_EDGE('',*,*,#10051,.T.);
#6938=ORIENTED_EDGE('',*,*,#9810,.T.);
#6939=ORIENTED_EDGE('',*,*,#10023,.T.);
#6940=ORIENTED_EDGE('',*,*,#10054,.T.);
#6941=SURFACE_STYLE_FILL_AREA(#10055);
#6942=ORIENTED_EDGE('',*,*,#10056,.F.);
#6943=ORIENTED_EDGE('',*,*,#10057,.T.);
#6944=ORIENTED_EDGE('',*,*,#10058,.F.);
#6945=ORIENTED_EDGE('',*,*,#10059,.T.);
#6946=CARTESIAN_POINT('',(5.45,-1.45,-4.1));
#6947=DIRECTION('',(1.0,0.0,0.0));
#6948=DIRECTION('',(0.0,1.0,0.0));
#6949=SURFACE_STYLE_FILL_AREA(#10060);
#6950=ORIENTED_EDGE('',*,*,#9643,.T.);
#6951=ORIENTED_EDGE('',*,*,#9852,.T.);
#6952=ORIENTED_EDGE('',*,*,#10061,.F.);
#6953=ORIENTED_EDGE('',*,*,#10062,.T.);
#6954=ORIENTED_EDGE('',*,*,#9815,.T.);
#6955=CARTESIAN_POINT('',(5.85,-1.25,-1.4));
#6956=DIRECTION('',(0.0,-1.0,0.0));
#6957=DIRECTION('',(0.0,0.0,-1.0));
#6958=SURFACE_STYLE_FILL_AREA(#10063);
#6959=ORIENTED_EDGE('',*,*,#10064,.T.);
#6960=ORIENTED_EDGE('',*,*,#9818,.T.);
#6961=ORIENTED_EDGE('',*,*,#9812,.T.);
#6962=ORIENTED_EDGE('',*,*,#9814,.T.);
#6963=CARTESIAN_POINT('',(6.05,1.25,0.55));
#6964=DIRECTION('',(0.0,1.0,-0.0));
#6965=DIRECTION('',(1.0,0.0,0.0));
#6966=SURFACE_STYLE_FILL_AREA(#10065);
#6967=ORIENTED_EDGE('',*,*,#9822,.T.);
#6968=ORIENTED_EDGE('',*,*,#9644,.T.);
#6969=ORIENTED_EDGE('',*,*,#9817,.T.);
#6970=ORIENTED_EDGE('',*,*,#10066,.T.);
#6971=ORIENTED_EDGE('',*,*,#10067,.F.);
#6972=CARTESIAN_POINT('',(5.85,1.25,0.55));
#6973=DIRECTION('',(-0.0,1.0,0.0));
#6974=DIRECTION('',(1.0,0.0,0.0));
#6975=SURFACE_STYLE_FILL_AREA(#10068);
#6976=ORIENTED_EDGE('',*,*,#10069,.T.);
#6977=ORIENTED_EDGE('',*,*,#9823,.T.);
#6978=ORIENTED_EDGE('',*,*,#10067,.T.);
#6979=ORIENTED_EDGE('',*,*,#10070,.T.);
#6980=CARTESIAN_POINT('',(5.85,1.25,-1.4));
#6981=DIRECTION('',(0.0,-0.0,1.0));
#6982=DIRECTION('',(1.0,0.0,-0.0));
#6983=SURFACE_STYLE_FILL_AREA(#10071);
#6984=ORIENTED_EDGE('',*,*,#10072,.T.);
#6985=ORIENTED_EDGE('',*,*,#10073,.T.);
#6986=ORIENTED_EDGE('',*,*,#9835,.F.);
#6987=ORIENTED_EDGE('',*,*,#9833,.F.);
#6988=ORIENTED_EDGE('',*,*,#9829,.F.);
#6989=ORIENTED_EDGE('',*,*,#9876,.F.);
#6990=ORIENTED_EDGE('',*,*,#10074,.T.);
#6991=ORIENTED_EDGE('',*,*,#9869,.F.);
#6992=ORIENTED_EDGE('',*,*,#9820,.F.);
#6993=ORIENTED_EDGE('',*,*,#10069,.F.);
#6994=CARTESIAN_POINT('',(5.850000002,2.975,-1.4));
#6995=DIRECTION('',(0.0,1.0,0.0));
#6996=DIRECTION('',(1.0,-0.0,0.0));
#6997=SURFACE_STYLE_FILL_AREA(#10075);
#6998=ORIENTED_EDGE('',*,*,#9592,.T.);
#6999=ORIENTED_EDGE('',*,*,#9836,.F.);
#7000=ORIENTED_EDGE('',*,*,#10073,.F.);
#7001=ORIENTED_EDGE('',*,*,#10076,.T.);
#7002=CARTESIAN_POINT('',(5.35,2.975,-0.8));
#7003=DIRECTION('',(-8.67361734518957E-16,-1.0,0.0));
#7004=DIRECTION('',(-1.0,8.67361734518957E-16,0.0));
#7005=SURFACE_STYLE_FILL_AREA(#10077);
#7006=ORIENTED_EDGE('',*,*,#9838,.F.);
#7007=ORIENTED_EDGE('',*,*,#9594,.T.);
#7008=ORIENTED_EDGE('',*,*,#9072,.T.);
#7009=ORIENTED_EDGE('',*,*,#9584,.T.);
#7010=CARTESIAN_POINT('',(5.425,4.475,-1.05));
#7011=DIRECTION('',(0.0,0.0,-1.0));
#7012=DIRECTION('',(0.0,-1.0,0.0));
#7013=SURFACE_STYLE_FILL_AREA(#10078);
#7014=ORIENTED_EDGE('',*,*,#10079,.F.);
#7015=ORIENTED_EDGE('',*,*,#10059,.F.);
#7016=ORIENTED_EDGE('',*,*,#10080,.F.);
#7017=ORIENTED_EDGE('',*,*,#10081,.T.);
#7018=CARTESIAN_POINT('',(5.85,-1.45,-3.88));
#7019=DIRECTION('',(0.0,-0.0,1.0));
#7020=DIRECTION('',(1.0,0.0,-0.0));
#7021=SURFACE_STYLE_FILL_AREA(#10082);
#7022=ORIENTED_EDGE('',*,*,#10083,.F.);
#7023=ORIENTED_EDGE('',*,*,#10056,.T.);
#7024=ORIENTED_EDGE('',*,*,#10079,.T.);
#7025=ORIENTED_EDGE('',*,*,#10084,.T.);
#7026=CARTESIAN_POINT('',(5.85,-1.45,-3.88));
#7027=DIRECTION('',(-0.0,1.0,0.0));
#7028=DIRECTION('',(1.0,0.0,0.0));
#7029=SURFACE_STYLE_FILL_AREA(#10085);
#7030=ORIENTED_EDGE('',*,*,#9840,.F.);
#7031=ORIENTED_EDGE('',*,*,#9619,.T.);
#7032=ORIENTED_EDGE('',*,*,#9077,.T.);
#7033=ORIENTED_EDGE('',*,*,#9632,.T.);
#7034=CARTESIAN_POINT('',(5.425,-4.7,-1.05));
#7035=DIRECTION('',(0.0,0.0,-1.0));
#7036=DIRECTION('',(0.0,-1.0,0.0));
#7037=SURFACE_STYLE_FILL_AREA(#10086);
#7038=ORIENTED_EDGE('',*,*,#10087,.T.);
#7039=ORIENTED_EDGE('',*,*,#10088,.T.);
#7040=ORIENTED_EDGE('',*,*,#9842,.F.);
#7041=ORIENTED_EDGE('',*,*,#9627,.T.);
#7042=CARTESIAN_POINT('',(5.35,-4.475,-0.8));
#7043=DIRECTION('',(1.73472346903791E-15,-1.0,0.0));
#7044=DIRECTION('',(-1.0,-1.73472346903791E-15,0.0));
#7045=SURFACE_STYLE_FILL_AREA(#10089);
#7046=ORIENTED_EDGE('',*,*,#10090,.T.);
#7047=ORIENTED_EDGE('',*,*,#10091,.F.);
#7048=ORIENTED_EDGE('',*,*,#9850,.F.);
#7049=ORIENTED_EDGE('',*,*,#9868,.F.);
#7050=ORIENTED_EDGE('',*,*,#10092,.T.);
#7051=ORIENTED_EDGE('',*,*,#9865,.F.);
#7052=ORIENTED_EDGE('',*,*,#9858,.F.);
#7053=ORIENTED_EDGE('',*,*,#9846,.F.);
#7054=ORIENTED_EDGE('',*,*,#9843,.F.);
#7055=ORIENTED_EDGE('',*,*,#10088,.F.);
#7056=CARTESIAN_POINT('',(4.321238898,-2.975,-1.4));
#7057=DIRECTION('',(0.0,-1.0,0.0));
#7058=DIRECTION('',(0.0,0.0,-1.0));
#7059=SURFACE_STYLE_FILL_AREA(#10093);
#7060=ORIENTED_EDGE('',*,*,#10061,.T.);
#7061=ORIENTED_EDGE('',*,*,#9851,.T.);
#7062=ORIENTED_EDGE('',*,*,#10091,.T.);
#7063=ORIENTED_EDGE('',*,*,#10094,.T.);
#7064=CARTESIAN_POINT('',(5.85,-2.975,-1.4));
#7065=DIRECTION('',(0.0,-0.0,1.0));
#7066=DIRECTION('',(1.0,0.0,-0.0));
#7067=SURFACE_STYLE_FILL_AREA(#10095);
#7068=ORIENTED_EDGE('',*,*,#10080,.T.);
#7069=ORIENTED_EDGE('',*,*,#10058,.T.);
#7070=ORIENTED_EDGE('',*,*,#10096,.F.);
#7071=ORIENTED_EDGE('',*,*,#10097,.T.);
#7072=CARTESIAN_POINT('',(5.85,1.45,-4.1));
#7073=DIRECTION('',(0.0,-1.0,0.0));
#7074=DIRECTION('',(0.0,0.0,-1.0));
#7075=SURFACE_STYLE_FILL_AREA(#10098);
#7076=ORIENTED_EDGE('',*,*,#9855,.T.);
#7077=ORIENTED_EDGE('',*,*,#10099,.T.);
#7078=ORIENTED_EDGE('',*,*,#10100,.F.);
#7079=ORIENTED_EDGE('',*,*,#10101,.T.);
#7080=CARTESIAN_POINT('',(2.1,-5.0,-0.8));
#7081=DIRECTION('',(0.0,0.0,-1.0));
#7082=DIRECTION('',(1.0,0.0,0.0));
#7083=SURFACE_STYLE_FILL_AREA(#10102);
#7084=ORIENTED_EDGE('',*,*,#9862,.F.);
#7085=ORIENTED_EDGE('',*,*,#10103,.T.);
#7086=ORIENTED_EDGE('',*,*,#10104,.F.);
#7087=ORIENTED_EDGE('',*,*,#9614,.T.);
#7088=CARTESIAN_POINT('',(3.15,-3.3,-0.7));
#7089=DIRECTION('',(-1.0,0.0,0.0));
#7090=DIRECTION('',(0.0,0.0,1.0));
#7091=SURFACE_STYLE_FILL_AREA(#10105);
#7092=ORIENTED_EDGE('',*,*,#9861,.F.);
#7093=ORIENTED_EDGE('',*,*,#10106,.T.);
#7094=ORIENTED_EDGE('',*,*,#10107,.F.);
#7095=ORIENTED_EDGE('',*,*,#10103,.F.);
#7096=CARTESIAN_POINT('',(3.65,-2.8,-0.7009));
#7097=DIRECTION('',(-0.707106781186548,0.707106781186548,0.0));
#7098=DIRECTION('',(0.0,0.0,1.0));
#7099=SURFACE_STYLE_FILL_AREA(#10108);
#7100=ORIENTED_EDGE('',*,*,#9864,.F.);
#7101=ORIENTED_EDGE('',*,*,#10109,.T.);
#7102=ORIENTED_EDGE('',*,*,#10110,.F.);
#7103=ORIENTED_EDGE('',*,*,#10106,.F.);
#7104=ORIENTED_EDGE('',*,*,#9860,.F.);
#7105=CARTESIAN_POINT('',(3.65,-2.8,-0.749787544));
#7106=DIRECTION('',(-0.0,1.0,0.0));
#7107=DIRECTION('',(1.0,0.0,0.0));
#7108=SURFACE_STYLE_FILL_AREA(#10111);
#7109=ORIENTED_EDGE('',*,*,#9874,.F.);
#7110=ORIENTED_EDGE('',*,*,#10112,.T.);
#7111=ORIENTED_EDGE('',*,*,#10113,.F.);
#7112=ORIENTED_EDGE('',*,*,#10109,.F.);
#7113=ORIENTED_EDGE('',*,*,#9866,.F.);
#7114=ORIENTED_EDGE('',*,*,#10092,.F.);
#7115=CARTESIAN_POINT('',(5.425,-1.5,-1.05));
#7116=DIRECTION('',(-1.0,0.0,0.0));
#7117=DIRECTION('',(0.0,0.0,1.0));
#7118=SURFACE_STYLE_FILL_AREA(#10114);
#7119=ORIENTED_EDGE('',*,*,#10115,.T.);
#7120=ORIENTED_EDGE('',*,*,#10116,.F.);
#7121=ORIENTED_EDGE('',*,*,#10112,.F.);
#7122=ORIENTED_EDGE('',*,*,#9873,.F.);
#7123=CARTESIAN_POINT('',(4.95,-1.5,-1.05));
#7124=DIRECTION('',(0.0,-1.0,0.0));
#7125=DIRECTION('',(0.0,0.0,-1.0));
#7126=SURFACE_STYLE_FILL_AREA(#10117);
#7127=ORIENTED_EDGE('',*,*,#10118,.T.);
#7128=ORIENTED_EDGE('',*,*,#10119,.F.);
#7129=ORIENTED_EDGE('',*,*,#10115,.F.);
#7130=ORIENTED_EDGE('',*,*,#9872,.F.);
#7131=CARTESIAN_POINT('',(4.95,-1.5,-1.05));
#7132=DIRECTION('',(-1.0,0.0,0.0));
#7133=DIRECTION('',(0.0,0.0,1.0));
#7134=SURFACE_STYLE_FILL_AREA(#10120);
#7135=ORIENTED_EDGE('',*,*,#10121,.T.);
#7136=ORIENTED_EDGE('',*,*,#10122,.F.);
#7137=ORIENTED_EDGE('',*,*,#10118,.F.);
#7138=ORIENTED_EDGE('',*,*,#9871,.T.);
#7139=CARTESIAN_POINT('',(5.425,1.5,-1.05));
#7140=DIRECTION('',(0.0,1.0,0.0));
#7141=DIRECTION('',(1.0,-0.0,0.0));
#7142=SURFACE_STYLE_FILL_AREA(#10123);
#7143=ORIENTED_EDGE('',*,*,#9870,.T.);
#7144=ORIENTED_EDGE('',*,*,#10074,.F.);
#7145=ORIENTED_EDGE('',*,*,#9878,.F.);
#7146=ORIENTED_EDGE('',*,*,#10124,.T.);
#7147=ORIENTED_EDGE('',*,*,#10125,.F.);
#7148=ORIENTED_EDGE('',*,*,#10121,.F.);
#7149=CARTESIAN_POINT('',(5.425,2.975,-1.05));
#7150=DIRECTION('',(-1.0,0.0,0.0));
#7151=DIRECTION('',(0.0,0.0,1.0));
#7152=SURFACE_STYLE_FILL_AREA(#10126);
#7153=ORIENTED_EDGE('',*,*,#9827,.T.);
#7154=ORIENTED_EDGE('',*,*,#10127,.T.);
#7155=ORIENTED_EDGE('',*,*,#10128,.F.);
#7156=ORIENTED_EDGE('',*,*,#10124,.F.);
#7157=ORIENTED_EDGE('',*,*,#9877,.F.);
#7158=CARTESIAN_POINT('',(3.65,2.8,-0.749787544));
#7159=DIRECTION('',(0.0,-1.0,0.0));
#7160=DIRECTION('',(0.0,0.0,-1.0));
#7161=SURFACE_STYLE_FILL_AREA(#10129);
#7162=ORIENTED_EDGE('',*,*,#10130,.T.);
#7163=ORIENTED_EDGE('',*,*,#10131,.F.);
#7164=ORIENTED_EDGE('',*,*,#10127,.F.);
#7165=ORIENTED_EDGE('',*,*,#9826,.T.);
#7166=CARTESIAN_POINT('',(3.15,3.3,-0.7009));
#7167=DIRECTION('',(-0.707106781186548,-0.707106781186548,0.0));
#7168=DIRECTION('',(-0.707106781186548,0.707106781186548,0.0));
#7169=SURFACE_STYLE_FILL_AREA(#10132);
#7170=ORIENTED_EDGE('',*,*,#9589,.T.);
#7171=ORIENTED_EDGE('',*,*,#10133,.F.);
#7172=ORIENTED_EDGE('',*,*,#10130,.F.);
#7173=ORIENTED_EDGE('',*,*,#9825,.T.);
#7174=CARTESIAN_POINT('',(3.15,4.7,-0.7));
#7175=DIRECTION('',(-1.0,0.0,0.0));
#7176=DIRECTION('',(0.0,0.0,1.0));
#7177=SURFACE_STYLE_FILL_AREA(#10134);
#7178=ORIENTED_EDGE('',*,*,#9880,.T.);
#7179=ORIENTED_EDGE('',*,*,#10135,.T.);
#7180=ORIENTED_EDGE('',*,*,#10136,.F.);
#7181=ORIENTED_EDGE('',*,*,#10137,.T.);
#7182=CARTESIAN_POINT('',(2.1,5.0,-0.8));
#7183=DIRECTION('',(0.0,0.0,-1.0));
#7184=DIRECTION('',(1.0,0.0,0.0));
#7185=SURFACE_STYLE_FILL_AREA(#10138);
#7186=ORIENTED_EDGE('',*,*,#9885,.T.);
#7187=ORIENTED_EDGE('',*,*,#10139,.T.);
#7188=ORIENTED_EDGE('',*,*,#10140,.F.);
#7189=ORIENTED_EDGE('',*,*,#10141,.T.);
#7190=CARTESIAN_POINT('',(-2.1,5.0,-0.8));
#7191=DIRECTION('',(0.0,0.0,-1.0));
#7192=DIRECTION('',(1.0,0.0,0.0));
#7193=SURFACE_STYLE_FILL_AREA(#10142);
#7194=ORIENTED_EDGE('',*,*,#9974,.F.);
#7195=ORIENTED_EDGE('',*,*,#10143,.T.);
#7196=ORIENTED_EDGE('',*,*,#10144,.F.);
#7197=ORIENTED_EDGE('',*,*,#9738,.T.);
#7198=CARTESIAN_POINT('',(-3.15,3.3,-0.7));
#7199=DIRECTION('',(1.0,0.0,0.0));
#7200=DIRECTION('',(0.0,1.0,0.0));
#7201=SURFACE_STYLE_FILL_AREA(#10145);
#7202=ORIENTED_EDGE('',*,*,#9973,.F.);
#7203=ORIENTED_EDGE('',*,*,#10146,.T.);
#7204=ORIENTED_EDGE('',*,*,#10147,.F.);
#7205=ORIENTED_EDGE('',*,*,#10143,.F.);
#7206=CARTESIAN_POINT('',(-3.65,2.8,-0.7009));
#7207=DIRECTION('',(0.707106781186548,-0.707106781186548,0.0));
#7208=DIRECTION('',(0.0,0.0,-1.0));
#7209=SURFACE_STYLE_FILL_AREA(#10148);
#7210=ORIENTED_EDGE('',*,*,#9976,.F.);
#7211=ORIENTED_EDGE('',*,*,#10149,.F.);
#7212=ORIENTED_EDGE('',*,*,#10150,.F.);
#7213=ORIENTED_EDGE('',*,*,#10146,.F.);
#7214=ORIENTED_EDGE('',*,*,#9972,.F.);
#7215=CARTESIAN_POINT('',(-5.425,2.8,-0.749787544));
#7216=DIRECTION('',(0.0,-1.0,0.0));
#7217=DIRECTION('',(0.0,0.0,-1.0));
#7218=SURFACE_STYLE_FILL_AREA(#10151);
#7219=ORIENTED_EDGE('',*,*,#10152,.T.);
#7220=ORIENTED_EDGE('',*,*,#10153,.T.);
#7221=ORIENTED_EDGE('',*,*,#10154,.T.);
#7222=ORIENTED_EDGE('',*,*,#9892,.T.);
#7223=ORIENTED_EDGE('',*,*,#10155,.T.);
#7224=ORIENTED_EDGE('',*,*,#10156,.F.);
#7225=ORIENTED_EDGE('',*,*,#10149,.T.);
#7226=ORIENTED_EDGE('',*,*,#9978,.T.);
#7227=CARTESIAN_POINT('',(-5.425,2.975,-1.4));
#7228=DIRECTION('',(-1.0,0.0,0.0));
#7229=DIRECTION('',(0.0,0.0,1.0));
#7230=SURFACE_STYLE_FILL_AREA(#10157);
#7231=ORIENTED_EDGE('',*,*,#10158,.T.);
#7232=ORIENTED_EDGE('',*,*,#10159,.F.);
#7233=ORIENTED_EDGE('',*,*,#10155,.F.);
#7234=ORIENTED_EDGE('',*,*,#9891,.F.);
#7235=CARTESIAN_POINT('',(-4.95,1.5,-1.05));
#7236=DIRECTION('',(0.0,1.0,0.0));
#7237=DIRECTION('',(1.0,-0.0,0.0));
#7238=SURFACE_STYLE_FILL_AREA(#10160);
#7239=ORIENTED_EDGE('',*,*,#10161,.T.);
#7240=ORIENTED_EDGE('',*,*,#10162,.F.);
#7241=ORIENTED_EDGE('',*,*,#10158,.F.);
#7242=ORIENTED_EDGE('',*,*,#9890,.F.);
#7243=CARTESIAN_POINT('',(-4.95,-1.5,-0.55));
#7244=DIRECTION('',(1.0,-0.0,0.0));
#7245=DIRECTION('',(0.0,1.0,-0.0));
#7246=SURFACE_STYLE_FILL_AREA(#10163);
#7247=ORIENTED_EDGE('',*,*,#10164,.F.);
#7248=ORIENTED_EDGE('',*,*,#10165,.F.);
#7249=ORIENTED_EDGE('',*,*,#10161,.F.);
#7250=ORIENTED_EDGE('',*,*,#9889,.T.);
#7251=CARTESIAN_POINT('',(-5.425,-1.5,-1.05));
#7252=DIRECTION('',(0.0,-1.0,0.0));
#7253=DIRECTION('',(0.0,0.0,-1.0));
#7254=SURFACE_STYLE_FILL_AREA(#10166);
#7255=ORIENTED_EDGE('',*,*,#10164,.T.);
#7256=ORIENTED_EDGE('',*,*,#9888,.T.);
#7257=ORIENTED_EDGE('',*,*,#10167,.T.);
#7258=ORIENTED_EDGE('',*,*,#10168,.T.);
#7259=ORIENTED_EDGE('',*,*,#10169,.T.);
#7260=ORIENTED_EDGE('',*,*,#9954,.T.);
#7261=ORIENTED_EDGE('',*,*,#10170,.T.);
#7262=ORIENTED_EDGE('',*,*,#10171,.F.);
#7263=CARTESIAN_POINT('',(-5.425,-1.25,-1.4));
#7264=DIRECTION('',(-1.0,0.0,0.0));
#7265=DIRECTION('',(0.0,0.0,1.0));
#7266=SURFACE_STYLE_FILL_AREA(#10172);
#7267=ORIENTED_EDGE('',*,*,#9898,.F.);
#7268=ORIENTED_EDGE('',*,*,#10173,.T.);
#7269=ORIENTED_EDGE('',*,*,#10174,.F.);
#7270=ORIENTED_EDGE('',*,*,#10170,.F.);
#7271=ORIENTED_EDGE('',*,*,#9953,.F.);
#7272=CARTESIAN_POINT('',(-3.65,-2.8,-0.749787544));
#7273=DIRECTION('',(0.0,1.0,0.0));
#7274=DIRECTION('',(1.0,-0.0,0.0));
#7275=SURFACE_STYLE_FILL_AREA(#10175);
#7276=ORIENTED_EDGE('',*,*,#10176,.T.);
#7277=ORIENTED_EDGE('',*,*,#10177,.F.);
#7278=ORIENTED_EDGE('',*,*,#10173,.F.);
#7279=ORIENTED_EDGE('',*,*,#9897,.F.);
#7280=CARTESIAN_POINT('',(-3.15,-3.3,-0.7009));
#7281=DIRECTION('',(0.707106781186548,0.707106781186548,0.0));
#7282=DIRECTION('',(0.0,-0.0,-1.0));
#7283=SURFACE_STYLE_FILL_AREA(#10178);
#7284=ORIENTED_EDGE('',*,*,#9657,.T.);
#7285=ORIENTED_EDGE('',*,*,#10179,.F.);
#7286=ORIENTED_EDGE('',*,*,#10176,.F.);
#7287=ORIENTED_EDGE('',*,*,#9896,.F.);
#7288=CARTESIAN_POINT('',(-3.15,-4.7,-0.7));
#7289=DIRECTION('',(1.0,0.0,0.0));
#7290=DIRECTION('',(0.0,1.0,0.0));
#7291=SURFACE_STYLE_FILL_AREA(#10180);
#7292=ORIENTED_EDGE('',*,*,#9904,.T.);
#7293=ORIENTED_EDGE('',*,*,#10181,.T.);
#7294=ORIENTED_EDGE('',*,*,#10182,.F.);
#7295=ORIENTED_EDGE('',*,*,#10183,.T.);
#7296=CARTESIAN_POINT('',(-2.1,-5.0,-0.8));
#7297=DIRECTION('',(0.0,0.0,-1.0));
#7298=DIRECTION('',(1.0,0.0,0.0));
#7299=SURFACE_STYLE_FILL_AREA(#10184);
#7300=ORIENTED_EDGE('',*,*,#9911,.F.);
#7301=ORIENTED_EDGE('',*,*,#9925,.F.);
#7302=ORIENTED_EDGE('',*,*,#10185,.T.);
#7303=ORIENTED_EDGE('',*,*,#10186,.F.);
#7304=ORIENTED_EDGE('',*,*,#10187,.T.);
#7305=ORIENTED_EDGE('',*,*,#9926,.F.);
#7306=ORIENTED_EDGE('',*,*,#9908,.F.);
#7307=ORIENTED_EDGE('',*,*,#9915,.F.);
#7308=CARTESIAN_POINT('',(-3.7,-2.19089023,-0.15));
#7309=DIRECTION('',(1.0,-0.0,0.0));
#7310=DIRECTION('',(0.0,1.0,-0.0));
#7311=SURFACE_STYLE_FILL_AREA(#10188);
#7312=ORIENTED_EDGE('',*,*,#10185,.F.);
#7313=ORIENTED_EDGE('',*,*,#9924,.F.);
#7314=ORIENTED_EDGE('',*,*,#10189,.T.);
#7315=ORIENTED_EDGE('',*,*,#10190,.F.);
#7316=CARTESIAN_POINT('',(0.0,0.0,-0.15));
#7317=DIRECTION('',(0.0,0.0,1.0));
#7318=DIRECTION('',(-1.0,0.0,0.0));
#7319=SURFACE_STYLE_FILL_AREA(#10191);
#7320=ORIENTED_EDGE('',*,*,#9920,.F.);
#7321=ORIENTED_EDGE('',*,*,#9463,.F.);
#7322=ORIENTED_EDGE('',*,*,#9917,.F.);
#7323=ORIENTED_EDGE('',*,*,#9928,.F.);
#7324=ORIENTED_EDGE('',*,*,#10192,.T.);
#7325=ORIENTED_EDGE('',*,*,#10193,.F.);
#7326=ORIENTED_EDGE('',*,*,#10189,.F.);
#7327=ORIENTED_EDGE('',*,*,#9923,.F.);
#7328=CARTESIAN_POINT('',(3.7,2.19089023,-0.55));
#7329=DIRECTION('',(-1.0,0.0,0.0));
#7330=DIRECTION('',(0.0,0.0,1.0));
#7331=SURFACE_STYLE_FILL_AREA(#10194);
#7332=ORIENTED_EDGE('',*,*,#10192,.F.);
#7333=ORIENTED_EDGE('',*,*,#9927,.F.);
#7334=ORIENTED_EDGE('',*,*,#10187,.F.);
#7335=ORIENTED_EDGE('',*,*,#10195,.F.);
#7336=CARTESIAN_POINT('',(0.0,0.0,-0.15));
#7337=DIRECTION('',(0.0,0.0,1.0));
#7338=DIRECTION('',(-1.0,0.0,0.0));
#7339=SURFACE_STYLE_FILL_AREA(#10196);
#7340=ORIENTED_EDGE('',*,*,#10197,.T.);
#7341=ORIENTED_EDGE('',*,*,#10198,.F.);
#7342=ORIENTED_EDGE('',*,*,#10199,.F.);
#7343=ORIENTED_EDGE('',*,*,#9931,.T.);
#7344=CARTESIAN_POINT('',(1.75,6.425,-1.503900005));
#7345=DIRECTION('',(-1.0,0.0,0.0));
#7346=DIRECTION('',(0.0,0.0,1.0));
#7347=SURFACE_STYLE_FILL_AREA(#10200);
#7348=ORIENTED_EDGE('',*,*,#10201,.F.);
#7349=ORIENTED_EDGE('',*,*,#10202,.F.);
#7350=ORIENTED_EDGE('',*,*,#10197,.F.);
#7351=ORIENTED_EDGE('',*,*,#9474,.F.);
#7352=CARTESIAN_POINT('',(1.75,6.425,-0.85));
#7353=DIRECTION('',(-1.0,0.0,0.0));
#7354=DIRECTION('',(0.0,0.0,-1.0));
#7355=SURFACE_STYLE_FILL_AREA(#10203);
#7356=ORIENTED_EDGE('',*,*,#10201,.T.);
#7357=ORIENTED_EDGE('',*,*,#9360,.T.);
#7358=ORIENTED_EDGE('',*,*,#9274,.T.);
#7359=ORIENTED_EDGE('',*,*,#10204,.T.);
#7360=ORIENTED_EDGE('',*,*,#10205,.T.);
#7361=ORIENTED_EDGE('',*,*,#9057,.T.);
#7362=SURFACE_STYLE_FILL_AREA(#10206);
#7363=ORIENTED_EDGE('',*,*,#10204,.F.);
#7364=ORIENTED_EDGE('',*,*,#9236,.F.);
#7365=ORIENTED_EDGE('',*,*,#10207,.F.);
#7366=ORIENTED_EDGE('',*,*,#10208,.F.);
#7367=CARTESIAN_POINT('',(2.8,6.425,-0.85));
#7368=DIRECTION('',(-1.0,0.0,0.0));
#7369=DIRECTION('',(0.0,0.0,-1.0));
#7370=SURFACE_STYLE_FILL_AREA(#10209);
#7371=ORIENTED_EDGE('',*,*,#10210,.T.);
#7372=ORIENTED_EDGE('',*,*,#10207,.T.);
#7373=ORIENTED_EDGE('',*,*,#9933,.T.);
#7374=ORIENTED_EDGE('',*,*,#10211,.F.);
#7375=CARTESIAN_POINT('',(3.25,6.425,-0.85));
#7376=DIRECTION('',(1.0,-0.0,0.0));
#7377=DIRECTION('',(0.0,1.0,-0.0));
#7378=SURFACE_STYLE_FILL_AREA(#10212);
#7379=ORIENTED_EDGE('',*,*,#10211,.T.);
#7380=ORIENTED_EDGE('',*,*,#9366,.T.);
#7381=ORIENTED_EDGE('',*,*,#10213,.T.);
#7382=ORIENTED_EDGE('',*,*,#10214,.T.);
#7383=CARTESIAN_POINT('',(2.712132034,6.425,-0.85));
#7384=DIRECTION('',(-1.0,0.0,0.0));
#7385=DIRECTION('',(0.0,0.0,-1.0));
#7386=SURFACE_STYLE_FILL_AREA(#10215);
#7387=ORIENTED_EDGE('',*,*,#10216,.F.);
#7388=ORIENTED_EDGE('',*,*,#10217,.F.);
#7389=ORIENTED_EDGE('',*,*,#10218,.F.);
#7390=ORIENTED_EDGE('',*,*,#9052,.F.);
#7391=ORIENTED_EDGE('',*,*,#10213,.F.);
#7392=ORIENTED_EDGE('',*,*,#9478,.F.);
#7393=SURFACE_STYLE_FILL_AREA(#10219);
#7394=ORIENTED_EDGE('',*,*,#10199,.T.);
#7395=ORIENTED_EDGE('',*,*,#10220,.T.);
#7396=ORIENTED_EDGE('',*,*,#10217,.T.);
#7397=ORIENTED_EDGE('',*,*,#9935,.T.);
#7398=CARTESIAN_POINT('',(1.75,6.425,-0.85));
#7399=DIRECTION('',(-1.0,0.0,0.0));
#7400=DIRECTION('',(0.0,0.0,-1.0));
#7401=SURFACE_STYLE_FILL_AREA(#10221);
#7402=ORIENTED_EDGE('',*,*,#9694,.F.);
#7403=ORIENTED_EDGE('',*,*,#10222,.F.);
#7404=ORIENTED_EDGE('',*,*,#10223,.F.);
#7405=ORIENTED_EDGE('',*,*,#10224,.F.);
#7406=CARTESIAN_POINT('',(-2.2,6.425,-0.85));
#7407=DIRECTION('',(-1.0,0.0,0.0));
#7408=DIRECTION('',(0.0,0.0,-1.0));
#7409=SURFACE_STYLE_FILL_AREA(#10225);
#7410=ORIENTED_EDGE('',*,*,#10226,.F.);
#7411=ORIENTED_EDGE('',*,*,#10222,.T.);
#7412=ORIENTED_EDGE('',*,*,#9938,.T.);
#7413=ORIENTED_EDGE('',*,*,#10227,.F.);
#7414=CARTESIAN_POINT('',(-1.75,7.078900007,-0.85));
#7415=DIRECTION('',(1.0,0.0,0.0));
#7416=DIRECTION('',(0.0,1.0,0.0));
#7417=SURFACE_STYLE_FILL_AREA(#10228);
#7418=ORIENTED_EDGE('',*,*,#10229,.T.);
#7419=ORIENTED_EDGE('',*,*,#10227,.T.);
#7420=ORIENTED_EDGE('',*,*,#9374,.T.);
#7421=ORIENTED_EDGE('',*,*,#10230,.T.);
#7422=CARTESIAN_POINT('',(-2.287867966,6.425,-0.85));
#7423=DIRECTION('',(-1.0,0.0,0.0));
#7424=DIRECTION('',(0.0,0.0,-1.0));
#7425=SURFACE_STYLE_FILL_AREA(#10231);
#7426=ORIENTED_EDGE('',*,*,#10232,.F.);
#7427=ORIENTED_EDGE('',*,*,#10233,.F.);
#7428=ORIENTED_EDGE('',*,*,#9047,.F.);
#7429=ORIENTED_EDGE('',*,*,#10230,.F.);
#7430=ORIENTED_EDGE('',*,*,#9286,.F.);
#7431=ORIENTED_EDGE('',*,*,#10234,.F.);
#7432=SURFACE_STYLE_FILL_AREA(#10235);
#7433=ORIENTED_EDGE('',*,*,#9292,.T.);
#7434=ORIENTED_EDGE('',*,*,#10236,.F.);
#7435=ORIENTED_EDGE('',*,*,#10237,.T.);
#7436=ORIENTED_EDGE('',*,*,#10232,.T.);
#7437=CARTESIAN_POINT('',(-3.25,6.425,-0.85));
#7438=DIRECTION('',(-1.0,0.0,0.0));
#7439=DIRECTION('',(0.0,0.0,-1.0));
#7440=SURFACE_STYLE_FILL_AREA(#10238);
#7441=ORIENTED_EDGE('',*,*,#10239,.T.);
#7442=ORIENTED_EDGE('',*,*,#10240,.T.);
#7443=ORIENTED_EDGE('',*,*,#10236,.T.);
#7444=ORIENTED_EDGE('',*,*,#9940,.T.);
#7445=CARTESIAN_POINT('',(-3.25,6.425,-1.503900005));
#7446=DIRECTION('',(-1.0,0.0,0.0));
#7447=DIRECTION('',(0.0,0.0,1.0));
#7448=SURFACE_STYLE_FILL_AREA(#10241);
#7449=ORIENTED_EDGE('',*,*,#10242,.F.);
#7450=ORIENTED_EDGE('',*,*,#10239,.F.);
#7451=ORIENTED_EDGE('',*,*,#9497,.F.);
#7452=ORIENTED_EDGE('',*,*,#10243,.F.);
#7453=CARTESIAN_POINT('',(-3.25,6.425,-0.85));
#7454=DIRECTION('',(-1.0,0.0,0.0));
#7455=DIRECTION('',(0.0,0.0,-1.0));
#7456=SURFACE_STYLE_FILL_AREA(#10244);
#7457=ORIENTED_EDGE('',*,*,#10245,.T.);
#7458=ORIENTED_EDGE('',*,*,#9042,.T.);
#7459=ORIENTED_EDGE('',*,*,#10243,.T.);
#7460=ORIENTED_EDGE('',*,*,#9704,.T.);
#7461=ORIENTED_EDGE('',*,*,#9942,.T.);
#7462=ORIENTED_EDGE('',*,*,#10224,.T.);
#7463=SURFACE_STYLE_FILL_AREA(#10246);
#7464=ORIENTED_EDGE('',*,*,#10154,.F.);
#7465=ORIENTED_EDGE('',*,*,#10247,.T.);
#7466=ORIENTED_EDGE('',*,*,#10248,.T.);
#7467=ORIENTED_EDGE('',*,*,#9945,.F.);
#7468=ORIENTED_EDGE('',*,*,#9647,.T.);
#7469=ORIENTED_EDGE('',*,*,#9893,.T.);
#7470=CARTESIAN_POINT('',(-5.85,1.25,0.55));
#7471=DIRECTION('',(0.0,-1.0,0.0));
#7472=DIRECTION('',(0.0,0.0,-1.0));
#7473=SURFACE_STYLE_FILL_AREA(#10249);
#7474=ORIENTED_EDGE('',*,*,#9949,.T.);
#7475=ORIENTED_EDGE('',*,*,#9947,.T.);
#7476=ORIENTED_EDGE('',*,*,#9944,.T.);
#7477=ORIENTED_EDGE('',*,*,#10250,.T.);
#7478=CARTESIAN_POINT('',(-6.05,-1.25,0.55));
#7479=DIRECTION('',(1.0842021724855E-15,-1.0,0.0));
#7480=DIRECTION('',(-1.0,-1.0842021724855E-15,0.0));
#7481=SURFACE_STYLE_FILL_AREA(#10251);
#7482=ORIENTED_EDGE('',*,*,#10167,.F.);
#7483=ORIENTED_EDGE('',*,*,#9894,.T.);
#7484=ORIENTED_EDGE('',*,*,#9648,.T.);
#7485=ORIENTED_EDGE('',*,*,#9950,.F.);
#7486=ORIENTED_EDGE('',*,*,#10252,.T.);
#7487=ORIENTED_EDGE('',*,*,#10253,.T.);
#7488=CARTESIAN_POINT('',(-5.85,-1.25,-1.4));
#7489=DIRECTION('',(-0.0,1.0,0.0));
#7490=DIRECTION('',(1.0,0.0,0.0));
#7491=SURFACE_STYLE_FILL_AREA(#10254);
#7492=ORIENTED_EDGE('',*,*,#10168,.F.);
#7493=ORIENTED_EDGE('',*,*,#10253,.F.);
#7494=ORIENTED_EDGE('',*,*,#10255,.T.);
#7495=ORIENTED_EDGE('',*,*,#10256,.T.);
#7496=CARTESIAN_POINT('',(-5.85,-2.975,-1.4));
#7497=DIRECTION('',(0.0,0.0,-1.0));
#7498=DIRECTION('',(0.0,-1.0,0.0));
#7499=SURFACE_STYLE_FILL_AREA(#10257);
#7500=ORIENTED_EDGE('',*,*,#10258,.T.);
#7501=ORIENTED_EDGE('',*,*,#10259,.T.);
#7502=ORIENTED_EDGE('',*,*,#9959,.F.);
#7503=ORIENTED_EDGE('',*,*,#9956,.F.);
#7504=ORIENTED_EDGE('',*,*,#9900,.T.);
#7505=ORIENTED_EDGE('',*,*,#9952,.F.);
#7506=ORIENTED_EDGE('',*,*,#10169,.F.);
#7507=ORIENTED_EDGE('',*,*,#10256,.F.);
#7508=CARTESIAN_POINT('',(-5.850000002,-2.975,-1.4));
#7509=DIRECTION('',(0.0,-1.0,0.0));
#7510=DIRECTION('',(0.0,0.0,-1.0));
#7511=SURFACE_STYLE_FILL_AREA(#10260);
#7512=ORIENTED_EDGE('',*,*,#10261,.T.);
#7513=ORIENTED_EDGE('',*,*,#9721,.T.);
#7514=ORIENTED_EDGE('',*,*,#9960,.F.);
#7515=ORIENTED_EDGE('',*,*,#10259,.F.);
#7516=CARTESIAN_POINT('',(-5.35,-2.975,-0.8));
#7517=DIRECTION('',(0.0,1.0,-0.0));
#7518=DIRECTION('',(1.0,0.0,0.0));
#7519=SURFACE_STYLE_FILL_AREA(#10262);
#7520=ORIENTED_EDGE('',*,*,#9962,.F.);
#7521=ORIENTED_EDGE('',*,*,#9715,.T.);
#7522=ORIENTED_EDGE('',*,*,#9093,.T.);
#7523=ORIENTED_EDGE('',*,*,#9652,.T.);
#7524=CARTESIAN_POINT('',(-5.85,-4.7,-1.05));
#7525=DIRECTION('',(0.0,0.0,-1.0));
#7526=DIRECTION('',(0.0,-1.0,0.0));
#7527=SURFACE_STYLE_FILL_AREA(#10263);
#7528=ORIENTED_EDGE('',*,*,#9743,.T.);
#7529=ORIENTED_EDGE('',*,*,#9084,.T.);
#7530=ORIENTED_EDGE('',*,*,#9749,.T.);
#7531=ORIENTED_EDGE('',*,*,#9964,.F.);
#7532=CARTESIAN_POINT('',(-5.85,4.475,-1.05));
#7533=DIRECTION('',(0.0,0.0,-1.0));
#7534=DIRECTION('',(0.0,-1.0,0.0));
#7535=SURFACE_STYLE_FILL_AREA(#10264);
#7536=ORIENTED_EDGE('',*,*,#10265,.T.);
#7537=ORIENTED_EDGE('',*,*,#9980,.F.);
#7538=ORIENTED_EDGE('',*,*,#9751,.T.);
#7539=ORIENTED_EDGE('',*,*,#10266,.T.);
#7540=CARTESIAN_POINT('',(-5.35,4.475,-0.8));
#7541=DIRECTION('',(0.0,1.0,-0.0));
#7542=DIRECTION('',(1.0,0.0,0.0));
#7543=SURFACE_STYLE_FILL_AREA(#10267);
#7544=ORIENTED_EDGE('',*,*,#10265,.F.);
#7545=ORIENTED_EDGE('',*,*,#10268,.T.);
#7546=ORIENTED_EDGE('',*,*,#10269,.T.);
#7547=ORIENTED_EDGE('',*,*,#10152,.F.);
#7548=ORIENTED_EDGE('',*,*,#9977,.F.);
#7549=ORIENTED_EDGE('',*,*,#9970,.F.);
#7550=ORIENTED_EDGE('',*,*,#9967,.F.);
#7551=ORIENTED_EDGE('',*,*,#9981,.F.);
#7552=CARTESIAN_POINT('',(-4.321238898,2.975,-1.4));
#7553=DIRECTION('',(0.0,1.0,0.0));
#7554=DIRECTION('',(1.0,-0.0,0.0));
#7555=SURFACE_STYLE_FILL_AREA(#10270);
#7556=ORIENTED_EDGE('',*,*,#10153,.F.);
#7557=ORIENTED_EDGE('',*,*,#10269,.F.);
#7558=ORIENTED_EDGE('',*,*,#10271,.T.);
#7559=ORIENTED_EDGE('',*,*,#10247,.F.);
#7560=CARTESIAN_POINT('',(-5.85,1.25,-1.4));
#7561=DIRECTION('',(0.0,0.0,-1.0));
#7562=DIRECTION('',(0.0,-1.0,0.0));
#7563=SURFACE_STYLE_FILL_AREA(#10272);
#7564=ORIENTED_EDGE('',*,*,#10273,.T.);
#7565=ORIENTED_EDGE('',*,*,#10274,.T.);
#7566=ORIENTED_EDGE('',*,*,#10275,.T.);
#7567=CARTESIAN_POINT('',(-5.8524,-1.45,-4.5024));
#7568=DIRECTION('',(-0.0,1.0,0.0));
#7569=DIRECTION('',(1.0,0.0,0.0));
#7570=SURFACE_STYLE_FILL_AREA(#10276);
#7571=ORIENTED_EDGE('',*,*,#10277,.T.);
#7572=ORIENTED_EDGE('',*,*,#10278,.T.);
#7573=ORIENTED_EDGE('',*,*,#10279,.T.);
#7574=CARTESIAN_POINT('',(-5.8524,-4.475,-4.1));
#7575=DIRECTION('',(0.0,-1.0,0.0));
#7576=DIRECTION('',(0.0,0.0,-1.0));
#7577=SURFACE_STYLE_FILL_AREA(#10280);
#7578=ORIENTED_EDGE('',*,*,#10281,.T.);
#7579=ORIENTED_EDGE('',*,*,#10282,.T.);
#7580=ORIENTED_EDGE('',*,*,#9200,.T.);
#7581=ORIENTED_EDGE('',*,*,#10277,.F.);
#7582=ORIENTED_EDGE('',*,*,#10283,.T.);
#7583=CARTESIAN_POINT('',(-5.85,-5.952839661,-4.1));
#7584=DIRECTION('',(0.0,0.0,1.0));
#7585=DIRECTION('',(1.0,0.0,0.0));
#7586=SURFACE_STYLE_FILL_AREA(#10284);
#7587=ORIENTED_EDGE('',*,*,#9191,.T.);
#7588=ORIENTED_EDGE('',*,*,#9144,.T.);
#7589=ORIENTED_EDGE('',*,*,#10285,.F.);
#7590=ORIENTED_EDGE('',*,*,#10286,.F.);
#7591=ORIENTED_EDGE('',*,*,#10287,.T.);
#7592=CARTESIAN_POINT('',(4.85,-5.0,0.0));
#7593=DIRECTION('',(0.0,0.0,1.0));
#7594=DIRECTION('',(-1.0,0.0,0.0));
#7595=SURFACE_STYLE_FILL_AREA(#10288);
#7596=ORIENTED_EDGE('',*,*,#10289,.T.);
#7597=ORIENTED_EDGE('',*,*,#9103,.F.);
#7598=ORIENTED_EDGE('',*,*,#9450,.F.);
#7599=ORIENTED_EDGE('',*,*,#9618,.T.);
#7600=CARTESIAN_POINT('',(3.85,-6.0,-0.15));
#7601=DIRECTION('',(1.0,0.0,0.0));
#7602=DIRECTION('',(0.0,1.0,0.0));
#7603=SURFACE_STYLE_FILL_AREA(#10290);
#7604=ORIENTED_EDGE('',*,*,#10291,.T.);
#7605=ORIENTED_EDGE('',*,*,#9104,.F.);
#7606=ORIENTED_EDGE('',*,*,#10289,.F.);
#7607=ORIENTED_EDGE('',*,*,#9617,.T.);
#7608=CARTESIAN_POINT('',(3.85,-6.0,-0.15));
#7609=DIRECTION('',(0.0,0.0,-1.0));
#7610=DIRECTION('',(0.0,-1.0,0.0));
#7611=SURFACE_STYLE_FILL_AREA(#10292);
#7612=ORIENTED_EDGE('',*,*,#9105,.F.);
#7613=ORIENTED_EDGE('',*,*,#10291,.F.);
#7614=ORIENTED_EDGE('',*,*,#9616,.T.);
#7615=ORIENTED_EDGE('',*,*,#10293,.F.);
#7616=CARTESIAN_POINT('',(3.35,-6.0,-0.55));
#7617=DIRECTION('',(1.0,0.0,0.0));
#7618=DIRECTION('',(0.0,1.0,0.0));
#7619=SURFACE_STYLE_FILL_AREA(#10294);
#7620=ORIENTED_EDGE('',*,*,#10099,.F.);
#7621=ORIENTED_EDGE('',*,*,#9854,.T.);
#7622=ORIENTED_EDGE('',*,*,#9107,.F.);
#7623=ORIENTED_EDGE('',*,*,#10295,.F.);
#7624=CARTESIAN_POINT('',(2.8,-6.0,-0.8));
#7625=DIRECTION('',(1.0,0.0,0.0));
#7626=DIRECTION('',(0.0,1.0,0.0));
#7627=SURFACE_STYLE_FILL_AREA(#10296);
#7628=ORIENTED_EDGE('',*,*,#9109,.F.);
#7629=ORIENTED_EDGE('',*,*,#9856,.T.);
#7630=ORIENTED_EDGE('',*,*,#10101,.F.);
#7631=ORIENTED_EDGE('',*,*,#10297,.F.);
#7632=CARTESIAN_POINT('',(1.4,-6.0,-0.8));
#7633=DIRECTION('',(-1.0,0.0,0.0));
#7634=DIRECTION('',(0.0,0.0,1.0));
#7635=SURFACE_STYLE_FILL_AREA(#10298);
#7636=ORIENTED_EDGE('',*,*,#10181,.F.);
#7637=ORIENTED_EDGE('',*,*,#9903,.T.);
#7638=ORIENTED_EDGE('',*,*,#9111,.F.);
#7639=ORIENTED_EDGE('',*,*,#10299,.F.);
#7640=CARTESIAN_POINT('',(-1.4,-6.0,-0.8));
#7641=DIRECTION('',(1.0,0.0,0.0));
#7642=DIRECTION('',(0.0,1.0,0.0));
#7643=SURFACE_STYLE_FILL_AREA(#10300);
#7644=ORIENTED_EDGE('',*,*,#9113,.F.);
#7645=ORIENTED_EDGE('',*,*,#9905,.T.);
#7646=ORIENTED_EDGE('',*,*,#10183,.F.);
#7647=ORIENTED_EDGE('',*,*,#10301,.F.);
#7648=CARTESIAN_POINT('',(-2.8,-5.0,-0.8));
#7649=DIRECTION('',(-1.0,0.0,0.0));
#7650=DIRECTION('',(0.0,0.0,1.0));
#7651=SURFACE_STYLE_FILL_AREA(#10302);
#7652=ORIENTED_EDGE('',*,*,#9655,.T.);
#7653=ORIENTED_EDGE('',*,*,#10303,.T.);
#7654=ORIENTED_EDGE('',*,*,#9115,.F.);
#7655=ORIENTED_EDGE('',*,*,#10304,.F.);
#7656=CARTESIAN_POINT('',(-3.35,-4.7,-0.55));
#7657=DIRECTION('',(-1.0,0.0,0.0));
#7658=DIRECTION('',(0.0,0.0,1.0));
#7659=SURFACE_STYLE_FILL_AREA(#10305);
#7660=ORIENTED_EDGE('',*,*,#10303,.F.);
#7661=ORIENTED_EDGE('',*,*,#9654,.T.);
#7662=ORIENTED_EDGE('',*,*,#10306,.T.);
#7663=ORIENTED_EDGE('',*,*,#9116,.F.);
#7664=CARTESIAN_POINT('',(-3.35,-6.0,-0.15));
#7665=DIRECTION('',(0.0,0.0,-1.0));
#7666=DIRECTION('',(0.0,-1.0,0.0));
#7667=SURFACE_STYLE_FILL_AREA(#10307);
#7668=ORIENTED_EDGE('',*,*,#10306,.F.);
#7669=ORIENTED_EDGE('',*,*,#9653,.T.);
#7670=ORIENTED_EDGE('',*,*,#9460,.F.);
#7671=ORIENTED_EDGE('',*,*,#9117,.F.);
#7672=CARTESIAN_POINT('',(-3.85,-4.7,-0.15));
#7673=DIRECTION('',(-1.0,0.0,0.0));
#7674=DIRECTION('',(0.0,0.0,1.0));
#7675=SURFACE_STYLE_FILL_AREA(#10308);
#7676=ORIENTED_EDGE('',*,*,#10309,.F.);
#7677=ORIENTED_EDGE('',*,*,#9096,.T.);
#7678=ORIENTED_EDGE('',*,*,#9198,.T.);
#7679=ORIENTED_EDGE('',*,*,#10282,.F.);
#7680=ORIENTED_EDGE('',*,*,#10310,.F.);
#7681=CARTESIAN_POINT('',(-4.85,-5.0,0.0));
#7682=DIRECTION('',(0.0,0.0,1.0));
#7683=DIRECTION('',(-1.0,0.0,0.0));
#7684=SURFACE_STYLE_FILL_AREA(#10311);
#7685=ORIENTED_EDGE('',*,*,#10312,.T.);
#7686=ORIENTED_EDGE('',*,*,#10313,.T.);
#7687=ORIENTED_EDGE('',*,*,#10314,.F.);
#7688=ORIENTED_EDGE('',*,*,#10315,.T.);
#7689=CARTESIAN_POINT('',(-4.25,-6.0,-4.1));
#7690=DIRECTION('',(0.0,0.0,1.0));
#7691=DIRECTION('',(1.0,0.0,0.0));
#7692=SURFACE_STYLE_FILL_AREA(#10316);
#7693=ORIENTED_EDGE('',*,*,#10317,.T.);
#7694=ORIENTED_EDGE('',*,*,#10318,.T.);
#7695=ORIENTED_EDGE('',*,*,#10319,.F.);
#7696=ORIENTED_EDGE('',*,*,#10320,.T.);
#7697=CARTESIAN_POINT('',(-2.85,-6.0,-4.1));
#7698=DIRECTION('',(0.0,0.0,1.0));
#7699=DIRECTION('',(1.0,0.0,0.0));
#7700=SURFACE_STYLE_FILL_AREA(#10321);
#7701=ORIENTED_EDGE('',*,*,#9985,.T.);
#7702=ORIENTED_EDGE('',*,*,#10322,.T.);
#7703=ORIENTED_EDGE('',*,*,#9121,.F.);
#7704=ORIENTED_EDGE('',*,*,#10323,.F.);
#7705=CARTESIAN_POINT('',(-1.25,-6.3,-1.05));
#7706=DIRECTION('',(-1.0,0.0,0.0));
#7707=DIRECTION('',(0.0,0.0,1.0));
#7708=SURFACE_STYLE_FILL_AREA(#10324);
#7709=ORIENTED_EDGE('',*,*,#9122,.F.);
#7710=ORIENTED_EDGE('',*,*,#10322,.F.);
#7711=ORIENTED_EDGE('',*,*,#9984,.F.);
#7712=ORIENTED_EDGE('',*,*,#10325,.F.);
#7713=CARTESIAN_POINT('',(1.25,-6.3,-1.05));
#7714=DIRECTION('',(0.0,0.0,-1.0));
#7715=DIRECTION('',(0.0,-1.0,0.0));
#7716=SURFACE_STYLE_FILL_AREA(#10326);
#7717=ORIENTED_EDGE('',*,*,#9119,.F.);
#7718=ORIENTED_EDGE('',*,*,#10325,.T.);
#7719=ORIENTED_EDGE('',*,*,#9983,.T.);
#7720=ORIENTED_EDGE('',*,*,#10327,.F.);
#7721=CARTESIAN_POINT('',(1.25,-6.0,-1.05));
#7722=DIRECTION('',(1.0,0.0,0.0));
#7723=DIRECTION('',(0.0,1.0,0.0));
#7724=SURFACE_STYLE_FILL_AREA(#10328);
#7725=ORIENTED_EDGE('',*,*,#10323,.T.);
#7726=ORIENTED_EDGE('',*,*,#9120,.F.);
#7727=ORIENTED_EDGE('',*,*,#10327,.T.);
#7728=ORIENTED_EDGE('',*,*,#9986,.T.);
#7729=CARTESIAN_POINT('',(1.25,-6.3,-2.3));
#7730=DIRECTION('',(0.0,0.0,-1.0));
#7731=DIRECTION('',(0.0,-1.0,0.0));
#7732=SURFACE_STYLE_FILL_AREA(#10329);
#7733=ORIENTED_EDGE('',*,*,#9125,.F.);
#7734=ORIENTED_EDGE('',*,*,#10330,.F.);
#7735=ORIENTED_EDGE('',*,*,#9988,.F.);
#7736=ORIENTED_EDGE('',*,*,#10331,.T.);
#7737=CARTESIAN_POINT('',(1.75,-6.925,-1.35));
#7738=DIRECTION('',(1.0,-0.0,0.0));
#7739=DIRECTION('',(0.0,1.0,-0.0));
#7740=SURFACE_STYLE_FILL_AREA(#10332);
#7741=ORIENTED_EDGE('',*,*,#9126,.F.);
#7742=ORIENTED_EDGE('',*,*,#10331,.F.);
#7743=ORIENTED_EDGE('',*,*,#9993,.F.);
#7744=ORIENTED_EDGE('',*,*,#10333,.F.);
#7745=CARTESIAN_POINT('',(2.287867967,-6.925,-1.35));
#7746=DIRECTION('',(0.0,0.0,-1.0));
#7747=DIRECTION('',(0.0,-1.0,0.0));
#7748=SURFACE_STYLE_FILL_AREA(#10334);
#7749=ORIENTED_EDGE('',*,*,#9127,.F.);
#7750=ORIENTED_EDGE('',*,*,#10333,.T.);
#7751=ORIENTED_EDGE('',*,*,#9997,.T.);
#7752=ORIENTED_EDGE('',*,*,#10335,.F.);
#7753=CARTESIAN_POINT('',(2.5,-6.925,-1.275));
#7754=DIRECTION('',(0.0,-1.0,0.0));
#7755=DIRECTION('',(0.0,0.0,1.0));
#7756=SURFACE_STYLE_FILL_AREA(#10336);
#7757=ORIENTED_EDGE('',*,*,#10337,.T.);
#7758=ORIENTED_EDGE('',*,*,#9128,.F.);
#7759=ORIENTED_EDGE('',*,*,#10335,.T.);
#7760=ORIENTED_EDGE('',*,*,#9996,.T.);
#7761=CARTESIAN_POINT('',(2.5,-6.925,-1.275));
#7762=DIRECTION('',(0.0,-1.0,0.0));
#7763=DIRECTION('',(0.0,0.0,1.0));
#7764=SURFACE_STYLE_FILL_AREA(#10338);
#7765=ORIENTED_EDGE('',*,*,#9129,.F.);
#7766=ORIENTED_EDGE('',*,*,#10337,.F.);
#7767=ORIENTED_EDGE('',*,*,#9999,.F.);
#7768=ORIENTED_EDGE('',*,*,#10011,.F.);
#7769=ORIENTED_EDGE('',*,*,#10006,.F.);
#7770=ORIENTED_EDGE('',*,*,#10003,.F.);
#7771=ORIENTED_EDGE('',*,*,#10339,.T.);
#7772=CARTESIAN_POINT('',(4.6,-6.925,-1.35));
#7773=DIRECTION('',(0.0,0.0,-1.0));
#7774=DIRECTION('',(0.0,-1.0,0.0));
#7775=SURFACE_STYLE_FILL_AREA(#10340);
#7776=ORIENTED_EDGE('',*,*,#9130,.F.);
#7777=ORIENTED_EDGE('',*,*,#10339,.F.);
#7778=ORIENTED_EDGE('',*,*,#10002,.F.);
#7779=ORIENTED_EDGE('',*,*,#10341,.F.);
#7780=CARTESIAN_POINT('',(4.6,-6.6,-1.35));
#7781=DIRECTION('',(-1.0,0.0,0.0));
#7782=DIRECTION('',(0.0,0.0,1.0));
#7783=SURFACE_STYLE_FILL_AREA(#10342);
#7784=ORIENTED_EDGE('',*,*,#10014,.T.);
#7785=ORIENTED_EDGE('',*,*,#10343,.T.);
#7786=ORIENTED_EDGE('',*,*,#9131,.F.);
#7787=ORIENTED_EDGE('',*,*,#10341,.T.);
#7788=ORIENTED_EDGE('',*,*,#10001,.T.);
#7789=ORIENTED_EDGE('',*,*,#10008,.T.);
#7790=ORIENTED_EDGE('',*,*,#10010,.T.);
#7791=CARTESIAN_POINT('',(4.6,-6.925,-1.5));
#7792=DIRECTION('',(0.0,0.0,-1.0));
#7793=DIRECTION('',(0.0,-1.0,0.0));
#7794=SURFACE_STYLE_FILL_AREA(#10344);
#7795=ORIENTED_EDGE('',*,*,#10345,.T.);
#7796=ORIENTED_EDGE('',*,*,#9132,.F.);
#7797=ORIENTED_EDGE('',*,*,#10343,.F.);
#7798=ORIENTED_EDGE('',*,*,#10016,.F.);
#7799=CARTESIAN_POINT('',(2.5,-6.92500000036212,-1.274999995));
#7800=DIRECTION('',(-1.15648231682608E-15,-1.0,1.70100045063635E-09));
#7801=DIRECTION('',(0.0,1.70100045063635E-09,1.0));
#7802=SURFACE_STYLE_FILL_AREA(#10346);
#7803=ORIENTED_EDGE('',*,*,#10018,.F.);
#7804=ORIENTED_EDGE('',*,*,#10347,.F.);
#7805=ORIENTED_EDGE('',*,*,#9123,.F.);
#7806=ORIENTED_EDGE('',*,*,#10345,.F.);
#7807=CARTESIAN_POINT('',(2.5,-6.92500000036212,-1.274999995));
#7808=DIRECTION('',(-1.15648231682608E-15,-1.0,1.70100045063635E-09));
#7809=DIRECTION('',(0.0,1.70100045063635E-09,1.0));
#7810=SURFACE_STYLE_FILL_AREA(#10348);
#7811=ORIENTED_EDGE('',*,*,#10020,.T.);
#7812=ORIENTED_EDGE('',*,*,#10330,.T.);
#7813=ORIENTED_EDGE('',*,*,#9124,.F.);
#7814=ORIENTED_EDGE('',*,*,#10347,.T.);
#7815=CARTESIAN_POINT('',(2.2,-6.925,-1.5));
#7816=DIRECTION('',(0.0,0.0,-1.0));
#7817=DIRECTION('',(0.0,-1.0,0.0));
#7818=SURFACE_STYLE_FILL_AREA(#10349);
#7819=ORIENTED_EDGE('',*,*,#10036,.T.);
#7820=ORIENTED_EDGE('',*,*,#10350,.T.);
#7821=ORIENTED_EDGE('',*,*,#9135,.F.);
#7822=ORIENTED_EDGE('',*,*,#10351,.T.);
#7823=ORIENTED_EDGE('',*,*,#10022,.T.);
#7824=ORIENTED_EDGE('',*,*,#10030,.T.);
#7825=ORIENTED_EDGE('',*,*,#10032,.T.);
#7826=CARTESIAN_POINT('',(-2.8,-6.925,-1.5));
#7827=DIRECTION('',(0.0,0.0,-1.0));
#7828=DIRECTION('',(0.0,-1.0,0.0));
#7829=SURFACE_STYLE_FILL_AREA(#10352);
#7830=ORIENTED_EDGE('',*,*,#9136,.F.);
#7831=ORIENTED_EDGE('',*,*,#10350,.F.);
#7832=ORIENTED_EDGE('',*,*,#10038,.F.);
#7833=ORIENTED_EDGE('',*,*,#10353,.T.);
#7834=CARTESIAN_POINT('',(-4.6,-6.0,-1.35));
#7835=DIRECTION('',(1.0,0.0,0.0));
#7836=DIRECTION('',(0.0,1.0,0.0));
#7837=SURFACE_STYLE_FILL_AREA(#10354);
#7838=ORIENTED_EDGE('',*,*,#9137,.F.);
#7839=ORIENTED_EDGE('',*,*,#10353,.F.);
#7840=ORIENTED_EDGE('',*,*,#10037,.F.);
#7841=ORIENTED_EDGE('',*,*,#10033,.F.);
#7842=ORIENTED_EDGE('',*,*,#10028,.F.);
#7843=ORIENTED_EDGE('',*,*,#10025,.F.);
#7844=ORIENTED_EDGE('',*,*,#10355,.F.);
#7845=CARTESIAN_POINT('',(-2.712132033,-6.925,-1.35));
#7846=DIRECTION('',(0.0,0.0,-1.0));
#7847=DIRECTION('',(0.0,-1.0,0.0));
#7848=SURFACE_STYLE_FILL_AREA(#10356);
#7849=ORIENTED_EDGE('',*,*,#9138,.F.);
#7850=ORIENTED_EDGE('',*,*,#10355,.T.);
#7851=ORIENTED_EDGE('',*,*,#10042,.T.);
#7852=ORIENTED_EDGE('',*,*,#10357,.F.);
#7853=CARTESIAN_POINT('',(-2.5,-6.925,-1.275));
#7854=DIRECTION('',(0.0,-1.0,0.0));
#7855=DIRECTION('',(0.0,0.0,1.0));
#7856=SURFACE_STYLE_FILL_AREA(#10358);
#7857=ORIENTED_EDGE('',*,*,#10359,.T.);
#7858=ORIENTED_EDGE('',*,*,#9139,.F.);
#7859=ORIENTED_EDGE('',*,*,#10357,.T.);
#7860=ORIENTED_EDGE('',*,*,#10041,.T.);
#7861=CARTESIAN_POINT('',(-2.5,-6.925,-1.275));
#7862=DIRECTION('',(0.0,-1.0,0.0));
#7863=DIRECTION('',(0.0,0.0,1.0));
#7864=SURFACE_STYLE_FILL_AREA(#10360);
#7865=ORIENTED_EDGE('',*,*,#9140,.F.);
#7866=ORIENTED_EDGE('',*,*,#10359,.F.);
#7867=ORIENTED_EDGE('',*,*,#10045,.F.);
#7868=ORIENTED_EDGE('',*,*,#10361,.T.);
#7869=CARTESIAN_POINT('',(-1.75,-6.925,-1.35));
#7870=DIRECTION('',(0.0,0.0,-1.0));
#7871=DIRECTION('',(0.0,-1.0,0.0));
#7872=SURFACE_STYLE_FILL_AREA(#10362);
#7873=ORIENTED_EDGE('',*,*,#9141,.F.);
#7874=ORIENTED_EDGE('',*,*,#10361,.F.);
#7875=ORIENTED_EDGE('',*,*,#10048,.F.);
#7876=ORIENTED_EDGE('',*,*,#10363,.F.);
#7877=CARTESIAN_POINT('',(-1.75,-6.925,-1.35));
#7878=DIRECTION('',(-1.0,0.0,0.0));
#7879=DIRECTION('',(0.0,0.0,1.0));
#7880=SURFACE_STYLE_FILL_AREA(#10364);
#7881=ORIENTED_EDGE('',*,*,#10050,.T.);
#7882=ORIENTED_EDGE('',*,*,#10365,.T.);
#7883=ORIENTED_EDGE('',*,*,#9142,.F.);
#7884=ORIENTED_EDGE('',*,*,#10363,.T.);
#7885=CARTESIAN_POINT('',(-1.75,-6.925,-1.5));
#7886=DIRECTION('',(0.0,0.0,-1.0));
#7887=DIRECTION('',(0.0,-1.0,0.0));
#7888=SURFACE_STYLE_FILL_AREA(#10366);
#7889=ORIENTED_EDGE('',*,*,#10367,.T.);
#7890=ORIENTED_EDGE('',*,*,#9133,.F.);
#7891=ORIENTED_EDGE('',*,*,#10365,.F.);
#7892=ORIENTED_EDGE('',*,*,#10053,.F.);
#7893=CARTESIAN_POINT('',(-2.5,-6.92500000036212,-1.274999995));
#7894=DIRECTION('',(-1.15648231682608E-15,-1.0,1.70100045063635E-09));
#7895=DIRECTION('',(0.0,1.70100045063635E-09,1.0));
#7896=SURFACE_STYLE_FILL_AREA(#10368);
#7897=ORIENTED_EDGE('',*,*,#10054,.F.);
#7898=ORIENTED_EDGE('',*,*,#10351,.F.);
#7899=ORIENTED_EDGE('',*,*,#9134,.F.);
#7900=ORIENTED_EDGE('',*,*,#10367,.F.);
#7901=CARTESIAN_POINT('',(-2.5,-6.92500000036212,-1.274999995));
#7902=DIRECTION('',(-1.15648231682608E-15,-1.0,1.70100045063635E-09));
#7903=DIRECTION('',(0.0,1.70100045063635E-09,1.0));
#7904=SURFACE_STYLE_FILL_AREA(#10369);
#7905=ORIENTED_EDGE('',*,*,#10370,.T.);
#7906=ORIENTED_EDGE('',*,*,#10371,.T.);
#7907=ORIENTED_EDGE('',*,*,#10372,.F.);
#7908=ORIENTED_EDGE('',*,*,#10373,.T.);
#7909=CARTESIAN_POINT('',(2.25,-6.0,-4.1));
#7910=DIRECTION('',(0.0,0.0,1.0));
#7911=DIRECTION('',(1.0,0.0,0.0));
#7912=SURFACE_STYLE_FILL_AREA(#10374);
#7913=ORIENTED_EDGE('',*,*,#10375,.T.);
#7914=ORIENTED_EDGE('',*,*,#10376,.T.);
#7915=ORIENTED_EDGE('',*,*,#10377,.F.);
#7916=ORIENTED_EDGE('',*,*,#10378,.T.);
#7917=CARTESIAN_POINT('',(3.65,-6.0,-4.1));
#7918=DIRECTION('',(0.0,0.0,1.0));
#7919=DIRECTION('',(1.0,0.0,0.0));
#7920=SURFACE_STYLE_FILL_AREA(#10379);
#7921=ORIENTED_EDGE('',*,*,#10380,.F.);
#7922=ORIENTED_EDGE('',*,*,#9192,.T.);
#7923=ORIENTED_EDGE('',*,*,#10287,.F.);
#7924=ORIENTED_EDGE('',*,*,#10381,.T.);
#7925=ORIENTED_EDGE('',*,*,#10382,.T.);
#7926=CARTESIAN_POINT('',(5.175851696,-5.952839661,-4.1));
#7927=DIRECTION('',(0.0,0.0,1.0));
#7928=DIRECTION('',(1.0,0.0,0.0));
#7929=SURFACE_STYLE_FILL_AREA(#10383);
#7930=ORIENTED_EDGE('',*,*,#10384,.T.);
#7931=ORIENTED_EDGE('',*,*,#10385,.T.);
#7932=ORIENTED_EDGE('',*,*,#10380,.T.);
#7933=CARTESIAN_POINT('',(5.45,-4.475,-4.1));
#7934=DIRECTION('',(0.0,-1.0,0.0));
#7935=DIRECTION('',(0.0,0.0,-1.0));
#7936=SURFACE_STYLE_FILL_AREA(#10386);
#7937=ORIENTED_EDGE('',*,*,#10083,.T.);
#7938=ORIENTED_EDGE('',*,*,#10387,.T.);
#7939=ORIENTED_EDGE('',*,*,#10388,.T.);
#7940=CARTESIAN_POINT('',(5.45,-1.45,-4.5024));
#7941=DIRECTION('',(-0.0,1.0,0.0));
#7942=DIRECTION('',(1.0,0.0,0.0));
#7943=SURFACE_STYLE_FILL_AREA(#10389);
#7944=ORIENTED_EDGE('',*,*,#9626,.T.);
#7945=ORIENTED_EDGE('',*,*,#9076,.T.);
#7946=ORIENTED_EDGE('',*,*,#9190,.T.);
#7947=ORIENTED_EDGE('',*,*,#10390,.T.);
#7948=ORIENTED_EDGE('',*,*,#10084,.F.);
#7949=ORIENTED_EDGE('',*,*,#10081,.F.);
#7950=ORIENTED_EDGE('',*,*,#10097,.F.);
#7951=ORIENTED_EDGE('',*,*,#10391,.T.);
#7952=ORIENTED_EDGE('',*,*,#9195,.T.);
#7953=ORIENTED_EDGE('',*,*,#9073,.T.);
#7954=ORIENTED_EDGE('',*,*,#9593,.T.);
#7955=ORIENTED_EDGE('',*,*,#10076,.F.);
#7956=ORIENTED_EDGE('',*,*,#10072,.F.);
#7957=ORIENTED_EDGE('',*,*,#10070,.F.);
#7958=ORIENTED_EDGE('',*,*,#10066,.F.);
#7959=ORIENTED_EDGE('',*,*,#10064,.F.);
#7960=ORIENTED_EDGE('',*,*,#10062,.F.);
#7961=ORIENTED_EDGE('',*,*,#10094,.F.);
#7962=ORIENTED_EDGE('',*,*,#10090,.F.);
#7963=ORIENTED_EDGE('',*,*,#10087,.F.);
#7964=CARTESIAN_POINT('',(5.85,-5.0,-4.1));
#7965=DIRECTION('',(-1.0,0.0,0.0));
#7966=DIRECTION('',(0.0,0.0,1.0));
#7967=SURFACE_STYLE_FILL_AREA(#10392);
#7968=ORIENTED_EDGE('',*,*,#10393,.T.);
#7969=ORIENTED_EDGE('',*,*,#10394,.T.);
#7970=ORIENTED_EDGE('',*,*,#10096,.T.);
#7971=CARTESIAN_POINT('',(5.45,1.45,-4.1));
#7972=DIRECTION('',(0.0,-1.0,0.0));
#7973=DIRECTION('',(0.0,0.0,-1.0));
#7974=SURFACE_STYLE_FILL_AREA(#10395);
#7975=ORIENTED_EDGE('',*,*,#10396,.T.);
#7976=ORIENTED_EDGE('',*,*,#10397,.T.);
#7977=ORIENTED_EDGE('',*,*,#10398,.T.);
#7978=CARTESIAN_POINT('',(5.45,4.475,-4.5024));
#7979=DIRECTION('',(-0.0,1.0,0.0));
#7980=DIRECTION('',(1.0,0.0,0.0));
#7981=SURFACE_STYLE_FILL_AREA(#10399);
#7982=ORIENTED_EDGE('',*,*,#10400,.T.);
#7983=ORIENTED_EDGE('',*,*,#10401,.T.);
#7984=ORIENTED_EDGE('',*,*,#9196,.F.);
#7985=ORIENTED_EDGE('',*,*,#10396,.F.);
#7986=ORIENTED_EDGE('',*,*,#10402,.T.);
#7987=CARTESIAN_POINT('',(5.175851696,4.475,-4.1));
#7988=DIRECTION('',(0.0,0.0,1.0));
#7989=DIRECTION('',(1.0,0.0,0.0));
#7990=SURFACE_STYLE_FILL_AREA(#10403);
#7991=ORIENTED_EDGE('',*,*,#9203,.T.);
#7992=ORIENTED_EDGE('',*,*,#9187,.T.);
#7993=ORIENTED_EDGE('',*,*,#10404,.F.);
#7994=ORIENTED_EDGE('',*,*,#10405,.F.);
#7995=ORIENTED_EDGE('',*,*,#10406,.T.);
#7996=CARTESIAN_POINT('',(-4.85,5.0,0.0));
#7997=DIRECTION('',(0.0,0.0,1.0));
#7998=DIRECTION('',(-1.0,0.0,0.0));
#7999=SURFACE_STYLE_FILL_AREA(#10407);
#8000=ORIENTED_EDGE('',*,*,#10408,.T.);
#8001=ORIENTED_EDGE('',*,*,#9154,.F.);
#8002=ORIENTED_EDGE('',*,*,#9508,.F.);
#8003=ORIENTED_EDGE('',*,*,#9742,.T.);
#8004=CARTESIAN_POINT('',(-3.85,4.7,-0.15));
#8005=DIRECTION('',(-1.0,0.0,0.0));
#8006=DIRECTION('',(0.0,0.0,1.0));
#8007=SURFACE_STYLE_FILL_AREA(#10409);
#8008=ORIENTED_EDGE('',*,*,#9741,.T.);
#8009=ORIENTED_EDGE('',*,*,#10410,.T.);
#8010=ORIENTED_EDGE('',*,*,#9155,.F.);
#8011=ORIENTED_EDGE('',*,*,#10408,.F.);
#8012=CARTESIAN_POINT('',(-3.35,4.7,-0.15));
#8013=DIRECTION('',(0.0,0.0,-1.0));
#8014=DIRECTION('',(0.0,-1.0,0.0));
#8015=SURFACE_STYLE_FILL_AREA(#10411);
#8016=ORIENTED_EDGE('',*,*,#9156,.F.);
#8017=ORIENTED_EDGE('',*,*,#10410,.F.);
#8018=ORIENTED_EDGE('',*,*,#9740,.T.);
#8019=ORIENTED_EDGE('',*,*,#10412,.F.);
#8020=CARTESIAN_POINT('',(-3.35,6.0,-0.55));
#8021=DIRECTION('',(-1.0,0.0,0.0));
#8022=DIRECTION('',(0.0,0.0,1.0));
#8023=SURFACE_STYLE_FILL_AREA(#10413);
#8024=ORIENTED_EDGE('',*,*,#10139,.F.);
#8025=ORIENTED_EDGE('',*,*,#9884,.T.);
#8026=ORIENTED_EDGE('',*,*,#9158,.F.);
#8027=ORIENTED_EDGE('',*,*,#10414,.F.);
#8028=CARTESIAN_POINT('',(-2.8,6.0,-0.8));
#8029=DIRECTION('',(-1.0,0.0,0.0));
#8030=DIRECTION('',(0.0,0.0,1.0));
#8031=SURFACE_STYLE_FILL_AREA(#10415);
#8032=ORIENTED_EDGE('',*,*,#9160,.F.);
#8033=ORIENTED_EDGE('',*,*,#9886,.T.);
#8034=ORIENTED_EDGE('',*,*,#10141,.F.);
#8035=ORIENTED_EDGE('',*,*,#10416,.F.);
#8036=CARTESIAN_POINT('',(-1.4,5.0,-0.8));
#8037=DIRECTION('',(1.0,0.0,0.0));
#8038=DIRECTION('',(0.0,1.0,0.0));
#8039=SURFACE_STYLE_FILL_AREA(#10417);
#8040=ORIENTED_EDGE('',*,*,#10299,.T.);
#8041=ORIENTED_EDGE('',*,*,#9110,.F.);
#8042=ORIENTED_EDGE('',*,*,#10297,.T.);
#8043=ORIENTED_EDGE('',*,*,#10100,.T.);
#8044=ORIENTED_EDGE('',*,*,#10295,.T.);
#8045=ORIENTED_EDGE('',*,*,#9106,.F.);
#8046=ORIENTED_EDGE('',*,*,#10293,.T.);
#8047=ORIENTED_EDGE('',*,*,#9615,.T.);
#8048=ORIENTED_EDGE('',*,*,#10104,.T.);
#8049=ORIENTED_EDGE('',*,*,#10107,.T.);
#8050=ORIENTED_EDGE('',*,*,#10110,.T.);
#8051=ORIENTED_EDGE('',*,*,#10113,.T.);
#8052=ORIENTED_EDGE('',*,*,#10116,.T.);
#8053=ORIENTED_EDGE('',*,*,#10119,.T.);
#8054=ORIENTED_EDGE('',*,*,#10122,.T.);
#8055=ORIENTED_EDGE('',*,*,#10125,.T.);
#8056=ORIENTED_EDGE('',*,*,#10128,.T.);
#8057=ORIENTED_EDGE('',*,*,#10131,.T.);
#8058=ORIENTED_EDGE('',*,*,#10133,.T.);
#8059=ORIENTED_EDGE('',*,*,#9588,.T.);
#8060=ORIENTED_EDGE('',*,*,#10418,.T.);
#8061=ORIENTED_EDGE('',*,*,#9165,.T.);
#8062=ORIENTED_EDGE('',*,*,#10419,.T.);
#8063=ORIENTED_EDGE('',*,*,#10136,.T.);
#8064=ORIENTED_EDGE('',*,*,#10420,.T.);
#8065=ORIENTED_EDGE('',*,*,#9161,.F.);
#8066=ORIENTED_EDGE('',*,*,#10416,.T.);
#8067=ORIENTED_EDGE('',*,*,#10140,.T.);
#8068=ORIENTED_EDGE('',*,*,#10414,.T.);
#8069=ORIENTED_EDGE('',*,*,#9157,.F.);
#8070=ORIENTED_EDGE('',*,*,#10412,.T.);
#8071=ORIENTED_EDGE('',*,*,#9739,.T.);
#8072=ORIENTED_EDGE('',*,*,#10144,.T.);
#8073=ORIENTED_EDGE('',*,*,#10147,.T.);
#8074=ORIENTED_EDGE('',*,*,#10150,.T.);
#8075=ORIENTED_EDGE('',*,*,#10156,.T.);
#8076=ORIENTED_EDGE('',*,*,#10159,.T.);
#8077=ORIENTED_EDGE('',*,*,#10162,.T.);
#8078=ORIENTED_EDGE('',*,*,#10165,.T.);
#8079=ORIENTED_EDGE('',*,*,#10171,.T.);
#8080=ORIENTED_EDGE('',*,*,#10174,.T.);
#8081=ORIENTED_EDGE('',*,*,#10177,.T.);
#8082=ORIENTED_EDGE('',*,*,#10179,.T.);
#8083=ORIENTED_EDGE('',*,*,#9656,.T.);
#8084=ORIENTED_EDGE('',*,*,#10304,.T.);
#8085=ORIENTED_EDGE('',*,*,#9114,.F.);
#8086=ORIENTED_EDGE('',*,*,#10301,.T.);
#8087=ORIENTED_EDGE('',*,*,#10182,.T.);
#8088=ORIENTED_EDGE('',*,*,#10193,.T.);
#8089=ORIENTED_EDGE('',*,*,#10195,.T.);
#8090=ORIENTED_EDGE('',*,*,#10186,.T.);
#8091=ORIENTED_EDGE('',*,*,#10190,.T.);
#8092=CARTESIAN_POINT('',(-5.425,-6.0,-0.55));
#8093=DIRECTION('',(0.0,0.0,1.0));
#8094=DIRECTION('',(1.0,0.0,0.0));
#8095=SURFACE_STYLE_FILL_AREA(#10421);
#8096=ORIENTED_EDGE('',*,*,#10135,.F.);
#8097=ORIENTED_EDGE('',*,*,#9882,.T.);
#8098=ORIENTED_EDGE('',*,*,#9162,.F.);
#8099=ORIENTED_EDGE('',*,*,#10420,.F.);
#8100=CARTESIAN_POINT('',(1.4,6.0,-0.8));
#8101=DIRECTION('',(-1.0,0.0,0.0));
#8102=DIRECTION('',(0.0,0.0,1.0));
#8103=SURFACE_STYLE_FILL_AREA(#10422);
#8104=ORIENTED_EDGE('',*,*,#9164,.F.);
#8105=ORIENTED_EDGE('',*,*,#9881,.T.);
#8106=ORIENTED_EDGE('',*,*,#10137,.F.);
#8107=ORIENTED_EDGE('',*,*,#10419,.F.);
#8108=CARTESIAN_POINT('',(2.8,5.0,-0.8));
#8109=DIRECTION('',(1.0,0.0,0.0));
#8110=DIRECTION('',(0.0,1.0,0.0));
#8111=SURFACE_STYLE_FILL_AREA(#10423);
#8112=ORIENTED_EDGE('',*,*,#9587,.T.);
#8113=ORIENTED_EDGE('',*,*,#10424,.T.);
#8114=ORIENTED_EDGE('',*,*,#9166,.F.);
#8115=ORIENTED_EDGE('',*,*,#10418,.F.);
#8116=CARTESIAN_POINT('',(3.35,4.7,-0.55));
#8117=DIRECTION('',(1.0,0.0,0.0));
#8118=DIRECTION('',(0.0,1.0,0.0));
#8119=SURFACE_STYLE_FILL_AREA(#10425);
#8120=ORIENTED_EDGE('',*,*,#10424,.F.);
#8121=ORIENTED_EDGE('',*,*,#9586,.T.);
#8122=ORIENTED_EDGE('',*,*,#10426,.T.);
#8123=ORIENTED_EDGE('',*,*,#9167,.F.);
#8124=CARTESIAN_POINT('',(3.85,4.7,-0.15));
#8125=DIRECTION('',(0.0,0.0,-1.0));
#8126=DIRECTION('',(0.0,-1.0,0.0));
#8127=SURFACE_STYLE_FILL_AREA(#10427);
#8128=ORIENTED_EDGE('',*,*,#10426,.F.);
#8129=ORIENTED_EDGE('',*,*,#9585,.T.);
#8130=ORIENTED_EDGE('',*,*,#9446,.F.);
#8131=ORIENTED_EDGE('',*,*,#9168,.F.);
#8132=CARTESIAN_POINT('',(3.85,4.7,-0.15));
#8133=DIRECTION('',(1.0,0.0,0.0));
#8134=DIRECTION('',(0.0,1.0,0.0));
#8135=SURFACE_STYLE_FILL_AREA(#10428);
#8136=ORIENTED_EDGE('',*,*,#10429,.F.);
#8137=ORIENTED_EDGE('',*,*,#9147,.T.);
#8138=ORIENTED_EDGE('',*,*,#9194,.F.);
#8139=ORIENTED_EDGE('',*,*,#10401,.F.);
#8140=ORIENTED_EDGE('',*,*,#10430,.F.);
#8141=CARTESIAN_POINT('',(4.85,5.0,0.0));
#8142=DIRECTION('',(0.0,0.0,1.0));
#8143=DIRECTION('',(-1.0,0.0,0.0));
#8144=SURFACE_STYLE_FILL_AREA(#10431);
#8145=ORIENTED_EDGE('',*,*,#10432,.T.);
#8146=ORIENTED_EDGE('',*,*,#10433,.T.);
#8147=ORIENTED_EDGE('',*,*,#10434,.F.);
#8148=ORIENTED_EDGE('',*,*,#10435,.T.);
#8149=CARTESIAN_POINT('',(3.65,5.8,-4.1));
#8150=DIRECTION('',(0.0,0.0,1.0));
#8151=DIRECTION('',(1.0,0.0,0.0));
#8152=SURFACE_STYLE_FILL_AREA(#10436);
#8153=ORIENTED_EDGE('',*,*,#10437,.T.);
#8154=ORIENTED_EDGE('',*,*,#10438,.T.);
#8155=ORIENTED_EDGE('',*,*,#10439,.F.);
#8156=ORIENTED_EDGE('',*,*,#10440,.T.);
#8157=CARTESIAN_POINT('',(2.25,5.8,-4.1));
#8158=DIRECTION('',(0.0,0.0,1.0));
#8159=DIRECTION('',(1.0,0.0,0.0));
#8160=SURFACE_STYLE_FILL_AREA(#10441);
#8161=ORIENTED_EDGE('',*,*,#10198,.T.);
#8162=ORIENTED_EDGE('',*,*,#10442,.F.);
#8163=ORIENTED_EDGE('',*,*,#9172,.F.);
#8164=ORIENTED_EDGE('',*,*,#10443,.T.);
#8165=CARTESIAN_POINT('',(1.75,6.0,-1.500000004));
#8166=DIRECTION('',(-1.0,0.0,0.0));
#8167=DIRECTION('',(0.0,0.0,1.0));
#8168=SURFACE_STYLE_FILL_AREA(#10444);
#8169=ORIENTED_EDGE('',*,*,#10202,.T.);
#8170=ORIENTED_EDGE('',*,*,#9060,.T.);
#8171=ORIENTED_EDGE('',*,*,#9173,.F.);
#8172=ORIENTED_EDGE('',*,*,#10442,.T.);
#8173=CARTESIAN_POINT('',(2.2,6.0,-1.5));
#8174=DIRECTION('',(0.0,0.0,-1.0));
#8175=DIRECTION('',(0.0,-1.0,0.0));
#8176=SURFACE_STYLE_FILL_AREA(#10445);
#8177=ORIENTED_EDGE('',*,*,#9058,.F.);
#8178=ORIENTED_EDGE('',*,*,#10205,.F.);
#8179=ORIENTED_EDGE('',*,*,#10446,.F.);
#8180=ORIENTED_EDGE('',*,*,#9174,.F.);
#8181=CARTESIAN_POINT('',(2.5,6.42500000033212,-1.275000002));
#8182=DIRECTION('',(-2.57461725466629E-25,1.0,-1.78099895884474E-09));
#8183=DIRECTION('',(0.0,-1.78099895884474E-09,-1.0));
#8184=SURFACE_STYLE_FILL_AREA(#10447);
#8185=ORIENTED_EDGE('',*,*,#10208,.T.);
#8186=ORIENTED_EDGE('',*,*,#10448,.T.);
#8187=ORIENTED_EDGE('',*,*,#9175,.F.);
#8188=ORIENTED_EDGE('',*,*,#10446,.T.);
#8189=CARTESIAN_POINT('',(3.25,6.0,-1.5));
#8190=DIRECTION('',(0.0,0.0,-1.0));
#8191=DIRECTION('',(0.0,-1.0,0.0));
#8192=SURFACE_STYLE_FILL_AREA(#10449);
#8193=ORIENTED_EDGE('',*,*,#9176,.F.);
#8194=ORIENTED_EDGE('',*,*,#10448,.F.);
#8195=ORIENTED_EDGE('',*,*,#10210,.F.);
#8196=ORIENTED_EDGE('',*,*,#10450,.T.);
#8197=CARTESIAN_POINT('',(3.25,6.0,-1.5));
#8198=DIRECTION('',(-1.0,0.0,0.0));
#8199=DIRECTION('',(0.0,0.0,1.0));
#8200=SURFACE_STYLE_FILL_AREA(#10451);
#8201=ORIENTED_EDGE('',*,*,#9177,.F.);
#8202=ORIENTED_EDGE('',*,*,#10450,.F.);
#8203=ORIENTED_EDGE('',*,*,#10214,.F.);
#8204=ORIENTED_EDGE('',*,*,#9055,.F.);
#8205=CARTESIAN_POINT('',(3.25,6.0,-1.35));
#8206=DIRECTION('',(0.0,0.0,-1.0));
#8207=DIRECTION('',(0.0,-1.0,0.0));
#8208=SURFACE_STYLE_FILL_AREA(#10452);
#8209=ORIENTED_EDGE('',*,*,#9053,.F.);
#8210=ORIENTED_EDGE('',*,*,#10218,.T.);
#8211=ORIENTED_EDGE('',*,*,#10453,.T.);
#8212=ORIENTED_EDGE('',*,*,#9170,.F.);
#8213=CARTESIAN_POINT('',(2.5,6.42500000059928,-1.275000002));
#8214=DIRECTION('',(0.0,1.0,-1.78100204241277E-09));
#8215=DIRECTION('',(0.0,-1.78100204241277E-09,-1.0));
#8216=SURFACE_STYLE_FILL_AREA(#10454);
#8217=ORIENTED_EDGE('',*,*,#9171,.F.);
#8218=ORIENTED_EDGE('',*,*,#10453,.F.);
#8219=ORIENTED_EDGE('',*,*,#10220,.F.);
#8220=ORIENTED_EDGE('',*,*,#10443,.F.);
#8221=CARTESIAN_POINT('',(2.287867966,6.0,-1.35));
#8222=DIRECTION('',(0.0,0.0,-1.0));
#8223=DIRECTION('',(0.0,-1.0,0.0));
#8224=SURFACE_STYLE_FILL_AREA(#10455);
#8225=ORIENTED_EDGE('',*,*,#10223,.T.);
#8226=ORIENTED_EDGE('',*,*,#10456,.F.);
#8227=ORIENTED_EDGE('',*,*,#9180,.F.);
#8228=ORIENTED_EDGE('',*,*,#10457,.T.);
#8229=CARTESIAN_POINT('',(-1.75,6.0,-1.5));
#8230=DIRECTION('',(0.0,0.0,-1.0));
#8231=DIRECTION('',(0.0,-1.0,0.0));
#8232=SURFACE_STYLE_FILL_AREA(#10458);
#8233=ORIENTED_EDGE('',*,*,#10226,.T.);
#8234=ORIENTED_EDGE('',*,*,#10459,.T.);
#8235=ORIENTED_EDGE('',*,*,#9181,.F.);
#8236=ORIENTED_EDGE('',*,*,#10456,.T.);
#8237=CARTESIAN_POINT('',(-1.75,6.0,-1.35));
#8238=DIRECTION('',(1.0,-0.0,0.0));
#8239=DIRECTION('',(0.0,1.0,-0.0));
#8240=SURFACE_STYLE_FILL_AREA(#10460);
#8241=ORIENTED_EDGE('',*,*,#9182,.F.);
#8242=ORIENTED_EDGE('',*,*,#10459,.F.);
#8243=ORIENTED_EDGE('',*,*,#10229,.F.);
#8244=ORIENTED_EDGE('',*,*,#9050,.F.);
#8245=CARTESIAN_POINT('',(-1.75,6.0,-1.35));
#8246=DIRECTION('',(0.0,0.0,-1.0));
#8247=DIRECTION('',(0.0,-1.0,0.0));
#8248=SURFACE_STYLE_FILL_AREA(#10461);
#8249=ORIENTED_EDGE('',*,*,#9048,.F.);
#8250=ORIENTED_EDGE('',*,*,#10233,.T.);
#8251=ORIENTED_EDGE('',*,*,#10462,.T.);
#8252=ORIENTED_EDGE('',*,*,#9183,.F.);
#8253=CARTESIAN_POINT('',(-2.5,6.42499999859927,-1.275000002));
#8254=DIRECTION('',(0.0,1.0,-1.78099818747172E-09));
#8255=DIRECTION('',(0.0,-1.78099818747172E-09,-1.0));
#8256=SURFACE_STYLE_FILL_AREA(#10463);
#8257=ORIENTED_EDGE('',*,*,#9184,.F.);
#8258=ORIENTED_EDGE('',*,*,#10462,.F.);
#8259=ORIENTED_EDGE('',*,*,#10237,.F.);
#8260=ORIENTED_EDGE('',*,*,#10464,.T.);
#8261=CARTESIAN_POINT('',(-2.712132034,6.0,-1.35));
#8262=DIRECTION('',(0.0,0.0,-1.0));
#8263=DIRECTION('',(0.0,-1.0,0.0));
#8264=SURFACE_STYLE_FILL_AREA(#10465);
#8265=ORIENTED_EDGE('',*,*,#9185,.F.);
#8266=ORIENTED_EDGE('',*,*,#10464,.F.);
#8267=ORIENTED_EDGE('',*,*,#10240,.F.);
#8268=ORIENTED_EDGE('',*,*,#10466,.F.);
#8269=CARTESIAN_POINT('',(-3.25,6.0,-1.35));
#8270=DIRECTION('',(1.0,-0.0,0.0));
#8271=DIRECTION('',(0.0,1.0,-0.0));
#8272=SURFACE_STYLE_FILL_AREA(#10467);
#8273=ORIENTED_EDGE('',*,*,#10242,.T.);
#8274=ORIENTED_EDGE('',*,*,#9045,.T.);
#8275=ORIENTED_EDGE('',*,*,#9178,.F.);
#8276=ORIENTED_EDGE('',*,*,#10466,.T.);
#8277=CARTESIAN_POINT('',(-2.8,6.0,-1.5));
#8278=DIRECTION('',(0.0,0.0,-1.0));
#8279=DIRECTION('',(0.0,-1.0,0.0));
#8280=SURFACE_STYLE_FILL_AREA(#10468);
#8281=ORIENTED_EDGE('',*,*,#9043,.F.);
#8282=ORIENTED_EDGE('',*,*,#10245,.F.);
#8283=ORIENTED_EDGE('',*,*,#10457,.F.);
#8284=ORIENTED_EDGE('',*,*,#9179,.F.);
#8285=CARTESIAN_POINT('',(-2.5,6.42500000033212,-1.275000002));
#8286=DIRECTION('',(-2.57461725466629E-25,1.0,-1.78099895884474E-09));
#8287=DIRECTION('',(0.0,-1.78099895884474E-09,-1.0));
#8288=SURFACE_STYLE_FILL_AREA(#10469);
#8289=ORIENTED_EDGE('',*,*,#10470,.T.);
#8290=ORIENTED_EDGE('',*,*,#10471,.T.);
#8291=ORIENTED_EDGE('',*,*,#10472,.F.);
#8292=ORIENTED_EDGE('',*,*,#10473,.T.);
#8293=CARTESIAN_POINT('',(-2.85,5.8,-4.1));
#8294=DIRECTION('',(0.0,0.0,1.0));
#8295=DIRECTION('',(1.0,0.0,0.0));
#8296=SURFACE_STYLE_FILL_AREA(#10474);
#8297=ORIENTED_EDGE('',*,*,#10475,.T.);
#8298=ORIENTED_EDGE('',*,*,#10476,.T.);
#8299=ORIENTED_EDGE('',*,*,#10477,.F.);
#8300=ORIENTED_EDGE('',*,*,#10478,.T.);
#8301=CARTESIAN_POINT('',(-4.25,5.8,-4.1));
#8302=DIRECTION('',(0.0,0.0,1.0));
#8303=DIRECTION('',(1.0,0.0,0.0));
#8304=SURFACE_STYLE_FILL_AREA(#10479);
#8305=ORIENTED_EDGE('',*,*,#10480,.F.);
#8306=ORIENTED_EDGE('',*,*,#9204,.T.);
#8307=ORIENTED_EDGE('',*,*,#10406,.F.);
#8308=ORIENTED_EDGE('',*,*,#10481,.T.);
#8309=ORIENTED_EDGE('',*,*,#10482,.T.);
#8310=CARTESIAN_POINT('',(-5.85,4.475,-4.1));
#8311=DIRECTION('',(0.0,0.0,1.0));
#8312=DIRECTION('',(1.0,0.0,0.0));
#8313=SURFACE_STYLE_FILL_AREA(#10483);
#8314=ORIENTED_EDGE('',*,*,#10484,.T.);
#8315=ORIENTED_EDGE('',*,*,#9199,.T.);
#8316=ORIENTED_EDGE('',*,*,#9094,.T.);
#8317=ORIENTED_EDGE('',*,*,#9722,.T.);
#8318=ORIENTED_EDGE('',*,*,#10261,.F.);
#8319=ORIENTED_EDGE('',*,*,#10258,.F.);
#8320=ORIENTED_EDGE('',*,*,#10255,.F.);
#8321=ORIENTED_EDGE('',*,*,#10252,.F.);
#8322=ORIENTED_EDGE('',*,*,#10250,.F.);
#8323=ORIENTED_EDGE('',*,*,#10248,.F.);
#8324=ORIENTED_EDGE('',*,*,#10271,.F.);
#8325=ORIENTED_EDGE('',*,*,#10268,.F.);
#8326=ORIENTED_EDGE('',*,*,#10266,.F.);
#8327=ORIENTED_EDGE('',*,*,#9750,.T.);
#8328=ORIENTED_EDGE('',*,*,#9083,.T.);
#8329=ORIENTED_EDGE('',*,*,#9202,.T.);
#8330=ORIENTED_EDGE('',*,*,#10485,.T.);
#8331=ORIENTED_EDGE('',*,*,#10486,.F.);
#8332=ORIENTED_EDGE('',*,*,#10487,.T.);
#8333=ORIENTED_EDGE('',*,*,#10488,.T.);
#8334=CARTESIAN_POINT('',(-5.85,-5.0,0.55));
#8335=DIRECTION('',(1.0,-0.0,0.0));
#8336=DIRECTION('',(0.0,1.0,-0.0));
#8337=SURFACE_STYLE_FILL_AREA(#10489);
#8338=ORIENTED_EDGE('',*,*,#10490,.T.);
#8339=ORIENTED_EDGE('',*,*,#10491,.T.);
#8340=ORIENTED_EDGE('',*,*,#10480,.T.);
#8341=CARTESIAN_POINT('',(-5.8524,4.475,-4.5024));
#8342=DIRECTION('',(-0.0,1.0,0.0));
#8343=DIRECTION('',(1.0,0.0,0.0));
#8344=SURFACE_STYLE_FILL_AREA(#10492);
#8345=ORIENTED_EDGE('',*,*,#10493,.T.);
#8346=ORIENTED_EDGE('',*,*,#10494,.T.);
#8347=ORIENTED_EDGE('',*,*,#10495,.T.);
#8348=CARTESIAN_POINT('',(-5.8524,1.45,-4.1));
#8349=DIRECTION('',(0.0,-1.0,0.0));
#8350=DIRECTION('',(0.0,0.0,-1.0));
#8351=SURFACE_STYLE_FILL_AREA(#10496);
#8352=ORIENTED_EDGE('',*,*,#10497,.F.);
#8353=ORIENTED_EDGE('',*,*,#10498,.T.);
#8354=ORIENTED_EDGE('',*,*,#10487,.F.);
#8355=ORIENTED_EDGE('',*,*,#10499,.T.);
#8356=CARTESIAN_POINT('',(-5.85,1.45,-3.88));
#8357=DIRECTION('',(-0.0,0.0,1.0));
#8358=DIRECTION('',(1.0,-0.0,0.0));
#8359=SURFACE_STYLE_FILL_AREA(#10500);
#8360=ORIENTED_EDGE('',*,*,#10501,.F.);
#8361=ORIENTED_EDGE('',*,*,#10502,.F.);
#8362=CARTESIAN_POINT('',(-5.0548,4.6952,-4.1));
#8363=DIRECTION('',(0.0,0.0,1.0));
#8364=DIRECTION('',(1.0,0.0,0.0));
#8365=SURFACE_STYLE_FILL_AREA(#10503);
#8366=ORIENTED_EDGE('',*,*,#10504,.F.);
#8367=ORIENTED_EDGE('',*,*,#10505,.F.);
#8368=CARTESIAN_POINT('',(4.2452,-5.5048,-4.1));
#8369=DIRECTION('',(0.0,0.0,1.0));
#8370=DIRECTION('',(1.0,0.0,0.0));
#8371=SURFACE_STYLE_FILL_AREA(#10506);
#8372=ORIENTED_EDGE('',*,*,#10507,.F.);
#8373=ORIENTED_EDGE('',*,*,#10508,.T.);
#8374=ORIENTED_EDGE('',*,*,#10273,.F.);
#8375=ORIENTED_EDGE('',*,*,#10275,.F.);
#8376=ORIENTED_EDGE('',*,*,#10488,.F.);
#8377=ORIENTED_EDGE('',*,*,#10498,.F.);
#8378=CARTESIAN_POINT('',(-5.85,-1.45,-3.88));
#8379=DIRECTION('',(0.0,-1.0,0.0));
#8380=DIRECTION('',(0.0,0.0,-1.0));
#8381=SURFACE_STYLE_FILL_AREA(#10509);
#8382=ORIENTED_EDGE('',*,*,#10510,.T.);
#8383=ORIENTED_EDGE('',*,*,#10278,.F.);
#8384=ORIENTED_EDGE('',*,*,#10484,.F.);
#8385=ORIENTED_EDGE('',*,*,#10274,.F.);
#8386=CARTESIAN_POINT('',(-5.45,-1.45,-4.1));
#8387=DIRECTION('',(0.0,1.0,0.0));
#8388=DIRECTION('',(0.0,0.0,-1.0));
#8389=SURFACE_STYLE_FILL_AREA(#10511);
#8390=ORIENTED_EDGE('',*,*,#10512,.T.);
#8391=ORIENTED_EDGE('',*,*,#10513,.T.);
#8392=ORIENTED_EDGE('',*,*,#10283,.F.);
#8393=ORIENTED_EDGE('',*,*,#10279,.F.);
#8394=CARTESIAN_POINT('',(-5.45,-5.5,-4.5));
#8395=DIRECTION('',(1.0,0.0,0.0));
#8396=DIRECTION('',(0.0,1.0,0.0));
#8397=SURFACE_STYLE_FILL_AREA(#10514);
#8398=ORIENTED_EDGE('',*,*,#10515,.T.);
#8399=ORIENTED_EDGE('',*,*,#10516,.F.);
#8400=ORIENTED_EDGE('',*,*,#10517,.F.);
#8401=ORIENTED_EDGE('',*,*,#10281,.F.);
#8402=ORIENTED_EDGE('',*,*,#10513,.F.);
#8403=CARTESIAN_POINT('',(-4.95,-5.5,-4.1));
#8404=DIRECTION('',(0.0,0.0,1.0));
#8405=DIRECTION('',(-1.0,0.0,0.0));
#8406=SURFACE_STYLE_FILL_AREA(#10518);
#8407=ORIENTED_EDGE('',*,*,#10519,.T.);
#8408=ORIENTED_EDGE('',*,*,#10520,.T.);
#8409=ORIENTED_EDGE('',*,*,#10315,.F.);
#8410=ORIENTED_EDGE('',*,*,#10521,.F.);
#8411=CARTESIAN_POINT('',(-4.25,-5.8,-4.5));
#8412=DIRECTION('',(-1.0,0.0,0.0));
#8413=DIRECTION('',(0.0,0.0,1.0));
#8414=SURFACE_STYLE_FILL_AREA(#10522);
#8415=ORIENTED_EDGE('',*,*,#10523,.T.);
#8416=ORIENTED_EDGE('',*,*,#10524,.T.);
#8417=ORIENTED_EDGE('',*,*,#10312,.F.);
#8418=ORIENTED_EDGE('',*,*,#10520,.F.);
#8419=CARTESIAN_POINT('',(-4.25,-5.8,-4.5));
#8420=DIRECTION('',(-0.0,1.0,0.0));
#8421=DIRECTION('',(1.0,0.0,0.0));
#8422=SURFACE_STYLE_FILL_AREA(#10525);
#8423=ORIENTED_EDGE('',*,*,#10526,.T.);
#8424=ORIENTED_EDGE('',*,*,#10527,.F.);
#8425=ORIENTED_EDGE('',*,*,#10313,.F.);
#8426=ORIENTED_EDGE('',*,*,#10524,.F.);
#8427=CARTESIAN_POINT('',(-3.65,-6.0,-4.1));
#8428=DIRECTION('',(1.0,-0.0,0.0));
#8429=DIRECTION('',(0.0,1.0,-0.0));
#8430=SURFACE_STYLE_FILL_AREA(#10528);
#8431=ORIENTED_EDGE('',*,*,#10529,.T.);
#8432=ORIENTED_EDGE('',*,*,#10530,.T.);
#8433=ORIENTED_EDGE('',*,*,#10320,.F.);
#8434=ORIENTED_EDGE('',*,*,#10531,.F.);
#8435=CARTESIAN_POINT('',(-2.85,-6.0,-4.5));
#8436=DIRECTION('',(-1.0,0.0,0.0));
#8437=DIRECTION('',(0.0,0.0,1.0));
#8438=SURFACE_STYLE_FILL_AREA(#10532);
#8439=ORIENTED_EDGE('',*,*,#10533,.T.);
#8440=ORIENTED_EDGE('',*,*,#10534,.T.);
#8441=ORIENTED_EDGE('',*,*,#10317,.F.);
#8442=ORIENTED_EDGE('',*,*,#10530,.F.);
#8443=CARTESIAN_POINT('',(-2.85,-5.8,-4.5));
#8444=DIRECTION('',(-0.0,1.0,0.0));
#8445=DIRECTION('',(1.0,0.0,0.0));
#8446=SURFACE_STYLE_FILL_AREA(#10535);
#8447=ORIENTED_EDGE('',*,*,#10536,.T.);
#8448=ORIENTED_EDGE('',*,*,#10537,.F.);
#8449=ORIENTED_EDGE('',*,*,#10318,.F.);
#8450=ORIENTED_EDGE('',*,*,#10534,.F.);
#8451=CARTESIAN_POINT('',(-2.25,-6.0,-4.1));
#8452=DIRECTION('',(1.0,-0.0,0.0));
#8453=DIRECTION('',(0.0,1.0,-0.0));
#8454=SURFACE_STYLE_FILL_AREA(#10538);
#8455=ORIENTED_EDGE('',*,*,#9100,.F.);
#8456=ORIENTED_EDGE('',*,*,#10309,.T.);
#8457=ORIENTED_EDGE('',*,*,#10539,.T.);
#8458=ORIENTED_EDGE('',*,*,#10516,.T.);
#8459=ORIENTED_EDGE('',*,*,#10540,.T.);
#8460=ORIENTED_EDGE('',*,*,#10521,.T.);
#8461=ORIENTED_EDGE('',*,*,#10314,.T.);
#8462=ORIENTED_EDGE('',*,*,#10527,.T.);
#8463=ORIENTED_EDGE('',*,*,#10541,.T.);
#8464=ORIENTED_EDGE('',*,*,#10531,.T.);
#8465=ORIENTED_EDGE('',*,*,#10319,.T.);
#8466=ORIENTED_EDGE('',*,*,#10537,.T.);
#8467=ORIENTED_EDGE('',*,*,#10542,.T.);
#8468=ORIENTED_EDGE('',*,*,#10543,.T.);
#8469=ORIENTED_EDGE('',*,*,#10372,.T.);
#8470=ORIENTED_EDGE('',*,*,#10544,.T.);
#8471=ORIENTED_EDGE('',*,*,#10545,.T.);
#8472=ORIENTED_EDGE('',*,*,#10546,.T.);
#8473=ORIENTED_EDGE('',*,*,#10377,.T.);
#8474=ORIENTED_EDGE('',*,*,#10547,.T.);
#8475=ORIENTED_EDGE('',*,*,#10548,.T.);
#8476=ORIENTED_EDGE('',*,*,#10549,.T.);
#8477=ORIENTED_EDGE('',*,*,#10550,.T.);
#8478=ORIENTED_EDGE('',*,*,#10285,.T.);
#8479=CARTESIAN_POINT('',(-4.95,-6.0,-4.5));
#8480=DIRECTION('',(0.0,-1.0,0.0));
#8481=DIRECTION('',(0.0,0.0,-1.0));
#8482=SURFACE_STYLE_FILL_AREA(#10551);
#8483=ORIENTED_EDGE('',*,*,#10552,.T.);
#8484=ORIENTED_EDGE('',*,*,#10553,.T.);
#8485=ORIENTED_EDGE('',*,*,#10373,.F.);
#8486=ORIENTED_EDGE('',*,*,#10543,.F.);
#8487=CARTESIAN_POINT('',(2.25,-6.0,-4.5));
#8488=DIRECTION('',(-1.0,0.0,0.0));
#8489=DIRECTION('',(0.0,0.0,1.0));
#8490=SURFACE_STYLE_FILL_AREA(#10554);
#8491=ORIENTED_EDGE('',*,*,#10555,.T.);
#8492=ORIENTED_EDGE('',*,*,#10556,.T.);
#8493=ORIENTED_EDGE('',*,*,#10370,.F.);
#8494=ORIENTED_EDGE('',*,*,#10553,.F.);
#8495=CARTESIAN_POINT('',(2.25,-5.8,-4.5));
#8496=DIRECTION('',(-0.0,1.0,0.0));
#8497=DIRECTION('',(1.0,0.0,0.0));
#8498=SURFACE_STYLE_FILL_AREA(#10557);
#8499=ORIENTED_EDGE('',*,*,#10558,.T.);
#8500=ORIENTED_EDGE('',*,*,#10544,.F.);
#8501=ORIENTED_EDGE('',*,*,#10371,.F.);
#8502=ORIENTED_EDGE('',*,*,#10556,.F.);
#8503=CARTESIAN_POINT('',(2.85,-6.0,-4.1));
#8504=DIRECTION('',(1.0,-0.0,0.0));
#8505=DIRECTION('',(0.0,1.0,-0.0));
#8506=SURFACE_STYLE_FILL_AREA(#10559);
#8507=ORIENTED_EDGE('',*,*,#10560,.T.);
#8508=ORIENTED_EDGE('',*,*,#10561,.T.);
#8509=ORIENTED_EDGE('',*,*,#10378,.F.);
#8510=ORIENTED_EDGE('',*,*,#10546,.F.);
#8511=CARTESIAN_POINT('',(3.65,-6.0,-4.5));
#8512=DIRECTION('',(-1.0,0.0,0.0));
#8513=DIRECTION('',(0.0,0.0,1.0));
#8514=SURFACE_STYLE_FILL_AREA(#10562);
#8515=ORIENTED_EDGE('',*,*,#10563,.T.);
#8516=ORIENTED_EDGE('',*,*,#10564,.T.);
#8517=ORIENTED_EDGE('',*,*,#10375,.F.);
#8518=ORIENTED_EDGE('',*,*,#10561,.F.);
#8519=CARTESIAN_POINT('',(3.65,-5.8,-4.5));
#8520=DIRECTION('',(-0.0,1.0,0.0));
#8521=DIRECTION('',(1.0,0.0,0.0));
#8522=SURFACE_STYLE_FILL_AREA(#10565);
#8523=ORIENTED_EDGE('',*,*,#10566,.T.);
#8524=ORIENTED_EDGE('',*,*,#10547,.F.);
#8525=ORIENTED_EDGE('',*,*,#10376,.F.);
#8526=ORIENTED_EDGE('',*,*,#10564,.F.);
#8527=CARTESIAN_POINT('',(4.25,-6.0,-4.5));
#8528=DIRECTION('',(1.0,0.0,0.0));
#8529=DIRECTION('',(0.0,1.0,0.0));
#8530=SURFACE_STYLE_FILL_AREA(#10567);
#8531=ORIENTED_EDGE('',*,*,#10568,.T.);
#8532=ORIENTED_EDGE('',*,*,#10569,.T.);
#8533=ORIENTED_EDGE('',*,*,#10381,.F.);
#8534=ORIENTED_EDGE('',*,*,#10570,.F.);
#8535=ORIENTED_EDGE('',*,*,#10549,.F.);
#8536=CARTESIAN_POINT('',(4.95,-5.5,-4.1));
#8537=DIRECTION('',(0.0,0.0,1.0));
#8538=DIRECTION('',(-1.0,0.0,0.0));
#8539=SURFACE_STYLE_FILL_AREA(#10571);
#8540=ORIENTED_EDGE('',*,*,#10572,.T.);
#8541=ORIENTED_EDGE('',*,*,#10384,.F.);
#8542=ORIENTED_EDGE('',*,*,#10382,.F.);
#8543=ORIENTED_EDGE('',*,*,#10569,.F.);
#8544=CARTESIAN_POINT('',(5.45,-4.475,-4.5));
#8545=DIRECTION('',(-1.0,0.0,0.0));
#8546=DIRECTION('',(0.0,0.0,1.0));
#8547=SURFACE_STYLE_FILL_AREA(#10573);
#8548=ORIENTED_EDGE('',*,*,#10574,.T.);
#8549=ORIENTED_EDGE('',*,*,#10387,.F.);
#8550=ORIENTED_EDGE('',*,*,#10390,.F.);
#8551=ORIENTED_EDGE('',*,*,#10385,.F.);
#8552=CARTESIAN_POINT('',(5.45,-4.475,-4.1));
#8553=DIRECTION('',(2.16840434497101E-15,-1.0,0.0));
#8554=DIRECTION('',(-1.0,-2.16840434497101E-15,0.0));
#8555=SURFACE_STYLE_FILL_AREA(#10575);
#8556=ORIENTED_EDGE('',*,*,#10576,.T.);
#8557=ORIENTED_EDGE('',*,*,#10577,.F.);
#8558=ORIENTED_EDGE('',*,*,#10388,.F.);
#8559=ORIENTED_EDGE('',*,*,#10578,.T.);
#8560=CARTESIAN_POINT('',(5.425,-1.45,-4.5));
#8561=DIRECTION('',(0.0,-1.0,0.0));
#8562=DIRECTION('',(0.0,0.0,-1.0));
#8563=SURFACE_STYLE_FILL_AREA(#10579);
#8564=ORIENTED_EDGE('',*,*,#10580,.F.);
#8565=ORIENTED_EDGE('',*,*,#10576,.F.);
#8566=ORIENTED_EDGE('',*,*,#10581,.T.);
#8567=ORIENTED_EDGE('',*,*,#10582,.T.);
#8568=CARTESIAN_POINT('',(5.425,-1.45,-4.5));
#8569=DIRECTION('',(-1.0,0.0,0.0));
#8570=DIRECTION('',(0.0,0.0,1.0));
#8571=SURFACE_STYLE_FILL_AREA(#10583);
#8572=ORIENTED_EDGE('',*,*,#10582,.F.);
#8573=ORIENTED_EDGE('',*,*,#10584,.T.);
#8574=ORIENTED_EDGE('',*,*,#10393,.F.);
#8575=ORIENTED_EDGE('',*,*,#10585,.T.);
#8576=CARTESIAN_POINT('',(5.42475,1.45,-4.5));
#8577=DIRECTION('',(-0.0,1.0,0.0));
#8578=DIRECTION('',(1.0,0.0,0.0));
#8579=SURFACE_STYLE_FILL_AREA(#10586);
#8580=ORIENTED_EDGE('',*,*,#10587,.T.);
#8581=ORIENTED_EDGE('',*,*,#10397,.F.);
#8582=ORIENTED_EDGE('',*,*,#10391,.F.);
#8583=ORIENTED_EDGE('',*,*,#10394,.F.);
#8584=CARTESIAN_POINT('',(5.45,1.45,-4.1));
#8585=DIRECTION('',(0.0,-1.0,0.0));
#8586=DIRECTION('',(0.0,0.0,1.0));
#8587=SURFACE_STYLE_FILL_AREA(#10588);
#8588=ORIENTED_EDGE('',*,*,#10589,.T.);
#8589=ORIENTED_EDGE('',*,*,#10590,.T.);
#8590=ORIENTED_EDGE('',*,*,#10402,.F.);
#8591=ORIENTED_EDGE('',*,*,#10398,.F.);
#8592=CARTESIAN_POINT('',(5.45,5.5,-4.5));
#8593=DIRECTION('',(-1.0,0.0,0.0));
#8594=DIRECTION('',(0.0,0.0,1.0));
#8595=SURFACE_STYLE_FILL_AREA(#10591);
#8596=ORIENTED_EDGE('',*,*,#10592,.T.);
#8597=ORIENTED_EDGE('',*,*,#10593,.F.);
#8598=ORIENTED_EDGE('',*,*,#10594,.F.);
#8599=ORIENTED_EDGE('',*,*,#10400,.F.);
#8600=ORIENTED_EDGE('',*,*,#10590,.F.);
#8601=CARTESIAN_POINT('',(4.95,5.5,-4.1));
#8602=DIRECTION('',(0.0,0.0,1.0));
#8603=DIRECTION('',(-1.0,0.0,0.0));
#8604=SURFACE_STYLE_FILL_AREA(#10595);
#8605=ORIENTED_EDGE('',*,*,#10596,.T.);
#8606=ORIENTED_EDGE('',*,*,#10597,.T.);
#8607=ORIENTED_EDGE('',*,*,#10435,.F.);
#8608=ORIENTED_EDGE('',*,*,#10598,.F.);
#8609=CARTESIAN_POINT('',(4.25,5.8,-4.5));
#8610=DIRECTION('',(1.0,0.0,0.0));
#8611=DIRECTION('',(0.0,1.0,0.0));
#8612=SURFACE_STYLE_FILL_AREA(#10599);
#8613=ORIENTED_EDGE('',*,*,#10600,.T.);
#8614=ORIENTED_EDGE('',*,*,#10601,.T.);
#8615=ORIENTED_EDGE('',*,*,#10432,.F.);
#8616=ORIENTED_EDGE('',*,*,#10597,.F.);
#8617=CARTESIAN_POINT('',(3.65,5.8,-4.1));
#8618=DIRECTION('',(0.0,-1.0,0.0));
#8619=DIRECTION('',(0.0,0.0,-1.0));
#8620=SURFACE_STYLE_FILL_AREA(#10602);
#8621=ORIENTED_EDGE('',*,*,#10603,.T.);
#8622=ORIENTED_EDGE('',*,*,#10604,.F.);
#8623=ORIENTED_EDGE('',*,*,#10433,.F.);
#8624=ORIENTED_EDGE('',*,*,#10601,.F.);
#8625=CARTESIAN_POINT('',(3.65,5.8,-4.5));
#8626=DIRECTION('',(-1.0,0.0,0.0));
#8627=DIRECTION('',(0.0,0.0,1.0));
#8628=SURFACE_STYLE_FILL_AREA(#10605);
#8629=ORIENTED_EDGE('',*,*,#10606,.T.);
#8630=ORIENTED_EDGE('',*,*,#10607,.T.);
#8631=ORIENTED_EDGE('',*,*,#10440,.F.);
#8632=ORIENTED_EDGE('',*,*,#10608,.F.);
#8633=CARTESIAN_POINT('',(2.85,5.8,-4.1));
#8634=DIRECTION('',(1.0,-0.0,0.0));
#8635=DIRECTION('',(0.0,1.0,-0.0));
#8636=SURFACE_STYLE_FILL_AREA(#10609);
#8637=ORIENTED_EDGE('',*,*,#10610,.T.);
#8638=ORIENTED_EDGE('',*,*,#10611,.T.);
#8639=ORIENTED_EDGE('',*,*,#10437,.F.);
#8640=ORIENTED_EDGE('',*,*,#10607,.F.);
#8641=CARTESIAN_POINT('',(2.25,5.8,-4.1));
#8642=DIRECTION('',(0.0,-1.0,0.0));
#8643=DIRECTION('',(0.0,0.0,-1.0));
#8644=SURFACE_STYLE_FILL_AREA(#10612);
#8645=ORIENTED_EDGE('',*,*,#10613,.T.);
#8646=ORIENTED_EDGE('',*,*,#10614,.F.);
#8647=ORIENTED_EDGE('',*,*,#10438,.F.);
#8648=ORIENTED_EDGE('',*,*,#10611,.F.);
#8649=CARTESIAN_POINT('',(2.25,5.8,-4.5));
#8650=DIRECTION('',(-1.0,0.0,0.0));
#8651=DIRECTION('',(0.0,0.0,1.0));
#8652=SURFACE_STYLE_FILL_AREA(#10615);
#8653=ORIENTED_EDGE('',*,*,#9151,.F.);
#8654=ORIENTED_EDGE('',*,*,#10429,.T.);
#8655=ORIENTED_EDGE('',*,*,#10616,.T.);
#8656=ORIENTED_EDGE('',*,*,#10593,.T.);
#8657=ORIENTED_EDGE('',*,*,#10617,.T.);
#8658=ORIENTED_EDGE('',*,*,#10598,.T.);
#8659=ORIENTED_EDGE('',*,*,#10434,.T.);
#8660=ORIENTED_EDGE('',*,*,#10604,.T.);
#8661=ORIENTED_EDGE('',*,*,#10618,.T.);
#8662=ORIENTED_EDGE('',*,*,#10608,.T.);
#8663=ORIENTED_EDGE('',*,*,#10439,.T.);
#8664=ORIENTED_EDGE('',*,*,#10614,.T.);
#8665=ORIENTED_EDGE('',*,*,#10619,.T.);
#8666=ORIENTED_EDGE('',*,*,#10620,.T.);
#8667=ORIENTED_EDGE('',*,*,#10472,.T.);
#8668=ORIENTED_EDGE('',*,*,#10621,.T.);
#8669=ORIENTED_EDGE('',*,*,#10622,.T.);
#8670=ORIENTED_EDGE('',*,*,#10623,.T.);
#8671=ORIENTED_EDGE('',*,*,#10477,.T.);
#8672=ORIENTED_EDGE('',*,*,#10624,.T.);
#8673=ORIENTED_EDGE('',*,*,#10625,.T.);
#8674=ORIENTED_EDGE('',*,*,#10626,.T.);
#8675=ORIENTED_EDGE('',*,*,#10627,.T.);
#8676=ORIENTED_EDGE('',*,*,#10404,.T.);
#8677=CARTESIAN_POINT('',(4.95,6.0,-4.5));
#8678=DIRECTION('',(0.0,1.0,0.0));
#8679=DIRECTION('',(1.0,-0.0,0.0));
#8680=SURFACE_STYLE_FILL_AREA(#10628);
#8681=ORIENTED_EDGE('',*,*,#10629,.T.);
#8682=ORIENTED_EDGE('',*,*,#10630,.T.);
#8683=ORIENTED_EDGE('',*,*,#10473,.F.);
#8684=ORIENTED_EDGE('',*,*,#10620,.F.);
#8685=CARTESIAN_POINT('',(-2.25,5.8,-4.1));
#8686=DIRECTION('',(1.0,-0.0,0.0));
#8687=DIRECTION('',(0.0,1.0,-0.0));
#8688=SURFACE_STYLE_FILL_AREA(#10631);
#8689=ORIENTED_EDGE('',*,*,#10632,.T.);
#8690=ORIENTED_EDGE('',*,*,#10633,.T.);
#8691=ORIENTED_EDGE('',*,*,#10470,.F.);
#8692=ORIENTED_EDGE('',*,*,#10630,.F.);
#8693=CARTESIAN_POINT('',(-2.85,5.8,-4.1));
#8694=DIRECTION('',(0.0,-1.0,0.0));
#8695=DIRECTION('',(0.0,0.0,-1.0));
#8696=SURFACE_STYLE_FILL_AREA(#10634);
#8697=ORIENTED_EDGE('',*,*,#10635,.T.);
#8698=ORIENTED_EDGE('',*,*,#10621,.F.);
#8699=ORIENTED_EDGE('',*,*,#10471,.F.);
#8700=ORIENTED_EDGE('',*,*,#10633,.F.);
#8701=CARTESIAN_POINT('',(-2.85,5.8,-4.5));
#8702=DIRECTION('',(-1.0,0.0,0.0));
#8703=DIRECTION('',(0.0,0.0,1.0));
#8704=SURFACE_STYLE_FILL_AREA(#10636);
#8705=ORIENTED_EDGE('',*,*,#10637,.T.);
#8706=ORIENTED_EDGE('',*,*,#10638,.T.);
#8707=ORIENTED_EDGE('',*,*,#10478,.F.);
#8708=ORIENTED_EDGE('',*,*,#10623,.F.);
#8709=CARTESIAN_POINT('',(-3.65,5.8,-4.1));
#8710=DIRECTION('',(1.0,-0.0,0.0));
#8711=DIRECTION('',(0.0,1.0,-0.0));
#8712=SURFACE_STYLE_FILL_AREA(#10639);
#8713=ORIENTED_EDGE('',*,*,#10640,.T.);
#8714=ORIENTED_EDGE('',*,*,#10641,.T.);
#8715=ORIENTED_EDGE('',*,*,#10475,.F.);
#8716=ORIENTED_EDGE('',*,*,#10638,.F.);
#8717=CARTESIAN_POINT('',(-4.25,5.8,-4.1));
#8718=DIRECTION('',(0.0,-1.0,0.0));
#8719=DIRECTION('',(0.0,0.0,-1.0));
#8720=SURFACE_STYLE_FILL_AREA(#10642);
#8721=ORIENTED_EDGE('',*,*,#10643,.T.);
#8722=ORIENTED_EDGE('',*,*,#10624,.F.);
#8723=ORIENTED_EDGE('',*,*,#10476,.F.);
#8724=ORIENTED_EDGE('',*,*,#10641,.F.);
#8725=CARTESIAN_POINT('',(-4.25,6.0,-4.5));
#8726=DIRECTION('',(-1.0,0.0,0.0));
#8727=DIRECTION('',(0.0,0.0,1.0));
#8728=SURFACE_STYLE_FILL_AREA(#10644);
#8729=ORIENTED_EDGE('',*,*,#10645,.T.);
#8730=ORIENTED_EDGE('',*,*,#10646,.T.);
#8731=ORIENTED_EDGE('',*,*,#10481,.F.);
#8732=ORIENTED_EDGE('',*,*,#10647,.F.);
#8733=ORIENTED_EDGE('',*,*,#10626,.F.);
#8734=CARTESIAN_POINT('',(-4.95,5.5,-4.1));
#8735=DIRECTION('',(0.0,0.0,1.0));
#8736=DIRECTION('',(-1.0,0.0,0.0));
#8737=SURFACE_STYLE_FILL_AREA(#10648);
#8738=ORIENTED_EDGE('',*,*,#10649,.T.);
#8739=ORIENTED_EDGE('',*,*,#10490,.F.);
#8740=ORIENTED_EDGE('',*,*,#10482,.F.);
#8741=ORIENTED_EDGE('',*,*,#10646,.F.);
#8742=CARTESIAN_POINT('',(-5.45,4.475,-4.5));
#8743=DIRECTION('',(1.0,0.0,0.0));
#8744=DIRECTION('',(0.0,1.0,0.0));
#8745=SURFACE_STYLE_FILL_AREA(#10650);
#8746=ORIENTED_EDGE('',*,*,#10651,.T.);
#8747=ORIENTED_EDGE('',*,*,#10494,.F.);
#8748=ORIENTED_EDGE('',*,*,#10485,.F.);
#8749=ORIENTED_EDGE('',*,*,#10491,.F.);
#8750=CARTESIAN_POINT('',(-5.45,4.475,-4.1));
#8751=DIRECTION('',(0.0,1.0,-0.0));
#8752=DIRECTION('',(1.0,0.0,0.0));
#8753=SURFACE_STYLE_FILL_AREA(#10652);
#8754=ORIENTED_EDGE('',*,*,#10495,.F.);
#8755=ORIENTED_EDGE('',*,*,#10653,.T.);
#8756=ORIENTED_EDGE('',*,*,#10654,.F.);
#8757=ORIENTED_EDGE('',*,*,#10499,.F.);
#8758=ORIENTED_EDGE('',*,*,#10486,.T.);
#8759=ORIENTED_EDGE('',*,*,#10493,.F.);
#8760=CARTESIAN_POINT('',(-5.85,1.45,-4.5));
#8761=DIRECTION('',(-0.0,1.0,0.0));
#8762=DIRECTION('',(1.0,0.0,0.0));
#8763=SURFACE_STYLE_FILL_AREA(#10655);
#8764=ORIENTED_EDGE('',*,*,#10507,.T.);
#8765=ORIENTED_EDGE('',*,*,#10497,.T.);
#8766=ORIENTED_EDGE('',*,*,#10654,.T.);
#8767=ORIENTED_EDGE('',*,*,#10656,.T.);
#8768=CARTESIAN_POINT('',(-5.425,1.45,-4.5));
#8769=DIRECTION('',(-1.0,0.0,0.0));
#8770=DIRECTION('',(0.0,0.0,1.0));
#8771=SURFACE_STYLE_FILL_AREA(#10657);
#8772=ORIENTED_EDGE('',*,*,#10501,.T.);
#8773=ORIENTED_EDGE('',*,*,#10658,.F.);
#8774=ORIENTED_EDGE('',*,*,#10659,.T.);
#8775=ORIENTED_EDGE('',*,*,#10660,.F.);
#8776=CARTESIAN_POINT('',(-4.65,5.1,-4.5));
#8777=DIRECTION('',(0.0,0.0,-1.0));
#8778=DIRECTION('',(1.0,0.0,0.0));
#8779=SURFACE_STYLE_FILL_AREA(#10661);
#8780=ORIENTED_EDGE('',*,*,#10658,.T.);
#8781=ORIENTED_EDGE('',*,*,#10502,.T.);
#8782=ORIENTED_EDGE('',*,*,#10660,.T.);
#8783=ORIENTED_EDGE('',*,*,#10662,.T.);
#8784=CARTESIAN_POINT('',(-4.65,5.1,-4.5));
#8785=DIRECTION('',(0.0,0.0,-1.0));
#8786=DIRECTION('',(1.0,0.0,0.0));
#8787=SURFACE_STYLE_FILL_AREA(#10663);
#8788=ORIENTED_EDGE('',*,*,#10504,.T.);
#8789=ORIENTED_EDGE('',*,*,#10664,.F.);
#8790=ORIENTED_EDGE('',*,*,#10665,.T.);
#8791=ORIENTED_EDGE('',*,*,#10666,.F.);
#8792=CARTESIAN_POINT('',(4.65,-5.1,-4.5));
#8793=DIRECTION('',(0.0,0.0,-1.0));
#8794=DIRECTION('',(1.0,0.0,0.0));
#8795=SURFACE_STYLE_FILL_AREA(#10667);
#8796=ORIENTED_EDGE('',*,*,#10664,.T.);
#8797=ORIENTED_EDGE('',*,*,#10505,.T.);
#8798=ORIENTED_EDGE('',*,*,#10666,.T.);
#8799=ORIENTED_EDGE('',*,*,#10668,.T.);
#8800=CARTESIAN_POINT('',(4.65,-5.1,-4.5));
#8801=DIRECTION('',(0.0,0.0,-1.0));
#8802=DIRECTION('',(1.0,0.0,0.0));
#8803=SURFACE_STYLE_FILL_AREA(#10669);
#8804=ORIENTED_EDGE('',*,*,#10653,.F.);
#8805=ORIENTED_EDGE('',*,*,#10651,.F.);
#8806=ORIENTED_EDGE('',*,*,#10649,.F.);
#8807=ORIENTED_EDGE('',*,*,#10645,.F.);
#8808=ORIENTED_EDGE('',*,*,#10625,.F.);
#8809=ORIENTED_EDGE('',*,*,#10643,.F.);
#8810=ORIENTED_EDGE('',*,*,#10640,.F.);
#8811=ORIENTED_EDGE('',*,*,#10637,.F.);
#8812=ORIENTED_EDGE('',*,*,#10622,.F.);
#8813=ORIENTED_EDGE('',*,*,#10635,.F.);
#8814=ORIENTED_EDGE('',*,*,#10632,.F.);
#8815=ORIENTED_EDGE('',*,*,#10629,.F.);
#8816=ORIENTED_EDGE('',*,*,#10619,.F.);
#8817=ORIENTED_EDGE('',*,*,#10613,.F.);
#8818=ORIENTED_EDGE('',*,*,#10610,.F.);
#8819=ORIENTED_EDGE('',*,*,#10606,.F.);
#8820=ORIENTED_EDGE('',*,*,#10618,.F.);
#8821=ORIENTED_EDGE('',*,*,#10603,.F.);
#8822=ORIENTED_EDGE('',*,*,#10600,.F.);
#8823=ORIENTED_EDGE('',*,*,#10596,.F.);
#8824=ORIENTED_EDGE('',*,*,#10617,.F.);
#8825=ORIENTED_EDGE('',*,*,#10592,.F.);
#8826=ORIENTED_EDGE('',*,*,#10589,.F.);
#8827=ORIENTED_EDGE('',*,*,#10587,.F.);
#8828=ORIENTED_EDGE('',*,*,#10584,.F.);
#8829=ORIENTED_EDGE('',*,*,#10581,.F.);
#8830=ORIENTED_EDGE('',*,*,#10578,.F.);
#8831=ORIENTED_EDGE('',*,*,#10574,.F.);
#8832=ORIENTED_EDGE('',*,*,#10572,.F.);
#8833=ORIENTED_EDGE('',*,*,#10568,.F.);
#8834=ORIENTED_EDGE('',*,*,#10548,.F.);
#8835=ORIENTED_EDGE('',*,*,#10566,.F.);
#8836=ORIENTED_EDGE('',*,*,#10563,.F.);
#8837=ORIENTED_EDGE('',*,*,#10560,.F.);
#8838=ORIENTED_EDGE('',*,*,#10545,.F.);
#8839=ORIENTED_EDGE('',*,*,#10558,.F.);
#8840=ORIENTED_EDGE('',*,*,#10555,.F.);
#8841=ORIENTED_EDGE('',*,*,#10552,.F.);
#8842=ORIENTED_EDGE('',*,*,#10542,.F.);
#8843=ORIENTED_EDGE('',*,*,#10536,.F.);
#8844=ORIENTED_EDGE('',*,*,#10533,.F.);
#8845=ORIENTED_EDGE('',*,*,#10529,.F.);
#8846=ORIENTED_EDGE('',*,*,#10541,.F.);
#8847=ORIENTED_EDGE('',*,*,#10526,.F.);
#8848=ORIENTED_EDGE('',*,*,#10523,.F.);
#8849=ORIENTED_EDGE('',*,*,#10519,.F.);
#8850=ORIENTED_EDGE('',*,*,#10540,.F.);
#8851=ORIENTED_EDGE('',*,*,#10515,.F.);
#8852=ORIENTED_EDGE('',*,*,#10512,.F.);
#8853=ORIENTED_EDGE('',*,*,#10510,.F.);
#8854=ORIENTED_EDGE('',*,*,#10508,.F.);
#8855=ORIENTED_EDGE('',*,*,#10656,.F.);
#8856=ORIENTED_EDGE('',*,*,#10665,.F.);
#8857=ORIENTED_EDGE('',*,*,#10668,.F.);
#8858=ORIENTED_EDGE('',*,*,#10659,.F.);
#8859=ORIENTED_EDGE('',*,*,#10662,.F.);
#8860=ORIENTED_EDGE('',*,*,#10670,.T.);
#8861=ORIENTED_EDGE('',*,*,#10671,.T.);
#8862=CARTESIAN_POINT('',(-5.45,-6.0,-4.5));
#8863=DIRECTION('',(0.0,0.0,1.0));
#8864=DIRECTION('',(1.0,0.0,0.0));
#8865=SURFACE_STYLE_FILL_AREA(#10672);
#8866=ORIENTED_EDGE('',*,*,#10673,.T.);
#8867=ORIENTED_EDGE('',*,*,#10670,.F.);
#8868=ORIENTED_EDGE('',*,*,#10674,.T.);
#8869=ORIENTED_EDGE('',*,*,#10675,.T.);
#8870=SURFACE_STYLE_FILL_AREA(#10676);
#8871=ORIENTED_EDGE('',*,*,#10677,.T.);
#8872=ORIENTED_EDGE('',*,*,#10674,.F.);
#8873=ORIENTED_EDGE('',*,*,#10671,.F.);
#8874=ORIENTED_EDGE('',*,*,#10673,.F.);
#8875=SURFACE_STYLE_FILL_AREA(#10678);
#8876=ORIENTED_EDGE('',*,*,#10679,.T.);
#8877=ORIENTED_EDGE('',*,*,#10680,.T.);
#8878=ORIENTED_EDGE('',*,*,#10675,.F.);
#8879=ORIENTED_EDGE('',*,*,#10681,.T.);
#8880=CARTESIAN_POINT('',(0.0,0.0,-11.0));
#8881=DIRECTION('',(0.0,0.0,-1.0));
#8882=DIRECTION('',(1.0,0.0,0.0));
#8883=SURFACE_STYLE_FILL_AREA(#10682);
#8884=ORIENTED_EDGE('',*,*,#10681,.F.);
#8885=ORIENTED_EDGE('',*,*,#10677,.F.);
#8886=ORIENTED_EDGE('',*,*,#10680,.F.);
#8887=ORIENTED_EDGE('',*,*,#10683,.T.);
#8888=CARTESIAN_POINT('',(0.0,0.0,-11.0));
#8889=DIRECTION('',(0.0,0.0,-1.0));
#8890=DIRECTION('',(1.0,0.0,0.0));
#8891=SURFACE_STYLE_FILL_AREA(#10684);
#8892=ORIENTED_EDGE('',*,*,#10685,.F.);
#8893=ORIENTED_EDGE('',*,*,#10686,.T.);
#8894=ORIENTED_EDGE('',*,*,#10679,.F.);
#8895=ORIENTED_EDGE('',*,*,#10687,.T.);
#8896=CARTESIAN_POINT('',(0.0,0.0,-11.5));
#8897=DIRECTION('',(-0.0,-0.0,1.0));
#8898=DIRECTION('',(1.0,0.0,0.0));
#8899=SURFACE_STYLE_FILL_AREA(#10688);
#8900=ORIENTED_EDGE('',*,*,#10687,.F.);
#8901=ORIENTED_EDGE('',*,*,#10683,.F.);
#8902=ORIENTED_EDGE('',*,*,#10686,.F.);
#8903=ORIENTED_EDGE('',*,*,#10689,.F.);
#8904=CARTESIAN_POINT('',(0.0,0.0,-11.5));
#8905=DIRECTION('',(-0.0,-0.0,1.0));
#8906=DIRECTION('',(1.0,0.0,0.0));
#8907=SURFACE_STYLE_FILL_AREA(#10690);
#8908=ORIENTED_EDGE('',*,*,#10685,.T.);
#8909=ORIENTED_EDGE('',*,*,#10689,.T.);
#8910=ORIENTED_EDGE('',*,*,#10691,.T.);
#8911=ORIENTED_EDGE('',*,*,#10692,.T.);
#8912=CARTESIAN_POINT('',(3.036,-3.036,-11.5));
#8913=DIRECTION('',(0.0,0.0,-1.0));
#8914=DIRECTION('',(0.0,-1.0,0.0));
#8915=SURFACE_STYLE_FILL_AREA(#10693);
#8916=ORIENTED_EDGE('',*,*,#10694,.T.);
#8917=ORIENTED_EDGE('',*,*,#10695,.T.);
#8918=ORIENTED_EDGE('',*,*,#10692,.F.);
#8919=ORIENTED_EDGE('',*,*,#10696,.T.);
#8920=CARTESIAN_POINT('',(0.0,0.0,-11.55));
#8921=DIRECTION('',(0.0,0.0,-1.0));
#8922=DIRECTION('',(1.0,0.0,0.0));
#8923=SURFACE_STYLE_FILL_AREA(#10697);
#8924=ORIENTED_EDGE('',*,*,#10696,.F.);
#8925=ORIENTED_EDGE('',*,*,#10691,.F.);
#8926=ORIENTED_EDGE('',*,*,#10695,.F.);
#8927=ORIENTED_EDGE('',*,*,#10698,.T.);
#8928=CARTESIAN_POINT('',(0.0,0.0,-11.55));
#8929=DIRECTION('',(0.0,0.0,-1.0));
#8930=DIRECTION('',(1.0,0.0,0.0));
#8931=SURFACE_STYLE_FILL_AREA(#10699);
#8932=ORIENTED_EDGE('',*,*,#9035,.T.);
#8933=ORIENTED_EDGE('',*,*,#10700,.T.);
#8934=ORIENTED_EDGE('',*,*,#10694,.F.);
#8935=ORIENTED_EDGE('',*,*,#10698,.F.);
#8936=CARTESIAN_POINT('',(3.036,-3.036,-11.55));
#8937=DIRECTION('',(0.0,0.0,-1.0));
#8938=DIRECTION('',(0.0,-1.0,0.0));
#8939=SURFACE_STYLE_FILL_AREA(#10701);
#8940=ORIENTED_EDGE('',*,*,#9034,.F.);
#8941=ORIENTED_EDGE('',*,*,#9032,.T.);
#8942=ORIENTED_EDGE('',*,*,#9036,.T.);
#8943=ORIENTED_EDGE('',*,*,#10700,.F.);
#8944=CARTESIAN_POINT('',(0.0,0.0,-23.5));
#8945=DIRECTION('',(0.0,0.0,-1.0));
#8946=DIRECTION('',(1.0,0.0,0.0));
#8947=SURFACE_STYLE_FILL_AREA(#10702);
#8948=ORIENTED_EDGE('',*,*,#10703,.T.);
#8949=ORIENTED_EDGE('',*,*,#9030,.T.);
#8950=ORIENTED_EDGE('',*,*,#9025,.T.);
#8951=ORIENTED_EDGE('',*,*,#10704,.F.);
#8952=CARTESIAN_POINT('',(-2.021,-2.024,-24.5));
#8953=DIRECTION('',(0.0,0.0,1.0));
#8954=DIRECTION('',(1.0,0.0,0.0));
#8955=SURFACE_STYLE_FILL_AREA(#10705);
#8956=ORIENTED_EDGE('',*,*,#9031,.F.);
#8957=ORIENTED_EDGE('',*,*,#10703,.F.);
#8958=ORIENTED_EDGE('',*,*,#10706,.F.);
#8959=ORIENTED_EDGE('',*,*,#9037,.F.);
#8960=CARTESIAN_POINT('',(0.0,0.0,-24.5));
#8961=DIRECTION('',(-0.0,-0.0,1.0));
#8962=DIRECTION('',(1.0,0.0,0.0));
#8963=SURFACE_STYLE_FILL_AREA(#10707);
#8964=ORIENTED_EDGE('',*,*,#9039,.T.);
#8965=ORIENTED_EDGE('',*,*,#10708,.T.);
#8966=CARTESIAN_POINT('',(4.53691408960058,1.5,-12.5));
#8967=DIRECTION('',(0.0,0.0,-1.0));
#8968=DIRECTION('',(0.0,-1.0,0.0));
#8969=SURFACE_STYLE_FILL_AREA(#10709);
#8970=ORIENTED_EDGE('',*,*,#10706,.T.);
#8971=ORIENTED_EDGE('',*,*,#10704,.T.);
#8972=ORIENTED_EDGE('',*,*,#9028,.T.);
#8973=ORIENTED_EDGE('',*,*,#9040,.F.);
#8974=ORIENTED_EDGE('',*,*,#10708,.F.);
#8975=ORIENTED_EDGE('',*,*,#9038,.F.);
#8976=CARTESIAN_POINT('',(4.53691408960058,1.5,-12.5));
#8977=DIRECTION('',(0.0,-1.0,0.0));
#8978=DIRECTION('',(0.0,0.0,-1.0));
#8979=SURFACE_STYLE_FILL_AREA(#10710);
#8980=FACE_OUTER_BOUND('',#10711,.T.);
#8981=CYLINDRICAL_SURFACE('',#10712,0.224999999974685);
#8982=FACE_OUTER_BOUND('',#10713,.T.);
#8983=CYLINDRICAL_SURFACE('',#10714,0.224999999974685);
#8984=FACE_OUTER_BOUND('',#10715,.T.);
#8985=PLANE('',#10716);
#8986=FACE_OUTER_BOUND('',#10717,.T.);
#8987=PLANE('',#10718);
#8988=FACE_OUTER_BOUND('',#10719,.T.);
#8989=PLANE('',#10720);
#8990=FACE_OUTER_BOUND('',#10721,.T.);
#8991=PLANE('',#10722);
#8992=FACE_OUTER_BOUND('',#10723,.T.);
#8993=PLANE('',#10724);
#8994=FILL_AREA_STYLE('',(#10725));
#8995=EDGE_CURVE('',#10726,#10727,#10728,.T.);
#8996=EDGE_CURVE('NONE',#10729,#10726,#10730,.T.);
#8997=EDGE_CURVE('NONE',#10731,#10729,#10732,.T.);
#8998=EDGE_CURVE('NONE',#10727,#10731,#10733,.T.);
#8999=FILL_AREA_STYLE('',(#10734));
#9000=EDGE_CURVE('',#10735,#10736,#10737,.T.);
#9001=EDGE_CURVE('NONE',#10735,#10738,#10739,.T.);
#9002=EDGE_CURVE('NONE',#10738,#10740,#10741,.T.);
#9003=EDGE_CURVE('NONE',#10736,#10740,#10742,.T.);
#9004=FILL_AREA_STYLE('',(#10743));
#9005=EDGE_CURVE('',#10744,#10745,#10746,.T.);
#9006=EDGE_CURVE('NONE',#10747,#10744,#10748,.T.);
#9007=EDGE_CURVE('NONE',#10749,#10747,#10750,.T.);
#9008=EDGE_CURVE('NONE',#10745,#10749,#10751,.T.);
#9009=FILL_AREA_STYLE('',(#10752));
#9010=EDGE_CURVE('',#10753,#10754,#10755,.T.);
#9011=EDGE_CURVE('NONE',#10753,#10756,#10757,.T.);
#9012=EDGE_CURVE('NONE',#10758,#10756,#10759,.T.);
#9013=EDGE_CURVE('NONE',#10758,#10754,#10760,.T.);
#9014=FILL_AREA_STYLE('',(#10761));
#9015=EDGE_CURVE('',#10762,#10763,#10764,.T.);
#9016=EDGE_CURVE('NONE',#10762,#10765,#10766,.T.);
#9017=EDGE_CURVE('NONE',#10765,#10767,#10768,.T.);
#9018=EDGE_CURVE('NONE',#10767,#10763,#10769,.T.);
#9019=FILL_AREA_STYLE('',(#10770));
#9020=EDGE_CURVE('',#10771,#10772,#10773,.T.);
#9021=EDGE_CURVE('NONE',#10771,#10774,#10775,.T.);
#9022=EDGE_CURVE('NONE',#10774,#10776,#10777,.T.);
#9023=EDGE_CURVE('NONE',#10776,#10772,#10778,.T.);
#9024=FILL_AREA_STYLE('',(#10779));
#9025=EDGE_CURVE('NONE',#10780,#10781,#10782,.T.);
#9026=EDGE_CURVE('NONE',#10780,#10783,#10784,.T.);
#9027=EDGE_CURVE('NONE',#10785,#10783,#10786,.T.);
#9028=EDGE_CURVE('NONE',#10781,#10785,#10787,.T.);
#9029=FILL_AREA_STYLE('',(#10788));
#9030=EDGE_CURVE('NONE',#10789,#10780,#10790,.T.);
#9031=EDGE_CURVE('NONE',#10789,#10791,#10792,.T.);
#9032=EDGE_CURVE('NONE',#10783,#10791,#10793,.T.);
#9033=FILL_AREA_STYLE('',(#10794));
#9034=EDGE_CURVE('NONE',#10783,#10795,#10796,.T.);
#9035=EDGE_CURVE('NONE',#10797,#10795,#10798,.T.);
#9036=EDGE_CURVE('NONE',#10791,#10797,#10799,.T.);
#9037=EDGE_CURVE('NONE',#10791,#10800,#10801,.T.);
#9038=EDGE_CURVE('NONE',#10800,#10802,#10803,.T.);
#9039=EDGE_CURVE('NONE',#10804,#10802,#10805,.T.);
#9040=EDGE_CURVE('NONE',#10804,#10785,#10806,.T.);
#9041=FILL_AREA_STYLE('',(#10807));
#9042=EDGE_CURVE('NONE',#10808,#10809,#10810,.T.);
#9043=EDGE_CURVE('NONE',#10808,#10811,#10812,.T.);
#9044=EDGE_CURVE('NONE',#10813,#10811,#10814,.T.);
#9045=EDGE_CURVE('NONE',#10809,#10813,#10815,.T.);
#9046=FILL_AREA_STYLE('',(#10816));
#9047=EDGE_CURVE('NONE',#10817,#10818,#10819,.T.);
#9048=EDGE_CURVE('NONE',#10818,#10820,#10821,.T.);
#9049=EDGE_CURVE('NONE',#10822,#10820,#10823,.T.);
#9050=EDGE_CURVE('NONE',#10822,#10817,#10824,.T.);
#9051=FILL_AREA_STYLE('',(#10825));
#9052=EDGE_CURVE('NONE',#10826,#10827,#10828,.T.);
#9053=EDGE_CURVE('NONE',#10827,#10829,#10830,.T.);
#9054=EDGE_CURVE('NONE',#10831,#10829,#10832,.T.);
#9055=EDGE_CURVE('NONE',#10831,#10826,#10833,.T.);
#9056=FILL_AREA_STYLE('',(#10834));
#9057=EDGE_CURVE('NONE',#10835,#10836,#10837,.T.);
#9058=EDGE_CURVE('NONE',#10835,#10838,#10839,.T.);
#9059=EDGE_CURVE('NONE',#10840,#10838,#10841,.T.);
#9060=EDGE_CURVE('NONE',#10836,#10840,#10842,.T.);
#9061=FILL_AREA_STYLE('',(#10843));
#9062=EDGE_CURVE('NONE',#10844,#10845,#10846,.T.);
#9063=EDGE_CURVE('NONE',#10844,#10847,#10848,.T.);
#9064=EDGE_CURVE('NONE',#10849,#10847,#10850,.T.);
#9065=EDGE_CURVE('NONE',#10851,#10849,#10852,.T.);
#9066=EDGE_CURVE('NONE',#10845,#10851,#10853,.T.);
#9067=FILL_AREA_STYLE('',(#10854));
#9068=EDGE_CURVE('NONE',#10855,#10856,#10857,.T.);
#9069=EDGE_CURVE('NONE',#10855,#10858,#10859,.T.);
#9070=EDGE_CURVE('NONE',#10860,#10858,#10861,.T.);
#9071=EDGE_CURVE('NONE',#10860,#10862,#10863,.T.);
#9072=EDGE_CURVE('NONE',#10864,#10862,#10865,.T.);
#9073=EDGE_CURVE('NONE',#10856,#10864,#10866,.T.);
#9074=FILL_AREA_STYLE('',(#10867));
#9075=EDGE_CURVE('NONE',#10868,#10869,#10870,.T.);
#9076=EDGE_CURVE('NONE',#10871,#10868,#10872,.T.);
#9077=EDGE_CURVE('NONE',#10873,#10871,#10874,.T.);
#9078=EDGE_CURVE('NONE',#10873,#10875,#10876,.T.);
#9079=EDGE_CURVE('NONE',#10877,#10875,#10878,.T.);
#9080=EDGE_CURVE('NONE',#10869,#10877,#10879,.T.);
#9081=FILL_AREA_STYLE('',(#10880));
#9082=EDGE_CURVE('NONE',#10881,#10882,#10883,.T.);
#9083=EDGE_CURVE('NONE',#10884,#10881,#10885,.T.);
#9084=EDGE_CURVE('NONE',#10886,#10884,#10887,.T.);
#9085=EDGE_CURVE('NONE',#10886,#10888,#10889,.T.);
#9086=EDGE_CURVE('NONE',#10890,#10888,#10891,.T.);
#9087=EDGE_CURVE('NONE',#10882,#10890,#10892,.T.);
#9088=FILL_AREA_STYLE('',(#10893));
#9089=EDGE_CURVE('NONE',#10894,#10895,#10896,.T.);
#9090=EDGE_CURVE('NONE',#10897,#10894,#10898,.T.);
#9091=EDGE_CURVE('NONE',#10899,#10897,#10900,.T.);
#9092=EDGE_CURVE('NONE',#10899,#10901,#10902,.T.);
#9093=EDGE_CURVE('NONE',#10903,#10901,#10904,.T.);
#9094=EDGE_CURVE('NONE',#10895,#10903,#10905,.T.);
#9095=FILL_AREA_STYLE('',(#10906));
#9096=EDGE_CURVE('NONE',#10907,#10894,#10908,.T.);
#9097=EDGE_CURVE('NONE',#10909,#10907,#10910,.T.);
#9098=EDGE_CURVE('NONE',#10897,#10909,#10911,.T.);
#9099=FILL_AREA_STYLE('',(#10912));
#9100=EDGE_CURVE('NONE',#10907,#10913,#10914,.T.);
#9101=EDGE_CURVE('NONE',#10913,#10915,#10916,.T.);
#9102=EDGE_CURVE('NONE',#10917,#10915,#10918,.T.);
#9103=EDGE_CURVE('NONE',#10917,#10919,#10920,.T.);
#9104=EDGE_CURVE('NONE',#10919,#10921,#10922,.T.);
#9105=EDGE_CURVE('NONE',#10921,#10923,#10924,.T.);
#9106=EDGE_CURVE('NONE',#10923,#10925,#10926,.T.);
#9107=EDGE_CURVE('NONE',#10925,#10927,#10928,.T.);
#9108=EDGE_CURVE('NONE',#10927,#10929,#10930,.T.);
#9109=EDGE_CURVE('NONE',#10929,#10931,#10932,.T.);
#9110=EDGE_CURVE('NONE',#10931,#10933,#10934,.T.);
#9111=EDGE_CURVE('NONE',#10933,#10935,#10936,.T.);
#9112=EDGE_CURVE('NONE',#10935,#10937,#10938,.T.);
#9113=EDGE_CURVE('NONE',#10937,#10939,#10940,.T.);
#9114=EDGE_CURVE('NONE',#10939,#10941,#10942,.T.);
#9115=EDGE_CURVE('NONE',#10941,#10943,#10944,.T.);
#9116=EDGE_CURVE('NONE',#10943,#10945,#10946,.T.);
#9117=EDGE_CURVE('NONE',#10945,#10947,#10948,.T.);
#9118=EDGE_CURVE('NONE',#10909,#10947,#10949,.T.);
#9119=EDGE_CURVE('NONE',#10950,#10951,#10952,.T.);
#9120=EDGE_CURVE('NONE',#10951,#10953,#10954,.T.);
#9121=EDGE_CURVE('NONE',#10953,#10955,#10956,.T.);
#9122=EDGE_CURVE('NONE',#10955,#10950,#10957,.T.);
#9123=EDGE_CURVE('NONE',#10958,#10959,#10960,.T.);
#9124=EDGE_CURVE('NONE',#10959,#10961,#10962,.T.);
#9125=EDGE_CURVE('NONE',#10961,#10963,#10964,.T.);
#9126=EDGE_CURVE('NONE',#10963,#10965,#10966,.T.);
#9127=EDGE_CURVE('NONE',#10965,#10967,#10968,.T.);
#9128=EDGE_CURVE('NONE',#10967,#10969,#10970,.T.);
#9129=EDGE_CURVE('NONE',#10969,#10971,#10972,.T.);
#9130=EDGE_CURVE('NONE',#10971,#10973,#10974,.T.);
#9131=EDGE_CURVE('NONE',#10973,#10975,#10976,.T.);
#9132=EDGE_CURVE('NONE',#10975,#10958,#10977,.T.);
#9133=EDGE_CURVE('NONE',#10978,#10979,#10980,.T.);
#9134=EDGE_CURVE('NONE',#10979,#10981,#10982,.T.);
#9135=EDGE_CURVE('NONE',#10981,#10983,#10984,.T.);
#9136=EDGE_CURVE('NONE',#10983,#10985,#10986,.T.);
#9137=EDGE_CURVE('NONE',#10985,#10987,#10988,.T.);
#9138=EDGE_CURVE('NONE',#10987,#10989,#10990,.T.);
#9139=EDGE_CURVE('NONE',#10989,#10991,#10992,.T.);
#9140=EDGE_CURVE('NONE',#10991,#10993,#10994,.T.);
#9141=EDGE_CURVE('NONE',#10993,#10995,#10996,.T.);
#9142=EDGE_CURVE('NONE',#10995,#10978,#10997,.T.);
#9143=FILL_AREA_STYLE('',(#10998));
#9144=EDGE_CURVE('NONE',#10869,#10913,#10999,.T.);
#9145=EDGE_CURVE('NONE',#10915,#10877,#11000,.T.);
#9146=FILL_AREA_STYLE('',(#11001));
#9147=EDGE_CURVE('NONE',#11002,#10855,#11003,.T.);
#9148=EDGE_CURVE('NONE',#11004,#11002,#11005,.T.);
#9149=EDGE_CURVE('NONE',#10858,#11004,#11006,.T.);
#9150=FILL_AREA_STYLE('',(#11007));
#9151=EDGE_CURVE('NONE',#11002,#11008,#11009,.T.);
#9152=EDGE_CURVE('NONE',#11008,#11010,#11011,.T.);
#9153=EDGE_CURVE('NONE',#11012,#11010,#11013,.T.);
#9154=EDGE_CURVE('NONE',#11012,#11014,#11015,.T.);
#9155=EDGE_CURVE('NONE',#11014,#11016,#11017,.T.);
#9156=EDGE_CURVE('NONE',#11016,#11018,#11019,.T.);
#9157=EDGE_CURVE('NONE',#11018,#11020,#11021,.T.);
#9158=EDGE_CURVE('NONE',#11020,#11022,#11023,.T.);
#9159=EDGE_CURVE('NONE',#11022,#11024,#11025,.T.);
#9160=EDGE_CURVE('NONE',#11024,#11026,#11027,.T.);
#9161=EDGE_CURVE('NONE',#11026,#11028,#11029,.T.);
#9162=EDGE_CURVE('NONE',#11028,#11030,#11031,.T.);
#9163=EDGE_CURVE('NONE',#11030,#11032,#11033,.T.);
#9164=EDGE_CURVE('NONE',#11032,#11034,#11035,.T.);
#9165=EDGE_CURVE('NONE',#11036,#11034,#11037,.T.);
#9166=EDGE_CURVE('NONE',#11036,#11038,#11039,.T.);
#9167=EDGE_CURVE('NONE',#11038,#11040,#11041,.T.);
#9168=EDGE_CURVE('NONE',#11040,#11042,#11043,.T.);
#9169=EDGE_CURVE('NONE',#11004,#11042,#11044,.T.);
#9170=EDGE_CURVE('NONE',#10829,#11045,#11046,.T.);
#9171=EDGE_CURVE('NONE',#11045,#11047,#11048,.T.);
#9172=EDGE_CURVE('NONE',#11047,#11049,#11050,.T.);
#9173=EDGE_CURVE('NONE',#11049,#10840,#11051,.T.);
#9174=EDGE_CURVE('NONE',#10838,#11052,#11053,.T.);
#9175=EDGE_CURVE('NONE',#11052,#11054,#11055,.T.);
#9176=EDGE_CURVE('NONE',#11054,#11056,#11057,.T.);
#9177=EDGE_CURVE('NONE',#11056,#10831,#11058,.T.);
#9178=EDGE_CURVE('NONE',#11059,#10813,#11060,.T.);
#9179=EDGE_CURVE('NONE',#10811,#11061,#11062,.T.);
#9180=EDGE_CURVE('NONE',#11061,#11063,#11064,.T.);
#9181=EDGE_CURVE('NONE',#11063,#11065,#11066,.T.);
#9182=EDGE_CURVE('NONE',#11065,#10822,#11067,.T.);
#9183=EDGE_CURVE('NONE',#10820,#11068,#11069,.T.);
#9184=EDGE_CURVE('NONE',#11068,#11070,#11071,.T.);
#9185=EDGE_CURVE('NONE',#11070,#11059,#11072,.T.);
#9186=FILL_AREA_STYLE('',(#11073));
#9187=EDGE_CURVE('NONE',#10882,#11008,#11074,.T.);
#9188=EDGE_CURVE('NONE',#11010,#10890,#11075,.T.);
#9189=FILL_AREA_STYLE('',(#11076));
#9190=EDGE_CURVE('NONE',#10868,#11077,#11078,.T.);
#9191=EDGE_CURVE('NONE',#11079,#10869,#11080,.T.);
#9192=EDGE_CURVE('NONE',#11077,#11079,#11081,.T.);
#9193=FILL_AREA_STYLE('',(#11082));
#9194=EDGE_CURVE('NONE',#11083,#10855,#11084,.T.);
#9195=EDGE_CURVE('NONE',#11085,#10856,#11086,.T.);
#9196=EDGE_CURVE('NONE',#11085,#11083,#11087,.T.);
#9197=FILL_AREA_STYLE('',(#11088));
#9198=EDGE_CURVE('NONE',#10894,#11089,#11090,.T.);
#9199=EDGE_CURVE('NONE',#11091,#10895,#11092,.T.);
#9200=EDGE_CURVE('NONE',#11089,#11091,#11093,.T.);
#9201=FILL_AREA_STYLE('',(#11094));
#9202=EDGE_CURVE('NONE',#10881,#11095,#11096,.T.);
#9203=EDGE_CURVE('NONE',#11097,#10882,#11098,.T.);
#9204=EDGE_CURVE('NONE',#11095,#11097,#11099,.T.);
#9205=FILL_AREA_STYLE('',(#11100));
#9206=EDGE_CURVE('NONE',#11101,#11102,#11103,.T.);
#9207=EDGE_CURVE('NONE',#11102,#11104,#11105,.T.);
#9208=EDGE_CURVE('NONE',#11104,#11106,#11107,.T.);
#9209=EDGE_CURVE('NONE',#11106,#11101,#11108,.T.);
#9210=FILL_AREA_STYLE('',(#11109));
#9211=EDGE_CURVE('NONE',#11110,#11106,#11111,.T.);
#9212=EDGE_CURVE('NONE',#11110,#11112,#11113,.T.);
#9213=EDGE_CURVE('NONE',#11114,#11112,#11115,.T.);
#9214=EDGE_CURVE('NONE',#11116,#11114,#11117,.T.);
#9215=EDGE_CURVE('NONE',#11101,#11116,#11118,.T.);
#9216=FILL_AREA_STYLE('',(#11119));
#9217=EDGE_CURVE('NONE',#11104,#11120,#11121,.T.);
#9218=EDGE_CURVE('NONE',#11122,#11102,#11123,.T.);
#9219=EDGE_CURVE('NONE',#11124,#11122,#11125,.T.);
#9220=EDGE_CURVE('NONE',#11126,#11124,#11127,.T.);
#9221=EDGE_CURVE('NONE',#11126,#11120,#11128,.T.);
#9222=FILL_AREA_STYLE('',(#11129));
#9223=EDGE_CURVE('NONE',#11130,#11131,#11132,.T.);
#9224=EDGE_CURVE('NONE',#10754,#11130,#11133,.T.);
#9225=EDGE_CURVE('NONE',#11134,#10758,#11135,.T.);
#9226=EDGE_CURVE('NONE',#10776,#11134,#11136,.T.);
#9227=EDGE_CURVE('NONE',#11131,#10774,#11137,.T.);
#9228=FILL_AREA_STYLE('',(#11138));
#9229=EDGE_CURVE('NONE',#10765,#11139,#11140,.T.);
#9230=EDGE_CURVE('NONE',#11139,#11141,#11142,.T.);
#9231=EDGE_CURVE('NONE',#11141,#11143,#11144,.T.);
#9232=EDGE_CURVE('NONE',#11143,#11145,#11146,.T.);
#9233=EDGE_CURVE('NONE',#11145,#11147,#11148,.T.);
#9234=EDGE_CURVE('NONE',#11147,#10767,#11149,.T.);
#9235=FILL_AREA_STYLE('',(#11150));
#9236=EDGE_CURVE('NONE',#11151,#11152,#11153,.T.);
#9237=EDGE_CURVE('NONE',#11152,#11154,#11155,.T.);
#9238=EDGE_CURVE('NONE',#11154,#11156,#11157,.T.);
#9239=EDGE_CURVE('NONE',#11156,#11158,#11159,.T.);
#9240=EDGE_CURVE('NONE',#11158,#11160,#11161,.T.);
#9241=EDGE_CURVE('NONE',#11160,#11151,#11162,.T.);
#9242=FILL_AREA_STYLE('',(#11163));
#9243=EDGE_CURVE('NONE',#11110,#11164,#11165,.T.);
#9244=EDGE_CURVE('NONE',#11166,#11164,#11167,.T.);
#9245=EDGE_CURVE('NONE',#11166,#11112,#11168,.T.);
#9246=FILL_AREA_STYLE('',(#11169));
#9247=EDGE_CURVE('NONE',#11120,#11170,#11171,.T.);
#9248=EDGE_CURVE('NONE',#11126,#11172,#11173,.T.);
#9249=EDGE_CURVE('NONE',#11170,#11172,#11174,.T.);
#9250=FILL_AREA_STYLE('',(#11175));
#9251=EDGE_CURVE('NONE',#11176,#11177,#11178,.T.);
#9252=EDGE_CURVE('NONE',#11176,#11179,#11180,.T.);
#9253=EDGE_CURVE('NONE',#11181,#11179,#11182,.T.);
#9254=EDGE_CURVE('NONE',#11183,#11181,#11184,.T.);
#9255=EDGE_CURVE('NONE',#11185,#11183,#11186,.T.);
#9256=EDGE_CURVE('NONE',#11177,#11185,#11187,.T.);
#9257=FILL_AREA_STYLE('',(#11188));
#9258=EDGE_CURVE('NONE',#11189,#11190,#11191,.T.);
#9259=EDGE_CURVE('NONE',#11190,#11192,#11193,.T.);
#9260=EDGE_CURVE('NONE',#11192,#11194,#11195,.T.);
#9261=EDGE_CURVE('NONE',#11194,#11189,#11196,.T.);
#9262=FILL_AREA_STYLE('',(#11197));
#9263=EDGE_CURVE('NONE',#10772,#11198,#11199,.T.);
#9264=EDGE_CURVE('NONE',#11198,#11200,#11201,.T.);
#9265=EDGE_CURVE('NONE',#11200,#10771,#11202,.T.);
#9266=FILL_AREA_STYLE('',(#11203));
#9267=EDGE_CURVE('NONE',#10763,#11204,#11205,.T.);
#9268=EDGE_CURVE('NONE',#11206,#11204,#11207,.T.);
#9269=EDGE_CURVE('NONE',#11206,#10762,#11208,.T.);
#9270=FILL_AREA_STYLE('',(#11209));
#9271=EDGE_CURVE('NONE',#11210,#11211,#11212,.T.);
#9272=EDGE_CURVE('NONE',#11213,#11211,#11214,.T.);
#9273=EDGE_CURVE('NONE',#11213,#11154,#11215,.T.);
#9274=EDGE_CURVE('NONE',#11210,#11152,#11216,.T.);
#9275=FILL_AREA_STYLE('',(#11217));
#9276=EDGE_CURVE('NONE',#11156,#11218,#11219,.T.);
#9277=EDGE_CURVE('NONE',#11218,#11220,#11221,.T.);
#9278=EDGE_CURVE('NONE',#11158,#11220,#11222,.T.);
#9279=FILL_AREA_STYLE('',(#11223));
#9280=EDGE_CURVE('NONE',#11213,#11224,#11225,.T.);
#9281=EDGE_CURVE('NONE',#11224,#11218,#11226,.T.);
#9282=FILL_AREA_STYLE('',(#11227));
#9283=EDGE_CURVE('NONE',#11228,#11229,#11230,.T.);
#9284=EDGE_CURVE('NONE',#11229,#11231,#11232,.T.);
#9285=EDGE_CURVE('NONE',#11231,#11233,#11234,.T.);
#9286=EDGE_CURVE('NONE',#11233,#11228,#11235,.T.);
#9287=FILL_AREA_STYLE('',(#11236));
#9288=EDGE_CURVE('NONE',#11237,#11238,#11239,.T.);
#9289=EDGE_CURVE('NONE',#11237,#11240,#11241,.T.);
#9290=EDGE_CURVE('NONE',#11242,#11240,#11243,.T.);
#9291=EDGE_CURVE('NONE',#11244,#11242,#11245,.T.);
#9292=EDGE_CURVE('NONE',#11246,#11244,#11247,.T.);
#9293=EDGE_CURVE('NONE',#11238,#11246,#11248,.T.);
#9294=FILL_AREA_STYLE('',(#11249));
#9295=EDGE_CURVE('NONE',#11124,#11250,#11251,.T.);
#9296=EDGE_CURVE('NONE',#11172,#11250,#11252,.T.);
#9297=FILL_AREA_STYLE('',(#11253));
#9298=EDGE_CURVE('NONE',#11254,#11166,#11255,.T.);
#9299=EDGE_CURVE('NONE',#11254,#11114,#11256,.T.);
#9300=FILL_AREA_STYLE('',(#11257));
#9301=EDGE_CURVE('NONE',#11106,#11258,#11259,.T.);
#9302=EDGE_CURVE('NONE',#11258,#11260,#11261,.T.);
#9303=EDGE_CURVE('NONE',#11164,#11260,#11262,.T.);
#9304=FILL_AREA_STYLE('',(#11263));
#9305=EDGE_CURVE('NONE',#11260,#11264,#11265,.T.);
#9306=EDGE_CURVE('NONE',#11264,#11266,#11267,.T.);
#9307=EDGE_CURVE('NONE',#11266,#11254,#11268,.T.);
#9308=FILL_AREA_STYLE('',(#11269));
#9309=EDGE_CURVE('NONE',#11270,#10845,#11271,.T.);
#9310=EDGE_CURVE('NONE',#10851,#11170,#11272,.T.);
#9311=EDGE_CURVE('NONE',#11250,#11270,#11273,.T.);
#9312=FILL_AREA_STYLE('',(#11274));
#9313=EDGE_CURVE('NONE',#10849,#11104,#11275,.T.);
#9314=FILL_AREA_STYLE('',(#11276));
#9315=EDGE_CURVE('NONE',#10847,#11258,#11277,.T.);
#9316=FILL_AREA_STYLE('',(#11278));
#9317=EDGE_CURVE('NONE',#11185,#11279,#11280,.T.);
#9318=EDGE_CURVE('NONE',#11279,#11281,#11282,.T.);
#9319=EDGE_CURVE('NONE',#11281,#11177,#11283,.T.);
#9320=FILL_AREA_STYLE('',(#11284));
#9321=EDGE_CURVE('NONE',#11285,#11176,#11286,.T.);
#9322=EDGE_CURVE('NONE',#11287,#11285,#11288,.T.);
#9323=EDGE_CURVE('NONE',#11287,#11179,#11289,.T.);
#9324=FILL_AREA_STYLE('',(#11290));
#9325=EDGE_CURVE('NONE',#11291,#11194,#11292,.T.);
#9326=EDGE_CURVE('NONE',#11291,#11293,#11294,.T.);
#9327=EDGE_CURVE('NONE',#11295,#11293,#11296,.T.);
#9328=EDGE_CURVE('NONE',#11297,#11295,#11298,.T.);
#9329=EDGE_CURVE('NONE',#11189,#11297,#11299,.T.);
#9330=FILL_AREA_STYLE('',(#11300));
#9331=EDGE_CURVE('NONE',#11192,#11301,#11302,.T.);
#9332=EDGE_CURVE('NONE',#11303,#11190,#11304,.T.);
#9333=EDGE_CURVE('NONE',#11305,#11303,#11306,.T.);
#9334=EDGE_CURVE('NONE',#11307,#11305,#11308,.T.);
#9335=EDGE_CURVE('NONE',#11307,#11301,#11309,.T.);
#9336=FILL_AREA_STYLE('',(#11310));
#9337=EDGE_CURVE('NONE',#10756,#11311,#11312,.T.);
#9338=EDGE_CURVE('NONE',#11311,#11134,#11313,.T.);
#9339=FILL_AREA_STYLE('',(#11314));
#9340=EDGE_CURVE('NONE',#11315,#11131,#11316,.T.);
#9341=EDGE_CURVE('NONE',#11315,#11317,#11318,.T.);
#9342=EDGE_CURVE('NONE',#11317,#11130,#11319,.T.);
#9343=FILL_AREA_STYLE('',(#11320));
#9344=EDGE_CURVE('NONE',#11317,#10753,#11321,.T.);
#9345=FILL_AREA_STYLE('',(#11322));
#9346=EDGE_CURVE('NONE',#10774,#10749,#11323,.T.);
#9347=EDGE_CURVE('NONE',#10749,#11315,#11324,.T.);
#9348=FILL_AREA_STYLE('',(#11325));
#9349=EDGE_CURVE('NONE',#11311,#10747,#11326,.T.);
#9350=EDGE_CURVE('NONE',#10747,#10776,#11327,.T.);
#9351=FILL_AREA_STYLE('',(#11328));
#9352=EDGE_CURVE('NONE',#11329,#11198,#11330,.T.);
#9353=EDGE_CURVE('NONE',#11329,#11331,#11332,.T.);
#9354=EDGE_CURVE('NONE',#11200,#11331,#11333,.T.);
#9355=FILL_AREA_STYLE('',(#11334));
#9356=EDGE_CURVE('NONE',#11204,#11335,#11336,.T.);
#9357=EDGE_CURVE('NONE',#11335,#11337,#11338,.T.);
#9358=EDGE_CURVE('NONE',#11337,#11206,#11339,.T.);
#9359=FILL_AREA_STYLE('',(#11340));
#9360=EDGE_CURVE('NONE',#11341,#11210,#11342,.T.);
#9361=EDGE_CURVE('NONE',#11343,#11341,#11344,.T.);
#9362=EDGE_CURVE('NONE',#11345,#11343,#11346,.T.);
#9363=EDGE_CURVE('NONE',#11211,#11345,#11347,.T.);
#9364=FILL_AREA_STYLE('',(#11348));
#9365=EDGE_CURVE('NONE',#11349,#11224,#11350,.T.);
#9366=EDGE_CURVE('NONE',#11351,#11349,#11352,.T.);
#9367=EDGE_CURVE('NONE',#11353,#11351,#11354,.T.);
#9368=EDGE_CURVE('NONE',#11220,#11353,#11355,.T.);
#9369=FILL_AREA_STYLE('',(#11356));
#9370=EDGE_CURVE('NONE',#11211,#11357,#11358,.T.);
#9371=EDGE_CURVE('NONE',#11224,#11357,#11359,.T.);
#9372=FILL_AREA_STYLE('',(#11360));
#9373=EDGE_CURVE('NONE',#11229,#11361,#11362,.T.);
#9374=EDGE_CURVE('NONE',#11363,#11228,#11364,.T.);
#9375=EDGE_CURVE('NONE',#11365,#11363,#11366,.T.);
#9376=EDGE_CURVE('NONE',#11367,#11365,#11368,.T.);
#9377=EDGE_CURVE('NONE',#11361,#11367,#11369,.T.);
#9378=FILL_AREA_STYLE('',(#11370));
#9379=EDGE_CURVE('NONE',#11237,#11371,#11372,.T.);
#9380=EDGE_CURVE('NONE',#11373,#11371,#11374,.T.);
#9381=EDGE_CURVE('NONE',#11240,#11373,#11375,.T.);
#9382=FILL_AREA_STYLE('',(#11376));
#9383=EDGE_CURVE('NONE',#11377,#11147,#11378,.T.);
#9384=EDGE_CURVE('NONE',#11145,#11379,#11380,.T.);
#9385=EDGE_CURVE('NONE',#11377,#11379,#11381,.T.);
#9386=FILL_AREA_STYLE('',(#11382));
#9387=EDGE_CURVE('NONE',#11143,#11383,#11384,.T.);
#9388=EDGE_CURVE('NONE',#11379,#11383,#11385,.T.);
#9389=FILL_AREA_STYLE('',(#11386));
#9390=EDGE_CURVE('NONE',#11141,#11387,#11388,.T.);
#9391=EDGE_CURVE('NONE',#11383,#11387,#11389,.T.);
#9392=FILL_AREA_STYLE('',(#11390));
#9393=EDGE_CURVE('NONE',#11391,#11139,#11392,.T.);
#9394=EDGE_CURVE('NONE',#11387,#11391,#11393,.T.);
#9395=FILL_AREA_STYLE('',(#11394));
#9396=EDGE_CURVE('NONE',#10765,#10731,#11395,.T.);
#9397=EDGE_CURVE('NONE',#11391,#10731,#11396,.T.);
#9398=FILL_AREA_STYLE('',(#11397));
#9399=EDGE_CURVE('NONE',#10729,#10767,#11398,.T.);
#9400=EDGE_CURVE('NONE',#10729,#11377,#11399,.T.);
#9401=FILL_AREA_STYLE('',(#11400));
#9402=EDGE_CURVE('NONE',#11270,#11122,#11401,.T.);
#9403=FILL_AREA_STYLE('',(#11402));
#9404=EDGE_CURVE('NONE',#11116,#11266,#11403,.T.);
#9405=FILL_AREA_STYLE('',(#11404));
#9406=EDGE_CURVE('NONE',#11264,#10844,#11405,.T.);
#9407=FILL_AREA_STYLE('',(#11406));
#9408=EDGE_CURVE('NONE',#11407,#11287,#11408,.T.);
#9409=EDGE_CURVE('NONE',#11407,#11181,#11409,.T.);
#9410=FILL_AREA_STYLE('',(#11410));
#9411=EDGE_CURVE('NONE',#11411,#11281,#11412,.T.);
#9412=EDGE_CURVE('NONE',#11413,#11279,#11414,.T.);
#9413=EDGE_CURVE('NONE',#11415,#11413,#11416,.T.);
#9414=EDGE_CURVE('NONE',#11417,#11415,#11418,.T.);
#9415=EDGE_CURVE('NONE',#11417,#11411,#11419,.T.);
#9416=FILL_AREA_STYLE('',(#11420));
#9417=EDGE_CURVE('NONE',#11285,#11421,#11422,.T.);
#9418=EDGE_CURVE('NONE',#11421,#11423,#11424,.T.);
#9419=EDGE_CURVE('NONE',#11423,#11425,#11426,.T.);
#9420=EDGE_CURVE('NONE',#11425,#11407,#11427,.T.);
#9421=FILL_AREA_STYLE('',(#11428));
#9422=EDGE_CURVE('NONE',#11429,#11430,#11431,.T.);
#9423=EDGE_CURVE('NONE',#11430,#11177,#11432,.T.);
#9424=EDGE_CURVE('NONE',#11281,#11429,#11433,.T.);
#9425=FILL_AREA_STYLE('',(#11434));
#9426=EDGE_CURVE('NONE',#11430,#11421,#11435,.T.);
#9427=FILL_AREA_STYLE('',(#11436));
#9428=EDGE_CURVE('NONE',#11291,#11437,#11438,.T.);
#9429=EDGE_CURVE('NONE',#11439,#11437,#11440,.T.);
#9430=EDGE_CURVE('NONE',#11439,#11293,#11441,.T.);
#9431=FILL_AREA_STYLE('',(#11442));
#9432=EDGE_CURVE('NONE',#11301,#11443,#11444,.T.);
#9433=EDGE_CURVE('NONE',#11307,#11445,#11446,.T.);
#9434=EDGE_CURVE('NONE',#11443,#11445,#11447,.T.);
#9435=FILL_AREA_STYLE('',(#11448));
#9436=EDGE_CURVE('NONE',#11305,#11449,#11450,.T.);
#9437=EDGE_CURVE('NONE',#11445,#11449,#11451,.T.);
#9438=FILL_AREA_STYLE('',(#11452));
#9439=FILL_AREA_STYLE('',(#11453));
#9440=EDGE_CURVE('NONE',#11454,#11200,#11455,.T.);
#9441=EDGE_CURVE('NONE',#11454,#10745,#11456,.T.);
#9442=FILL_AREA_STYLE('',(#11457));
#9443=EDGE_CURVE('NONE',#10744,#11458,#11459,.T.);
#9444=EDGE_CURVE('NONE',#11458,#11198,#11460,.T.);
#9445=FILL_AREA_STYLE('',(#11461));
#9446=EDGE_CURVE('NONE',#11042,#11462,#11463,.T.);
#9447=EDGE_CURVE('NONE',#11462,#10860,#11464,.T.);
#9448=FILL_AREA_STYLE('',(#11465));
#9449=EDGE_CURVE('NONE',#10875,#11466,#11467,.T.);
#9450=EDGE_CURVE('NONE',#11466,#10917,#11468,.T.);
#9451=FILL_AREA_STYLE('',(#11469));
#9452=EDGE_CURVE('NONE',#11470,#11329,#11471,.T.);
#9453=EDGE_CURVE('NONE',#11470,#11472,#11473,.T.);
#9454=EDGE_CURVE('NONE',#11331,#11472,#11474,.T.);
#9455=FILL_AREA_STYLE('',(#11475));
#9456=EDGE_CURVE('NONE',#11476,#11335,#11477,.T.);
#9457=EDGE_CURVE('NONE',#11476,#11478,#11479,.T.);
#9458=EDGE_CURVE('NONE',#11337,#11478,#11480,.T.);
#9459=FILL_AREA_STYLE('',(#11481));
#9460=EDGE_CURVE('NONE',#10947,#11482,#11483,.T.);
#9461=EDGE_CURVE('NONE',#11482,#10899,#11484,.T.);
#9462=FILL_AREA_STYLE('',(#11485));
#9463=EDGE_CURVE('NONE',#11486,#11487,#11488,.T.);
#9464=EDGE_CURVE('NONE',#11487,#10738,#11489,.T.);
#9465=EDGE_CURVE('NONE',#11490,#10735,#11491,.T.);
#9466=EDGE_CURVE('NONE',#11490,#11486,#11492,.T.);
#9467=FILL_AREA_STYLE('',(#11493));
#9468=EDGE_CURVE('NONE',#11494,#11495,#11496,.T.);
#9469=EDGE_CURVE('NONE',#11495,#11494,#11497,.T.);
#9470=FILL_AREA_STYLE('',(#11498));
#9471=EDGE_CURVE('NONE',#11499,#11500,#11501,.T.);
#9472=EDGE_CURVE('NONE',#11502,#11499,#11503,.T.);
#9473=EDGE_CURVE('NONE',#11502,#11343,#11504,.T.);
#9474=EDGE_CURVE('NONE',#11341,#11505,#11506,.T.);
#9475=EDGE_CURVE('NONE',#11505,#11500,#11507,.T.);
#9476=FILL_AREA_STYLE('',(#11508));
#9477=EDGE_CURVE('NONE',#11509,#11357,#11510,.T.);
#9478=EDGE_CURVE('NONE',#11509,#11349,#11511,.T.);
#9479=FILL_AREA_STYLE('',(#11512));
#9480=EDGE_CURVE('NONE',#11345,#11513,#11514,.T.);
#9481=EDGE_CURVE('NONE',#11357,#11513,#11515,.T.);
#9482=FILL_AREA_STYLE('',(#11516));
#9483=EDGE_CURVE('NONE',#11517,#11367,#11518,.T.);
#9484=EDGE_CURVE('NONE',#11519,#11517,#11520,.T.);
#9485=EDGE_CURVE('NONE',#11519,#11361,#11521,.T.);
#9486=FILL_AREA_STYLE('',(#11522));
#9487=EDGE_CURVE('NONE',#11523,#11524,#11525,.T.);
#9488=EDGE_CURVE('NONE',#11524,#11238,#11526,.T.);
#9489=EDGE_CURVE('NONE',#11231,#11238,#11527,.T.);
#9490=EDGE_CURVE('NONE',#11231,#11523,#11528,.T.);
#9491=FILL_AREA_STYLE('',(#11529));
#9492=EDGE_CURVE('NONE',#11524,#11530,#11531,.T.);
#9493=EDGE_CURVE('NONE',#11371,#11530,#11532,.T.);
#9494=FILL_AREA_STYLE('',(#11533));
#9495=EDGE_CURVE('NONE',#11534,#11373,#11535,.T.);
#9496=EDGE_CURVE('NONE',#11530,#11536,#11537,.T.);
#9497=EDGE_CURVE('NONE',#11536,#11538,#11539,.T.);
#9498=EDGE_CURVE('NONE',#11538,#11534,#11540,.T.);
#9499=FILL_AREA_STYLE('',(#11541));
#9500=EDGE_CURVE('NONE',#11542,#11206,#11543,.T.);
#9501=EDGE_CURVE('NONE',#11542,#10727,#11544,.T.);
#9502=FILL_AREA_STYLE('',(#11545));
#9503=FILL_AREA_STYLE('',(#11546));
#9504=EDGE_CURVE('NONE',#10726,#11547,#11548,.T.);
#9505=EDGE_CURVE('NONE',#11547,#11204,#11549,.T.);
#9506=FILL_AREA_STYLE('',(#11550));
#9507=EDGE_CURVE('NONE',#10888,#11551,#11552,.T.);
#9508=EDGE_CURVE('NONE',#11551,#11012,#11553,.T.);
#9509=FILL_AREA_STYLE('',(#11554));
#9510=EDGE_CURVE('NONE',#11555,#11270,#11556,.T.);
#9511=EDGE_CURVE('NONE',#11557,#11555,#11558,.T.);
#9512=EDGE_CURVE('NONE',#10845,#11557,#11559,.T.);
#9513=FILL_AREA_STYLE('',(#11560));
#9514=EDGE_CURVE('NONE',#11561,#11555,#11562,.T.);
#9515=EDGE_CURVE('NONE',#11561,#11122,#11563,.T.);
#9516=FILL_AREA_STYLE('',(#11564));
#9517=EDGE_CURVE('NONE',#11565,#11561,#11566,.T.);
#9518=EDGE_CURVE('NONE',#11102,#11565,#11567,.T.);
#9519=FILL_AREA_STYLE('',(#11568));
#9520=EDGE_CURVE('NONE',#11569,#11101,#11570,.T.);
#9521=EDGE_CURVE('NONE',#11571,#11569,#11572,.T.);
#9522=EDGE_CURVE('NONE',#11565,#11571,#11573,.T.);
#9523=FILL_AREA_STYLE('',(#11574));
#9524=EDGE_CURVE('NONE',#11575,#11116,#11576,.T.);
#9525=EDGE_CURVE('NONE',#11575,#11569,#11577,.T.);
#9526=FILL_AREA_STYLE('',(#11578));
#9527=EDGE_CURVE('NONE',#11266,#11579,#11580,.T.);
#9528=EDGE_CURVE('NONE',#11579,#11575,#11581,.T.);
#9529=FILL_AREA_STYLE('',(#11582));
#9530=EDGE_CURVE('NONE',#11579,#11583,#11584,.T.);
#9531=EDGE_CURVE('NONE',#11583,#11264,#11585,.T.);
#9532=FILL_AREA_STYLE('',(#11586));
#9533=EDGE_CURVE('NONE',#11587,#11583,#11588,.T.);
#9534=EDGE_CURVE('NONE',#11557,#11587,#11589,.T.);
#9535=FILL_AREA_STYLE('',(#11590));
#9536=EDGE_CURVE('NONE',#11183,#11425,#11591,.T.);
#9537=FILL_AREA_STYLE('',(#11592));
#9538=EDGE_CURVE('NONE',#11411,#11593,#11594,.T.);
#9539=EDGE_CURVE('NONE',#11595,#11593,#11596,.T.);
#9540=EDGE_CURVE('NONE',#11595,#11429,#11597,.T.);
#9541=FILL_AREA_STYLE('',(#11598));
#9542=EDGE_CURVE('NONE',#11417,#11599,#11600,.T.);
#9543=EDGE_CURVE('NONE',#11593,#11599,#11601,.T.);
#9544=FILL_AREA_STYLE('',(#11602));
#9545=EDGE_CURVE('NONE',#11415,#11603,#11604,.T.);
#9546=EDGE_CURVE('NONE',#11599,#11603,#11605,.T.);
#9547=FILL_AREA_STYLE('',(#11606));
#9548=EDGE_CURVE('NONE',#11607,#11595,#11608,.T.);
#9549=EDGE_CURVE('NONE',#11423,#11607,#11609,.T.);
#9550=FILL_AREA_STYLE('',(#11610));
#9551=EDGE_CURVE('NONE',#11449,#11611,#11612,.T.);
#9552=EDGE_CURVE('NONE',#11611,#11303,#11613,.T.);
#9553=FILL_AREA_STYLE('',(#11614));
#9554=EDGE_CURVE('NONE',#11615,#11439,#11616,.T.);
#9555=EDGE_CURVE('NONE',#11615,#11295,#11617,.T.);
#9556=FILL_AREA_STYLE('',(#11618));
#9557=EDGE_CURVE('NONE',#11194,#11619,#11620,.T.);
#9558=EDGE_CURVE('NONE',#11619,#11621,#11622,.T.);
#9559=EDGE_CURVE('NONE',#11437,#11621,#11623,.T.);
#9560=FILL_AREA_STYLE('',(#11624));
#9561=EDGE_CURVE('NONE',#11621,#11625,#11626,.T.);
#9562=EDGE_CURVE('NONE',#11625,#11627,#11628,.T.);
#9563=EDGE_CURVE('NONE',#11627,#11615,#11629,.T.);
#9564=FILL_AREA_STYLE('',(#11630));
#9565=EDGE_CURVE('NONE',#11611,#11631,#11632,.T.);
#9566=EDGE_CURVE('NONE',#11631,#11633,#11634,.T.);
#9567=EDGE_CURVE('NONE',#11633,#11443,#11635,.T.);
#9568=FILL_AREA_STYLE('',(#11636));
#9569=EDGE_CURVE('NONE',#11633,#11637,#11638,.T.);
#9570=EDGE_CURVE('NONE',#11637,#11192,#11639,.T.);
#9571=FILL_AREA_STYLE('',(#11640));
#9572=EDGE_CURVE('NONE',#11637,#11619,#11641,.T.);
#9573=FILL_AREA_STYLE('',(#11642));
#9574=EDGE_CURVE('NONE',#11454,#11458,#11643,.T.);
#9575=FILL_AREA_STYLE('',(#11644));
#9576=EDGE_CURVE('NONE',#11645,#11454,#11646,.T.);
#9577=EDGE_CURVE('NONE',#11331,#11645,#11647,.T.);
#9578=FILL_AREA_STYLE('',(#11648));
#9579=EDGE_CURVE('NONE',#11458,#11649,#11650,.T.);
#9580=EDGE_CURVE('NONE',#11649,#11329,#11651,.T.);
#9581=FILL_AREA_STYLE('',(#11652));
#9582=EDGE_CURVE('NONE',#11653,#11654,#11655,.T.);
#9583=EDGE_CURVE('NONE',#11656,#11654,#11657,.T.);
#9584=EDGE_CURVE('NONE',#10862,#11656,#11658,.T.);
#9585=EDGE_CURVE('NONE',#11659,#11462,#11660,.T.);
#9586=EDGE_CURVE('NONE',#11661,#11659,#11662,.T.);
#9587=EDGE_CURVE('NONE',#11663,#11661,#11664,.T.);
#9588=EDGE_CURVE('NONE',#11665,#11663,#11666,.T.);
#9589=EDGE_CURVE('NONE',#11667,#11665,#11668,.T.);
#9590=EDGE_CURVE('NONE',#11667,#11653,#11669,.T.);
#9591=FILL_AREA_STYLE('',(#11670));
#9592=EDGE_CURVE('NONE',#11671,#11672,#11673,.T.);
#9593=EDGE_CURVE('NONE',#10864,#11671,#11674,.T.);
#9594=EDGE_CURVE('NONE',#11675,#10864,#11676,.T.);
#9595=EDGE_CURVE('NONE',#11677,#11675,#11678,.T.);
#9596=EDGE_CURVE('NONE',#11677,#11679,#11680,.T.);
#9597=EDGE_CURVE('NONE',#11679,#11681,#11682,.T.);
#9598=EDGE_CURVE('NONE',#11683,#11681,#11684,.T.);
#9599=EDGE_CURVE('NONE',#11672,#11683,#11685,.T.);
#9600=FILL_AREA_STYLE('',(#11686));
#9601=EDGE_CURVE('NONE',#11683,#11687,#11688,.T.);
#9602=EDGE_CURVE('NONE',#11681,#11689,#11690,.T.);
#9603=EDGE_CURVE('NONE',#11687,#11689,#11691,.T.);
#9604=FILL_AREA_STYLE('',(#11692));
#9605=EDGE_CURVE('NONE',#11687,#11693,#11694,.T.);
#9606=EDGE_CURVE('NONE',#11689,#11695,#11696,.T.);
#9607=EDGE_CURVE('NONE',#11693,#11695,#11697,.T.);
#9608=FILL_AREA_STYLE('',(#11698));
#9609=EDGE_CURVE('NONE',#11677,#11654,#11699,.T.);
#9610=EDGE_CURVE('NONE',#11653,#11679,#11700,.T.);
#9611=FILL_AREA_STYLE('',(#11701));
#9612=EDGE_CURVE('NONE',#11702,#11703,#11704,.T.);
#9613=EDGE_CURVE('NONE',#11705,#11702,#11706,.T.);
#9614=EDGE_CURVE('NONE',#11707,#11705,#11708,.T.);
#9615=EDGE_CURVE('NONE',#11709,#11707,#11710,.T.);
#9616=EDGE_CURVE('NONE',#11711,#11709,#11712,.T.);
#9617=EDGE_CURVE('NONE',#11713,#11711,#11714,.T.);
#9618=EDGE_CURVE('NONE',#11466,#11713,#11715,.T.);
#9619=EDGE_CURVE('NONE',#11716,#10873,#11717,.T.);
#9620=EDGE_CURVE('NONE',#11716,#11703,#11718,.T.);
#9621=FILL_AREA_STYLE('',(#11719));
#9622=EDGE_CURVE('NONE',#11703,#11720,#11721,.T.);
#9623=EDGE_CURVE('NONE',#11720,#11722,#11723,.T.);
#9624=EDGE_CURVE('NONE',#11702,#11722,#11724,.T.);
#9625=FILL_AREA_STYLE('',(#11725));
#9626=EDGE_CURVE('NONE',#11726,#10871,#11727,.T.);
#9627=EDGE_CURVE('NONE',#11728,#11726,#11729,.T.);
#9628=EDGE_CURVE('NONE',#11730,#11728,#11731,.T.);
#9629=EDGE_CURVE('NONE',#11732,#11730,#11733,.T.);
#9630=EDGE_CURVE('NONE',#11722,#11732,#11734,.T.);
#9631=EDGE_CURVE('NONE',#11720,#11735,#11736,.T.);
#9632=EDGE_CURVE('NONE',#10871,#11735,#11737,.T.);
#9633=FILL_AREA_STYLE('',(#11738));
#9634=EDGE_CURVE('NONE',#11739,#11730,#11740,.T.);
#9635=EDGE_CURVE('NONE',#11741,#11739,#11742,.T.);
#9636=EDGE_CURVE('NONE',#11732,#11741,#11743,.T.);
#9637=FILL_AREA_STYLE('',(#11744));
#9638=EDGE_CURVE('NONE',#11745,#11739,#11746,.T.);
#9639=EDGE_CURVE('NONE',#11747,#11745,#11748,.T.);
#9640=EDGE_CURVE('NONE',#11741,#11747,#11749,.T.);
#9641=FILL_AREA_STYLE('',(#11750));
#9642=EDGE_CURVE('NONE',#11751,#11752,#11753,.T.);
#9643=EDGE_CURVE('NONE',#11472,#11752,#11754,.T.);
#9644=EDGE_CURVE('NONE',#11751,#11470,#11755,.T.);
#9645=FILL_AREA_STYLE('',(#11756));
#9646=EDGE_CURVE('NONE',#11757,#11758,#11759,.T.);
#9647=EDGE_CURVE('NONE',#11478,#11758,#11760,.T.);
#9648=EDGE_CURVE('NONE',#11757,#11476,#11761,.T.);
#9649=FILL_AREA_STYLE('',(#11762));
#9650=EDGE_CURVE('NONE',#11763,#11764,#11765,.T.);
#9651=EDGE_CURVE('NONE',#11766,#11764,#11767,.T.);
#9652=EDGE_CURVE('NONE',#10901,#11766,#11768,.T.);
#9653=EDGE_CURVE('NONE',#11769,#11482,#11770,.T.);
#9654=EDGE_CURVE('NONE',#11771,#11769,#11772,.T.);
#9655=EDGE_CURVE('NONE',#11773,#11771,#11774,.T.);
#9656=EDGE_CURVE('NONE',#11775,#11773,#11776,.T.);
#9657=EDGE_CURVE('NONE',#11777,#11775,#11778,.T.);
#9658=EDGE_CURVE('NONE',#11777,#11763,#11779,.T.);
#9659=FILL_AREA_STYLE('',(#11780));
#9660=EDGE_CURVE('NONE',#11781,#11782,#11783,.T.);
#9661=EDGE_CURVE('NONE',#11781,#11784,#11785,.T.);
#9662=EDGE_CURVE('NONE',#11784,#11786,#11787,.T.);
#9663=EDGE_CURVE('NONE',#11782,#11786,#11788,.T.);
#9664=FILL_AREA_STYLE('',(#11789));
#9665=EDGE_CURVE('NONE',#11790,#11791,#11792,.T.);
#9666=EDGE_CURVE('NONE',#11782,#11791,#11793,.T.);
#9667=EDGE_CURVE('NONE',#11786,#11790,#11794,.T.);
#9668=FILL_AREA_STYLE('',(#11795));
#9669=EDGE_CURVE('NONE',#11796,#10736,#11797,.T.);
#9670=EDGE_CURVE('NONE',#11796,#11490,#11798,.T.);
#9671=FILL_AREA_STYLE('',(#11799));
#9672=EDGE_CURVE('NONE',#11495,#11800,#11801,.T.);
#9673=EDGE_CURVE('NONE',#11802,#11800,#11803,.T.);
#9674=EDGE_CURVE('NONE',#11802,#11494,#11804,.T.);
#9675=FILL_AREA_STYLE('',(#11805));
#9676=EDGE_CURVE('NONE',#11800,#11802,#11806,.T.);
#9677=FILL_AREA_STYLE('',(#11807));
#9678=EDGE_CURVE('NONE',#11353,#11160,#11808,.T.);
#9679=FILL_AREA_STYLE('',(#11809));
#9680=EDGE_CURVE('NONE',#11810,#11500,#11811,.T.);
#9681=EDGE_CURVE('NONE',#11810,#11812,#11813,.T.);
#9682=EDGE_CURVE('NONE',#11499,#11812,#11814,.T.);
#9683=FILL_AREA_STYLE('',(#11815));
#9684=EDGE_CURVE('NONE',#11812,#11816,#11817,.T.);
#9685=EDGE_CURVE('NONE',#11816,#11502,#11818,.T.);
#9686=FILL_AREA_STYLE('',(#11819));
#9687=EDGE_CURVE('NONE',#11816,#11513,#11820,.T.);
#9688=FILL_AREA_STYLE('',(#11821));
#9689=EDGE_CURVE('NONE',#11517,#11822,#11823,.T.);
#9690=EDGE_CURVE('NONE',#11822,#11365,#11824,.T.);
#9691=FILL_AREA_STYLE('',(#11825));
#9692=EDGE_CURVE('NONE',#11534,#11242,#11826,.T.);
#9693=FILL_AREA_STYLE('',(#11827));
#9694=EDGE_CURVE('NONE',#11828,#11829,#11830,.T.);
#9695=EDGE_CURVE('NONE',#11829,#11831,#11832,.T.);
#9696=EDGE_CURVE('NONE',#11831,#11519,#11833,.T.);
#9697=EDGE_CURVE('NONE',#11828,#11822,#11834,.T.);
#9698=FILL_AREA_STYLE('',(#11835));
#9699=EDGE_CURVE('NONE',#11831,#11836,#11837,.T.);
#9700=EDGE_CURVE('NONE',#11836,#11229,#11838,.T.);
#9701=FILL_AREA_STYLE('',(#11839));
#9702=EDGE_CURVE('NONE',#11836,#11523,#11840,.T.);
#9703=FILL_AREA_STYLE('',(#11841));
#9704=EDGE_CURVE('NONE',#11536,#11842,#11843,.T.);
#9705=EDGE_CURVE('NONE',#11523,#11842,#11844,.T.);
#9706=FILL_AREA_STYLE('',(#11845));
#9707=EDGE_CURVE('NONE',#11337,#11846,#11847,.T.);
#9708=EDGE_CURVE('NONE',#11542,#11846,#11848,.T.);
#9709=FILL_AREA_STYLE('',(#11849));
#9710=EDGE_CURVE('NONE',#11547,#11542,#11850,.T.);
#9711=FILL_AREA_STYLE('',(#11851));
#9712=EDGE_CURVE('NONE',#11852,#11547,#11853,.T.);
#9713=EDGE_CURVE('NONE',#11852,#11335,#11854,.T.);
#9714=FILL_AREA_STYLE('',(#11855));
#9715=EDGE_CURVE('NONE',#11856,#10903,#11857,.T.);
#9716=EDGE_CURVE('NONE',#11858,#11856,#11859,.T.);
#9717=EDGE_CURVE('NONE',#11858,#11860,#11861,.T.);
#9718=EDGE_CURVE('NONE',#11860,#11862,#11863,.T.);
#9719=EDGE_CURVE('NONE',#11862,#11864,#11865,.T.);
#9720=EDGE_CURVE('NONE',#11866,#11864,#11867,.T.);
#9721=EDGE_CURVE('NONE',#11868,#11866,#11869,.T.);
#9722=EDGE_CURVE('NONE',#10903,#11868,#11870,.T.);
#9723=FILL_AREA_STYLE('',(#11871));
#9724=EDGE_CURVE('NONE',#11862,#11872,#11873,.T.);
#9725=EDGE_CURVE('NONE',#11872,#11874,#11875,.T.);
#9726=EDGE_CURVE('NONE',#11864,#11874,#11876,.T.);
#9727=FILL_AREA_STYLE('',(#11877));
#9728=EDGE_CURVE('NONE',#11872,#11878,#11879,.T.);
#9729=EDGE_CURVE('NONE',#11878,#11880,#11881,.T.);
#9730=EDGE_CURVE('NONE',#11874,#11880,#11882,.T.);
#9731=FILL_AREA_STYLE('',(#11883));
#9732=EDGE_CURVE('NONE',#11858,#11764,#11884,.T.);
#9733=EDGE_CURVE('NONE',#11763,#11860,#11885,.T.);
#9734=FILL_AREA_STYLE('',(#11886));
#9735=EDGE_CURVE('NONE',#11887,#11888,#11889,.T.);
#9736=EDGE_CURVE('NONE',#11890,#11888,#11891,.T.);
#9737=EDGE_CURVE('NONE',#11892,#11890,#11893,.T.);
#9738=EDGE_CURVE('NONE',#11894,#11892,#11895,.T.);
#9739=EDGE_CURVE('NONE',#11896,#11894,#11897,.T.);
#9740=EDGE_CURVE('NONE',#11898,#11896,#11899,.T.);
#9741=EDGE_CURVE('NONE',#11900,#11898,#11901,.T.);
#9742=EDGE_CURVE('NONE',#11551,#11900,#11902,.T.);
#9743=EDGE_CURVE('NONE',#11887,#10886,#11903,.T.);
#9744=FILL_AREA_STYLE('',(#11904));
#9745=EDGE_CURVE('NONE',#11890,#11905,#11906,.T.);
#9746=EDGE_CURVE('NONE',#11888,#11907,#11908,.T.);
#9747=EDGE_CURVE('NONE',#11907,#11905,#11909,.T.);
#9748=FILL_AREA_STYLE('',(#11910));
#9749=EDGE_CURVE('NONE',#10884,#11911,#11912,.T.);
#9750=EDGE_CURVE('NONE',#11913,#10884,#11914,.T.);
#9751=EDGE_CURVE('NONE',#11915,#11913,#11916,.T.);
#9752=EDGE_CURVE('NONE',#11917,#11915,#11918,.T.);
#9753=EDGE_CURVE('NONE',#11917,#11919,#11920,.T.);
#9754=EDGE_CURVE('NONE',#11905,#11919,#11921,.T.);
#9755=EDGE_CURVE('NONE',#11907,#11911,#11922,.T.);
#9756=FILL_AREA_STYLE('',(#11923));
#9757=EDGE_CURVE('NONE',#11924,#11925,#11926,.T.);
#9758=EDGE_CURVE('NONE',#11927,#11925,#11928,.T.);
#9759=EDGE_CURVE('NONE',#11927,#11929,#11930,.T.);
#9760=EDGE_CURVE('NONE',#11924,#11929,#11931,.T.);
#9761=FILL_AREA_STYLE('',(#11932));
#9762=EDGE_CURVE('NONE',#11925,#11917,#11933,.T.);
#9763=EDGE_CURVE('NONE',#11919,#11924,#11934,.T.);
#9764=FILL_AREA_STYLE('',(#11935));
#9765=EDGE_CURVE('NONE',#11936,#11557,#11937,.T.);
#9766=EDGE_CURVE('NONE',#11938,#11936,#11939,.T.);
#9767=EDGE_CURVE('NONE',#11938,#11587,#11940,.T.);
#9768=FILL_AREA_STYLE('',(#11941));
#9769=EDGE_CURVE('NONE',#11555,#11942,#11943,.T.);
#9770=EDGE_CURVE('NONE',#11936,#11942,#11944,.T.);
#9771=FILL_AREA_STYLE('',(#11945));
#9772=EDGE_CURVE('NONE',#11942,#11946,#11947,.T.);
#9773=EDGE_CURVE('NONE',#11561,#11946,#11948,.T.);
#9774=FILL_AREA_STYLE('',(#11949));
#9775=EDGE_CURVE('NONE',#11946,#11950,#11951,.T.);
#9776=EDGE_CURVE('NONE',#11950,#11565,#11952,.T.);
#9777=FILL_AREA_STYLE('',(#11953));
#9778=EDGE_CURVE('NONE',#11950,#11954,#11955,.T.);
#9779=EDGE_CURVE('NONE',#11954,#11571,#11956,.T.);
#9780=FILL_AREA_STYLE('',(#11957));
#9781=EDGE_CURVE('NONE',#11569,#11958,#11959,.T.);
#9782=EDGE_CURVE('NONE',#11954,#11958,#11960,.T.);
#9783=FILL_AREA_STYLE('',(#11961));
#9784=EDGE_CURVE('NONE',#11958,#11962,#11963,.T.);
#9785=EDGE_CURVE('NONE',#11575,#11962,#11964,.T.);
#9786=FILL_AREA_STYLE('',(#11965));
#9787=EDGE_CURVE('NONE',#11962,#11966,#11967,.T.);
#9788=EDGE_CURVE('NONE',#11966,#11579,#11968,.T.);
#9789=FILL_AREA_STYLE('',(#11969));
#9790=EDGE_CURVE('NONE',#11583,#11970,#11971,.T.);
#9791=EDGE_CURVE('NONE',#11966,#11970,#11972,.T.);
#9792=FILL_AREA_STYLE('',(#11973));
#9793=EDGE_CURVE('NONE',#11970,#11938,#11974,.T.);
#9794=FILL_AREA_STYLE('',(#11975));
#9795=EDGE_CURVE('NONE',#11603,#11976,#11977,.T.);
#9796=EDGE_CURVE('NONE',#11976,#11413,#11978,.T.);
#9797=FILL_AREA_STYLE('',(#11979));
#9798=EDGE_CURVE('NONE',#11425,#11980,#11981,.T.);
#9799=EDGE_CURVE('NONE',#11980,#11982,#11983,.T.);
#9800=EDGE_CURVE('NONE',#11183,#11982,#11984,.T.);
#9801=FILL_AREA_STYLE('',(#11985));
#9802=EDGE_CURVE('NONE',#11976,#11607,#11986,.T.);
#9803=FILL_AREA_STYLE('',(#11987));
#9804=EDGE_CURVE('NONE',#11988,#11989,#11990,.T.);
#9805=EDGE_CURVE('NONE',#11989,#11611,#11991,.T.);
#9806=EDGE_CURVE('NONE',#11988,#11303,#11992,.T.);
#9807=FILL_AREA_STYLE('',(#11993));
#9808=EDGE_CURVE('NONE',#11297,#11627,#11994,.T.);
#9809=FILL_AREA_STYLE('',(#11995));
#9810=EDGE_CURVE('NONE',#11625,#11631,#11996,.T.);
#9811=FILL_AREA_STYLE('',(#11997));
#9812=EDGE_CURVE('NONE',#11649,#11645,#11998,.T.);
#9813=FILL_AREA_STYLE('',(#11999));
#9814=EDGE_CURVE('NONE',#11645,#12000,#12001,.T.);
#9815=EDGE_CURVE('NONE',#12000,#11472,#12002,.T.);
#9816=FILL_AREA_STYLE('',(#12003));
#9817=EDGE_CURVE('NONE',#11470,#12004,#12005,.T.);
#9818=EDGE_CURVE('NONE',#12004,#11649,#12006,.T.);
#9819=FILL_AREA_STYLE('',(#12007));
#9820=EDGE_CURVE('NONE',#12008,#12009,#12010,.T.);
#9821=EDGE_CURVE('NONE',#12009,#11751,#12011,.T.);
#9822=EDGE_CURVE('NONE',#12012,#11751,#12013,.T.);
#9823=EDGE_CURVE('NONE',#12008,#12012,#12014,.T.);
#9824=FILL_AREA_STYLE('',(#12015));
#9825=EDGE_CURVE('NONE',#12016,#11667,#12017,.T.);
#9826=EDGE_CURVE('NONE',#12018,#12016,#12019,.T.);
#9827=EDGE_CURVE('NONE',#12020,#12018,#12021,.T.);
#9828=EDGE_CURVE('NONE',#12020,#12022,#12023,.T.);
#9829=EDGE_CURVE('NONE',#12022,#12024,#12025,.T.);
#9830=EDGE_CURVE('NONE',#11695,#12024,#12026,.T.);
#9831=FILL_AREA_STYLE('',(#12027));
#9832=EDGE_CURVE('NONE',#11693,#12028,#12029,.T.);
#9833=EDGE_CURVE('NONE',#12024,#12028,#12030,.T.);
#9834=FILL_AREA_STYLE('',(#12031));
#9835=EDGE_CURVE('NONE',#12028,#12032,#12033,.T.);
#9836=EDGE_CURVE('NONE',#12032,#11672,#12034,.T.);
#9837=FILL_AREA_STYLE('',(#12035));
#9838=EDGE_CURVE('NONE',#11675,#11656,#12036,.T.);
#9839=FILL_AREA_STYLE('',(#12037));
#9840=EDGE_CURVE('NONE',#11716,#11735,#12038,.T.);
#9841=FILL_AREA_STYLE('',(#12039));
#9842=EDGE_CURVE('NONE',#11728,#12040,#12041,.T.);
#9843=EDGE_CURVE('NONE',#12040,#12042,#12043,.T.);
#9844=EDGE_CURVE('NONE',#11745,#12042,#12044,.T.);
#9845=FILL_AREA_STYLE('',(#12045));
#9846=EDGE_CURVE('NONE',#12042,#12046,#12047,.T.);
#9847=EDGE_CURVE('NONE',#11747,#12046,#12048,.T.);
#9848=FILL_AREA_STYLE('',(#12049));
#9849=EDGE_CURVE('NONE',#11752,#12050,#12051,.T.);
#9850=EDGE_CURVE('NONE',#12050,#12052,#12053,.T.);
#9851=EDGE_CURVE('NONE',#12054,#12052,#12055,.T.);
#9852=EDGE_CURVE('NONE',#11752,#12054,#12056,.T.);
#9853=FILL_AREA_STYLE('',(#12057));
#9854=EDGE_CURVE('NONE',#12058,#10927,#12059,.T.);
#9855=EDGE_CURVE('NONE',#12060,#12058,#12061,.T.);
#9856=EDGE_CURVE('NONE',#10929,#12060,#12062,.T.);
#9857=FILL_AREA_STYLE('',(#12063));
#9858=EDGE_CURVE('NONE',#12046,#12064,#12065,.T.);
#9859=EDGE_CURVE('NONE',#12066,#12064,#12067,.T.);
#9860=EDGE_CURVE('NONE',#12066,#12068,#12069,.T.);
#9861=EDGE_CURVE('NONE',#12068,#12070,#12071,.T.);
#9862=EDGE_CURVE('NONE',#12070,#11705,#12072,.T.);
#9863=FILL_AREA_STYLE('',(#12073));
#9864=EDGE_CURVE('NONE',#12074,#12066,#12075,.T.);
#9865=EDGE_CURVE('NONE',#12064,#12076,#12077,.T.);
#9866=EDGE_CURVE('NONE',#12076,#12074,#12078,.T.);
#9867=FILL_AREA_STYLE('',(#12079));
#9868=EDGE_CURVE('NONE',#12080,#12050,#12081,.T.);
#9869=EDGE_CURVE('NONE',#12009,#12082,#12083,.T.);
#9870=EDGE_CURVE('NONE',#12084,#12082,#12085,.T.);
#9871=EDGE_CURVE('NONE',#12086,#12084,#12087,.T.);
#9872=EDGE_CURVE('NONE',#12086,#12088,#12089,.T.);
#9873=EDGE_CURVE('NONE',#12088,#12090,#12091,.T.);
#9874=EDGE_CURVE('NONE',#12090,#12080,#12092,.T.);
#9875=FILL_AREA_STYLE('',(#12093));
#9876=EDGE_CURVE('NONE',#12094,#12022,#12095,.T.);
#9877=EDGE_CURVE('NONE',#12020,#12096,#12097,.T.);
#9878=EDGE_CURVE('NONE',#12096,#12094,#12098,.T.);
#9879=FILL_AREA_STYLE('',(#12099));
#9880=EDGE_CURVE('NONE',#12100,#12101,#12102,.T.);
#9881=EDGE_CURVE('NONE',#11032,#12100,#12103,.T.);
#9882=EDGE_CURVE('NONE',#12101,#11030,#12104,.T.);
#9883=FILL_AREA_STYLE('',(#12105));
#9884=EDGE_CURVE('NONE',#12106,#11022,#12107,.T.);
#9885=EDGE_CURVE('NONE',#12108,#12106,#12109,.T.);
#9886=EDGE_CURVE('NONE',#11024,#12108,#12110,.T.);
#9887=FILL_AREA_STYLE('',(#12111));
#9888=EDGE_CURVE('NONE',#12112,#12113,#12114,.T.);
#9889=EDGE_CURVE('NONE',#12115,#12112,#12116,.T.);
#9890=EDGE_CURVE('NONE',#12115,#12117,#12118,.T.);
#9891=EDGE_CURVE('NONE',#12117,#12119,#12120,.T.);
#9892=EDGE_CURVE('NONE',#12121,#12119,#12122,.T.);
#9893=EDGE_CURVE('NONE',#11758,#12121,#12123,.T.);
#9894=EDGE_CURVE('NONE',#12113,#11757,#12124,.T.);
#9895=FILL_AREA_STYLE('',(#12125));
#9896=EDGE_CURVE('NONE',#11777,#12126,#12127,.T.);
#9897=EDGE_CURVE('NONE',#12126,#12128,#12129,.T.);
#9898=EDGE_CURVE('NONE',#12128,#12130,#12131,.T.);
#9899=EDGE_CURVE('NONE',#12130,#12132,#12133,.T.);
#9900=EDGE_CURVE('NONE',#12134,#12132,#12135,.T.);
#9901=EDGE_CURVE('NONE',#12134,#11878,#12136,.T.);
#9902=FILL_AREA_STYLE('',(#12137));
#9903=EDGE_CURVE('NONE',#12138,#10935,#12139,.T.);
#9904=EDGE_CURVE('NONE',#12140,#12138,#12141,.T.);
#9905=EDGE_CURVE('NONE',#10937,#12140,#12142,.T.);
#9906=FILL_AREA_STYLE('',(#12143));
#9907=EDGE_CURVE('NONE',#11790,#12144,#12145,.T.);
#9908=EDGE_CURVE('NONE',#12144,#12146,#12147,.T.);
#9909=EDGE_CURVE('NONE',#11791,#12146,#12148,.T.);
#9910=FILL_AREA_STYLE('',(#12149));
#9911=EDGE_CURVE('NONE',#12150,#12151,#12152,.T.);
#9912=EDGE_CURVE('NONE',#12151,#11784,#12153,.T.);
#9913=EDGE_CURVE('NONE',#12150,#11781,#12154,.T.);
#9914=FILL_AREA_STYLE('',(#12155));
#9915=EDGE_CURVE('NONE',#12151,#12144,#12156,.T.);
#9916=FILL_AREA_STYLE('',(#12157));
#9917=EDGE_CURVE('NONE',#12158,#11486,#12159,.T.);
#9918=EDGE_CURVE('NONE',#12158,#11796,#12160,.T.);
#9919=FILL_AREA_STYLE('',(#12161));
#9920=EDGE_CURVE('NONE',#11487,#12162,#12163,.T.);
#9921=EDGE_CURVE('NONE',#10740,#12162,#12164,.T.);
#9922=FILL_AREA_STYLE('',(#12165));
#9923=EDGE_CURVE('NONE',#12162,#12166,#12167,.T.);
#9924=EDGE_CURVE('NONE',#12166,#12168,#12169,.T.);
#9925=EDGE_CURVE('NONE',#12168,#12150,#12170,.T.);
#9926=EDGE_CURVE('NONE',#12146,#12171,#12172,.T.);
#9927=EDGE_CURVE('NONE',#12171,#12173,#12174,.T.);
#9928=EDGE_CURVE('NONE',#12173,#12158,#12175,.T.);
#9929=FILL_AREA_STYLE('',(#12176));
#9930=EDGE_CURVE('NONE',#12177,#11810,#12178,.T.);
#9931=EDGE_CURVE('NONE',#12177,#11505,#12179,.T.);
#9932=FILL_AREA_STYLE('',(#12180));
#9933=EDGE_CURVE('NONE',#11151,#11351,#12181,.T.);
#9934=FILL_AREA_STYLE('',(#12182));
#9935=EDGE_CURVE('NONE',#12183,#12177,#12184,.T.);
#9936=EDGE_CURVE('NONE',#11513,#12183,#12185,.T.);
#9937=FILL_AREA_STYLE('',(#12186));
#9938=EDGE_CURVE('NONE',#11828,#11363,#12187,.T.);
#9939=FILL_AREA_STYLE('',(#12188));
#9940=EDGE_CURVE('NONE',#11244,#11538,#12189,.T.);
#9941=FILL_AREA_STYLE('',(#12190));
#9942=EDGE_CURVE('NONE',#11842,#11829,#12191,.T.);
#9943=FILL_AREA_STYLE('',(#12192));
#9944=EDGE_CURVE('NONE',#11846,#12193,#12194,.T.);
#9945=EDGE_CURVE('NONE',#11478,#12193,#12195,.T.);
#9946=FILL_AREA_STYLE('',(#12196));
#9947=EDGE_CURVE('NONE',#11852,#11846,#12197,.T.);
#9948=FILL_AREA_STYLE('',(#12198));
#9949=EDGE_CURVE('NONE',#12199,#11852,#12200,.T.);
#9950=EDGE_CURVE('NONE',#12199,#11476,#12201,.T.);
#9951=FILL_AREA_STYLE('',(#12202));
#9952=EDGE_CURVE('NONE',#12203,#12132,#12204,.T.);
#9953=EDGE_CURVE('NONE',#12130,#12205,#12206,.T.);
#9954=EDGE_CURVE('NONE',#12203,#12205,#12207,.T.);
#9955=FILL_AREA_STYLE('',(#12208));
#9956=EDGE_CURVE('NONE',#12134,#12209,#12210,.T.);
#9957=EDGE_CURVE('NONE',#11880,#12209,#12211,.T.);
#9958=FILL_AREA_STYLE('',(#12212));
#9959=EDGE_CURVE('NONE',#12209,#12213,#12214,.T.);
#9960=EDGE_CURVE('NONE',#12213,#11866,#12215,.T.);
#9961=FILL_AREA_STYLE('',(#12216));
#9962=EDGE_CURVE('NONE',#11856,#11766,#12217,.T.);
#9963=FILL_AREA_STYLE('',(#12218));
#9964=EDGE_CURVE('NONE',#11887,#11911,#12219,.T.);
#9965=FILL_AREA_STYLE('',(#12220));
#9966=EDGE_CURVE('NONE',#12221,#11927,#12222,.T.);
#9967=EDGE_CURVE('NONE',#12221,#12223,#12224,.T.);
#9968=EDGE_CURVE('NONE',#11929,#12223,#12225,.T.);
#9969=FILL_AREA_STYLE('',(#12226));
#9970=EDGE_CURVE('NONE',#12223,#12227,#12228,.T.);
#9971=EDGE_CURVE('NONE',#12229,#12227,#12230,.T.);
#9972=EDGE_CURVE('NONE',#12229,#12231,#12232,.T.);
#9973=EDGE_CURVE('NONE',#12231,#12233,#12234,.T.);
#9974=EDGE_CURVE('NONE',#12233,#11892,#12235,.T.);
#9975=FILL_AREA_STYLE('',(#12236));
#9976=EDGE_CURVE('NONE',#12237,#12229,#12238,.T.);
#9977=EDGE_CURVE('NONE',#12227,#12239,#12240,.T.);
#9978=EDGE_CURVE('NONE',#12237,#12239,#12241,.T.);
#9979=FILL_AREA_STYLE('',(#12242));
#9980=EDGE_CURVE('NONE',#11915,#12243,#12244,.T.);
#9981=EDGE_CURVE('NONE',#12243,#12221,#12245,.T.);
#9982=FILL_AREA_STYLE('',(#12246));
#9983=EDGE_CURVE('NONE',#12247,#12248,#12249,.T.);
#9984=EDGE_CURVE('NONE',#12247,#12250,#12251,.T.);
#9985=EDGE_CURVE('NONE',#12252,#12250,#12253,.T.);
#9986=EDGE_CURVE('NONE',#12248,#12252,#12254,.T.);
#9987=FILL_AREA_STYLE('',(#12255));
#9988=EDGE_CURVE('NONE',#12256,#12257,#12258,.T.);
#9989=EDGE_CURVE('NONE',#12257,#11976,#12259,.T.);
#9990=EDGE_CURVE('NONE',#12256,#11413,#12260,.T.);
#9991=FILL_AREA_STYLE('',(#12261));
#9992=EDGE_CURVE('NONE',#11279,#12262,#12263,.T.);
#9993=EDGE_CURVE('NONE',#12262,#12256,#12264,.T.);
#9994=FILL_AREA_STYLE('',(#12265));
#9995=EDGE_CURVE('NONE',#12266,#11185,#12267,.T.);
#9996=EDGE_CURVE('NONE',#12268,#12266,#12269,.T.);
#9997=EDGE_CURVE('NONE',#12262,#12268,#12270,.T.);
#9998=FILL_AREA_STYLE('',(#12271));
#9999=EDGE_CURVE('NONE',#11982,#12266,#12272,.T.);
#10000=FILL_AREA_STYLE('',(#12273));
#10001=EDGE_CURVE('NONE',#12274,#12275,#12276,.T.);
#10002=EDGE_CURVE('NONE',#12274,#12277,#12278,.T.);
#10003=EDGE_CURVE('NONE',#12277,#12279,#12280,.T.);
#10004=EDGE_CURVE('NONE',#12275,#12279,#12281,.T.);
#10005=FILL_AREA_STYLE('',(#12282));
#10006=EDGE_CURVE('NONE',#12279,#12283,#12284,.T.);
#10007=EDGE_CURVE('NONE',#12283,#12285,#12286,.T.);
#10008=EDGE_CURVE('NONE',#12275,#12285,#12287,.T.);
#10009=FILL_AREA_STYLE('',(#12288));
#10010=EDGE_CURVE('NONE',#12285,#11980,#12289,.T.);
#10011=EDGE_CURVE('NONE',#12283,#11982,#12290,.T.);
#10012=FILL_AREA_STYLE('',(#12291));
#10013=EDGE_CURVE('NONE',#12292,#11423,#12293,.T.);
#10014=EDGE_CURVE('NONE',#11980,#12292,#12294,.T.);
#10015=FILL_AREA_STYLE('',(#12295));
#10016=EDGE_CURVE('NONE',#12296,#12292,#12297,.T.);
#10017=EDGE_CURVE('NONE',#11607,#12298,#12299,.T.);
#10018=EDGE_CURVE('NONE',#12298,#12296,#12300,.T.);
#10019=FILL_AREA_STYLE('',(#12301));
#10020=EDGE_CURVE('NONE',#12298,#12257,#12302,.T.);
#10021=FILL_AREA_STYLE('',(#12303));
#10022=EDGE_CURVE('NONE',#12304,#11989,#12305,.T.);
#10023=EDGE_CURVE('NONE',#11631,#12304,#12306,.T.);
#10024=FILL_AREA_STYLE('',(#12307));
#10025=EDGE_CURVE('NONE',#12308,#11988,#12309,.T.);
#10026=EDGE_CURVE('NONE',#11190,#12308,#12310,.T.);
#10027=FILL_AREA_STYLE('',(#12311));
#10028=EDGE_CURVE('NONE',#11988,#12312,#12313,.T.);
#10029=EDGE_CURVE('NONE',#12314,#12312,#12315,.T.);
#10030=EDGE_CURVE('NONE',#11989,#12314,#12316,.T.);
#10031=FILL_AREA_STYLE('',(#12317));
#10032=EDGE_CURVE('NONE',#12314,#12318,#12319,.T.);
#10033=EDGE_CURVE('NONE',#12312,#12320,#12321,.T.);
#10034=EDGE_CURVE('NONE',#12320,#12318,#12322,.T.);
#10035=FILL_AREA_STYLE('',(#12323));
#10036=EDGE_CURVE('NONE',#12318,#12324,#12325,.T.);
#10037=EDGE_CURVE('NONE',#12320,#12326,#12327,.T.);
#10038=EDGE_CURVE('NONE',#12326,#12324,#12328,.T.);
#10039=FILL_AREA_STYLE('',(#12329));
#10040=EDGE_CURVE('NONE',#12330,#11189,#12331,.T.);
#10041=EDGE_CURVE('NONE',#12332,#12330,#12333,.T.);
#10042=EDGE_CURVE('NONE',#12308,#12332,#12334,.T.);
#10043=FILL_AREA_STYLE('',(#12335));
#10044=EDGE_CURVE('NONE',#12336,#11297,#12337,.T.);
#10045=EDGE_CURVE('NONE',#12336,#12330,#12338,.T.);
#10046=FILL_AREA_STYLE('',(#12339));
#10047=EDGE_CURVE('NONE',#11627,#12340,#12341,.T.);
#10048=EDGE_CURVE('NONE',#12340,#12336,#12342,.T.);
#10049=FILL_AREA_STYLE('',(#12343));
#10050=EDGE_CURVE('NONE',#12340,#12344,#12345,.T.);
#10051=EDGE_CURVE('NONE',#12344,#11625,#12346,.T.);
#10052=FILL_AREA_STYLE('',(#12347));
#10053=EDGE_CURVE('NONE',#12348,#12344,#12349,.T.);
#10054=EDGE_CURVE('NONE',#12304,#12348,#12350,.T.);
#10055=FILL_AREA_STYLE('',(#12351));
#10056=EDGE_CURVE('NONE',#12352,#12353,#12354,.T.);
#10057=EDGE_CURVE('NONE',#12352,#12355,#12356,.T.);
#10058=EDGE_CURVE('NONE',#12357,#12355,#12358,.T.);
#10059=EDGE_CURVE('NONE',#12357,#12353,#12359,.T.);
#10060=FILL_AREA_STYLE('',(#12360));
#10061=EDGE_CURVE('NONE',#12361,#12054,#12362,.T.);
#10062=EDGE_CURVE('NONE',#12361,#12000,#12363,.T.);
#10063=FILL_AREA_STYLE('',(#12364));
#10064=EDGE_CURVE('NONE',#12000,#12004,#12365,.T.);
#10065=FILL_AREA_STYLE('',(#12366));
#10066=EDGE_CURVE('NONE',#12004,#12367,#12368,.T.);
#10067=EDGE_CURVE('NONE',#12012,#12367,#12369,.T.);
#10068=FILL_AREA_STYLE('',(#12370));
#10069=EDGE_CURVE('NONE',#12371,#12008,#12372,.T.);
#10070=EDGE_CURVE('NONE',#12367,#12371,#12373,.T.);
#10071=FILL_AREA_STYLE('',(#12374));
#10072=EDGE_CURVE('NONE',#12371,#12375,#12376,.T.);
#10073=EDGE_CURVE('NONE',#12375,#12032,#12377,.T.);
#10074=EDGE_CURVE('NONE',#12094,#12082,#12378,.T.);
#10075=FILL_AREA_STYLE('',(#12379));
#10076=EDGE_CURVE('NONE',#12375,#11671,#12380,.T.);
#10077=FILL_AREA_STYLE('',(#12381));
#10078=FILL_AREA_STYLE('',(#12382));
#10079=EDGE_CURVE('NONE',#12353,#12383,#12384,.T.);
#10080=EDGE_CURVE('NONE',#12385,#12357,#12386,.T.);
#10081=EDGE_CURVE('NONE',#12385,#12383,#12387,.T.);
#10082=FILL_AREA_STYLE('',(#12388));
#10083=EDGE_CURVE('NONE',#12352,#12389,#12390,.T.);
#10084=EDGE_CURVE('NONE',#12383,#12389,#12391,.T.);
#10085=FILL_AREA_STYLE('',(#12392));
#10086=FILL_AREA_STYLE('',(#12393));
#10087=EDGE_CURVE('NONE',#11726,#12394,#12395,.T.);
#10088=EDGE_CURVE('NONE',#12394,#12040,#12396,.T.);
#10089=FILL_AREA_STYLE('',(#12397));
#10090=EDGE_CURVE('NONE',#12394,#12398,#12399,.T.);
#10091=EDGE_CURVE('NONE',#12052,#12398,#12400,.T.);
#10092=EDGE_CURVE('NONE',#12080,#12076,#12401,.T.);
#10093=FILL_AREA_STYLE('',(#12402));
#10094=EDGE_CURVE('NONE',#12398,#12361,#12403,.T.);
#10095=FILL_AREA_STYLE('',(#12404));
#10096=EDGE_CURVE('NONE',#12405,#12355,#12406,.T.);
#10097=EDGE_CURVE('NONE',#12405,#12385,#12407,.T.);
#10098=FILL_AREA_STYLE('',(#12408));
#10099=EDGE_CURVE('NONE',#12058,#12409,#12410,.T.);
#10100=EDGE_CURVE('NONE',#12411,#12409,#12412,.T.);
#10101=EDGE_CURVE('NONE',#12411,#12060,#12413,.T.);
#10102=FILL_AREA_STYLE('',(#12414));
#10103=EDGE_CURVE('NONE',#12070,#12415,#12416,.T.);
#10104=EDGE_CURVE('NONE',#11707,#12415,#12417,.T.);
#10105=FILL_AREA_STYLE('',(#12418));
#10106=EDGE_CURVE('NONE',#12068,#12419,#12420,.T.);
#10107=EDGE_CURVE('NONE',#12415,#12419,#12421,.T.);
#10108=FILL_AREA_STYLE('',(#12422));
#10109=EDGE_CURVE('NONE',#12074,#12423,#12424,.T.);
#10110=EDGE_CURVE('NONE',#12419,#12423,#12425,.T.);
#10111=FILL_AREA_STYLE('',(#12426));
#10112=EDGE_CURVE('NONE',#12090,#12427,#12428,.T.);
#10113=EDGE_CURVE('NONE',#12423,#12427,#12429,.T.);
#10114=FILL_AREA_STYLE('',(#12430));
#10115=EDGE_CURVE('NONE',#12088,#12431,#12432,.T.);
#10116=EDGE_CURVE('NONE',#12427,#12431,#12433,.T.);
#10117=FILL_AREA_STYLE('',(#12434));
#10118=EDGE_CURVE('NONE',#12086,#12435,#12436,.T.);
#10119=EDGE_CURVE('NONE',#12431,#12435,#12437,.T.);
#10120=FILL_AREA_STYLE('',(#12438));
#10121=EDGE_CURVE('NONE',#12084,#12439,#12440,.T.);
#10122=EDGE_CURVE('NONE',#12435,#12439,#12441,.T.);
#10123=FILL_AREA_STYLE('',(#12442));
#10124=EDGE_CURVE('NONE',#12096,#12443,#12444,.T.);
#10125=EDGE_CURVE('NONE',#12439,#12443,#12445,.T.);
#10126=FILL_AREA_STYLE('',(#12446));
#10127=EDGE_CURVE('NONE',#12018,#12447,#12448,.T.);
#10128=EDGE_CURVE('NONE',#12443,#12447,#12449,.T.);
#10129=FILL_AREA_STYLE('',(#12450));
#10130=EDGE_CURVE('NONE',#12016,#12451,#12452,.T.);
#10131=EDGE_CURVE('NONE',#12447,#12451,#12453,.T.);
#10132=FILL_AREA_STYLE('',(#12454));
#10133=EDGE_CURVE('NONE',#12451,#11665,#12455,.T.);
#10134=FILL_AREA_STYLE('',(#12456));
#10135=EDGE_CURVE('NONE',#12101,#12457,#12458,.T.);
#10136=EDGE_CURVE('NONE',#12459,#12457,#12460,.T.);
#10137=EDGE_CURVE('NONE',#12459,#12100,#12461,.T.);
#10138=FILL_AREA_STYLE('',(#12462));
#10139=EDGE_CURVE('NONE',#12106,#12463,#12464,.T.);
#10140=EDGE_CURVE('NONE',#12465,#12463,#12466,.T.);
#10141=EDGE_CURVE('NONE',#12465,#12108,#12467,.T.);
#10142=FILL_AREA_STYLE('',(#12468));
#10143=EDGE_CURVE('NONE',#12233,#12469,#12470,.T.);
#10144=EDGE_CURVE('NONE',#11894,#12469,#12471,.T.);
#10145=FILL_AREA_STYLE('',(#12472));
#10146=EDGE_CURVE('NONE',#12231,#12473,#12474,.T.);
#10147=EDGE_CURVE('NONE',#12469,#12473,#12475,.T.);
#10148=FILL_AREA_STYLE('',(#12476));
#10149=EDGE_CURVE('NONE',#12477,#12237,#12478,.T.);
#10150=EDGE_CURVE('NONE',#12473,#12477,#12479,.T.);
#10151=FILL_AREA_STYLE('',(#12480));
#10152=EDGE_CURVE('NONE',#12239,#12481,#12482,.T.);
#10153=EDGE_CURVE('NONE',#12481,#12483,#12484,.T.);
#10154=EDGE_CURVE('NONE',#12483,#12121,#12485,.T.);
#10155=EDGE_CURVE('NONE',#12119,#12486,#12487,.T.);
#10156=EDGE_CURVE('NONE',#12477,#12486,#12488,.T.);
#10157=FILL_AREA_STYLE('',(#12489));
#10158=EDGE_CURVE('NONE',#12117,#12490,#12491,.T.);
#10159=EDGE_CURVE('NONE',#12486,#12490,#12492,.T.);
#10160=FILL_AREA_STYLE('',(#12493));
#10161=EDGE_CURVE('NONE',#12115,#12494,#12495,.T.);
#10162=EDGE_CURVE('NONE',#12490,#12494,#12496,.T.);
#10163=FILL_AREA_STYLE('',(#12497));
#10164=EDGE_CURVE('NONE',#12498,#12112,#12499,.T.);
#10165=EDGE_CURVE('NONE',#12494,#12498,#12500,.T.);
#10166=FILL_AREA_STYLE('',(#12501));
#10167=EDGE_CURVE('NONE',#12113,#12502,#12503,.T.);
#10168=EDGE_CURVE('NONE',#12502,#12504,#12505,.T.);
#10169=EDGE_CURVE('NONE',#12504,#12203,#12506,.T.);
#10170=EDGE_CURVE('NONE',#12205,#12507,#12508,.T.);
#10171=EDGE_CURVE('NONE',#12498,#12507,#12509,.T.);
#10172=FILL_AREA_STYLE('',(#12510));
#10173=EDGE_CURVE('NONE',#12128,#12511,#12512,.T.);
#10174=EDGE_CURVE('NONE',#12507,#12511,#12513,.T.);
#10175=FILL_AREA_STYLE('',(#12514));
#10176=EDGE_CURVE('NONE',#12126,#12515,#12516,.T.);
#10177=EDGE_CURVE('NONE',#12511,#12515,#12517,.T.);
#10178=FILL_AREA_STYLE('',(#12518));
#10179=EDGE_CURVE('NONE',#12515,#11775,#12519,.T.);
#10180=FILL_AREA_STYLE('',(#12520));
#10181=EDGE_CURVE('NONE',#12138,#12521,#12522,.T.);
#10182=EDGE_CURVE('NONE',#12523,#12521,#12524,.T.);
#10183=EDGE_CURVE('NONE',#12523,#12140,#12525,.T.);
#10184=FILL_AREA_STYLE('',(#12526));
#10185=EDGE_CURVE('NONE',#12168,#12527,#12528,.T.);
#10186=EDGE_CURVE('NONE',#12529,#12527,#12530,.T.);
#10187=EDGE_CURVE('NONE',#12529,#12171,#12531,.T.);
#10188=FILL_AREA_STYLE('',(#12532));
#10189=EDGE_CURVE('NONE',#12166,#12533,#12534,.T.);
#10190=EDGE_CURVE('NONE',#12527,#12533,#12535,.T.);
#10191=FILL_AREA_STYLE('',(#12536));
#10192=EDGE_CURVE('NONE',#12173,#12537,#12538,.T.);
#10193=EDGE_CURVE('NONE',#12533,#12537,#12539,.T.);
#10194=FILL_AREA_STYLE('',(#12540));
#10195=EDGE_CURVE('NONE',#12537,#12529,#12541,.T.);
#10196=FILL_AREA_STYLE('',(#12542));
#10197=EDGE_CURVE('NONE',#11505,#12543,#12544,.T.);
#10198=EDGE_CURVE('NONE',#12545,#12543,#12546,.T.);
#10199=EDGE_CURVE('NONE',#12177,#12545,#12547,.T.);
#10200=FILL_AREA_STYLE('',(#12548));
#10201=EDGE_CURVE('NONE',#10836,#11341,#12549,.T.);
#10202=EDGE_CURVE('NONE',#12543,#10836,#12550,.T.);
#10203=FILL_AREA_STYLE('',(#12551));
#10204=EDGE_CURVE('NONE',#11152,#12552,#12553,.T.);
#10205=EDGE_CURVE('NONE',#12552,#10835,#12554,.T.);
#10206=FILL_AREA_STYLE('',(#12555));
#10207=EDGE_CURVE('NONE',#12556,#11151,#12557,.T.);
#10208=EDGE_CURVE('NONE',#12552,#12556,#12558,.T.);
#10209=FILL_AREA_STYLE('',(#12559));
#10210=EDGE_CURVE('NONE',#12560,#12556,#12561,.T.);
#10211=EDGE_CURVE('NONE',#12560,#11351,#12562,.T.);
#10212=FILL_AREA_STYLE('',(#12563));
#10213=EDGE_CURVE('NONE',#11349,#10826,#12564,.T.);
#10214=EDGE_CURVE('NONE',#10826,#12560,#12565,.T.);
#10215=FILL_AREA_STYLE('',(#12566));
#10216=EDGE_CURVE('NONE',#12183,#11509,#12567,.T.);
#10217=EDGE_CURVE('NONE',#12568,#12183,#12569,.T.);
#10218=EDGE_CURVE('NONE',#10827,#12568,#12570,.T.);
#10219=FILL_AREA_STYLE('',(#12571));
#10220=EDGE_CURVE('NONE',#12545,#12568,#12572,.T.);
#10221=FILL_AREA_STYLE('',(#12573));
#10222=EDGE_CURVE('NONE',#12574,#11828,#12575,.T.);
#10223=EDGE_CURVE('NONE',#12576,#12574,#12577,.T.);
#10224=EDGE_CURVE('NONE',#11829,#12576,#12578,.T.);
#10225=FILL_AREA_STYLE('',(#12579));
#10226=EDGE_CURVE('NONE',#12574,#12580,#12581,.T.);
#10227=EDGE_CURVE('NONE',#12580,#11363,#12582,.T.);
#10228=FILL_AREA_STYLE('',(#12583));
#10229=EDGE_CURVE('NONE',#10817,#12580,#12584,.T.);
#10230=EDGE_CURVE('NONE',#11228,#10817,#12585,.T.);
#10231=FILL_AREA_STYLE('',(#12586));
#10232=EDGE_CURVE('NONE',#12587,#11246,#12588,.T.);
#10233=EDGE_CURVE('NONE',#10818,#12587,#12589,.T.);
#10234=EDGE_CURVE('NONE',#11246,#11233,#12590,.T.);
#10235=FILL_AREA_STYLE('',(#12591));
#10236=EDGE_CURVE('NONE',#12592,#11244,#12593,.T.);
#10237=EDGE_CURVE('NONE',#12592,#12587,#12594,.T.);
#10238=FILL_AREA_STYLE('',(#12595));
#10239=EDGE_CURVE('NONE',#11538,#12596,#12597,.T.);
#10240=EDGE_CURVE('NONE',#12596,#12592,#12598,.T.);
#10241=FILL_AREA_STYLE('',(#12599));
#10242=EDGE_CURVE('NONE',#12596,#10809,#12600,.T.);
#10243=EDGE_CURVE('NONE',#10809,#11536,#12601,.T.);
#10244=FILL_AREA_STYLE('',(#12602));
#10245=EDGE_CURVE('NONE',#12576,#10808,#12603,.T.);
#10246=FILL_AREA_STYLE('',(#12604));
#10247=EDGE_CURVE('NONE',#12483,#12605,#12606,.T.);
#10248=EDGE_CURVE('NONE',#12605,#12193,#12607,.T.);
#10249=FILL_AREA_STYLE('',(#12608));
#10250=EDGE_CURVE('NONE',#12193,#12199,#12609,.T.);
#10251=FILL_AREA_STYLE('',(#12610));
#10252=EDGE_CURVE('NONE',#12199,#12611,#12612,.T.);
#10253=EDGE_CURVE('NONE',#12611,#12502,#12613,.T.);
#10254=FILL_AREA_STYLE('',(#12614));
#10255=EDGE_CURVE('NONE',#12611,#12615,#12616,.T.);
#10256=EDGE_CURVE('NONE',#12615,#12504,#12617,.T.);
#10257=FILL_AREA_STYLE('',(#12618));
#10258=EDGE_CURVE('NONE',#12615,#12619,#12620,.T.);
#10259=EDGE_CURVE('NONE',#12619,#12213,#12621,.T.);
#10260=FILL_AREA_STYLE('',(#12622));
#10261=EDGE_CURVE('NONE',#12619,#11868,#12623,.T.);
#10262=FILL_AREA_STYLE('',(#12624));
#10263=FILL_AREA_STYLE('',(#12625));
#10264=FILL_AREA_STYLE('',(#12626));
#10265=EDGE_CURVE('NONE',#12627,#12243,#12628,.T.);
#10266=EDGE_CURVE('NONE',#11913,#12627,#12629,.T.);
#10267=FILL_AREA_STYLE('',(#12630));
#10268=EDGE_CURVE('NONE',#12627,#12631,#12632,.T.);
#10269=EDGE_CURVE('NONE',#12631,#12481,#12633,.T.);
#10270=FILL_AREA_STYLE('',(#12634));
#10271=EDGE_CURVE('NONE',#12631,#12605,#12635,.T.);
#10272=FILL_AREA_STYLE('',(#12636));
#10273=EDGE_CURVE('NONE',#12637,#12638,#12639,.T.);
#10274=EDGE_CURVE('NONE',#12638,#12640,#12641,.T.);
#10275=EDGE_CURVE('NONE',#12640,#12637,#12642,.T.);
#10276=FILL_AREA_STYLE('',(#12643));
#10277=EDGE_CURVE('NONE',#12644,#11091,#12645,.T.);
#10278=EDGE_CURVE('NONE',#11091,#12646,#12647,.T.);
#10279=EDGE_CURVE('NONE',#12646,#12644,#12648,.T.);
#10280=FILL_AREA_STYLE('',(#12649));
#10281=EDGE_CURVE('NONE',#12650,#12651,#12652,.T.);
#10282=EDGE_CURVE('NONE',#12651,#11089,#12653,.T.);
#10283=EDGE_CURVE('NONE',#12644,#12650,#12654,.T.);
#10284=FILL_AREA_STYLE('',(#12655));
#10285=EDGE_CURVE('NONE',#12656,#10913,#12657,.T.);
#10286=EDGE_CURVE('NONE',#12658,#12656,#12659,.T.);
#10287=EDGE_CURVE('NONE',#12658,#11079,#12660,.T.);
#10288=FILL_AREA_STYLE('',(#12661));
#10289=EDGE_CURVE('NONE',#11713,#10919,#12662,.T.);
#10290=FILL_AREA_STYLE('',(#12663));
#10291=EDGE_CURVE('NONE',#11711,#10921,#12664,.T.);
#10292=FILL_AREA_STYLE('',(#12665));
#10293=EDGE_CURVE('NONE',#10923,#11709,#12666,.T.);
#10294=FILL_AREA_STYLE('',(#12667));
#10295=EDGE_CURVE('NONE',#12409,#10925,#12668,.T.);
#10296=FILL_AREA_STYLE('',(#12669));
#10297=EDGE_CURVE('NONE',#10931,#12411,#12670,.T.);
#10298=FILL_AREA_STYLE('',(#12671));
#10299=EDGE_CURVE('NONE',#12521,#10933,#12672,.T.);
#10300=FILL_AREA_STYLE('',(#12673));
#10301=EDGE_CURVE('NONE',#10939,#12523,#12674,.T.);
#10302=FILL_AREA_STYLE('',(#12675));
#10303=EDGE_CURVE('NONE',#11771,#10943,#12676,.T.);
#10304=EDGE_CURVE('NONE',#11773,#10941,#12677,.T.);
#10305=FILL_AREA_STYLE('',(#12678));
#10306=EDGE_CURVE('NONE',#11769,#10945,#12679,.T.);
#10307=FILL_AREA_STYLE('',(#12680));
#10308=FILL_AREA_STYLE('',(#12681));
#10309=EDGE_CURVE('NONE',#10907,#12682,#12683,.T.);
#10310=EDGE_CURVE('NONE',#12682,#12651,#12684,.T.);
#10311=FILL_AREA_STYLE('',(#12685));
#10312=EDGE_CURVE('NONE',#12686,#12687,#12688,.T.);
#10313=EDGE_CURVE('NONE',#12687,#12689,#12690,.T.);
#10314=EDGE_CURVE('NONE',#12691,#12689,#12692,.T.);
#10315=EDGE_CURVE('NONE',#12691,#12686,#12693,.T.);
#10316=FILL_AREA_STYLE('',(#12694));
#10317=EDGE_CURVE('NONE',#12695,#12696,#12697,.T.);
#10318=EDGE_CURVE('NONE',#12696,#12698,#12699,.T.);
#10319=EDGE_CURVE('NONE',#12700,#12698,#12701,.T.);
#10320=EDGE_CURVE('NONE',#12700,#12695,#12702,.T.);
#10321=FILL_AREA_STYLE('',(#12703));
#10322=EDGE_CURVE('NONE',#12250,#10955,#12704,.T.);
#10323=EDGE_CURVE('NONE',#12252,#10953,#12705,.T.);
#10324=FILL_AREA_STYLE('',(#12706));
#10325=EDGE_CURVE('NONE',#10950,#12247,#12707,.T.);
#10326=FILL_AREA_STYLE('',(#12708));
#10327=EDGE_CURVE('NONE',#10951,#12248,#12709,.T.);
#10328=FILL_AREA_STYLE('',(#12710));
#10329=FILL_AREA_STYLE('',(#12711));
#10330=EDGE_CURVE('NONE',#12257,#10961,#12712,.T.);
#10331=EDGE_CURVE('NONE',#12256,#10963,#12713,.T.);
#10332=FILL_AREA_STYLE('',(#12714));
#10333=EDGE_CURVE('NONE',#10965,#12262,#12715,.T.);
#10334=FILL_AREA_STYLE('',(#12716));
#10335=EDGE_CURVE('NONE',#10967,#12268,#12717,.T.);
#10336=FILL_AREA_STYLE('',(#12718));
#10337=EDGE_CURVE('NONE',#12266,#10969,#12719,.T.);
#10338=FILL_AREA_STYLE('',(#12720));
#10339=EDGE_CURVE('NONE',#12277,#10971,#12721,.T.);
#10340=FILL_AREA_STYLE('',(#12722));
#10341=EDGE_CURVE('NONE',#10973,#12274,#12723,.T.);
#10342=FILL_AREA_STYLE('',(#12724));
#10343=EDGE_CURVE('NONE',#12292,#10975,#12725,.T.);
#10344=FILL_AREA_STYLE('',(#12726));
#10345=EDGE_CURVE('NONE',#12296,#10958,#12727,.T.);
#10346=FILL_AREA_STYLE('',(#12728));
#10347=EDGE_CURVE('NONE',#10959,#12298,#12729,.T.);
#10348=FILL_AREA_STYLE('',(#12730));
#10349=FILL_AREA_STYLE('',(#12731));
#10350=EDGE_CURVE('NONE',#12324,#10983,#12732,.T.);
#10351=EDGE_CURVE('NONE',#10981,#12304,#12733,.T.);
#10352=FILL_AREA_STYLE('',(#12734));
#10353=EDGE_CURVE('NONE',#12326,#10985,#12735,.T.);
#10354=FILL_AREA_STYLE('',(#12736));
#10355=EDGE_CURVE('NONE',#10987,#12308,#12737,.T.);
#10356=FILL_AREA_STYLE('',(#12738));
#10357=EDGE_CURVE('NONE',#10989,#12332,#12739,.T.);
#10358=FILL_AREA_STYLE('',(#12740));
#10359=EDGE_CURVE('NONE',#12330,#10991,#12741,.T.);
#10360=FILL_AREA_STYLE('',(#12742));
#10361=EDGE_CURVE('NONE',#12336,#10993,#12743,.T.);
#10362=FILL_AREA_STYLE('',(#12744));
#10363=EDGE_CURVE('NONE',#10995,#12340,#12745,.T.);
#10364=FILL_AREA_STYLE('',(#12746));
#10365=EDGE_CURVE('NONE',#12344,#10978,#12747,.T.);
#10366=FILL_AREA_STYLE('',(#12748));
#10367=EDGE_CURVE('NONE',#12348,#10979,#12749,.T.);
#10368=FILL_AREA_STYLE('',(#12750));
#10369=FILL_AREA_STYLE('',(#12751));
#10370=EDGE_CURVE('NONE',#12752,#12753,#12754,.T.);
#10371=EDGE_CURVE('NONE',#12753,#12755,#12756,.T.);
#10372=EDGE_CURVE('NONE',#12757,#12755,#12758,.T.);
#10373=EDGE_CURVE('NONE',#12757,#12752,#12759,.T.);
#10374=FILL_AREA_STYLE('',(#12760));
#10375=EDGE_CURVE('NONE',#12761,#12762,#12763,.T.);
#10376=EDGE_CURVE('NONE',#12762,#12764,#12765,.T.);
#10377=EDGE_CURVE('NONE',#12766,#12764,#12767,.T.);
#10378=EDGE_CURVE('NONE',#12766,#12761,#12768,.T.);
#10379=FILL_AREA_STYLE('',(#12769));
#10380=EDGE_CURVE('NONE',#11077,#12770,#12771,.T.);
#10381=EDGE_CURVE('NONE',#12658,#12772,#12773,.T.);
#10382=EDGE_CURVE('NONE',#12772,#12770,#12774,.T.);
#10383=FILL_AREA_STYLE('',(#12775));
#10384=EDGE_CURVE('NONE',#12770,#12776,#12777,.T.);
#10385=EDGE_CURVE('NONE',#12776,#11077,#12778,.T.);
#10386=FILL_AREA_STYLE('',(#12779));
#10387=EDGE_CURVE('NONE',#12389,#12780,#12781,.T.);
#10388=EDGE_CURVE('NONE',#12780,#12352,#12782,.T.);
#10389=FILL_AREA_STYLE('',(#12783));
#10390=EDGE_CURVE('NONE',#11077,#12389,#12784,.T.);
#10391=EDGE_CURVE('NONE',#12405,#11085,#12785,.T.);
#10392=FILL_AREA_STYLE('',(#12786));
#10393=EDGE_CURVE('NONE',#12355,#12787,#12788,.T.);
#10394=EDGE_CURVE('NONE',#12787,#12405,#12789,.T.);
#10395=FILL_AREA_STYLE('',(#12790));
#10396=EDGE_CURVE('NONE',#12791,#11085,#12792,.T.);
#10397=EDGE_CURVE('NONE',#11085,#12793,#12794,.T.);
#10398=EDGE_CURVE('NONE',#12793,#12791,#12795,.T.);
#10399=FILL_AREA_STYLE('',(#12796));
#10400=EDGE_CURVE('NONE',#12797,#12798,#12799,.T.);
#10401=EDGE_CURVE('NONE',#12798,#11083,#12800,.T.);
#10402=EDGE_CURVE('NONE',#12791,#12797,#12801,.T.);
#10403=FILL_AREA_STYLE('',(#12802));
#10404=EDGE_CURVE('NONE',#12803,#11008,#12804,.T.);
#10405=EDGE_CURVE('NONE',#12805,#12803,#12806,.T.);
#10406=EDGE_CURVE('NONE',#12805,#11097,#12807,.T.);
#10407=FILL_AREA_STYLE('',(#12808));
#10408=EDGE_CURVE('NONE',#11900,#11014,#12809,.T.);
#10409=FILL_AREA_STYLE('',(#12810));
#10410=EDGE_CURVE('NONE',#11898,#11016,#12811,.T.);
#10411=FILL_AREA_STYLE('',(#12812));
#10412=EDGE_CURVE('NONE',#11018,#11896,#12813,.T.);
#10413=FILL_AREA_STYLE('',(#12814));
#10414=EDGE_CURVE('NONE',#12463,#11020,#12815,.T.);
#10415=FILL_AREA_STYLE('',(#12816));
#10416=EDGE_CURVE('NONE',#11026,#12465,#12817,.T.);
#10417=FILL_AREA_STYLE('',(#12818));
#10418=EDGE_CURVE('NONE',#11663,#11036,#12819,.T.);
#10419=EDGE_CURVE('NONE',#11034,#12459,#12820,.T.);
#10420=EDGE_CURVE('NONE',#12457,#11028,#12821,.T.);
#10421=FILL_AREA_STYLE('',(#12822));
#10422=FILL_AREA_STYLE('',(#12823));
#10423=FILL_AREA_STYLE('',(#12824));
#10424=EDGE_CURVE('NONE',#11661,#11038,#12825,.T.);
#10425=FILL_AREA_STYLE('',(#12826));
#10426=EDGE_CURVE('NONE',#11659,#11040,#12827,.T.);
#10427=FILL_AREA_STYLE('',(#12828));
#10428=FILL_AREA_STYLE('',(#12829));
#10429=EDGE_CURVE('NONE',#11002,#12830,#12831,.T.);
#10430=EDGE_CURVE('NONE',#12830,#12798,#12832,.T.);
#10431=FILL_AREA_STYLE('',(#12833));
#10432=EDGE_CURVE('NONE',#12834,#12835,#12836,.T.);
#10433=EDGE_CURVE('NONE',#12835,#12837,#12838,.T.);
#10434=EDGE_CURVE('NONE',#12839,#12837,#12840,.T.);
#10435=EDGE_CURVE('NONE',#12839,#12834,#12841,.T.);
#10436=FILL_AREA_STYLE('',(#12842));
#10437=EDGE_CURVE('NONE',#12843,#12844,#12845,.T.);
#10438=EDGE_CURVE('NONE',#12844,#12846,#12847,.T.);
#10439=EDGE_CURVE('NONE',#12848,#12846,#12849,.T.);
#10440=EDGE_CURVE('NONE',#12848,#12843,#12850,.T.);
#10441=FILL_AREA_STYLE('',(#12851));
#10442=EDGE_CURVE('NONE',#11049,#12543,#12852,.T.);
#10443=EDGE_CURVE('NONE',#11047,#12545,#12853,.T.);
#10444=FILL_AREA_STYLE('',(#12854));
#10445=FILL_AREA_STYLE('',(#12855));
#10446=EDGE_CURVE('NONE',#11052,#12552,#12856,.T.);
#10447=FILL_AREA_STYLE('',(#12857));
#10448=EDGE_CURVE('NONE',#12556,#11054,#12858,.T.);
#10449=FILL_AREA_STYLE('',(#12859));
#10450=EDGE_CURVE('NONE',#12560,#11056,#12860,.T.);
#10451=FILL_AREA_STYLE('',(#12861));
#10452=FILL_AREA_STYLE('',(#12862));
#10453=EDGE_CURVE('NONE',#12568,#11045,#12863,.T.);
#10454=FILL_AREA_STYLE('',(#12864));
#10455=FILL_AREA_STYLE('',(#12865));
#10456=EDGE_CURVE('NONE',#11063,#12574,#12866,.T.);
#10457=EDGE_CURVE('NONE',#11061,#12576,#12867,.T.);
#10458=FILL_AREA_STYLE('',(#12868));
#10459=EDGE_CURVE('NONE',#12580,#11065,#12869,.T.);
#10460=FILL_AREA_STYLE('',(#12870));
#10461=FILL_AREA_STYLE('',(#12871));
#10462=EDGE_CURVE('NONE',#12587,#11068,#12872,.T.);
#10463=FILL_AREA_STYLE('',(#12873));
#10464=EDGE_CURVE('NONE',#12592,#11070,#12874,.T.);
#10465=FILL_AREA_STYLE('',(#12875));
#10466=EDGE_CURVE('NONE',#11059,#12596,#12876,.T.);
#10467=FILL_AREA_STYLE('',(#12877));
#10468=FILL_AREA_STYLE('',(#12878));
#10469=FILL_AREA_STYLE('',(#12879));
#10470=EDGE_CURVE('NONE',#12880,#12881,#12882,.T.);
#10471=EDGE_CURVE('NONE',#12881,#12883,#12884,.T.);
#10472=EDGE_CURVE('NONE',#12885,#12883,#12886,.T.);
#10473=EDGE_CURVE('NONE',#12885,#12880,#12887,.T.);
#10474=FILL_AREA_STYLE('',(#12888));
#10475=EDGE_CURVE('NONE',#12889,#12890,#12891,.T.);
#10476=EDGE_CURVE('NONE',#12890,#12892,#12893,.T.);
#10477=EDGE_CURVE('NONE',#12894,#12892,#12895,.T.);
#10478=EDGE_CURVE('NONE',#12894,#12889,#12896,.T.);
#10479=FILL_AREA_STYLE('',(#12897));
#10480=EDGE_CURVE('NONE',#11095,#12898,#12899,.T.);
#10481=EDGE_CURVE('NONE',#12805,#12900,#12901,.T.);
#10482=EDGE_CURVE('NONE',#12900,#12898,#12902,.T.);
#10483=FILL_AREA_STYLE('',(#12903));
#10484=EDGE_CURVE('NONE',#12640,#11091,#12904,.T.);
#10485=EDGE_CURVE('NONE',#11095,#12905,#12906,.T.);
#10486=EDGE_CURVE('NONE',#12907,#12905,#12908,.T.);
#10487=EDGE_CURVE('NONE',#12907,#12909,#12910,.T.);
#10488=EDGE_CURVE('NONE',#12909,#12640,#12911,.T.);
#10489=FILL_AREA_STYLE('',(#12912));
#10490=EDGE_CURVE('NONE',#12898,#12913,#12914,.T.);
#10491=EDGE_CURVE('NONE',#12913,#11095,#12915,.T.);
#10492=FILL_AREA_STYLE('',(#12916));
#10493=EDGE_CURVE('NONE',#12917,#12905,#12918,.T.);
#10494=EDGE_CURVE('NONE',#12905,#12919,#12920,.T.);
#10495=EDGE_CURVE('NONE',#12919,#12917,#12921,.T.);
#10496=FILL_AREA_STYLE('',(#12922));
#10497=EDGE_CURVE('NONE',#12923,#12924,#12925,.T.);
#10498=EDGE_CURVE('NONE',#12923,#12909,#12926,.T.);
#10499=EDGE_CURVE('NONE',#12907,#12924,#12927,.T.);
#10500=FILL_AREA_STYLE('',(#12928));
#10501=EDGE_CURVE('NONE',#12929,#12930,#12931,.T.);
#10502=EDGE_CURVE('NONE',#12930,#12929,#12932,.T.);
#10503=FILL_AREA_STYLE('',(#12933));
#10504=EDGE_CURVE('NONE',#12934,#12935,#12936,.T.);
#10505=EDGE_CURVE('NONE',#12935,#12934,#12937,.T.);
#10506=FILL_AREA_STYLE('',(#12938));
#10507=EDGE_CURVE('NONE',#12939,#12923,#12940,.T.);
#10508=EDGE_CURVE('NONE',#12939,#12638,#12941,.T.);
#10509=FILL_AREA_STYLE('',(#12942));
#10510=EDGE_CURVE('NONE',#12638,#12646,#12943,.T.);
#10511=FILL_AREA_STYLE('',(#12944));
#10512=EDGE_CURVE('NONE',#12646,#12945,#12946,.T.);
#10513=EDGE_CURVE('NONE',#12945,#12650,#12947,.T.);
#10514=FILL_AREA_STYLE('',(#12948));
#10515=EDGE_CURVE('NONE',#12945,#12949,#12950,.T.);
#10516=EDGE_CURVE('NONE',#12951,#12949,#12952,.T.);
#10517=EDGE_CURVE('NONE',#12651,#12951,#12953,.T.);
#10518=FILL_AREA_STYLE('',(#12954));
#10519=EDGE_CURVE('NONE',#12955,#12956,#12957,.T.);
#10520=EDGE_CURVE('NONE',#12956,#12686,#12958,.T.);
#10521=EDGE_CURVE('NONE',#12955,#12691,#12959,.T.);
#10522=FILL_AREA_STYLE('',(#12960));
#10523=EDGE_CURVE('NONE',#12956,#12961,#12962,.T.);
#10524=EDGE_CURVE('NONE',#12961,#12687,#12963,.T.);
#10525=FILL_AREA_STYLE('',(#12964));
#10526=EDGE_CURVE('NONE',#12961,#12965,#12966,.T.);
#10527=EDGE_CURVE('NONE',#12689,#12965,#12967,.T.);
#10528=FILL_AREA_STYLE('',(#12968));
#10529=EDGE_CURVE('NONE',#12969,#12970,#12971,.T.);
#10530=EDGE_CURVE('NONE',#12970,#12695,#12972,.T.);
#10531=EDGE_CURVE('NONE',#12969,#12700,#12973,.T.);
#10532=FILL_AREA_STYLE('',(#12974));
#10533=EDGE_CURVE('NONE',#12970,#12975,#12976,.T.);
#10534=EDGE_CURVE('NONE',#12975,#12696,#12977,.T.);
#10535=FILL_AREA_STYLE('',(#12978));
#10536=EDGE_CURVE('NONE',#12975,#12979,#12980,.T.);
#10537=EDGE_CURVE('NONE',#12698,#12979,#12981,.T.);
#10538=FILL_AREA_STYLE('',(#12982));
#10539=EDGE_CURVE('NONE',#12682,#12951,#12983,.T.);
#10540=EDGE_CURVE('NONE',#12949,#12955,#12984,.T.);
#10541=EDGE_CURVE('NONE',#12965,#12969,#12985,.T.);
#10542=EDGE_CURVE('NONE',#12979,#12986,#12987,.T.);
#10543=EDGE_CURVE('NONE',#12986,#12757,#12988,.T.);
#10544=EDGE_CURVE('NONE',#12755,#12989,#12990,.T.);
#10545=EDGE_CURVE('NONE',#12989,#12991,#12992,.T.);
#10546=EDGE_CURVE('NONE',#12991,#12766,#12993,.T.);
#10547=EDGE_CURVE('NONE',#12764,#12994,#12995,.T.);
#10548=EDGE_CURVE('NONE',#12994,#12996,#12997,.T.);
#10549=EDGE_CURVE('NONE',#12996,#12998,#12999,.T.);
#10550=EDGE_CURVE('NONE',#12998,#12656,#13000,.T.);
#10551=FILL_AREA_STYLE('',(#13001));
#10552=EDGE_CURVE('NONE',#12986,#13002,#13003,.T.);
#10553=EDGE_CURVE('NONE',#13002,#12752,#13004,.T.);
#10554=FILL_AREA_STYLE('',(#13005));
#10555=EDGE_CURVE('NONE',#13002,#13006,#13007,.T.);
#10556=EDGE_CURVE('NONE',#13006,#12753,#13008,.T.);
#10557=FILL_AREA_STYLE('',(#13009));
#10558=EDGE_CURVE('NONE',#13006,#12989,#13010,.T.);
#10559=FILL_AREA_STYLE('',(#13011));
#10560=EDGE_CURVE('NONE',#12991,#13012,#13013,.T.);
#10561=EDGE_CURVE('NONE',#13012,#12761,#13014,.T.);
#10562=FILL_AREA_STYLE('',(#13015));
#10563=EDGE_CURVE('NONE',#13012,#13016,#13017,.T.);
#10564=EDGE_CURVE('NONE',#13016,#12762,#13018,.T.);
#10565=FILL_AREA_STYLE('',(#13019));
#10566=EDGE_CURVE('NONE',#13016,#12994,#13020,.T.);
#10567=FILL_AREA_STYLE('',(#13021));
#10568=EDGE_CURVE('NONE',#12996,#13022,#13023,.T.);
#10569=EDGE_CURVE('NONE',#13022,#12772,#13024,.T.);
#10570=EDGE_CURVE('NONE',#12998,#12658,#13025,.T.);
#10571=FILL_AREA_STYLE('',(#13026));
#10572=EDGE_CURVE('NONE',#13022,#12776,#13027,.T.);
#10573=FILL_AREA_STYLE('',(#13028));
#10574=EDGE_CURVE('NONE',#12776,#12780,#13029,.T.);
#10575=FILL_AREA_STYLE('',(#13030));
#10576=EDGE_CURVE('NONE',#13031,#13032,#13033,.T.);
#10577=EDGE_CURVE('NONE',#12352,#13032,#13034,.T.);
#10578=EDGE_CURVE('NONE',#12780,#13031,#13035,.T.);
#10579=FILL_AREA_STYLE('',(#13036));
#10580=EDGE_CURVE('NONE',#13032,#13037,#13038,.T.);
#10581=EDGE_CURVE('NONE',#13031,#13039,#13040,.T.);
#10582=EDGE_CURVE('NONE',#13039,#13037,#13041,.T.);
#10583=FILL_AREA_STYLE('',(#13042));
#10584=EDGE_CURVE('NONE',#13039,#12787,#13043,.T.);
#10585=EDGE_CURVE('NONE',#12355,#13037,#13044,.T.);
#10586=FILL_AREA_STYLE('',(#13045));
#10587=EDGE_CURVE('NONE',#12787,#12793,#13046,.T.);
#10588=FILL_AREA_STYLE('',(#13047));
#10589=EDGE_CURVE('NONE',#12793,#13048,#13049,.T.);
#10590=EDGE_CURVE('NONE',#13048,#12797,#13050,.T.);
#10591=FILL_AREA_STYLE('',(#13051));
#10592=EDGE_CURVE('NONE',#13048,#13052,#13053,.T.);
#10593=EDGE_CURVE('NONE',#13054,#13052,#13055,.T.);
#10594=EDGE_CURVE('NONE',#12798,#13054,#13056,.T.);
#10595=FILL_AREA_STYLE('',(#13057));
#10596=EDGE_CURVE('NONE',#13058,#13059,#13060,.T.);
#10597=EDGE_CURVE('NONE',#13059,#12834,#13061,.T.);
#10598=EDGE_CURVE('NONE',#13058,#12839,#13062,.T.);
#10599=FILL_AREA_STYLE('',(#13063));
#10600=EDGE_CURVE('NONE',#13059,#13064,#13065,.T.);
#10601=EDGE_CURVE('NONE',#13064,#12835,#13066,.T.);
#10602=FILL_AREA_STYLE('',(#13067));
#10603=EDGE_CURVE('NONE',#13064,#13068,#13069,.T.);
#10604=EDGE_CURVE('NONE',#12837,#13068,#13070,.T.);
#10605=FILL_AREA_STYLE('',(#13071));
#10606=EDGE_CURVE('NONE',#13072,#13073,#13074,.T.);
#10607=EDGE_CURVE('NONE',#13073,#12843,#13075,.T.);
#10608=EDGE_CURVE('NONE',#13072,#12848,#13076,.T.);
#10609=FILL_AREA_STYLE('',(#13077));
#10610=EDGE_CURVE('NONE',#13073,#13078,#13079,.T.);
#10611=EDGE_CURVE('NONE',#13078,#12844,#13080,.T.);
#10612=FILL_AREA_STYLE('',(#13081));
#10613=EDGE_CURVE('NONE',#13078,#13082,#13083,.T.);
#10614=EDGE_CURVE('NONE',#12846,#13082,#13084,.T.);
#10615=FILL_AREA_STYLE('',(#13085));
#10616=EDGE_CURVE('NONE',#12830,#13054,#13086,.T.);
#10617=EDGE_CURVE('NONE',#13052,#13058,#13087,.T.);
#10618=EDGE_CURVE('NONE',#13068,#13072,#13088,.T.);
#10619=EDGE_CURVE('NONE',#13082,#13089,#13090,.T.);
#10620=EDGE_CURVE('NONE',#13089,#12885,#13091,.T.);
#10621=EDGE_CURVE('NONE',#12883,#13092,#13093,.T.);
#10622=EDGE_CURVE('NONE',#13092,#13094,#13095,.T.);
#10623=EDGE_CURVE('NONE',#13094,#12894,#13096,.T.);
#10624=EDGE_CURVE('NONE',#12892,#13097,#13098,.T.);
#10625=EDGE_CURVE('NONE',#13097,#13099,#13100,.T.);
#10626=EDGE_CURVE('NONE',#13099,#13101,#13102,.T.);
#10627=EDGE_CURVE('NONE',#13101,#12803,#13103,.T.);
#10628=FILL_AREA_STYLE('',(#13104));
#10629=EDGE_CURVE('NONE',#13089,#13105,#13106,.T.);
#10630=EDGE_CURVE('NONE',#13105,#12880,#13107,.T.);
#10631=FILL_AREA_STYLE('',(#13108));
#10632=EDGE_CURVE('NONE',#13105,#13109,#13110,.T.);
#10633=EDGE_CURVE('NONE',#13109,#12881,#13111,.T.);
#10634=FILL_AREA_STYLE('',(#13112));
#10635=EDGE_CURVE('NONE',#13109,#13092,#13113,.T.);
#10636=FILL_AREA_STYLE('',(#13114));
#10637=EDGE_CURVE('NONE',#13094,#13115,#13116,.T.);
#10638=EDGE_CURVE('NONE',#13115,#12889,#13117,.T.);
#10639=FILL_AREA_STYLE('',(#13118));
#10640=EDGE_CURVE('NONE',#13115,#13119,#13120,.T.);
#10641=EDGE_CURVE('NONE',#13119,#12890,#13121,.T.);
#10642=FILL_AREA_STYLE('',(#13122));
#10643=EDGE_CURVE('NONE',#13119,#13097,#13123,.T.);
#10644=FILL_AREA_STYLE('',(#13124));
#10645=EDGE_CURVE('NONE',#13099,#13125,#13126,.T.);
#10646=EDGE_CURVE('NONE',#13125,#12900,#13127,.T.);
#10647=EDGE_CURVE('NONE',#13101,#12805,#13128,.T.);
#10648=FILL_AREA_STYLE('',(#13129));
#10649=EDGE_CURVE('NONE',#13125,#12913,#13130,.T.);
#10650=FILL_AREA_STYLE('',(#13131));
#10651=EDGE_CURVE('NONE',#12913,#12919,#13132,.T.);
#10652=FILL_AREA_STYLE('',(#13133));
#10653=EDGE_CURVE('NONE',#12919,#13134,#13135,.T.);
#10654=EDGE_CURVE('NONE',#12924,#13134,#13136,.T.);
#10655=FILL_AREA_STYLE('',(#13137));
#10656=EDGE_CURVE('NONE',#13134,#12939,#13138,.T.);
#10657=FILL_AREA_STYLE('',(#13139));
#10658=EDGE_CURVE('NONE',#13140,#12930,#13141,.T.);
#10659=EDGE_CURVE('NONE',#13140,#13142,#13143,.T.);
#10660=EDGE_CURVE('NONE',#12929,#13142,#13144,.T.);
#10661=FILL_AREA_STYLE('',(#13145));
#10662=EDGE_CURVE('NONE',#13142,#13140,#13146,.T.);
#10663=FILL_AREA_STYLE('',(#13147));
#10664=EDGE_CURVE('NONE',#13148,#12935,#13149,.T.);
#10665=EDGE_CURVE('NONE',#13148,#13150,#13151,.T.);
#10666=EDGE_CURVE('NONE',#12934,#13150,#13152,.T.);
#10667=FILL_AREA_STYLE('',(#13153));
#10668=EDGE_CURVE('NONE',#13150,#13148,#13154,.T.);
#10669=FILL_AREA_STYLE('',(#13155));
#10670=EDGE_CURVE('NONE',#13156,#13157,#13158,.T.);
#10671=EDGE_CURVE('NONE',#13157,#13156,#13159,.T.);
#10672=FILL_AREA_STYLE('',(#13160));
#10673=EDGE_CURVE('NONE',#13161,#13157,#13162,.T.);
#10674=EDGE_CURVE('NONE',#13156,#13163,#13164,.T.);
#10675=EDGE_CURVE('NONE',#13163,#13161,#13165,.T.);
#10676=FILL_AREA_STYLE('',(#13166));
#10677=EDGE_CURVE('NONE',#13161,#13163,#13167,.T.);
#10678=FILL_AREA_STYLE('',(#13168));
#10679=EDGE_CURVE('NONE',#13169,#13170,#13171,.T.);
#10680=EDGE_CURVE('NONE',#13170,#13161,#13172,.T.);
#10681=EDGE_CURVE('NONE',#13163,#13169,#13173,.T.);
#10682=FILL_AREA_STYLE('',(#13174));
#10683=EDGE_CURVE('NONE',#13170,#13169,#13175,.T.);
#10684=FILL_AREA_STYLE('',(#13176));
#10685=EDGE_CURVE('NONE',#13177,#13178,#13179,.T.);
#10686=EDGE_CURVE('NONE',#13177,#13170,#13180,.T.);
#10687=EDGE_CURVE('NONE',#13169,#13178,#13181,.T.);
#10688=FILL_AREA_STYLE('',(#13182));
#10689=EDGE_CURVE('NONE',#13178,#13177,#13183,.T.);
#10690=FILL_AREA_STYLE('',(#13184));
#10691=EDGE_CURVE('NONE',#13185,#13186,#13187,.T.);
#10692=EDGE_CURVE('NONE',#13186,#13185,#13188,.T.);
#10693=FILL_AREA_STYLE('',(#13189));
#10694=EDGE_CURVE('NONE',#13190,#13191,#13192,.T.);
#10695=EDGE_CURVE('NONE',#13191,#13185,#13193,.T.);
#10696=EDGE_CURVE('NONE',#13186,#13190,#13194,.T.);
#10697=FILL_AREA_STYLE('',(#13195));
#10698=EDGE_CURVE('NONE',#13191,#13190,#13196,.T.);
#10699=FILL_AREA_STYLE('',(#13197));
#10700=EDGE_CURVE('NONE',#10795,#10797,#13198,.T.);
#10701=FILL_AREA_STYLE('',(#13199));
#10702=FILL_AREA_STYLE('',(#13200));
#10703=EDGE_CURVE('NONE',#13201,#10789,#13202,.T.);
#10704=EDGE_CURVE('NONE',#13201,#10781,#13203,.T.);
#10705=FILL_AREA_STYLE('',(#13204));
#10706=EDGE_CURVE('NONE',#10800,#13201,#13205,.T.);
#10707=FILL_AREA_STYLE('',(#13206));
#10708=EDGE_CURVE('NONE',#10802,#10804,#13207,.T.);
#10709=FILL_AREA_STYLE('',(#13208));
#10710=FILL_AREA_STYLE('',(#13209));
#10711=EDGE_LOOP('',(#13210,#13211,#13212,#13213));
#10712=AXIS2_PLACEMENT_3D('',#13214,#13215,#13216);
#10713=EDGE_LOOP('',(#13217,#13218,#13219,#13220));
#10714=AXIS2_PLACEMENT_3D('',#13221,#13222,#13223);
#10715=EDGE_LOOP('',(#13224,#13225,#13226));
#10716=AXIS2_PLACEMENT_3D('',#13227,#13228,#13229);
#10717=EDGE_LOOP('',(#13230,#13231,#13232));
#10718=AXIS2_PLACEMENT_3D('',#13233,#13234,#13235);
#10719=EDGE_LOOP('',(#13236,#13237,#13238,#13239));
#10720=AXIS2_PLACEMENT_3D('',#13240,#13241,#13242);
#10721=EDGE_LOOP('',(#13243,#13244,#13245));
#10722=AXIS2_PLACEMENT_3D('',#13246,#13247,#13248);
#10723=EDGE_LOOP('',(#13249,#13250,#13251));
#10724=AXIS2_PLACEMENT_3D('',#13252,#13253,#13254);
#10725=FILL_AREA_STYLE_COLOUR('',#13255);
#10726=VERTEX_POINT('',#13256);
#10727=VERTEX_POINT('',#13257);
#10728=LINE('',#13258,#13259);
#10729=VERTEX_POINT('NONE',#13260);
#10730=CIRCLE('',#13261,0.6);
#10731=VERTEX_POINT('NONE',#13262);
#10732=LINE('',#13263,#13264);
#10733=CIRCLE('',#13265,0.6);
#10734=FILL_AREA_STYLE_COLOUR('',#13266);
#10735=VERTEX_POINT('',#13267);
#10736=VERTEX_POINT('',#13268);
#10737=LINE('',#13269,#13270);
#10738=VERTEX_POINT('NONE',#13271);
#10739=CIRCLE('',#13272,0.7);
#10740=VERTEX_POINT('NONE',#13273);
#10741=LINE('',#13274,#13275);
#10742=CIRCLE('',#13276,0.7);
#10743=FILL_AREA_STYLE_COLOUR('',#13277);
#10744=VERTEX_POINT('',#13278);
#10745=VERTEX_POINT('',#13279);
#10746=LINE('',#13280,#13281);
#10747=VERTEX_POINT('NONE',#13282);
#10748=CIRCLE('',#13283,0.600000000000001);
#10749=VERTEX_POINT('NONE',#13284);
#10750=LINE('',#13285,#13286);
#10751=CIRCLE('',#13287,0.6);
#10752=FILL_AREA_STYLE_COLOUR('',#13288);
#10753=VERTEX_POINT('',#13289);
#10754=VERTEX_POINT('',#13290);
#10755=LINE('',#13291,#13292);
#10756=VERTEX_POINT('NONE',#13293);
#10757=CIRCLE('',#13294,0.999999999558434);
#10758=VERTEX_POINT('NONE',#13295);
#10759=LINE('',#13296,#13297);
#10760=CIRCLE('',#13298,0.999999999558434);
#10761=FILL_AREA_STYLE_COLOUR('',#13299);
#10762=VERTEX_POINT('',#13300);
#10763=VERTEX_POINT('',#13301);
#10764=LINE('',#13302,#13303);
#10765=VERTEX_POINT('NONE',#13304);
#10766=CIRCLE('',#13305,0.2);
#10767=VERTEX_POINT('NONE',#13306);
#10768=LINE('',#13307,#13308);
#10769=CIRCLE('',#13309,0.2);
#10770=FILL_AREA_STYLE_COLOUR('',#13310);
#10771=VERTEX_POINT('',#13311);
#10772=VERTEX_POINT('',#13312);
#10773=LINE('',#13313,#13314);
#10774=VERTEX_POINT('NONE',#13315);
#10775=CIRCLE('',#13316,0.2);
#10776=VERTEX_POINT('NONE',#13317);
#10777=LINE('',#13318,#13319);
#10778=CIRCLE('',#13320,0.2);
#10779=FILL_AREA_STYLE_COLOUR('',#13321);
#10780=VERTEX_POINT('NONE',#13322);
#10781=VERTEX_POINT('NONE',#13323);
#10782=CIRCLE('',#13324,2.0);
#10783=VERTEX_POINT('NONE',#13325);
#10784=LINE('',#13326,#13327);
#10785=VERTEX_POINT('NONE',#13328);
#10786=CIRCLE('',#13329,3.0);
#10787=B_SPLINE_CURVE_WITH_KNOTS('',3,(#13330,#13331,#13332,#13333,#13334,#13335),.UNSPECIFIED.,.F.,.F.,(4,2,4),(0.00980428986769684,0.0106147910102298,0.0114252921527628),.UNSPECIFIED.);
#10788=FILL_AREA_STYLE_COLOUR('',#13336);
#10789=VERTEX_POINT('NONE',#13337);
#10790=CIRCLE('',#13338,2.0);
#10791=VERTEX_POINT('NONE',#13339);
#10792=LINE('',#13340,#13341);
#10793=CIRCLE('',#13342,3.0);
#10794=FILL_AREA_STYLE_COLOUR('',#13343);
#10795=VERTEX_POINT('NONE',#13344);
#10796=LINE('',#13345,#13346);
#10797=VERTEX_POINT('NONE',#13347);
#10798=CIRCLE('',#13348,3.0);
#10799=LINE('',#13349,#13350);
#10800=VERTEX_POINT('NONE',#13351);
#10801=CIRCLE('',#13352,3.0);
#10802=VERTEX_POINT('NONE',#13353);
#10803=LINE('',#13354,#13355);
#10804=VERTEX_POINT('NONE',#13356);
#10805=CIRCLE('',#13357,3.0);
#10806=LINE('',#13358,#13359);
#10807=FILL_AREA_STYLE_COLOUR('',#13360);
#10808=VERTEX_POINT('NONE',#13361);
#10809=VERTEX_POINT('NONE',#13362);
#10810=CIRCLE('',#13363,0.375);
#10811=VERTEX_POINT('NONE',#13364);
#10812=LINE('',#13365,#13366);
#10813=VERTEX_POINT('NONE',#13367);
#10814=CIRCLE('',#13368,0.375000000121538);
#10815=LINE('',#13369,#13370);
#10816=FILL_AREA_STYLE_COLOUR('',#13371);
#10817=VERTEX_POINT('NONE',#13372);
#10818=VERTEX_POINT('NONE',#13373);
#10819=CIRCLE('',#13374,0.225);
#10820=VERTEX_POINT('NONE',#13375);
#10821=LINE('',#13376,#13377);
#10822=VERTEX_POINT('NONE',#13378);
#10823=CIRCLE('',#13379,0.225000000121538);
#10824=LINE('',#13380,#13381);
#10825=FILL_AREA_STYLE_COLOUR('',#13382);
#10826=VERTEX_POINT('NONE',#13383);
#10827=VERTEX_POINT('NONE',#13384);
#10828=CIRCLE('',#13385,0.225);
#10829=VERTEX_POINT('NONE',#13386);
#10830=LINE('',#13387,#13388);
#10831=VERTEX_POINT('NONE',#13389);
#10832=CIRCLE('',#13390,0.225000000121537);
#10833=LINE('',#13391,#13392);
#10834=FILL_AREA_STYLE_COLOUR('',#13393);
#10835=VERTEX_POINT('NONE',#13394);
#10836=VERTEX_POINT('NONE',#13395);
#10837=CIRCLE('',#13396,0.375);
#10838=VERTEX_POINT('NONE',#13397);
#10839=LINE('',#13398,#13399);
#10840=VERTEX_POINT('NONE',#13400);
#10841=CIRCLE('',#13401,0.375000000121538);
#10842=LINE('',#13402,#13403);
#10843=FILL_AREA_STYLE_COLOUR('',#13404);
#10844=VERTEX_POINT('NONE',#13405);
#10845=VERTEX_POINT('NONE',#13406);
#10846=CIRCLE('',#13407,0.374999999866269);
#10847=VERTEX_POINT('NONE',#13408);
#10848=LINE('',#13409,#13410);
#10849=VERTEX_POINT('NONE',#13411);
#10850=B_SPLINE_CURVE_WITH_KNOTS('',3,(#13412,#13413,#13414,#13415,#13416,#13417),.UNSPECIFIED.,.F.,.F.,(4,2,4),(1.27714574205361E-13,0.000122918108728498,0.000245836217329281),.UNSPECIFIED.);
#10851=VERTEX_POINT('NONE',#13418);
#10852=(B_SPLINE_CURVE(3,(#13420,#13421,#13422,#13423),.UNSPECIFIED.,.F.,.F.)B_SPLINE_CURVE_WITH_KNOTS((4,4),(3.78509376293235,4.11112476409499),.UNSPECIFIED.)RATIONAL_B_SPLINE_CURVE((1.0,0.991161580942203,0.991161580942203,1.0))BOUNDED_CURVE()REPRESENTATION_ITEM('')GEOMETRIC_REPRESENTATION_ITEM()CURVE());
#10853=LINE('',#13430,#13431);
#10854=FILL_AREA_STYLE_COLOUR('',#13432);
#10855=VERTEX_POINT('NONE',#13433);
#10856=VERTEX_POINT('NONE',#13434);
#10857=LINE('',#13435,#13436);
#10858=VERTEX_POINT('NONE',#13437);
#10859=LINE('',#13438,#13439);
#10860=VERTEX_POINT('NONE',#13440);
#10861=LINE('',#13441,#13442);
#10862=VERTEX_POINT('NONE',#13443);
#10863=LINE('',#13444,#13445);
#10864=VERTEX_POINT('NONE',#13446);
#10865=LINE('',#13447,#13448);
#10866=LINE('',#13449,#13450);
#10867=FILL_AREA_STYLE_COLOUR('',#13451);
#10868=VERTEX_POINT('NONE',#13452);
#10869=VERTEX_POINT('NONE',#13453);
#10870=LINE('',#13454,#13455);
#10871=VERTEX_POINT('NONE',#13456);
#10872=LINE('',#13457,#13458);
#10873=VERTEX_POINT('NONE',#13459);
#10874=LINE('',#13460,#13461);
#10875=VERTEX_POINT('NONE',#13462);
#10876=LINE('',#13463,#13464);
#10877=VERTEX_POINT('NONE',#13465);
#10878=LINE('',#13466,#13467);
#10879=LINE('',#13468,#13469);
#10880=FILL_AREA_STYLE_COLOUR('',#13470);
#10881=VERTEX_POINT('NONE',#13471);
#10882=VERTEX_POINT('NONE',#13472);
#10883=LINE('',#13473,#13474);
#10884=VERTEX_POINT('NONE',#13475);
#10885=LINE('',#13476,#13477);
#10886=VERTEX_POINT('NONE',#13478);
#10887=LINE('',#13479,#13480);
#10888=VERTEX_POINT('NONE',#13481);
#10889=LINE('',#13482,#13483);
#10890=VERTEX_POINT('NONE',#13484);
#10891=LINE('',#13485,#13486);
#10892=LINE('',#13487,#13488);
#10893=FILL_AREA_STYLE_COLOUR('',#13489);
#10894=VERTEX_POINT('NONE',#13490);
#10895=VERTEX_POINT('NONE',#13491);
#10896=LINE('',#13492,#13493);
#10897=VERTEX_POINT('NONE',#13494);
#10898=LINE('',#13495,#13496);
#10899=VERTEX_POINT('NONE',#13497);
#10900=LINE('',#13498,#13499);
#10901=VERTEX_POINT('NONE',#13500);
#10902=LINE('',#13501,#13502);
#10903=VERTEX_POINT('NONE',#13503);
#10904=LINE('',#13504,#13505);
#10905=LINE('',#13506,#13507);
#10906=FILL_AREA_STYLE_COLOUR('',#13508);
#10907=VERTEX_POINT('NONE',#13509);
#10908=CIRCLE('',#13510,1.0);
#10909=VERTEX_POINT('NONE',#13511);
#10910=LINE('',#13512,#13513);
#10911=CIRCLE('',#13514,1.0);
#10912=FILL_AREA_STYLE_COLOUR('',#13515);
#10913=VERTEX_POINT('NONE',#13516);
#10914=LINE('',#13517,#13518);
#10915=VERTEX_POINT('NONE',#13519);
#10916=LINE('',#13520,#13521);
#10917=VERTEX_POINT('NONE',#13522);
#10918=LINE('',#13523,#13524);
#10919=VERTEX_POINT('NONE',#13525);
#10920=LINE('',#13526,#13527);
#10921=VERTEX_POINT('NONE',#13528);
#10922=LINE('',#13529,#13530);
#10923=VERTEX_POINT('NONE',#13531);
#10924=LINE('',#13532,#13533);
#10925=VERTEX_POINT('NONE',#13534);
#10926=LINE('',#13535,#13536);
#10927=VERTEX_POINT('NONE',#13537);
#10928=LINE('',#13538,#13539);
#10929=VERTEX_POINT('NONE',#13540);
#10930=LINE('',#13541,#13542);
#10931=VERTEX_POINT('NONE',#13543);
#10932=LINE('',#13544,#13545);
#10933=VERTEX_POINT('NONE',#13546);
#10934=LINE('',#13547,#13548);
#10935=VERTEX_POINT('NONE',#13549);
#10936=LINE('',#13550,#13551);
#10937=VERTEX_POINT('NONE',#13552);
#10938=LINE('',#13553,#13554);
#10939=VERTEX_POINT('NONE',#13555);
#10940=LINE('',#13556,#13557);
#10941=VERTEX_POINT('NONE',#13558);
#10942=LINE('',#13559,#13560);
#10943=VERTEX_POINT('NONE',#13561);
#10944=LINE('',#13562,#13563);
#10945=VERTEX_POINT('NONE',#13564);
#10946=LINE('',#13565,#13566);
#10947=VERTEX_POINT('NONE',#13567);
#10948=LINE('',#13568,#13569);
#10949=LINE('',#13570,#13571);
#10950=VERTEX_POINT('NONE',#13572);
#10951=VERTEX_POINT('NONE',#13573);
#10952=LINE('',#13574,#13575);
#10953=VERTEX_POINT('NONE',#13576);
#10954=LINE('',#13577,#13578);
#10955=VERTEX_POINT('NONE',#13579);
#10956=LINE('',#13580,#13581);
#10957=LINE('',#13582,#13583);
#10958=VERTEX_POINT('NONE',#13584);
#10959=VERTEX_POINT('NONE',#13585);
#10960=CIRCLE('',#13586,0.375000000213287);
#10961=VERTEX_POINT('NONE',#13587);
#10962=LINE('',#13588,#13589);
#10963=VERTEX_POINT('NONE',#13590);
#10964=LINE('',#13591,#13592);
#10965=VERTEX_POINT('NONE',#13593);
#10966=LINE('',#13594,#13595);
#10967=VERTEX_POINT('NONE',#13596);
#10968=CIRCLE('',#13597,0.225);
#10969=VERTEX_POINT('NONE',#13598);
#10970=CIRCLE('',#13599,0.225);
#10971=VERTEX_POINT('NONE',#13600);
#10972=LINE('',#13601,#13602);
#10973=VERTEX_POINT('NONE',#13603);
#10974=LINE('',#13604,#13605);
#10975=VERTEX_POINT('NONE',#13606);
#10976=LINE('',#13607,#13608);
#10977=CIRCLE('',#13609,0.375000000213287);
#10978=VERTEX_POINT('NONE',#13610);
#10979=VERTEX_POINT('NONE',#13611);
#10980=CIRCLE('',#13612,0.375000000213287);
#10981=VERTEX_POINT('NONE',#13613);
#10982=CIRCLE('',#13614,0.375000000213287);
#10983=VERTEX_POINT('NONE',#13615);
#10984=LINE('',#13616,#13617);
#10985=VERTEX_POINT('NONE',#13618);
#10986=LINE('',#13619,#13620);
#10987=VERTEX_POINT('NONE',#13621);
#10988=LINE('',#13622,#13623);
#10989=VERTEX_POINT('NONE',#13624);
#10990=CIRCLE('',#13625,0.225);
#10991=VERTEX_POINT('NONE',#13626);
#10992=CIRCLE('',#13627,0.225);
#10993=VERTEX_POINT('NONE',#13628);
#10994=LINE('',#13629,#13630);
#10995=VERTEX_POINT('NONE',#13631);
#10996=LINE('',#13632,#13633);
#10997=LINE('',#13634,#13635);
#10998=FILL_AREA_STYLE_COLOUR('',#13636);
#10999=CIRCLE('',#13637,1.0);
#11000=CIRCLE('',#13638,1.0);
#11001=FILL_AREA_STYLE_COLOUR('',#13639);
#11002=VERTEX_POINT('NONE',#13640);
#11003=CIRCLE('',#13641,1.0);
#11004=VERTEX_POINT('NONE',#13642);
#11005=LINE('',#13643,#13644);
#11006=CIRCLE('',#13645,1.0);
#11007=FILL_AREA_STYLE_COLOUR('',#13646);
#11008=VERTEX_POINT('NONE',#13647);
#11009=LINE('',#13648,#13649);
#11010=VERTEX_POINT('NONE',#13650);
#11011=LINE('',#13651,#13652);
#11012=VERTEX_POINT('NONE',#13653);
#11013=LINE('',#13654,#13655);
#11014=VERTEX_POINT('NONE',#13656);
#11015=LINE('',#13657,#13658);
#11016=VERTEX_POINT('NONE',#13659);
#11017=LINE('',#13660,#13661);
#11018=VERTEX_POINT('NONE',#13662);
#11019=LINE('',#13663,#13664);
#11020=VERTEX_POINT('NONE',#13665);
#11021=LINE('',#13666,#13667);
#11022=VERTEX_POINT('NONE',#13668);
#11023=LINE('',#13669,#13670);
#11024=VERTEX_POINT('NONE',#13671);
#11025=LINE('',#13672,#13673);
#11026=VERTEX_POINT('NONE',#13674);
#11027=LINE('',#13675,#13676);
#11028=VERTEX_POINT('NONE',#13677);
#11029=LINE('',#13678,#13679);
#11030=VERTEX_POINT('NONE',#13680);
#11031=LINE('',#13681,#13682);
#11032=VERTEX_POINT('NONE',#13683);
#11033=LINE('',#13684,#13685);
#11034=VERTEX_POINT('NONE',#13686);
#11035=LINE('',#13687,#13688);
#11036=VERTEX_POINT('NONE',#13689);
#11037=LINE('',#13690,#13691);
#11038=VERTEX_POINT('NONE',#13692);
#11039=LINE('',#13693,#13694);
#11040=VERTEX_POINT('NONE',#13695);
#11041=LINE('',#13696,#13697);
#11042=VERTEX_POINT('NONE',#13698);
#11043=LINE('',#13699,#13700);
#11044=LINE('',#13701,#13702);
#11045=VERTEX_POINT('NONE',#13703);
#11046=CIRCLE('',#13704,0.225000000121537);
#11047=VERTEX_POINT('NONE',#13705);
#11048=LINE('',#13706,#13707);
#11049=VERTEX_POINT('NONE',#13708);
#11050=LINE('',#13709,#13710);
#11051=LINE('',#13711,#13712);
#11052=VERTEX_POINT('NONE',#13713);
#11053=CIRCLE('',#13714,0.375000000121538);
#11054=VERTEX_POINT('NONE',#13715);
#11055=LINE('',#13716,#13717);
#11056=VERTEX_POINT('NONE',#13718);
#11057=LINE('',#13719,#13720);
#11058=LINE('',#13721,#13722);
#11059=VERTEX_POINT('NONE',#13723);
#11060=LINE('',#13724,#13725);
#11061=VERTEX_POINT('NONE',#13726);
#11062=CIRCLE('',#13727,0.375000000121538);
#11063=VERTEX_POINT('NONE',#13728);
#11064=LINE('',#13729,#13730);
#11065=VERTEX_POINT('NONE',#13731);
#11066=LINE('',#13732,#13733);
#11067=LINE('',#13734,#13735);
#11068=VERTEX_POINT('NONE',#13736);
#11069=CIRCLE('',#13737,0.225000000121538);
#11070=VERTEX_POINT('NONE',#13738);
#11071=LINE('',#13739,#13740);
#11072=LINE('',#13741,#13742);
#11073=FILL_AREA_STYLE_COLOUR('',#13743);
#11074=CIRCLE('',#13744,1.0);
#11075=CIRCLE('',#13745,1.0);
#11076=FILL_AREA_STYLE_COLOUR('',#13746);
#11077=VERTEX_POINT('NONE',#13747);
#11078=LINE('',#13748,#13749);
#11079=VERTEX_POINT('NONE',#13750);
#11080=LINE('',#13751,#13752);
#11081=LINE('',#13753,#13754);
#11082=FILL_AREA_STYLE_COLOUR('',#13755);
#11083=VERTEX_POINT('NONE',#13756);
#11084=LINE('',#13757,#13758);
#11085=VERTEX_POINT('NONE',#13759);
#11086=LINE('',#13760,#13761);
#11087=LINE('',#13762,#13763);
#11088=FILL_AREA_STYLE_COLOUR('',#13764);
#11089=VERTEX_POINT('NONE',#13765);
#11090=LINE('',#13766,#13767);
#11091=VERTEX_POINT('NONE',#13768);
#11092=LINE('',#13769,#13770);
#11093=LINE('',#13771,#13772);
#11094=FILL_AREA_STYLE_COLOUR('',#13773);
#11095=VERTEX_POINT('NONE',#13774);
#11096=LINE('',#13775,#13776);
#11097=VERTEX_POINT('NONE',#13777);
#11098=LINE('',#13778,#13779);
#11099=LINE('',#13780,#13781);
#11100=FILL_AREA_STYLE_COLOUR('',#13782);
#11101=VERTEX_POINT('NONE',#13783);
#11102=VERTEX_POINT('NONE',#13784);
#11103=CIRCLE('',#13785,0.225);
#11104=VERTEX_POINT('NONE',#13786);
#11105=LINE('',#13787,#13788);
#11106=VERTEX_POINT('NONE',#13789);
#11107=B_SPLINE_CURVE_WITH_KNOTS('',3,(#13790,#13791,#13792,#13793,#13794,#13795,#13796,#13797,#13798,#13799),.UNSPECIFIED.,.F.,.F.,(4,2,2,2,4),(3.14994981869198E-15,0.000145387565046581,0.000290775130090011,0.000436162695133442,0.000581550260176873),.UNSPECIFIED.);
#11108=LINE('',#13800,#13801);
#11109=FILL_AREA_STYLE_COLOUR('',#13802);
#11110=VERTEX_POINT('NONE',#13803);
#11111=LINE('',#13804,#13805);
#11112=VERTEX_POINT('NONE',#13806);
#11113=LINE('',#13807,#13808);
#11114=VERTEX_POINT('NONE',#13809);
#11115=LINE('',#13810,#13811);
#11116=VERTEX_POINT('NONE',#13812);
#11117=LINE('',#13813,#13814);
#11118=LINE('',#13815,#13816);
#11119=FILL_AREA_STYLE_COLOUR('',#13817);
#11120=VERTEX_POINT('NONE',#13818);
#11121=LINE('',#13819,#13820);
#11122=VERTEX_POINT('NONE',#13821);
#11123=LINE('',#13822,#13823);
#11124=VERTEX_POINT('NONE',#13824);
#11125=LINE('',#13825,#13826);
#11126=VERTEX_POINT('NONE',#13827);
#11127=LINE('',#13828,#13829);
#11128=LINE('',#13830,#13831);
#11129=FILL_AREA_STYLE_COLOUR('',#13832);
#11130=VERTEX_POINT('NONE',#13833);
#11131=VERTEX_POINT('NONE',#13834);
#11132=LINE('',#13835,#13836);
#11133=CIRCLE('',#13837,0.999999999558434);
#11134=VERTEX_POINT('NONE',#13838);
#11135=LINE('',#13839,#13840);
#11136=LINE('',#13841,#13842);
#11137=LINE('',#13843,#13844);
#11138=FILL_AREA_STYLE_COLOUR('',#13845);
#11139=VERTEX_POINT('NONE',#13846);
#11140=LINE('',#13847,#13848);
#11141=VERTEX_POINT('NONE',#13849);
#11142=LINE('',#13850,#13851);
#11143=VERTEX_POINT('NONE',#13852);
#11144=CIRCLE('',#13853,1.00000000006399);
#11145=VERTEX_POINT('NONE',#13854);
#11146=CIRCLE('',#13855,1.00000000006399);
#11147=VERTEX_POINT('NONE',#13856);
#11148=LINE('',#13857,#13858);
#11149=LINE('',#13859,#13860);
#11150=FILL_AREA_STYLE_COLOUR('',#13861);
#11151=VERTEX_POINT('NONE',#13862);
#11152=VERTEX_POINT('NONE',#13863);
#11153=LINE('',#13864,#13865);
#11154=VERTEX_POINT('NONE',#13866);
#11155=LINE('',#13867,#13868);
#11156=VERTEX_POINT('NONE',#13869);
#11157=LINE('',#13870,#13871);
#11158=VERTEX_POINT('NONE',#13872);
#11159=LINE('',#13873,#13874);
#11160=VERTEX_POINT('NONE',#13875);
#11161=LINE('',#13876,#13877);
#11162=LINE('',#13878,#13879);
#11163=FILL_AREA_STYLE_COLOUR('',#13880);
#11164=VERTEX_POINT('NONE',#13881);
#11165=LINE('',#13882,#13883);
#11166=VERTEX_POINT('NONE',#13884);
#11167=LINE('',#13885,#13886);
#11168=LINE('',#13887,#13888);
#11169=FILL_AREA_STYLE_COLOUR('',#13889);
#11170=VERTEX_POINT('NONE',#13890);
#11171=LINE('',#13891,#13892);
#11172=VERTEX_POINT('NONE',#13893);
#11173=LINE('',#13894,#13895);
#11174=LINE('',#13896,#13897);
#11175=FILL_AREA_STYLE_COLOUR('',#13898);
#11176=VERTEX_POINT('NONE',#13899);
#11177=VERTEX_POINT('NONE',#13900);
#11178=LINE('',#13901,#13902);
#11179=VERTEX_POINT('NONE',#13903);
#11180=LINE('',#13904,#13905);
#11181=VERTEX_POINT('NONE',#13906);
#11182=LINE('',#13907,#13908);
#11183=VERTEX_POINT('NONE',#13909);
#11184=LINE('',#13910,#13911);
#11185=VERTEX_POINT('NONE',#13912);
#11186=LINE('',#13913,#13914);
#11187=LINE('',#13915,#13916);
#11188=FILL_AREA_STYLE_COLOUR('',#13917);
#11189=VERTEX_POINT('NONE',#13918);
#11190=VERTEX_POINT('NONE',#13919);
#11191=CIRCLE('',#13920,0.225);
#11192=VERTEX_POINT('NONE',#13921);
#11193=LINE('',#13922,#13923);
#11194=VERTEX_POINT('NONE',#13924);
#11195=B_SPLINE_CURVE_WITH_KNOTS('',3,(#13925,#13926,#13927,#13928,#13929,#13930,#13931,#13932,#13933,#13934),.UNSPECIFIED.,.F.,.F.,(4,2,2,2,4),(3.67178588616197E-15,0.000145387565047247,0.000290775130090822,0.000436162695134397,0.000581550260177972),.UNSPECIFIED.);
#11196=LINE('',#13935,#13936);
#11197=FILL_AREA_STYLE_COLOUR('',#13937);
#11198=VERTEX_POINT('NONE',#13938);
#11199=CIRCLE('',#13939,0.2);
#11200=VERTEX_POINT('NONE',#13940);
#11201=LINE('',#13941,#13942);
#11202=CIRCLE('',#13943,0.2);
#11203=FILL_AREA_STYLE_COLOUR('',#13944);
#11204=VERTEX_POINT('NONE',#13945);
#11205=CIRCLE('',#13946,0.2);
#11206=VERTEX_POINT('NONE',#13947);
#11207=LINE('',#13948,#13949);
#11208=CIRCLE('',#13950,0.2);
#11209=FILL_AREA_STYLE_COLOUR('',#13951);
#11210=VERTEX_POINT('NONE',#13952);
#11211=VERTEX_POINT('NONE',#13953);
#11212=LINE('',#13954,#13955);
#11213=VERTEX_POINT('NONE',#13956);
#11214=B_SPLINE_CURVE_WITH_KNOTS('',3,(#13957,#13958,#13959,#13960),.UNSPECIFIED.,.F.,.F.,(4,4),(2.80271305334509E-13,0.000245388623794142),.UNSPECIFIED.);
#11215=(B_SPLINE_CURVE(3,(#13962,#13963,#13964,#13965),.UNSPECIFIED.,.F.,.F.)B_SPLINE_CURVE_WITH_KNOTS((4,4),(2.17206054394699,2.49809154978138),.UNSPECIFIED.)RATIONAL_B_SPLINE_CURVE((1.0,0.99116158068947,0.99116158068947,1.0))BOUNDED_CURVE()REPRESENTATION_ITEM('')GEOMETRIC_REPRESENTATION_ITEM()CURVE());
#11216=CIRCLE('',#13972,0.374999999999999);
#11217=FILL_AREA_STYLE_COLOUR('',#13973);
#11218=VERTEX_POINT('NONE',#13974);
#11219=LINE('',#13975,#13976);
#11220=VERTEX_POINT('NONE',#13977);
#11221=LINE('',#13978,#13979);
#11222=LINE('',#13980,#13981);
#11223=FILL_AREA_STYLE_COLOUR('',#13982);
#11224=VERTEX_POINT('NONE',#13983);
#11225=LINE('',#13984,#13985);
#11226=LINE('',#13986,#13987);
#11227=FILL_AREA_STYLE_COLOUR('',#13988);
#11228=VERTEX_POINT('NONE',#13989);
#11229=VERTEX_POINT('NONE',#13990);
#11230=LINE('',#13991,#13992);
#11231=VERTEX_POINT('NONE',#13993);
#11232=B_SPLINE_CURVE_WITH_KNOTS('',3,(#13994,#13995,#13996,#13997,#13998,#13999),.UNSPECIFIED.,.F.,.F.,(4,2,4),(2.13422043167344E-13,0.000145448267805529,0.000290896535397636),.UNSPECIFIED.);
#11233=VERTEX_POINT('NONE',#14000);
#11234=LINE('',#14001,#14002);
#11235=CIRCLE('',#14003,0.225);
#11236=FILL_AREA_STYLE_COLOUR('',#14004);
#11237=VERTEX_POINT('NONE',#14005);
#11238=VERTEX_POINT('NONE',#14006);
#11239=LINE('',#14007,#14008);
#11240=VERTEX_POINT('NONE',#14009);
#11241=LINE('',#14010,#14011);
#11242=VERTEX_POINT('NONE',#14012);
#11243=LINE('',#14013,#14014);
#11244=VERTEX_POINT('NONE',#14015);
#11245=LINE('',#14016,#14017);
#11246=VERTEX_POINT('NONE',#14018);
#11247=LINE('',#14019,#14020);
#11248=LINE('',#14021,#14022);
#11249=FILL_AREA_STYLE_COLOUR('',#14023);
#11250=VERTEX_POINT('NONE',#14024);
#11251=LINE('',#14025,#14026);
#11252=LINE('',#14027,#14028);
#11253=FILL_AREA_STYLE_COLOUR('',#14029);
#11254=VERTEX_POINT('NONE',#14030);
#11255=LINE('',#14031,#14032);
#11256=LINE('',#14033,#14034);
#11257=FILL_AREA_STYLE_COLOUR('',#14035);
#11258=VERTEX_POINT('NONE',#14036);
#11259=LINE('',#14037,#14038);
#11260=VERTEX_POINT('NONE',#14039);
#11261=(B_SPLINE_CURVE(3,(#14041,#14042,#14043,#14044),.UNSPECIFIED.,.F.,.F.)B_SPLINE_CURVE_WITH_KNOTS((4,4),(2.17206054297925,2.49809154441747),.UNSPECIFIED.)RATIONAL_B_SPLINE_CURVE((1.0,0.991161580927295,0.991161580927295,1.0))BOUNDED_CURVE()REPRESENTATION_ITEM('')GEOMETRIC_REPRESENTATION_ITEM()CURVE());
#11262=LINE('',#14051,#14052);
#11263=FILL_AREA_STYLE_COLOUR('',#14053);
#11264=VERTEX_POINT('NONE',#14054);
#11265=LINE('',#14055,#14056);
#11266=VERTEX_POINT('NONE',#14057);
#11267=LINE('',#14058,#14059);
#11268=LINE('',#14060,#14061);
#11269=FILL_AREA_STYLE_COLOUR('',#14062);
#11270=VERTEX_POINT('NONE',#14063);
#11271=LINE('',#14064,#14065);
#11272=LINE('',#14066,#14067);
#11273=LINE('',#14068,#14069);
#11274=FILL_AREA_STYLE_COLOUR('',#14070);
#11275=LINE('',#14071,#14072);
#11276=FILL_AREA_STYLE_COLOUR('',#14073);
#11277=B_SPLINE_CURVE_WITH_KNOTS('',3,(#14074,#14075,#14076,#14077,#14078,#14079),.UNSPECIFIED.,.F.,.F.,(4,2,4),(0.000245836217329281,0.000368336858349372,0.000490837499369462),.UNSPECIFIED.);
#11278=FILL_AREA_STYLE_COLOUR('',#14080);
#11279=VERTEX_POINT('NONE',#14081);
#11280=CIRCLE('',#14082,0.225);
#11281=VERTEX_POINT('NONE',#14083);
#11282=LINE('',#14084,#14085);
#11283=B_SPLINE_CURVE_WITH_KNOTS('',3,(#14086,#14087,#14088,#14089,#14090,#14091,#14092,#14093,#14094,#14095),.UNSPECIFIED.,.F.,.F.,(4,2,2,2,4),(5.78988577064255E-15,0.000145387564944348,0.000290775129882906,0.000436162694821464,0.000581550259760022),.UNSPECIFIED.);
#11284=FILL_AREA_STYLE_COLOUR('',#14096);
#11285=VERTEX_POINT('NONE',#14097);
#11286=LINE('',#14098,#14099);
#11287=VERTEX_POINT('NONE',#14100);
#11288=LINE('',#14101,#14102);
#11289=LINE('',#14103,#14104);
#11290=FILL_AREA_STYLE_COLOUR('',#14105);
#11291=VERTEX_POINT('NONE',#14106);
#11292=LINE('',#14107,#14108);
#11293=VERTEX_POINT('NONE',#14109);
#11294=LINE('',#14110,#14111);
#11295=VERTEX_POINT('NONE',#14112);
#11296=LINE('',#14113,#14114);
#11297=VERTEX_POINT('NONE',#14115);
#11298=LINE('',#14116,#14117);
#11299=LINE('',#14118,#14119);
#11300=FILL_AREA_STYLE_COLOUR('',#14120);
#11301=VERTEX_POINT('NONE',#14121);
#11302=LINE('',#14122,#14123);
#11303=VERTEX_POINT('NONE',#14124);
#11304=LINE('',#14125,#14126);
#11305=VERTEX_POINT('NONE',#14127);
#11306=LINE('',#14128,#14129);
#11307=VERTEX_POINT('NONE',#14130);
#11308=LINE('',#14131,#14132);
#11309=LINE('',#14133,#14134);
#11310=FILL_AREA_STYLE_COLOUR('',#14135);
#11311=VERTEX_POINT('NONE',#14136);
#11312=LINE('',#14137,#14138);
#11313=LINE('',#14139,#14140);
#11314=FILL_AREA_STYLE_COLOUR('',#14141);
#11315=VERTEX_POINT('NONE',#14142);
#11316=LINE('',#14143,#14144);
#11317=VERTEX_POINT('NONE',#14145);
#11318=LINE('',#14146,#14147);
#11319=LINE('',#14148,#14149);
#11320=FILL_AREA_STYLE_COLOUR('',#14150);
#11321=CIRCLE('',#14151,0.999999999558434);
#11322=FILL_AREA_STYLE_COLOUR('',#14152);
#11323=LINE('',#14153,#14154);
#11324=LINE('',#14155,#14156);
#11325=FILL_AREA_STYLE_COLOUR('',#14157);
#11326=LINE('',#14158,#14159);
#11327=LINE('',#14160,#14161);
#11328=FILL_AREA_STYLE_COLOUR('',#14162);
#11329=VERTEX_POINT('NONE',#14163);
#11330=LINE('',#14164,#14165);
#11331=VERTEX_POINT('NONE',#14166);
#11332=LINE('',#14167,#14168);
#11333=LINE('',#14169,#14170);
#11334=FILL_AREA_STYLE_COLOUR('',#14171);
#11335=VERTEX_POINT('NONE',#14172);
#11336=LINE('',#14173,#14174);
#11337=VERTEX_POINT('NONE',#14175);
#11338=LINE('',#14176,#14177);
#11339=LINE('',#14178,#14179);
#11340=FILL_AREA_STYLE_COLOUR('',#14180);
#11341=VERTEX_POINT('NONE',#14181);
#11342=CIRCLE('',#14182,0.374999999999999);
#11343=VERTEX_POINT('NONE',#14183);
#11344=LINE('',#14184,#14185);
#11345=VERTEX_POINT('NONE',#14186);
#11346=(B_SPLINE_CURVE(3,(#14188,#14189,#14190,#14191),.UNSPECIFIED.,.F.,.F.)B_SPLINE_CURVE_WITH_KNOTS((4,4),(2.1720605443353,2.49809155113679),.UNSPECIFIED.)RATIONAL_B_SPLINE_CURVE((1.0,0.991161580637152,0.991161580637152,1.0))BOUNDED_CURVE()REPRESENTATION_ITEM('')GEOMETRIC_REPRESENTATION_ITEM()CURVE());
#11347=B_SPLINE_CURVE_WITH_KNOTS('',3,(#14198,#14199,#14200,#14201),.UNSPECIFIED.,.F.,.F.,(4,4),(1.25677231748563E-14,0.000245080421887057),.UNSPECIFIED.);
#11348=FILL_AREA_STYLE_COLOUR('',#14202);
#11349=VERTEX_POINT('NONE',#14203);
#11350=LINE('',#14204,#14205);
#11351=VERTEX_POINT('NONE',#14206);
#11352=LINE('',#14207,#14208);
#11353=VERTEX_POINT('NONE',#14209);
#11354=LINE('',#14210,#14211);
#11355=LINE('',#14212,#14213);
#11356=FILL_AREA_STYLE_COLOUR('',#14214);
#11357=VERTEX_POINT('NONE',#14215);
#11358=LINE('',#14216,#14217);
#11359=B_SPLINE_CURVE_WITH_KNOTS('',3,(#14218,#14219,#14220,#14221,#14222,#14223),.UNSPECIFIED.,.F.,.F.,(4,2,4),(1.33067778560729E-13,0.000145448267511314,0.000290896534889561),.UNSPECIFIED.);
#11360=FILL_AREA_STYLE_COLOUR('',#14224);
#11361=VERTEX_POINT('NONE',#14225);
#11362=LINE('',#14226,#14227);
#11363=VERTEX_POINT('NONE',#14228);
#11364=LINE('',#14229,#14230);
#11365=VERTEX_POINT('NONE',#14231);
#11366=LINE('',#14232,#14233);
#11367=VERTEX_POINT('NONE',#14234);
#11368=LINE('',#14235,#14236);
#11369=LINE('',#14237,#14238);
#11370=FILL_AREA_STYLE_COLOUR('',#14239);
#11371=VERTEX_POINT('NONE',#14240);
#11372=LINE('',#14241,#14242);
#11373=VERTEX_POINT('NONE',#14243);
#11374=LINE('',#14244,#14245);
#11375=LINE('',#14246,#14247);
#11376=FILL_AREA_STYLE_COLOUR('',#14248);
#11377=VERTEX_POINT('NONE',#14249);
#11378=LINE('',#14250,#14251);
#11379=VERTEX_POINT('NONE',#14252);
#11380=LINE('',#14253,#14254);
#11381=LINE('',#14255,#14256);
#11382=FILL_AREA_STYLE_COLOUR('',#14257);
#11383=VERTEX_POINT('NONE',#14258);
#11384=LINE('',#14259,#14260);
#11385=CIRCLE('',#14261,1.00000000006399);
#11386=FILL_AREA_STYLE_COLOUR('',#14262);
#11387=VERTEX_POINT('NONE',#14263);
#11388=LINE('',#14264,#14265);
#11389=CIRCLE('',#14266,1.00000000006399);
#11390=FILL_AREA_STYLE_COLOUR('',#14267);
#11391=VERTEX_POINT('NONE',#14268);
#11392=LINE('',#14269,#14270);
#11393=LINE('',#14271,#14272);
#11394=FILL_AREA_STYLE_COLOUR('',#14273);
#11395=LINE('',#14274,#14275);
#11396=LINE('',#14276,#14277);
#11397=FILL_AREA_STYLE_COLOUR('',#14278);
#11398=LINE('',#14279,#14280);
#11399=LINE('',#14281,#14282);
#11400=FILL_AREA_STYLE_COLOUR('',#14283);
#11401=LINE('',#14284,#14285);
#11402=FILL_AREA_STYLE_COLOUR('',#14286);
#11403=LINE('',#14287,#14288);
#11404=FILL_AREA_STYLE_COLOUR('',#14289);
#11405=CIRCLE('',#14290,0.374999999866269);
#11406=FILL_AREA_STYLE_COLOUR('',#14291);
#11407=VERTEX_POINT('NONE',#14292);
#11408=LINE('',#14293,#14294);
#11409=LINE('',#14295,#14296);
#11410=FILL_AREA_STYLE_COLOUR('',#14297);
#11411=VERTEX_POINT('NONE',#14298);
#11412=LINE('',#14299,#14300);
#11413=VERTEX_POINT('NONE',#14301);
#11414=LINE('',#14302,#14303);
#11415=VERTEX_POINT('NONE',#14304);
#11416=LINE('',#14305,#14306);
#11417=VERTEX_POINT('NONE',#14307);
#11418=LINE('',#14308,#14309);
#11419=LINE('',#14310,#14311);
#11420=FILL_AREA_STYLE_COLOUR('',#14312);
#11421=VERTEX_POINT('NONE',#14313);
#11422=LINE('',#14314,#14315);
#11423=VERTEX_POINT('NONE',#14316);
#11424=LINE('',#14317,#14318);
#11425=VERTEX_POINT('NONE',#14319);
#11426=LINE('',#14320,#14321);
#11427=LINE('',#14322,#14323);
#11428=FILL_AREA_STYLE_COLOUR('',#14324);
#11429=VERTEX_POINT('NONE',#14325);
#11430=VERTEX_POINT('NONE',#14326);
#11431=B_SPLINE_CURVE_WITH_KNOTS('',3,(#14327,#14328,#14329,#14330,#14331,#14332,#14333,#14334,#14335,#14336),.UNSPECIFIED.,.F.,.F.,(4,2,2,2,4),(1.65198995308274E-13,0.000122709375080225,0.000245418749995252,0.000368128124910278,0.000490837499825305),.UNSPECIFIED.);
#11432=LINE('',#14337,#14338);
#11433=LINE('',#14339,#14340);
#11434=FILL_AREA_STYLE_COLOUR('',#14341);
#11435=(B_SPLINE_CURVE(3,(#14343,#14344,#14345,#14346),.UNSPECIFIED.,.F.,.F.)B_SPLINE_CURVE_WITH_KNOTS((4,4),(2.17206054250181,2.4980915456617),.UNSPECIFIED.)RATIONAL_B_SPLINE_CURVE((1.0,0.991161580834156,0.991161580834156,1.0))BOUNDED_CURVE()REPRESENTATION_ITEM('')GEOMETRIC_REPRESENTATION_ITEM()CURVE());
#11436=FILL_AREA_STYLE_COLOUR('',#14353);
#11437=VERTEX_POINT('NONE',#14354);
#11438=LINE('',#14355,#14356);
#11439=VERTEX_POINT('NONE',#14357);
#11440=LINE('',#14358,#14359);
#11441=LINE('',#14360,#14361);
#11442=FILL_AREA_STYLE_COLOUR('',#14362);
#11443=VERTEX_POINT('NONE',#14363);
#11444=LINE('',#14364,#14365);
#11445=VERTEX_POINT('NONE',#14366);
#11446=LINE('',#14367,#14368);
#11447=LINE('',#14369,#14370);
#11448=FILL_AREA_STYLE_COLOUR('',#14371);
#11449=VERTEX_POINT('NONE',#14372);
#11450=LINE('',#14373,#14374);
#11451=LINE('',#14375,#14376);
#11452=FILL_AREA_STYLE_COLOUR('',#14377);
#11453=FILL_AREA_STYLE_COLOUR('',#14378);
#11454=VERTEX_POINT('NONE',#14379);
#11455=LINE('',#14380,#14381);
#11456=CIRCLE('',#14382,0.6);
#11457=FILL_AREA_STYLE_COLOUR('',#14383);
#11458=VERTEX_POINT('NONE',#14384);
#11459=CIRCLE('',#14385,0.600000000000001);
#11460=LINE('',#14386,#14387);
#11461=FILL_AREA_STYLE_COLOUR('',#14388);
#11462=VERTEX_POINT('NONE',#14389);
#11463=LINE('',#14390,#14391);
#11464=LINE('',#14392,#14393);
#11465=FILL_AREA_STYLE_COLOUR('',#14394);
#11466=VERTEX_POINT('NONE',#14395);
#11467=LINE('',#14396,#14397);
#11468=LINE('',#14398,#14399);
#11469=FILL_AREA_STYLE_COLOUR('',#14400);
#11470=VERTEX_POINT('NONE',#14401);
#11471=CIRCLE('',#14402,0.6);
#11472=VERTEX_POINT('NONE',#14403);
#11473=LINE('',#14404,#14405);
#11474=CIRCLE('',#14406,0.6);
#11475=FILL_AREA_STYLE_COLOUR('',#14407);
#11476=VERTEX_POINT('NONE',#14408);
#11477=CIRCLE('',#14409,0.6);
#11478=VERTEX_POINT('NONE',#14410);
#11479=LINE('',#14411,#14412);
#11480=CIRCLE('',#14413,0.6);
#11481=FILL_AREA_STYLE_COLOUR('',#14414);
#11482=VERTEX_POINT('NONE',#14415);
#11483=LINE('',#14416,#14417);
#11484=LINE('',#14418,#14419);
#11485=FILL_AREA_STYLE_COLOUR('',#14420);
#11486=VERTEX_POINT('NONE',#14421);
#11487=VERTEX_POINT('NONE',#14422);
#11488=LINE('',#14423,#14424);
#11489=LINE('',#14425,#14426);
#11490=VERTEX_POINT('NONE',#14427);
#11491=CIRCLE('',#14428,0.7);
#11492=LINE('',#14429,#14430);
#11493=FILL_AREA_STYLE_COLOUR('',#14431);
#11494=VERTEX_POINT('NONE',#14432);
#11495=VERTEX_POINT('NONE',#14433);
#11496=CIRCLE('',#14434,2.0);
#11497=CIRCLE('',#14435,2.0);
#11498=FILL_AREA_STYLE_COLOUR('',#14436);
#11499=VERTEX_POINT('NONE',#14437);
#11500=VERTEX_POINT('NONE',#14438);
#11501=LINE('',#14439,#14440);
#11502=VERTEX_POINT('NONE',#14441);
#11503=LINE('',#14442,#14443);
#11504=LINE('',#14444,#14445);
#11505=VERTEX_POINT('NONE',#14446);
#11506=LINE('',#14447,#14448);
#11507=LINE('',#14449,#14450);
#11508=FILL_AREA_STYLE_COLOUR('',#14451);
#11509=VERTEX_POINT('NONE',#14452);
#11510=LINE('',#14453,#14454);
#11511=CIRCLE('',#14455,0.225);
#11512=FILL_AREA_STYLE_COLOUR('',#14456);
#11513=VERTEX_POINT('NONE',#14457);
#11514=LINE('',#14458,#14459);
#11515=B_SPLINE_CURVE_WITH_KNOTS('',3,(#14460,#14461,#14462,#14463,#14464,#14465),.UNSPECIFIED.,.F.,.F.,(4,2,4),(8.42969093117736E-15,0.000145569978132605,0.00029113995625678),.UNSPECIFIED.);
#11516=FILL_AREA_STYLE_COLOUR('',#14466);
#11517=VERTEX_POINT('NONE',#14467);
#11518=LINE('',#14468,#14469);
#11519=VERTEX_POINT('NONE',#14470);
#11520=LINE('',#14471,#14472);
#11521=LINE('',#14473,#14474);
#11522=FILL_AREA_STYLE_COLOUR('',#14475);
#11523=VERTEX_POINT('NONE',#14476);
#11524=VERTEX_POINT('NONE',#14477);
#11525=B_SPLINE_CURVE_WITH_KNOTS('',3,(#14478,#14479,#14480,#14481),.UNSPECIFIED.,.F.,.F.,(4,4),(7.30268817841072E-15,0.000245080421907332),.UNSPECIFIED.);
#11526=LINE('',#14482,#14483);
#11527=B_SPLINE_CURVE_WITH_KNOTS('',3,(#14484,#14485,#14486,#14487,#14488,#14489),.UNSPECIFIED.,.F.,.F.,(4,2,4),(7.02818320439151E-15,0.00014556997814551,0.000291139956283992),.UNSPECIFIED.);
#11528=LINE('',#14490,#14491);
#11529=FILL_AREA_STYLE_COLOUR('',#14492);
#11530=VERTEX_POINT('NONE',#14493);
#11531=(B_SPLINE_CURVE(3,(#14495,#14496,#14497,#14498),.UNSPECIFIED.,.F.,.F.)B_SPLINE_CURVE_WITH_KNOTS((4,4),(2.1720605443353,2.49809155020381),.UNSPECIFIED.)RATIONAL_B_SPLINE_CURVE((1.0,0.991161580687624,0.991161580687624,1.0))BOUNDED_CURVE()REPRESENTATION_ITEM('')GEOMETRIC_REPRESENTATION_ITEM()CURVE());
#11532=LINE('',#14505,#14506);
#11533=FILL_AREA_STYLE_COLOUR('',#14507);
#11534=VERTEX_POINT('NONE',#14508);
#11535=LINE('',#14509,#14510);
#11536=VERTEX_POINT('NONE',#14511);
#11537=LINE('',#14512,#14513);
#11538=VERTEX_POINT('NONE',#14514);
#11539=LINE('',#14515,#14516);
#11540=LINE('',#14517,#14518);
#11541=FILL_AREA_STYLE_COLOUR('',#14519);
#11542=VERTEX_POINT('NONE',#14520);
#11543=LINE('',#14521,#14522);
#11544=CIRCLE('',#14523,0.6);
#11545=FILL_AREA_STYLE_COLOUR('',#14524);
#11546=FILL_AREA_STYLE_COLOUR('',#14525);
#11547=VERTEX_POINT('NONE',#14526);
#11548=CIRCLE('',#14527,0.6);
#11549=LINE('',#14528,#14529);
#11550=FILL_AREA_STYLE_COLOUR('',#14530);
#11551=VERTEX_POINT('NONE',#14531);
#11552=LINE('',#14532,#14533);
#11553=LINE('',#14534,#14535);
#11554=FILL_AREA_STYLE_COLOUR('',#14536);
#11555=VERTEX_POINT('NONE',#14537);
#11556=CIRCLE('',#14538,0.650000005);
#11557=VERTEX_POINT('NONE',#14539);
#11558=LINE('',#14540,#14541);
#11559=CIRCLE('',#14542,0.650000005);
#11560=FILL_AREA_STYLE_COLOUR('',#14543);
#11561=VERTEX_POINT('NONE',#14544);
#11562=LINE('',#14545,#14546);
#11563=CIRCLE('',#14547,0.500000005);
#11564=FILL_AREA_STYLE_COLOUR('',#14548);
#11565=VERTEX_POINT('NONE',#14549);
#11566=LINE('',#14550,#14551);
#11567=CIRCLE('',#14552,0.500000000358544);
#11568=FILL_AREA_STYLE_COLOUR('',#14553);
#11569=VERTEX_POINT('NONE',#14554);
#11570=CIRCLE('',#14555,0.500000005);
#11571=VERTEX_POINT('NONE',#14556);
#11572=CIRCLE('',#14557,0.225);
#11573=CIRCLE('',#14558,0.225);
#11574=FILL_AREA_STYLE_COLOUR('',#14559);
#11575=VERTEX_POINT('NONE',#14560);
#11576=CIRCLE('',#14561,0.500000005);
#11577=LINE('',#14562,#14563);
#11578=FILL_AREA_STYLE_COLOUR('',#14564);
#11579=VERTEX_POINT('NONE',#14565);
#11580=CIRCLE('',#14566,0.650000005);
#11581=LINE('',#14567,#14568);
#11582=FILL_AREA_STYLE_COLOUR('',#14569);
#11583=VERTEX_POINT('NONE',#14570);
#11584=LINE('',#14571,#14572);
#11585=CIRCLE('',#14573,0.650000005);
#11586=FILL_AREA_STYLE_COLOUR('',#14574);
#11587=VERTEX_POINT('NONE',#14575);
#11588=CIRCLE('',#14576,0.375);
#11589=CIRCLE('',#14577,0.375);
#11590=FILL_AREA_STYLE_COLOUR('',#14578);
#11591=LINE('',#14579,#14580);
#11592=FILL_AREA_STYLE_COLOUR('',#14581);
#11593=VERTEX_POINT('NONE',#14582);
#11594=LINE('',#14583,#14584);
#11595=VERTEX_POINT('NONE',#14585);
#11596=LINE('',#14586,#14587);
#11597=(B_SPLINE_CURVE(3,(#14589,#14590,#14591,#14592),.UNSPECIFIED.,.F.,.F.)B_SPLINE_CURVE_WITH_KNOTS((4,4),(3.78509376275402,4.11112476464571),.UNSPECIFIED.)RATIONAL_B_SPLINE_CURVE((1.0,0.991161580902763,0.991161580902763,1.0))BOUNDED_CURVE()REPRESENTATION_ITEM('')GEOMETRIC_REPRESENTATION_ITEM()CURVE());
#11598=FILL_AREA_STYLE_COLOUR('',#14599);
#11599=VERTEX_POINT('NONE',#14600);
#11600=LINE('',#14601,#14602);
#11601=LINE('',#14603,#14604);
#11602=FILL_AREA_STYLE_COLOUR('',#14605);
#11603=VERTEX_POINT('NONE',#14606);
#11604=LINE('',#14607,#14608);
#11605=LINE('',#14609,#14610);
#11606=FILL_AREA_STYLE_COLOUR('',#14611);
#11607=VERTEX_POINT('NONE',#14612);
#11608=LINE('',#14613,#14614);
#11609=CIRCLE('',#14615,0.374999999999999);
#11610=FILL_AREA_STYLE_COLOUR('',#14616);
#11611=VERTEX_POINT('NONE',#14617);
#11612=LINE('',#14618,#14619);
#11613=LINE('',#14620,#14621);
#11614=FILL_AREA_STYLE_COLOUR('',#14622);
#11615=VERTEX_POINT('NONE',#14623);
#11616=LINE('',#14624,#14625);
#11617=LINE('',#14626,#14627);
#11618=FILL_AREA_STYLE_COLOUR('',#14628);
#11619=VERTEX_POINT('NONE',#14629);
#11620=LINE('',#14630,#14631);
#11621=VERTEX_POINT('NONE',#14632);
#11622=(B_SPLINE_CURVE(3,(#14634,#14635,#14636,#14637),.UNSPECIFIED.,.F.,.F.)B_SPLINE_CURVE_WITH_KNOTS((4,4),(2.17206054247502,2.49809155537432),.UNSPECIFIED.)RATIONAL_B_SPLINE_CURVE((1.0,0.991161580307272,0.991161580307272,1.0))BOUNDED_CURVE()REPRESENTATION_ITEM('')GEOMETRIC_REPRESENTATION_ITEM()CURVE());
#11623=LINE('',#14644,#14645);
#11624=FILL_AREA_STYLE_COLOUR('',#14646);
#11625=VERTEX_POINT('NONE',#14647);
#11626=LINE('',#14648,#14649);
#11627=VERTEX_POINT('NONE',#14650);
#11628=LINE('',#14651,#14652);
#11629=LINE('',#14653,#14654);
#11630=FILL_AREA_STYLE_COLOUR('',#14655);
#11631=VERTEX_POINT('NONE',#14656);
#11632=LINE('',#14657,#14658);
#11633=VERTEX_POINT('NONE',#14659);
#11634=LINE('',#14660,#14661);
#11635=LINE('',#14662,#14663);
#11636=FILL_AREA_STYLE_COLOUR('',#14664);
#11637=VERTEX_POINT('NONE',#14665);
#11638=(B_SPLINE_CURVE(3,(#14667,#14668,#14669,#14670),.UNSPECIFIED.,.F.,.F.)B_SPLINE_CURVE_WITH_KNOTS((4,4),(3.7850937619281,4.11112476448958),.UNSPECIFIED.)RATIONAL_B_SPLINE_CURVE((1.0,0.991161580866528,0.991161580866528,1.0))BOUNDED_CURVE()REPRESENTATION_ITEM('')GEOMETRIC_REPRESENTATION_ITEM()CURVE());
#11639=LINE('',#14677,#14678);
#11640=FILL_AREA_STYLE_COLOUR('',#14679);
#11641=B_SPLINE_CURVE_WITH_KNOTS('',3,(#14680,#14681,#14682,#14683,#14684,#14685,#14686,#14687,#14688,#14689),.UNSPECIFIED.,.F.,.F.,(4,2,2,2,4),(3.95555834975545E-14,0.000122709374982384,0.000245418749925212,0.000368128124868041,0.000490837499810869),.UNSPECIFIED.);
#11642=FILL_AREA_STYLE_COLOUR('',#14690);
#11643=LINE('',#14691,#14692);
#11644=FILL_AREA_STYLE_COLOUR('',#14693);
#11645=VERTEX_POINT('NONE',#14694);
#11646=LINE('',#14695,#14696);
#11647=LINE('',#14697,#14698);
#11648=FILL_AREA_STYLE_COLOUR('',#14699);
#11649=VERTEX_POINT('NONE',#14700);
#11650=LINE('',#14701,#14702);
#11651=LINE('',#14703,#14704);
#11652=FILL_AREA_STYLE_COLOUR('',#14705);
#11653=VERTEX_POINT('NONE',#14706);
#11654=VERTEX_POINT('NONE',#14707);
#11655=LINE('',#14708,#14709);
#11656=VERTEX_POINT('NONE',#14710);
#11657=LINE('',#14711,#14712);
#11658=LINE('',#14713,#14714);
#11659=VERTEX_POINT('NONE',#14715);
#11660=LINE('',#14716,#14717);
#11661=VERTEX_POINT('NONE',#14718);
#11662=LINE('',#14719,#14720);
#11663=VERTEX_POINT('NONE',#14721);
#11664=LINE('',#14722,#14723);
#11665=VERTEX_POINT('NONE',#14724);
#11666=LINE('',#14725,#14726);
#11667=VERTEX_POINT('NONE',#14727);
#11668=LINE('',#14728,#14729);
#11669=LINE('',#14730,#14731);
#11670=FILL_AREA_STYLE_COLOUR('',#14732);
#11671=VERTEX_POINT('NONE',#14733);
#11672=VERTEX_POINT('NONE',#14734);
#11673=CIRCLE('',#14735,0.500000002);
#11674=LINE('',#14736,#14737);
#11675=VERTEX_POINT('NONE',#14738);
#11676=LINE('',#14739,#14740);
#11677=VERTEX_POINT('NONE',#14741);
#11678=LINE('',#14742,#14743);
#11679=VERTEX_POINT('NONE',#14744);
#11680=LINE('',#14745,#14746);
#11681=VERTEX_POINT('NONE',#14747);
#11682=LINE('',#14748,#14749);
#11683=VERTEX_POINT('NONE',#14750);
#11684=LINE('',#14751,#14752);
#11685=LINE('',#14753,#14754);
#11686=FILL_AREA_STYLE_COLOUR('',#14755);
#11687=VERTEX_POINT('NONE',#14756);
#11688=LINE('',#14757,#14758);
#11689=VERTEX_POINT('NONE',#14759);
#11690=LINE('',#14760,#14761);
#11691=LINE('',#14762,#14763);
#11692=FILL_AREA_STYLE_COLOUR('',#14764);
#11693=VERTEX_POINT('NONE',#14765);
#11694=LINE('',#14766,#14767);
#11695=VERTEX_POINT('NONE',#14768);
#11696=LINE('',#14769,#14770);
#11697=LINE('',#14771,#14772);
#11698=FILL_AREA_STYLE_COLOUR('',#14773);
#11699=LINE('',#14774,#14775);
#11700=LINE('',#14776,#14777);
#11701=FILL_AREA_STYLE_COLOUR('',#14778);
#11702=VERTEX_POINT('NONE',#14779);
#11703=VERTEX_POINT('NONE',#14780);
#11704=LINE('',#14781,#14782);
#11705=VERTEX_POINT('NONE',#14783);
#11706=LINE('',#14784,#14785);
#11707=VERTEX_POINT('NONE',#14786);
#11708=LINE('',#14787,#14788);
#11709=VERTEX_POINT('NONE',#14789);
#11710=LINE('',#14790,#14791);
#11711=VERTEX_POINT('NONE',#14792);
#11712=LINE('',#14793,#14794);
#11713=VERTEX_POINT('NONE',#14795);
#11714=LINE('',#14796,#14797);
#11715=LINE('',#14798,#14799);
#11716=VERTEX_POINT('NONE',#14800);
#11717=LINE('',#14801,#14802);
#11718=LINE('',#14803,#14804);
#11719=FILL_AREA_STYLE_COLOUR('',#14805);
#11720=VERTEX_POINT('NONE',#14806);
#11721=LINE('',#14807,#14808);
#11722=VERTEX_POINT('NONE',#14809);
#11723=LINE('',#14810,#14811);
#11724=LINE('',#14812,#14813);
#11725=FILL_AREA_STYLE_COLOUR('',#14814);
#11726=VERTEX_POINT('NONE',#14815);
#11727=LINE('',#14816,#14817);
#11728=VERTEX_POINT('NONE',#14818);
#11729=CIRCLE('',#14819,0.500000002);
#11730=VERTEX_POINT('NONE',#14820);
#11731=LINE('',#14821,#14822);
#11732=VERTEX_POINT('NONE',#14823);
#11733=LINE('',#14824,#14825);
#11734=LINE('',#14826,#14827);
#11735=VERTEX_POINT('NONE',#14828);
#11736=LINE('',#14829,#14830);
#11737=LINE('',#14831,#14832);
#11738=FILL_AREA_STYLE_COLOUR('',#14833);
#11739=VERTEX_POINT('NONE',#14834);
#11740=LINE('',#14835,#14836);
#11741=VERTEX_POINT('NONE',#14837);
#11742=LINE('',#14838,#14839);
#11743=LINE('',#14840,#14841);
#11744=FILL_AREA_STYLE_COLOUR('',#14842);
#11745=VERTEX_POINT('NONE',#14843);
#11746=LINE('',#14844,#14845);
#11747=VERTEX_POINT('NONE',#14846);
#11748=LINE('',#14847,#14848);
#11749=LINE('',#14849,#14850);
#11750=FILL_AREA_STYLE_COLOUR('',#14851);
#11751=VERTEX_POINT('NONE',#14852);
#11752=VERTEX_POINT('NONE',#14853);
#11753=LINE('',#14854,#14855);
#11754=LINE('',#14856,#14857);
#11755=LINE('',#14858,#14859);
#11756=FILL_AREA_STYLE_COLOUR('',#14860);
#11757=VERTEX_POINT('NONE',#14861);
#11758=VERTEX_POINT('NONE',#14862);
#11759=LINE('',#14863,#14864);
#11760=LINE('',#14865,#14866);
#11761=LINE('',#14867,#14868);
#11762=FILL_AREA_STYLE_COLOUR('',#14869);
#11763=VERTEX_POINT('NONE',#14870);
#11764=VERTEX_POINT('NONE',#14871);
#11765=LINE('',#14872,#14873);
#11766=VERTEX_POINT('NONE',#14874);
#11767=LINE('',#14875,#14876);
#11768=LINE('',#14877,#14878);
#11769=VERTEX_POINT('NONE',#14879);
#11770=LINE('',#14880,#14881);
#11771=VERTEX_POINT('NONE',#14882);
#11772=LINE('',#14883,#14884);
#11773=VERTEX_POINT('NONE',#14885);
#11774=LINE('',#14886,#14887);
#11775=VERTEX_POINT('NONE',#14888);
#11776=LINE('',#14889,#14890);
#11777=VERTEX_POINT('NONE',#14891);
#11778=LINE('',#14892,#14893);
#11779=LINE('',#14894,#14895);
#11780=FILL_AREA_STYLE_COLOUR('',#14896);
#11781=VERTEX_POINT('NONE',#14897);
#11782=VERTEX_POINT('NONE',#14898);
#11783=CIRCLE('',#14899,0.7);
#11784=VERTEX_POINT('NONE',#14900);
#11785=LINE('',#14901,#14902);
#11786=VERTEX_POINT('NONE',#14903);
#11787=CIRCLE('',#14904,0.7);
#11788=LINE('',#14905,#14906);
#11789=FILL_AREA_STYLE_COLOUR('',#14907);
#11790=VERTEX_POINT('NONE',#14908);
#11791=VERTEX_POINT('NONE',#14909);
#11792=LINE('',#14910,#14911);
#11793=CIRCLE('',#14912,0.7);
#11794=CIRCLE('',#14913,0.7);
#11795=FILL_AREA_STYLE_COLOUR('',#14914);
#11796=VERTEX_POINT('NONE',#14915);
#11797=CIRCLE('',#14916,0.7);
#11798=LINE('',#14917,#14918);
#11799=FILL_AREA_STYLE_COLOUR('',#14919);
#11800=VERTEX_POINT('NONE',#14920);
#11801=LINE('',#14921,#14922);
#11802=VERTEX_POINT('NONE',#14923);
#11803=CIRCLE('',#14924,2.0);
#11804=LINE('',#14925,#14926);
#11805=FILL_AREA_STYLE_COLOUR('',#14927);
#11806=CIRCLE('',#14928,2.0);
#11807=FILL_AREA_STYLE_COLOUR('',#14929);
#11808=LINE('',#14930,#14931);
#11809=FILL_AREA_STYLE_COLOUR('',#14932);
#11810=VERTEX_POINT('NONE',#14933);
#11811=LINE('',#14934,#14935);
#11812=VERTEX_POINT('NONE',#14936);
#11813=LINE('',#14937,#14938);
#11814=LINE('',#14939,#14940);
#11815=FILL_AREA_STYLE_COLOUR('',#14941);
#11816=VERTEX_POINT('NONE',#14942);
#11817=LINE('',#14943,#14944);
#11818=LINE('',#14945,#14946);
#11819=FILL_AREA_STYLE_COLOUR('',#14947);
#11820=LINE('',#14948,#14949);
#11821=FILL_AREA_STYLE_COLOUR('',#14950);
#11822=VERTEX_POINT('NONE',#14951);
#11823=LINE('',#14952,#14953);
#11824=LINE('',#14954,#14955);
#11825=FILL_AREA_STYLE_COLOUR('',#14956);
#11826=LINE('',#14957,#14958);
#11827=FILL_AREA_STYLE_COLOUR('',#14959);
#11828=VERTEX_POINT('NONE',#14960);
#11829=VERTEX_POINT('NONE',#14961);
#11830=LINE('',#14962,#14963);
#11831=VERTEX_POINT('NONE',#14964);
#11832=LINE('',#14965,#14966);
#11833=LINE('',#14967,#14968);
#11834=LINE('',#14969,#14970);
#11835=FILL_AREA_STYLE_COLOUR('',#14971);
#11836=VERTEX_POINT('NONE',#14972);
#11837=(B_SPLINE_CURVE(3,(#14974,#14975,#14976,#14977),.UNSPECIFIED.,.F.,.F.)B_SPLINE_CURVE_WITH_KNOTS((4,4),(3.78509375689556,4.1111247624496),.UNSPECIFIED.)RATIONAL_B_SPLINE_CURVE((1.0,0.991161580704636,0.991161580704636,1.0))BOUNDED_CURVE()REPRESENTATION_ITEM('')GEOMETRIC_REPRESENTATION_ITEM()CURVE());
#11838=LINE('',#14984,#14985);
#11839=FILL_AREA_STYLE_COLOUR('',#14986);
#11840=B_SPLINE_CURVE_WITH_KNOTS('',3,(#14987,#14988,#14989,#14990),.UNSPECIFIED.,.F.,.F.,(4,4),(7.15012676619728E-13,0.000245388624511034),.UNSPECIFIED.);
#11841=FILL_AREA_STYLE_COLOUR('',#14991);
#11842=VERTEX_POINT('NONE',#14992);
#11843=CIRCLE('',#14993,0.374999999999999);
#11844=LINE('',#14994,#14995);
#11845=FILL_AREA_STYLE_COLOUR('',#14996);
#11846=VERTEX_POINT('NONE',#14997);
#11847=LINE('',#14998,#14999);
#11848=LINE('',#15000,#15001);
#11849=FILL_AREA_STYLE_COLOUR('',#15002);
#11850=LINE('',#15003,#15004);
#11851=FILL_AREA_STYLE_COLOUR('',#15005);
#11852=VERTEX_POINT('NONE',#15006);
#11853=LINE('',#15007,#15008);
#11854=LINE('',#15009,#15010);
#11855=FILL_AREA_STYLE_COLOUR('',#15011);
#11856=VERTEX_POINT('NONE',#15012);
#11857=LINE('',#15013,#15014);
#11858=VERTEX_POINT('NONE',#15015);
#11859=LINE('',#15016,#15017);
#11860=VERTEX_POINT('NONE',#15018);
#11861=LINE('',#15019,#15020);
#11862=VERTEX_POINT('NONE',#15021);
#11863=LINE('',#15022,#15023);
#11864=VERTEX_POINT('NONE',#15024);
#11865=LINE('',#15025,#15026);
#11866=VERTEX_POINT('NONE',#15027);
#11867=LINE('',#15028,#15029);
#11868=VERTEX_POINT('NONE',#15030);
#11869=CIRCLE('',#15031,0.500000002);
#11870=LINE('',#15032,#15033);
#11871=FILL_AREA_STYLE_COLOUR('',#15034);
#11872=VERTEX_POINT('NONE',#15035);
#11873=LINE('',#15036,#15037);
#11874=VERTEX_POINT('NONE',#15038);
#11875=LINE('',#15039,#15040);
#11876=LINE('',#15041,#15042);
#11877=FILL_AREA_STYLE_COLOUR('',#15043);
#11878=VERTEX_POINT('NONE',#15044);
#11879=LINE('',#15045,#15046);
#11880=VERTEX_POINT('NONE',#15047);
#11881=LINE('',#15048,#15049);
#11882=LINE('',#15050,#15051);
#11883=FILL_AREA_STYLE_COLOUR('',#15052);
#11884=LINE('',#15053,#15054);
#11885=LINE('',#15055,#15056);
#11886=FILL_AREA_STYLE_COLOUR('',#15057);
#11887=VERTEX_POINT('NONE',#15058);
#11888=VERTEX_POINT('NONE',#15059);
#11889=LINE('',#15060,#15061);
#11890=VERTEX_POINT('NONE',#15062);
#11891=LINE('',#15063,#15064);
#11892=VERTEX_POINT('NONE',#15065);
#11893=LINE('',#15066,#15067);
#11894=VERTEX_POINT('NONE',#15068);
#11895=LINE('',#15069,#15070);
#11896=VERTEX_POINT('NONE',#15071);
#11897=LINE('',#15072,#15073);
#11898=VERTEX_POINT('NONE',#15074);
#11899=LINE('',#15075,#15076);
#11900=VERTEX_POINT('NONE',#15077);
#11901=LINE('',#15078,#15079);
#11902=LINE('',#15080,#15081);
#11903=LINE('',#15082,#15083);
#11904=FILL_AREA_STYLE_COLOUR('',#15084);
#11905=VERTEX_POINT('NONE',#15085);
#11906=LINE('',#15086,#15087);
#11907=VERTEX_POINT('NONE',#15088);
#11908=LINE('',#15089,#15090);
#11909=LINE('',#15091,#15092);
#11910=FILL_AREA_STYLE_COLOUR('',#15093);
#11911=VERTEX_POINT('NONE',#15094);
#11912=LINE('',#15095,#15096);
#11913=VERTEX_POINT('NONE',#15097);
#11914=LINE('',#15098,#15099);
#11915=VERTEX_POINT('NONE',#15100);
#11916=CIRCLE('',#15101,0.500000002);
#11917=VERTEX_POINT('NONE',#15102);
#11918=LINE('',#15103,#15104);
#11919=VERTEX_POINT('NONE',#15105);
#11920=LINE('',#15106,#15107);
#11921=LINE('',#15108,#15109);
#11922=LINE('',#15110,#15111);
#11923=FILL_AREA_STYLE_COLOUR('',#15112);
#11924=VERTEX_POINT('NONE',#15113);
#11925=VERTEX_POINT('NONE',#15114);
#11926=LINE('',#15115,#15116);
#11927=VERTEX_POINT('NONE',#15117);
#11928=LINE('',#15118,#15119);
#11929=VERTEX_POINT('NONE',#15120);
#11930=LINE('',#15121,#15122);
#11931=LINE('',#15123,#15124);
#11932=FILL_AREA_STYLE_COLOUR('',#15125);
#11933=LINE('',#15126,#15127);
#11934=LINE('',#15128,#15129);
#11935=FILL_AREA_STYLE_COLOUR('',#15130);
#11936=VERTEX_POINT('NONE',#15131);
#11937=LINE('',#15132,#15133);
#11938=VERTEX_POINT('NONE',#15134);
#11939=CIRCLE('',#15135,0.375);
#11940=LINE('',#15136,#15137);
#11941=FILL_AREA_STYLE_COLOUR('',#15138);
#11942=VERTEX_POINT('NONE',#15139);
#11943=LINE('',#15140,#15141);
#11944=LINE('',#15142,#15143);
#11945=FILL_AREA_STYLE_COLOUR('',#15144);
#11946=VERTEX_POINT('NONE',#15145);
#11947=LINE('',#15146,#15147);
#11948=LINE('',#15148,#15149);
#11949=FILL_AREA_STYLE_COLOUR('',#15150);
#11950=VERTEX_POINT('NONE',#15151);
#11951=LINE('',#15152,#15153);
#11952=LINE('',#15154,#15155);
#11953=FILL_AREA_STYLE_COLOUR('',#15156);
#11954=VERTEX_POINT('NONE',#15157);
#11955=CIRCLE('',#15158,0.225);
#11956=LINE('',#15159,#15160);
#11957=FILL_AREA_STYLE_COLOUR('',#15161);
#11958=VERTEX_POINT('NONE',#15162);
#11959=LINE('',#15163,#15164);
#11960=CIRCLE('',#15165,0.225);
#11961=FILL_AREA_STYLE_COLOUR('',#15166);
#11962=VERTEX_POINT('NONE',#15167);
#11963=LINE('',#15168,#15169);
#11964=LINE('',#15170,#15171);
#11965=FILL_AREA_STYLE_COLOUR('',#15172);
#11966=VERTEX_POINT('NONE',#15173);
#11967=LINE('',#15174,#15175);
#11968=LINE('',#15176,#15177);
#11969=FILL_AREA_STYLE_COLOUR('',#15178);
#11970=VERTEX_POINT('NONE',#15179);
#11971=LINE('',#15180,#15181);
#11972=LINE('',#15182,#15183);
#11973=FILL_AREA_STYLE_COLOUR('',#15184);
#11974=CIRCLE('',#15185,0.375);
#11975=FILL_AREA_STYLE_COLOUR('',#15186);
#11976=VERTEX_POINT('NONE',#15187);
#11977=LINE('',#15188,#15189);
#11978=LINE('',#15190,#15191);
#11979=FILL_AREA_STYLE_COLOUR('',#15192);
#11980=VERTEX_POINT('NONE',#15193);
#11981=CIRCLE('',#15194,0.650000005);
#11982=VERTEX_POINT('NONE',#15195);
#11983=LINE('',#15196,#15197);
#11984=CIRCLE('',#15198,0.500000005);
#11985=FILL_AREA_STYLE_COLOUR('',#15199);
#11986=LINE('',#15200,#15201);
#11987=FILL_AREA_STYLE_COLOUR('',#15202);
#11988=VERTEX_POINT('NONE',#15203);
#11989=VERTEX_POINT('NONE',#15204);
#11990=LINE('',#15205,#15206);
#11991=CIRCLE('',#15207,0.650000005);
#11992=CIRCLE('',#15208,0.500000005);
#11993=FILL_AREA_STYLE_COLOUR('',#15209);
#11994=LINE('',#15210,#15211);
#11995=FILL_AREA_STYLE_COLOUR('',#15212);
#11996=CIRCLE('',#15213,0.374999999616335);
#11997=FILL_AREA_STYLE_COLOUR('',#15214);
#11998=LINE('',#15215,#15216);
#11999=FILL_AREA_STYLE_COLOUR('',#15217);
#12000=VERTEX_POINT('NONE',#15218);
#12001=CIRCLE('',#15219,0.2);
#12002=LINE('',#15220,#15221);
#12003=FILL_AREA_STYLE_COLOUR('',#15222);
#12004=VERTEX_POINT('NONE',#15223);
#12005=LINE('',#15224,#15225);
#12006=CIRCLE('',#15226,0.2);
#12007=FILL_AREA_STYLE_COLOUR('',#15227);
#12008=VERTEX_POINT('NONE',#15228);
#12009=VERTEX_POINT('NONE',#15229);
#12010=LINE('',#15230,#15231);
#12011=LINE('',#15232,#15233);
#12012=VERTEX_POINT('NONE',#15234);
#12013=LINE('',#15235,#15236);
#12014=LINE('',#15237,#15238);
#12015=FILL_AREA_STYLE_COLOUR('',#15239);
#12016=VERTEX_POINT('NONE',#15240);
#12017=LINE('',#15241,#15242);
#12018=VERTEX_POINT('NONE',#15243);
#12019=LINE('',#15244,#15245);
#12020=VERTEX_POINT('NONE',#15246);
#12021=LINE('',#15247,#15248);
#12022=VERTEX_POINT('NONE',#15249);
#12023=LINE('',#15250,#15251);
#12024=VERTEX_POINT('NONE',#15252);
#12025=LINE('',#15253,#15254);
#12026=LINE('',#15255,#15256);
#12027=FILL_AREA_STYLE_COLOUR('',#15257);
#12028=VERTEX_POINT('NONE',#15258);
#12029=LINE('',#15259,#15260);
#12030=LINE('',#15261,#15262);
#12031=FILL_AREA_STYLE_COLOUR('',#15263);
#12032=VERTEX_POINT('NONE',#15264);
#12033=LINE('',#15265,#15266);
#12034=LINE('',#15267,#15268);
#12035=FILL_AREA_STYLE_COLOUR('',#15269);
#12036=LINE('',#15270,#15271);
#12037=FILL_AREA_STYLE_COLOUR('',#15272);
#12038=LINE('',#15273,#15274);
#12039=FILL_AREA_STYLE_COLOUR('',#15275);
#12040=VERTEX_POINT('NONE',#15276);
#12041=LINE('',#15277,#15278);
#12042=VERTEX_POINT('NONE',#15279);
#12043=LINE('',#15280,#15281);
#12044=LINE('',#15282,#15283);
#12045=FILL_AREA_STYLE_COLOUR('',#15284);
#12046=VERTEX_POINT('NONE',#15285);
#12047=LINE('',#15286,#15287);
#12048=LINE('',#15288,#15289);
#12049=FILL_AREA_STYLE_COLOUR('',#15290);
#12050=VERTEX_POINT('NONE',#15291);
#12051=LINE('',#15292,#15293);
#12052=VERTEX_POINT('NONE',#15294);
#12053=LINE('',#15295,#15296);
#12054=VERTEX_POINT('NONE',#15297);
#12055=LINE('',#15298,#15299);
#12056=LINE('',#15300,#15301);
#12057=FILL_AREA_STYLE_COLOUR('',#15302);
#12058=VERTEX_POINT('NONE',#15303);
#12059=LINE('',#15304,#15305);
#12060=VERTEX_POINT('NONE',#15306);
#12061=CIRCLE('',#15307,0.7);
#12062=LINE('',#15308,#15309);
#12063=FILL_AREA_STYLE_COLOUR('',#15310);
#12064=VERTEX_POINT('NONE',#15311);
#12065=LINE('',#15312,#15313);
#12066=VERTEX_POINT('NONE',#15314);
#12067=LINE('',#15315,#15316);
#12068=VERTEX_POINT('NONE',#15317);
#12069=LINE('',#15318,#15319);
#12070=VERTEX_POINT('NONE',#15320);
#12071=LINE('',#15321,#15322);
#12072=LINE('',#15323,#15324);
#12073=FILL_AREA_STYLE_COLOUR('',#15325);
#12074=VERTEX_POINT('NONE',#15326);
#12075=LINE('',#15327,#15328);
#12076=VERTEX_POINT('NONE',#15329);
#12077=LINE('',#15330,#15331);
#12078=LINE('',#15332,#15333);
#12079=FILL_AREA_STYLE_COLOUR('',#15334);
#12080=VERTEX_POINT('NONE',#15335);
#12081=LINE('',#15336,#15337);
#12082=VERTEX_POINT('NONE',#15338);
#12083=LINE('',#15339,#15340);
#12084=VERTEX_POINT('NONE',#15341);
#12085=LINE('',#15342,#15343);
#12086=VERTEX_POINT('NONE',#15344);
#12087=LINE('',#15345,#15346);
#12088=VERTEX_POINT('NONE',#15347);
#12089=LINE('',#15348,#15349);
#12090=VERTEX_POINT('NONE',#15350);
#12091=LINE('',#15351,#15352);
#12092=LINE('',#15353,#15354);
#12093=FILL_AREA_STYLE_COLOUR('',#15355);
#12094=VERTEX_POINT('NONE',#15356);
#12095=LINE('',#15357,#15358);
#12096=VERTEX_POINT('NONE',#15359);
#12097=LINE('',#15360,#15361);
#12098=LINE('',#15362,#15363);
#12099=FILL_AREA_STYLE_COLOUR('',#15364);
#12100=VERTEX_POINT('NONE',#15365);
#12101=VERTEX_POINT('NONE',#15366);
#12102=CIRCLE('',#15367,0.7);
#12103=LINE('',#15368,#15369);
#12104=LINE('',#15370,#15371);
#12105=FILL_AREA_STYLE_COLOUR('',#15372);
#12106=VERTEX_POINT('NONE',#15373);
#12107=LINE('',#15374,#15375);
#12108=VERTEX_POINT('NONE',#15376);
#12109=CIRCLE('',#15377,0.7);
#12110=LINE('',#15378,#15379);
#12111=FILL_AREA_STYLE_COLOUR('',#15380);
#12112=VERTEX_POINT('NONE',#15381);
#12113=VERTEX_POINT('NONE',#15382);
#12114=LINE('',#15383,#15384);
#12115=VERTEX_POINT('NONE',#15385);
#12116=LINE('',#15386,#15387);
#12117=VERTEX_POINT('NONE',#15388);
#12118=LINE('',#15389,#15390);
#12119=VERTEX_POINT('NONE',#15391);
#12120=LINE('',#15392,#15393);
#12121=VERTEX_POINT('NONE',#15394);
#12122=LINE('',#15395,#15396);
#12123=LINE('',#15397,#15398);
#12124=LINE('',#15399,#15400);
#12125=FILL_AREA_STYLE_COLOUR('',#15401);
#12126=VERTEX_POINT('NONE',#15402);
#12127=LINE('',#15403,#15404);
#12128=VERTEX_POINT('NONE',#15405);
#12129=LINE('',#15406,#15407);
#12130=VERTEX_POINT('NONE',#15408);
#12131=LINE('',#15409,#15410);
#12132=VERTEX_POINT('NONE',#15411);
#12133=LINE('',#15412,#15413);
#12134=VERTEX_POINT('NONE',#15414);
#12135=LINE('',#15415,#15416);
#12136=LINE('',#15417,#15418);
#12137=FILL_AREA_STYLE_COLOUR('',#15419);
#12138=VERTEX_POINT('NONE',#15420);
#12139=LINE('',#15421,#15422);
#12140=VERTEX_POINT('NONE',#15423);
#12141=CIRCLE('',#15424,0.7);
#12142=LINE('',#15425,#15426);
#12143=FILL_AREA_STYLE_COLOUR('',#15427);
#12144=VERTEX_POINT('NONE',#15428);
#12145=LINE('',#15429,#15430);
#12146=VERTEX_POINT('NONE',#15431);
#12147=LINE('',#15432,#15433);
#12148=LINE('',#15434,#15435);
#12149=FILL_AREA_STYLE_COLOUR('',#15436);
#12150=VERTEX_POINT('NONE',#15437);
#12151=VERTEX_POINT('NONE',#15438);
#12152=LINE('',#15439,#15440);
#12153=LINE('',#15441,#15442);
#12154=LINE('',#15443,#15444);
#12155=FILL_AREA_STYLE_COLOUR('',#15445);
#12156=LINE('',#15446,#15447);
#12157=FILL_AREA_STYLE_COLOUR('',#15448);
#12158=VERTEX_POINT('NONE',#15449);
#12159=LINE('',#15450,#15451);
#12160=LINE('',#15452,#15453);
#12161=FILL_AREA_STYLE_COLOUR('',#15454);
#12162=VERTEX_POINT('NONE',#15455);
#12163=LINE('',#15456,#15457);
#12164=LINE('',#15458,#15459);
#12165=FILL_AREA_STYLE_COLOUR('',#15460);
#12166=VERTEX_POINT('NONE',#15461);
#12167=LINE('',#15462,#15463);
#12168=VERTEX_POINT('NONE',#15464);
#12169=CIRCLE('',#15465,4.3);
#12170=LINE('',#15466,#15467);
#12171=VERTEX_POINT('NONE',#15468);
#12172=LINE('',#15469,#15470);
#12173=VERTEX_POINT('NONE',#15471);
#12174=CIRCLE('',#15472,4.3);
#12175=LINE('',#15473,#15474);
#12176=FILL_AREA_STYLE_COLOUR('',#15475);
#12177=VERTEX_POINT('NONE',#15476);
#12178=LINE('',#15477,#15478);
#12179=LINE('',#15479,#15480);
#12180=FILL_AREA_STYLE_COLOUR('',#15481);
#12181=LINE('',#15482,#15483);
#12182=FILL_AREA_STYLE_COLOUR('',#15484);
#12183=VERTEX_POINT('NONE',#15485);
#12184=LINE('',#15486,#15487);
#12185=LINE('',#15488,#15489);
#12186=FILL_AREA_STYLE_COLOUR('',#15490);
#12187=LINE('',#15491,#15492);
#12188=FILL_AREA_STYLE_COLOUR('',#15493);
#12189=LINE('',#15494,#15495);
#12190=FILL_AREA_STYLE_COLOUR('',#15496);
#12191=CIRCLE('',#15497,0.374999999616336);
#12192=FILL_AREA_STYLE_COLOUR('',#15498);
#12193=VERTEX_POINT('NONE',#15499);
#12194=CIRCLE('',#15500,0.2);
#12195=LINE('',#15501,#15502);
#12196=FILL_AREA_STYLE_COLOUR('',#15503);
#12197=LINE('',#15504,#15505);
#12198=FILL_AREA_STYLE_COLOUR('',#15506);
#12199=VERTEX_POINT('NONE',#15507);
#12200=CIRCLE('',#15508,0.2);
#12201=LINE('',#15509,#15510);
#12202=FILL_AREA_STYLE_COLOUR('',#15511);
#12203=VERTEX_POINT('NONE',#15512);
#12204=LINE('',#15513,#15514);
#12205=VERTEX_POINT('NONE',#15515);
#12206=LINE('',#15516,#15517);
#12207=LINE('',#15518,#15519);
#12208=FILL_AREA_STYLE_COLOUR('',#15520);
#12209=VERTEX_POINT('NONE',#15521);
#12210=LINE('',#15522,#15523);
#12211=LINE('',#15524,#15525);
#12212=FILL_AREA_STYLE_COLOUR('',#15526);
#12213=VERTEX_POINT('NONE',#15527);
#12214=LINE('',#15528,#15529);
#12215=LINE('',#15530,#15531);
#12216=FILL_AREA_STYLE_COLOUR('',#15532);
#12217=LINE('',#15533,#15534);
#12218=FILL_AREA_STYLE_COLOUR('',#15535);
#12219=LINE('',#15536,#15537);
#12220=FILL_AREA_STYLE_COLOUR('',#15538);
#12221=VERTEX_POINT('NONE',#15539);
#12222=LINE('',#15540,#15541);
#12223=VERTEX_POINT('NONE',#15542);
#12224=LINE('',#15543,#15544);
#12225=LINE('',#15545,#15546);
#12226=FILL_AREA_STYLE_COLOUR('',#15547);
#12227=VERTEX_POINT('NONE',#15548);
#12228=LINE('',#15549,#15550);
#12229=VERTEX_POINT('NONE',#15551);
#12230=LINE('',#15552,#15553);
#12231=VERTEX_POINT('NONE',#15554);
#12232=LINE('',#15555,#15556);
#12233=VERTEX_POINT('NONE',#15557);
#12234=LINE('',#15558,#15559);
#12235=LINE('',#15560,#15561);
#12236=FILL_AREA_STYLE_COLOUR('',#15562);
#12237=VERTEX_POINT('NONE',#15563);
#12238=LINE('',#15564,#15565);
#12239=VERTEX_POINT('NONE',#15566);
#12240=LINE('',#15567,#15568);
#12241=LINE('',#15569,#15570);
#12242=FILL_AREA_STYLE_COLOUR('',#15571);
#12243=VERTEX_POINT('NONE',#15572);
#12244=LINE('',#15573,#15574);
#12245=LINE('',#15575,#15576);
#12246=FILL_AREA_STYLE_COLOUR('',#15577);
#12247=VERTEX_POINT('NONE',#15578);
#12248=VERTEX_POINT('NONE',#15579);
#12249=LINE('',#15580,#15581);
#12250=VERTEX_POINT('NONE',#15582);
#12251=LINE('',#15583,#15584);
#12252=VERTEX_POINT('NONE',#15585);
#12253=LINE('',#15586,#15587);
#12254=LINE('',#15588,#15589);
#12255=FILL_AREA_STYLE_COLOUR('',#15590);
#12256=VERTEX_POINT('NONE',#15591);
#12257=VERTEX_POINT('NONE',#15592);
#12258=LINE('',#15593,#15594);
#12259=CIRCLE('',#15595,0.650000005);
#12260=CIRCLE('',#15596,0.500000005);
#12261=FILL_AREA_STYLE_COLOUR('',#15597);
#12262=VERTEX_POINT('NONE',#15598);
#12263=CIRCLE('',#15599,0.500000000358545);
#12264=LINE('',#15600,#15601);
#12265=FILL_AREA_STYLE_COLOUR('',#15602);
#12266=VERTEX_POINT('NONE',#15603);
#12267=CIRCLE('',#15604,0.500000005);
#12268=VERTEX_POINT('NONE',#15605);
#12269=CIRCLE('',#15606,0.225);
#12270=CIRCLE('',#15607,0.225);
#12271=FILL_AREA_STYLE_COLOUR('',#15608);
#12272=LINE('',#15609,#15610);
#12273=FILL_AREA_STYLE_COLOUR('',#15611);
#12274=VERTEX_POINT('NONE',#15612);
#12275=VERTEX_POINT('NONE',#15613);
#12276=LINE('',#15614,#15615);
#12277=VERTEX_POINT('NONE',#15616);
#12278=LINE('',#15617,#15618);
#12279=VERTEX_POINT('NONE',#15619);
#12280=LINE('',#15620,#15621);
#12281=LINE('',#15622,#15623);
#12282=FILL_AREA_STYLE_COLOUR('',#15624);
#12283=VERTEX_POINT('NONE',#15625);
#12284=CIRCLE('',#15626,0.375);
#12285=VERTEX_POINT('NONE',#15627);
#12286=LINE('',#15628,#15629);
#12287=CIRCLE('',#15630,0.375);
#12288=FILL_AREA_STYLE_COLOUR('',#15631);
#12289=LINE('',#15632,#15633);
#12290=LINE('',#15634,#15635);
#12291=FILL_AREA_STYLE_COLOUR('',#15636);
#12292=VERTEX_POINT('NONE',#15637);
#12293=CIRCLE('',#15638,0.650000005);
#12294=LINE('',#15639,#15640);
#12295=FILL_AREA_STYLE_COLOUR('',#15641);
#12296=VERTEX_POINT('NONE',#15642);
#12297=CIRCLE('',#15643,0.375);
#12298=VERTEX_POINT('NONE',#15644);
#12299=CIRCLE('',#15645,0.650000005);
#12300=CIRCLE('',#15646,0.375);
#12301=FILL_AREA_STYLE_COLOUR('',#15647);
#12302=LINE('',#15648,#15649);
#12303=FILL_AREA_STYLE_COLOUR('',#15650);
#12304=VERTEX_POINT('NONE',#15651);
#12305=LINE('',#15652,#15653);
#12306=CIRCLE('',#15654,0.650000005);
#12307=FILL_AREA_STYLE_COLOUR('',#15655);
#12308=VERTEX_POINT('NONE',#15656);
#12309=LINE('',#15657,#15658);
#12310=CIRCLE('',#15659,0.500000000358545);
#12311=FILL_AREA_STYLE_COLOUR('',#15660);
#12312=VERTEX_POINT('NONE',#15661);
#12313=LINE('',#15662,#15663);
#12314=VERTEX_POINT('NONE',#15664);
#12315=LINE('',#15665,#15666);
#12316=LINE('',#15667,#15668);
#12317=FILL_AREA_STYLE_COLOUR('',#15669);
#12318=VERTEX_POINT('NONE',#15670);
#12319=CIRCLE('',#15671,0.375);
#12320=VERTEX_POINT('NONE',#15672);
#12321=CIRCLE('',#15673,0.375);
#12322=LINE('',#15674,#15675);
#12323=FILL_AREA_STYLE_COLOUR('',#15676);
#12324=VERTEX_POINT('NONE',#15677);
#12325=LINE('',#15678,#15679);
#12326=VERTEX_POINT('NONE',#15680);
#12327=LINE('',#15681,#15682);
#12328=LINE('',#15683,#15684);
#12329=FILL_AREA_STYLE_COLOUR('',#15685);
#12330=VERTEX_POINT('NONE',#15686);
#12331=CIRCLE('',#15687,0.500000005);
#12332=VERTEX_POINT('NONE',#15688);
#12333=CIRCLE('',#15689,0.225);
#12334=CIRCLE('',#15690,0.225);
#12335=FILL_AREA_STYLE_COLOUR('',#15691);
#12336=VERTEX_POINT('NONE',#15692);
#12337=CIRCLE('',#15693,0.500000005);
#12338=LINE('',#15694,#15695);
#12339=FILL_AREA_STYLE_COLOUR('',#15696);
#12340=VERTEX_POINT('NONE',#15697);
#12341=CIRCLE('',#15698,0.650000005);
#12342=LINE('',#15699,#15700);
#12343=FILL_AREA_STYLE_COLOUR('',#15701);
#12344=VERTEX_POINT('NONE',#15702);
#12345=LINE('',#15703,#15704);
#12346=CIRCLE('',#15705,0.650000005);
#12347=FILL_AREA_STYLE_COLOUR('',#15706);
#12348=VERTEX_POINT('NONE',#15707);
#12349=CIRCLE('',#15708,0.375);
#12350=CIRCLE('',#15709,0.375);
#12351=FILL_AREA_STYLE_COLOUR('',#15710);
#12352=VERTEX_POINT('NONE',#15711);
#12353=VERTEX_POINT('NONE',#15712);
#12354=LINE('',#15713,#15714);
#12355=VERTEX_POINT('NONE',#15715);
#12356=LINE('',#15716,#15717);
#12357=VERTEX_POINT('NONE',#15718);
#12358=LINE('',#15719,#15720);
#12359=LINE('',#15721,#15722);
#12360=FILL_AREA_STYLE_COLOUR('',#15723);
#12361=VERTEX_POINT('NONE',#15724);
#12362=LINE('',#15725,#15726);
#12363=LINE('',#15727,#15728);
#12364=FILL_AREA_STYLE_COLOUR('',#15729);
#12365=LINE('',#15730,#15731);
#12366=FILL_AREA_STYLE_COLOUR('',#15732);
#12367=VERTEX_POINT('NONE',#15733);
#12368=LINE('',#15734,#15735);
#12369=LINE('',#15736,#15737);
#12370=FILL_AREA_STYLE_COLOUR('',#15738);
#12371=VERTEX_POINT('NONE',#15739);
#12372=LINE('',#15740,#15741);
#12373=LINE('',#15742,#15743);
#12374=FILL_AREA_STYLE_COLOUR('',#15744);
#12375=VERTEX_POINT('NONE',#15745);
#12376=LINE('',#15746,#15747);
#12377=CIRCLE('',#15748,0.500000002);
#12378=LINE('',#15749,#15750);
#12379=FILL_AREA_STYLE_COLOUR('',#15751);
#12380=LINE('',#15752,#15753);
#12381=FILL_AREA_STYLE_COLOUR('',#15754);
#12382=FILL_AREA_STYLE_COLOUR('',#15755);
#12383=VERTEX_POINT('NONE',#15756);
#12384=LINE('',#15757,#15758);
#12385=VERTEX_POINT('NONE',#15759);
#12386=LINE('',#15760,#15761);
#12387=LINE('',#15762,#15763);
#12388=FILL_AREA_STYLE_COLOUR('',#15764);
#12389=VERTEX_POINT('NONE',#15765);
#12390=LINE('',#15766,#15767);
#12391=LINE('',#15768,#15769);
#12392=FILL_AREA_STYLE_COLOUR('',#15770);
#12393=FILL_AREA_STYLE_COLOUR('',#15771);
#12394=VERTEX_POINT('NONE',#15772);
#12395=LINE('',#15773,#15774);
#12396=CIRCLE('',#15775,0.500000002);
#12397=FILL_AREA_STYLE_COLOUR('',#15776);
#12398=VERTEX_POINT('NONE',#15777);
#12399=LINE('',#15778,#15779);
#12400=LINE('',#15780,#15781);
#12401=LINE('',#15782,#15783);
#12402=FILL_AREA_STYLE_COLOUR('',#15784);
#12403=LINE('',#15785,#15786);
#12404=FILL_AREA_STYLE_COLOUR('',#15787);
#12405=VERTEX_POINT('NONE',#15788);
#12406=LINE('',#15789,#15790);
#12407=LINE('',#15791,#15792);
#12408=FILL_AREA_STYLE_COLOUR('',#15793);
#12409=VERTEX_POINT('NONE',#15794);
#12410=LINE('',#15795,#15796);
#12411=VERTEX_POINT('NONE',#15797);
#12412=CIRCLE('',#15798,0.7);
#12413=LINE('',#15799,#15800);
#12414=FILL_AREA_STYLE_COLOUR('',#15801);
#12415=VERTEX_POINT('NONE',#15802);
#12416=LINE('',#15803,#15804);
#12417=LINE('',#15805,#15806);
#12418=FILL_AREA_STYLE_COLOUR('',#15807);
#12419=VERTEX_POINT('NONE',#15808);
#12420=LINE('',#15809,#15810);
#12421=LINE('',#15811,#15812);
#12422=FILL_AREA_STYLE_COLOUR('',#15813);
#12423=VERTEX_POINT('NONE',#15814);
#12424=LINE('',#15815,#15816);
#12425=LINE('',#15817,#15818);
#12426=FILL_AREA_STYLE_COLOUR('',#15819);
#12427=VERTEX_POINT('NONE',#15820);
#12428=LINE('',#15821,#15822);
#12429=LINE('',#15823,#15824);
#12430=FILL_AREA_STYLE_COLOUR('',#15825);
#12431=VERTEX_POINT('NONE',#15826);
#12432=LINE('',#15827,#15828);
#12433=LINE('',#15829,#15830);
#12434=FILL_AREA_STYLE_COLOUR('',#15831);
#12435=VERTEX_POINT('NONE',#15832);
#12436=LINE('',#15833,#15834);
#12437=LINE('',#15835,#15836);
#12438=FILL_AREA_STYLE_COLOUR('',#15837);
#12439=VERTEX_POINT('NONE',#15838);
#12440=LINE('',#15839,#15840);
#12441=LINE('',#15841,#15842);
#12442=FILL_AREA_STYLE_COLOUR('',#15843);
#12443=VERTEX_POINT('NONE',#15844);
#12444=LINE('',#15845,#15846);
#12445=LINE('',#15847,#15848);
#12446=FILL_AREA_STYLE_COLOUR('',#15849);
#12447=VERTEX_POINT('NONE',#15850);
#12448=LINE('',#15851,#15852);
#12449=LINE('',#15853,#15854);
#12450=FILL_AREA_STYLE_COLOUR('',#15855);
#12451=VERTEX_POINT('NONE',#15856);
#12452=LINE('',#15857,#15858);
#12453=LINE('',#15859,#15860);
#12454=FILL_AREA_STYLE_COLOUR('',#15861);
#12455=LINE('',#15862,#15863);
#12456=FILL_AREA_STYLE_COLOUR('',#15864);
#12457=VERTEX_POINT('NONE',#15865);
#12458=LINE('',#15866,#15867);
#12459=VERTEX_POINT('NONE',#15868);
#12460=CIRCLE('',#15869,0.7);
#12461=LINE('',#15870,#15871);
#12462=FILL_AREA_STYLE_COLOUR('',#15872);
#12463=VERTEX_POINT('NONE',#15873);
#12464=LINE('',#15874,#15875);
#12465=VERTEX_POINT('NONE',#15876);
#12466=CIRCLE('',#15877,0.7);
#12467=LINE('',#15878,#15879);
#12468=FILL_AREA_STYLE_COLOUR('',#15880);
#12469=VERTEX_POINT('NONE',#15881);
#12470=LINE('',#15882,#15883);
#12471=LINE('',#15884,#15885);
#12472=FILL_AREA_STYLE_COLOUR('',#15886);
#12473=VERTEX_POINT('NONE',#15887);
#12474=LINE('',#15888,#15889);
#12475=LINE('',#15890,#15891);
#12476=FILL_AREA_STYLE_COLOUR('',#15892);
#12477=VERTEX_POINT('NONE',#15893);
#12478=LINE('',#15894,#15895);
#12479=LINE('',#15896,#15897);
#12480=FILL_AREA_STYLE_COLOUR('',#15898);
#12481=VERTEX_POINT('NONE',#15899);
#12482=LINE('',#15900,#15901);
#12483=VERTEX_POINT('NONE',#15902);
#12484=LINE('',#15903,#15904);
#12485=LINE('',#15905,#15906);
#12486=VERTEX_POINT('NONE',#15907);
#12487=LINE('',#15908,#15909);
#12488=LINE('',#15910,#15911);
#12489=FILL_AREA_STYLE_COLOUR('',#15912);
#12490=VERTEX_POINT('NONE',#15913);
#12491=LINE('',#15914,#15915);
#12492=LINE('',#15916,#15917);
#12493=FILL_AREA_STYLE_COLOUR('',#15918);
#12494=VERTEX_POINT('NONE',#15919);
#12495=LINE('',#15920,#15921);
#12496=LINE('',#15922,#15923);
#12497=FILL_AREA_STYLE_COLOUR('',#15924);
#12498=VERTEX_POINT('NONE',#15925);
#12499=LINE('',#15926,#15927);
#12500=LINE('',#15928,#15929);
#12501=FILL_AREA_STYLE_COLOUR('',#15930);
#12502=VERTEX_POINT('NONE',#15931);
#12503=LINE('',#15932,#15933);
#12504=VERTEX_POINT('NONE',#15934);
#12505=LINE('',#15935,#15936);
#12506=LINE('',#15937,#15938);
#12507=VERTEX_POINT('NONE',#15939);
#12508=LINE('',#15940,#15941);
#12509=LINE('',#15942,#15943);
#12510=FILL_AREA_STYLE_COLOUR('',#15944);
#12511=VERTEX_POINT('NONE',#15945);
#12512=LINE('',#15946,#15947);
#12513=LINE('',#15948,#15949);
#12514=FILL_AREA_STYLE_COLOUR('',#15950);
#12515=VERTEX_POINT('NONE',#15951);
#12516=LINE('',#15952,#15953);
#12517=LINE('',#15954,#15955);
#12518=FILL_AREA_STYLE_COLOUR('',#15956);
#12519=LINE('',#15957,#15958);
#12520=FILL_AREA_STYLE_COLOUR('',#15959);
#12521=VERTEX_POINT('NONE',#15960);
#12522=LINE('',#15961,#15962);
#12523=VERTEX_POINT('NONE',#15963);
#12524=CIRCLE('',#15964,0.7);
#12525=LINE('',#15965,#15966);
#12526=FILL_AREA_STYLE_COLOUR('',#15967);
#12527=VERTEX_POINT('NONE',#15968);
#12528=LINE('',#15969,#15970);
#12529=VERTEX_POINT('NONE',#15971);
#12530=LINE('',#15972,#15973);
#12531=LINE('',#15974,#15975);
#12532=FILL_AREA_STYLE_COLOUR('',#15976);
#12533=VERTEX_POINT('NONE',#15977);
#12534=LINE('',#15978,#15979);
#12535=CIRCLE('',#15980,4.3);
#12536=FILL_AREA_STYLE_COLOUR('',#15981);
#12537=VERTEX_POINT('NONE',#15982);
#12538=LINE('',#15983,#15984);
#12539=LINE('',#15985,#15986);
#12540=FILL_AREA_STYLE_COLOUR('',#15987);
#12541=CIRCLE('',#15988,4.3);
#12542=FILL_AREA_STYLE_COLOUR('',#15989);
#12543=VERTEX_POINT('NONE',#15990);
#12544=CIRCLE('',#15991,0.650000004);
#12545=VERTEX_POINT('NONE',#15992);
#12546=LINE('',#15993,#15994);
#12547=CIRCLE('',#15995,0.500000004);
#12548=FILL_AREA_STYLE_COLOUR('',#15996);
#12549=CIRCLE('',#15997,0.650000004);
#12550=LINE('',#15998,#15999);
#12551=FILL_AREA_STYLE_COLOUR('',#16000);
#12552=VERTEX_POINT('NONE',#16001);
#12553=CIRCLE('',#16002,0.650000004);
#12554=CIRCLE('',#16003,0.375);
#12555=FILL_AREA_STYLE_COLOUR('',#16004);
#12556=VERTEX_POINT('NONE',#16005);
#12557=CIRCLE('',#16006,0.650000004);
#12558=LINE('',#16007,#16008);
#12559=FILL_AREA_STYLE_COLOUR('',#16009);
#12560=VERTEX_POINT('NONE',#16010);
#12561=LINE('',#16011,#16012);
#12562=CIRCLE('',#16013,0.500000004);
#12563=FILL_AREA_STYLE_COLOUR('',#16014);
#12564=CIRCLE('',#16015,0.500000004);
#12565=LINE('',#16016,#16017);
#12566=FILL_AREA_STYLE_COLOUR('',#16018);
#12567=CIRCLE('',#16019,0.225);
#12568=VERTEX_POINT('NONE',#16020);
#12569=CIRCLE('',#16021,0.500000004);
#12570=CIRCLE('',#16022,0.225);
#12571=FILL_AREA_STYLE_COLOUR('',#16023);
#12572=LINE('',#16024,#16025);
#12573=FILL_AREA_STYLE_COLOUR('',#16026);
#12574=VERTEX_POINT('NONE',#16027);
#12575=CIRCLE('',#16028,0.650000004);
#12576=VERTEX_POINT('NONE',#16029);
#12577=LINE('',#16030,#16031);
#12578=CIRCLE('',#16032,0.650000004);
#12579=FILL_AREA_STYLE_COLOUR('',#16033);
#12580=VERTEX_POINT('NONE',#16034);
#12581=LINE('',#16035,#16036);
#12582=CIRCLE('',#16037,0.500000004);
#12583=FILL_AREA_STYLE_COLOUR('',#16038);
#12584=LINE('',#16039,#16040);
#12585=CIRCLE('',#16041,0.500000004);
#12586=FILL_AREA_STYLE_COLOUR('',#16042);
#12587=VERTEX_POINT('NONE',#16043);
#12588=CIRCLE('',#16044,0.500000004);
#12589=CIRCLE('',#16045,0.225);
#12590=CIRCLE('',#16046,0.225);
#12591=FILL_AREA_STYLE_COLOUR('',#16047);
#12592=VERTEX_POINT('NONE',#16048);
#12593=CIRCLE('',#16049,0.500000004);
#12594=LINE('',#16050,#16051);
#12595=FILL_AREA_STYLE_COLOUR('',#16052);
#12596=VERTEX_POINT('NONE',#16053);
#12597=CIRCLE('',#16054,0.650000004);
#12598=LINE('',#16055,#16056);
#12599=FILL_AREA_STYLE_COLOUR('',#16057);
#12600=LINE('',#16058,#16059);
#12601=CIRCLE('',#16060,0.650000004);
#12602=FILL_AREA_STYLE_COLOUR('',#16061);
#12603=CIRCLE('',#16062,0.375);
#12604=FILL_AREA_STYLE_COLOUR('',#16063);
#12605=VERTEX_POINT('NONE',#16064);
#12606=LINE('',#16065,#16066);
#12607=LINE('',#16067,#16068);
#12608=FILL_AREA_STYLE_COLOUR('',#16069);
#12609=LINE('',#16070,#16071);
#12610=FILL_AREA_STYLE_COLOUR('',#16072);
#12611=VERTEX_POINT('NONE',#16073);
#12612=LINE('',#16074,#16075);
#12613=LINE('',#16076,#16077);
#12614=FILL_AREA_STYLE_COLOUR('',#16078);
#12615=VERTEX_POINT('NONE',#16079);
#12616=LINE('',#16080,#16081);
#12617=LINE('',#16082,#16083);
#12618=FILL_AREA_STYLE_COLOUR('',#16084);
#12619=VERTEX_POINT('NONE',#16085);
#12620=LINE('',#16086,#16087);
#12621=CIRCLE('',#16088,0.500000002);
#12622=FILL_AREA_STYLE_COLOUR('',#16089);
#12623=LINE('',#16090,#16091);
#12624=FILL_AREA_STYLE_COLOUR('',#16092);
#12625=FILL_AREA_STYLE_COLOUR('',#16093);
#12626=FILL_AREA_STYLE_COLOUR('',#16094);
#12627=VERTEX_POINT('NONE',#16095);
#12628=CIRCLE('',#16096,0.500000002);
#12629=LINE('',#16097,#16098);
#12630=FILL_AREA_STYLE_COLOUR('',#16099);
#12631=VERTEX_POINT('NONE',#16100);
#12632=LINE('',#16101,#16102);
#12633=LINE('',#16103,#16104);
#12634=FILL_AREA_STYLE_COLOUR('',#16105);
#12635=LINE('',#16106,#16107);
#12636=FILL_AREA_STYLE_COLOUR('',#16108);
#12637=VERTEX_POINT('NONE',#16109);
#12638=VERTEX_POINT('NONE',#16110);
#12639=LINE('',#16111,#16112);
#12640=VERTEX_POINT('NONE',#16113);
#12641=CIRCLE('',#16114,0.400000000000001);
#12642=LINE('',#16115,#16116);
#12643=FILL_AREA_STYLE_COLOUR('',#16117);
#12644=VERTEX_POINT('NONE',#16118);
#12645=LINE('',#16119,#16120);
#12646=VERTEX_POINT('NONE',#16121);
#12647=CIRCLE('',#16122,0.400000000000001);
#12648=LINE('',#16123,#16124);
#12649=FILL_AREA_STYLE_COLOUR('',#16125);
#12650=VERTEX_POINT('NONE',#16126);
#12651=VERTEX_POINT('NONE',#16127);
#12652=CIRCLE('',#16128,0.5);
#12653=CIRCLE('',#16129,1.0);
#12654=LINE('',#16130,#16131);
#12655=FILL_AREA_STYLE_COLOUR('',#16132);
#12656=VERTEX_POINT('NONE',#16133);
#12657=LINE('',#16134,#16135);
#12658=VERTEX_POINT('NONE',#16136);
#12659=CIRCLE('',#16137,1.0);
#12660=CIRCLE('',#16138,1.0);
#12661=FILL_AREA_STYLE_COLOUR('',#16139);
#12662=LINE('',#16140,#16141);
#12663=FILL_AREA_STYLE_COLOUR('',#16142);
#12664=LINE('',#16143,#16144);
#12665=FILL_AREA_STYLE_COLOUR('',#16145);
#12666=LINE('',#16146,#16147);
#12667=FILL_AREA_STYLE_COLOUR('',#16148);
#12668=LINE('',#16149,#16150);
#12669=FILL_AREA_STYLE_COLOUR('',#16151);
#12670=LINE('',#16152,#16153);
#12671=FILL_AREA_STYLE_COLOUR('',#16154);
#12672=LINE('',#16155,#16156);
#12673=FILL_AREA_STYLE_COLOUR('',#16157);
#12674=LINE('',#16158,#16159);
#12675=FILL_AREA_STYLE_COLOUR('',#16160);
#12676=LINE('',#16161,#16162);
#12677=LINE('',#16163,#16164);
#12678=FILL_AREA_STYLE_COLOUR('',#16165);
#12679=LINE('',#16166,#16167);
#12680=FILL_AREA_STYLE_COLOUR('',#16168);
#12681=FILL_AREA_STYLE_COLOUR('',#16169);
#12682=VERTEX_POINT('NONE',#16170);
#12683=LINE('',#16171,#16172);
#12684=CIRCLE('',#16173,1.0);
#12685=FILL_AREA_STYLE_COLOUR('',#16174);
#12686=VERTEX_POINT('NONE',#16175);
#12687=VERTEX_POINT('NONE',#16176);
#12688=LINE('',#16177,#16178);
#12689=VERTEX_POINT('NONE',#16179);
#12690=LINE('',#16180,#16181);
#12691=VERTEX_POINT('NONE',#16182);
#12692=LINE('',#16183,#16184);
#12693=LINE('',#16185,#16186);
#12694=FILL_AREA_STYLE_COLOUR('',#16187);
#12695=VERTEX_POINT('NONE',#16188);
#12696=VERTEX_POINT('NONE',#16189);
#12697=LINE('',#16190,#16191);
#12698=VERTEX_POINT('NONE',#16192);
#12699=LINE('',#16193,#16194);
#12700=VERTEX_POINT('NONE',#16195);
#12701=LINE('',#16196,#16197);
#12702=LINE('',#16198,#16199);
#12703=FILL_AREA_STYLE_COLOUR('',#16200);
#12704=LINE('',#16201,#16202);
#12705=LINE('',#16203,#16204);
#12706=FILL_AREA_STYLE_COLOUR('',#16205);
#12707=LINE('',#16206,#16207);
#12708=FILL_AREA_STYLE_COLOUR('',#16208);
#12709=LINE('',#16209,#16210);
#12710=FILL_AREA_STYLE_COLOUR('',#16211);
#12711=FILL_AREA_STYLE_COLOUR('',#16212);
#12712=LINE('',#16213,#16214);
#12713=LINE('',#16215,#16216);
#12714=FILL_AREA_STYLE_COLOUR('',#16217);
#12715=LINE('',#16218,#16219);
#12716=FILL_AREA_STYLE_COLOUR('',#16220);
#12717=LINE('',#16221,#16222);
#12718=FILL_AREA_STYLE_COLOUR('',#16223);
#12719=LINE('',#16224,#16225);
#12720=FILL_AREA_STYLE_COLOUR('',#16226);
#12721=LINE('',#16227,#16228);
#12722=FILL_AREA_STYLE_COLOUR('',#16229);
#12723=LINE('',#16230,#16231);
#12724=FILL_AREA_STYLE_COLOUR('',#16232);
#12725=LINE('',#16233,#16234);
#12726=FILL_AREA_STYLE_COLOUR('',#16235);
#12727=LINE('',#16236,#16237);
#12728=FILL_AREA_STYLE_COLOUR('',#16238);
#12729=LINE('',#16239,#16240);
#12730=FILL_AREA_STYLE_COLOUR('',#16241);
#12731=FILL_AREA_STYLE_COLOUR('',#16242);
#12732=LINE('',#16243,#16244);
#12733=LINE('',#16245,#16246);
#12734=FILL_AREA_STYLE_COLOUR('',#16247);
#12735=LINE('',#16248,#16249);
#12736=FILL_AREA_STYLE_COLOUR('',#16250);
#12737=LINE('',#16251,#16252);
#12738=FILL_AREA_STYLE_COLOUR('',#16253);
#12739=LINE('',#16254,#16255);
#12740=FILL_AREA_STYLE_COLOUR('',#16256);
#12741=LINE('',#16257,#16258);
#12742=FILL_AREA_STYLE_COLOUR('',#16259);
#12743=LINE('',#16260,#16261);
#12744=FILL_AREA_STYLE_COLOUR('',#16262);
#12745=LINE('',#16263,#16264);
#12746=FILL_AREA_STYLE_COLOUR('',#16265);
#12747=LINE('',#16266,#16267);
#12748=FILL_AREA_STYLE_COLOUR('',#16268);
#12749=LINE('',#16269,#16270);
#12750=FILL_AREA_STYLE_COLOUR('',#16271);
#12751=FILL_AREA_STYLE_COLOUR('',#16272);
#12752=VERTEX_POINT('NONE',#16273);
#12753=VERTEX_POINT('NONE',#16274);
#12754=LINE('',#16275,#16276);
#12755=VERTEX_POINT('NONE',#16277);
#12756=LINE('',#16278,#16279);
#12757=VERTEX_POINT('NONE',#16280);
#12758=LINE('',#16281,#16282);
#12759=LINE('',#16283,#16284);
#12760=FILL_AREA_STYLE_COLOUR('',#16285);
#12761=VERTEX_POINT('NONE',#16286);
#12762=VERTEX_POINT('NONE',#16287);
#12763=LINE('',#16288,#16289);
#12764=VERTEX_POINT('NONE',#16290);
#12765=LINE('',#16291,#16292);
#12766=VERTEX_POINT('NONE',#16293);
#12767=LINE('',#16294,#16295);
#12768=LINE('',#16296,#16297);
#12769=FILL_AREA_STYLE_COLOUR('',#16298);
#12770=VERTEX_POINT('NONE',#16299);
#12771=LINE('',#16300,#16301);
#12772=VERTEX_POINT('NONE',#16302);
#12773=CIRCLE('',#16303,0.5);
#12774=LINE('',#16304,#16305);
#12775=FILL_AREA_STYLE_COLOUR('',#16306);
#12776=VERTEX_POINT('NONE',#16307);
#12777=LINE('',#16308,#16309);
#12778=CIRCLE('',#16310,0.399999999999999);
#12779=FILL_AREA_STYLE_COLOUR('',#16311);
#12780=VERTEX_POINT('NONE',#16312);
#12781=CIRCLE('',#16313,0.399999999999999);
#12782=LINE('',#16314,#16315);
#12783=FILL_AREA_STYLE_COLOUR('',#16316);
#12784=LINE('',#16317,#16318);
#12785=LINE('',#16319,#16320);
#12786=FILL_AREA_STYLE_COLOUR('',#16321);
#12787=VERTEX_POINT('NONE',#16322);
#12788=LINE('',#16323,#16324);
#12789=CIRCLE('',#16325,0.399999999999999);
#12790=FILL_AREA_STYLE_COLOUR('',#16326);
#12791=VERTEX_POINT('NONE',#16327);
#12792=LINE('',#16328,#16329);
#12793=VERTEX_POINT('NONE',#16330);
#12794=CIRCLE('',#16331,0.399999999999999);
#12795=LINE('',#16332,#16333);
#12796=FILL_AREA_STYLE_COLOUR('',#16334);
#12797=VERTEX_POINT('NONE',#16335);
#12798=VERTEX_POINT('NONE',#16336);
#12799=CIRCLE('',#16337,0.5);
#12800=CIRCLE('',#16338,1.0);
#12801=LINE('',#16339,#16340);
#12802=FILL_AREA_STYLE_COLOUR('',#16341);
#12803=VERTEX_POINT('NONE',#16342);
#12804=LINE('',#16343,#16344);
#12805=VERTEX_POINT('NONE',#16345);
#12806=CIRCLE('',#16346,1.0);
#12807=CIRCLE('',#16347,1.0);
#12808=FILL_AREA_STYLE_COLOUR('',#16348);
#12809=LINE('',#16349,#16350);
#12810=FILL_AREA_STYLE_COLOUR('',#16351);
#12811=LINE('',#16352,#16353);
#12812=FILL_AREA_STYLE_COLOUR('',#16354);
#12813=LINE('',#16355,#16356);
#12814=FILL_AREA_STYLE_COLOUR('',#16357);
#12815=LINE('',#16358,#16359);
#12816=FILL_AREA_STYLE_COLOUR('',#16360);
#12817=LINE('',#16361,#16362);
#12818=FILL_AREA_STYLE_COLOUR('',#16363);
#12819=LINE('',#16364,#16365);
#12820=LINE('',#16366,#16367);
#12821=LINE('',#16368,#16369);
#12822=FILL_AREA_STYLE_COLOUR('',#16370);
#12823=FILL_AREA_STYLE_COLOUR('',#16371);
#12824=FILL_AREA_STYLE_COLOUR('',#16372);
#12825=LINE('',#16373,#16374);
#12826=FILL_AREA_STYLE_COLOUR('',#16375);
#12827=LINE('',#16376,#16377);
#12828=FILL_AREA_STYLE_COLOUR('',#16378);
#12829=FILL_AREA_STYLE_COLOUR('',#16379);
#12830=VERTEX_POINT('NONE',#16380);
#12831=LINE('',#16381,#16382);
#12832=CIRCLE('',#16383,1.0);
#12833=FILL_AREA_STYLE_COLOUR('',#16384);
#12834=VERTEX_POINT('NONE',#16385);
#12835=VERTEX_POINT('NONE',#16386);
#12836=LINE('',#16387,#16388);
#12837=VERTEX_POINT('NONE',#16389);
#12838=LINE('',#16390,#16391);
#12839=VERTEX_POINT('NONE',#16392);
#12840=LINE('',#16393,#16394);
#12841=LINE('',#16395,#16396);
#12842=FILL_AREA_STYLE_COLOUR('',#16397);
#12843=VERTEX_POINT('NONE',#16398);
#12844=VERTEX_POINT('NONE',#16399);
#12845=LINE('',#16400,#16401);
#12846=VERTEX_POINT('NONE',#16402);
#12847=LINE('',#16403,#16404);
#12848=VERTEX_POINT('NONE',#16405);
#12849=LINE('',#16406,#16407);
#12850=LINE('',#16408,#16409);
#12851=FILL_AREA_STYLE_COLOUR('',#16410);
#12852=LINE('',#16411,#16412);
#12853=LINE('',#16413,#16414);
#12854=FILL_AREA_STYLE_COLOUR('',#16415);
#12855=FILL_AREA_STYLE_COLOUR('',#16416);
#12856=LINE('',#16417,#16418);
#12857=FILL_AREA_STYLE_COLOUR('',#16419);
#12858=LINE('',#16420,#16421);
#12859=FILL_AREA_STYLE_COLOUR('',#16422);
#12860=LINE('',#16423,#16424);
#12861=FILL_AREA_STYLE_COLOUR('',#16425);
#12862=FILL_AREA_STYLE_COLOUR('',#16426);
#12863=LINE('',#16427,#16428);
#12864=FILL_AREA_STYLE_COLOUR('',#16429);
#12865=FILL_AREA_STYLE_COLOUR('',#16430);
#12866=LINE('',#16431,#16432);
#12867=LINE('',#16433,#16434);
#12868=FILL_AREA_STYLE_COLOUR('',#16435);
#12869=LINE('',#16436,#16437);
#12870=FILL_AREA_STYLE_COLOUR('',#16438);
#12871=FILL_AREA_STYLE_COLOUR('',#16439);
#12872=LINE('',#16440,#16441);
#12873=FILL_AREA_STYLE_COLOUR('',#16442);
#12874=LINE('',#16443,#16444);
#12875=FILL_AREA_STYLE_COLOUR('',#16445);
#12876=LINE('',#16446,#16447);
#12877=FILL_AREA_STYLE_COLOUR('',#16448);
#12878=FILL_AREA_STYLE_COLOUR('',#16449);
#12879=FILL_AREA_STYLE_COLOUR('',#16450);
#12880=VERTEX_POINT('NONE',#16451);
#12881=VERTEX_POINT('NONE',#16452);
#12882=LINE('',#16453,#16454);
#12883=VERTEX_POINT('NONE',#16455);
#12884=LINE('',#16456,#16457);
#12885=VERTEX_POINT('NONE',#16458);
#12886=LINE('',#16459,#16460);
#12887=LINE('',#16461,#16462);
#12888=FILL_AREA_STYLE_COLOUR('',#16463);
#12889=VERTEX_POINT('NONE',#16464);
#12890=VERTEX_POINT('NONE',#16465);
#12891=LINE('',#16466,#16467);
#12892=VERTEX_POINT('NONE',#16468);
#12893=LINE('',#16469,#16470);
#12894=VERTEX_POINT('NONE',#16471);
#12895=LINE('',#16472,#16473);
#12896=LINE('',#16474,#16475);
#12897=FILL_AREA_STYLE_COLOUR('',#16476);
#12898=VERTEX_POINT('NONE',#16477);
#12899=LINE('',#16478,#16479);
#12900=VERTEX_POINT('NONE',#16480);
#12901=CIRCLE('',#16481,0.5);
#12902=LINE('',#16482,#16483);
#12903=FILL_AREA_STYLE_COLOUR('',#16484);
#12904=LINE('',#16485,#16486);
#12905=VERTEX_POINT('NONE',#16487);
#12906=LINE('',#16488,#16489);
#12907=VERTEX_POINT('NONE',#16490);
#12908=LINE('',#16491,#16492);
#12909=VERTEX_POINT('NONE',#16493);
#12910=LINE('',#16494,#16495);
#12911=LINE('',#16496,#16497);
#12912=FILL_AREA_STYLE_COLOUR('',#16498);
#12913=VERTEX_POINT('NONE',#16499);
#12914=LINE('',#16500,#16501);
#12915=CIRCLE('',#16502,0.400000000000001);
#12916=FILL_AREA_STYLE_COLOUR('',#16503);
#12917=VERTEX_POINT('NONE',#16504);
#12918=LINE('',#16505,#16506);
#12919=VERTEX_POINT('NONE',#16507);
#12920=CIRCLE('',#16508,0.400000000000001);
#12921=LINE('',#16509,#16510);
#12922=FILL_AREA_STYLE_COLOUR('',#16511);
#12923=VERTEX_POINT('NONE',#16512);
#12924=VERTEX_POINT('NONE',#16513);
#12925=LINE('',#16514,#16515);
#12926=LINE('',#16516,#16517);
#12927=LINE('',#16518,#16519);
#12928=FILL_AREA_STYLE_COLOUR('',#16520);
#12929=VERTEX_POINT('NONE',#16521);
#12930=VERTEX_POINT('NONE',#16522);
#12931=CIRCLE('',#16523,0.399999999999999);
#12932=CIRCLE('',#16524,0.399999999999999);
#12933=FILL_AREA_STYLE_COLOUR('',#16525);
#12934=VERTEX_POINT('NONE',#16526);
#12935=VERTEX_POINT('NONE',#16527);
#12936=CIRCLE('',#16528,0.4);
#12937=CIRCLE('',#16529,0.4);
#12938=FILL_AREA_STYLE_COLOUR('',#16530);
#12939=VERTEX_POINT('NONE',#16531);
#12940=LINE('',#16532,#16533);
#12941=LINE('',#16534,#16535);
#12942=FILL_AREA_STYLE_COLOUR('',#16536);
#12943=LINE('',#16537,#16538);
#12944=FILL_AREA_STYLE_COLOUR('',#16539);
#12945=VERTEX_POINT('NONE',#16540);
#12946=LINE('',#16541,#16542);
#12947=LINE('',#16543,#16544);
#12948=FILL_AREA_STYLE_COLOUR('',#16545);
#12949=VERTEX_POINT('NONE',#16546);
#12950=CIRCLE('',#16547,0.5);
#12951=VERTEX_POINT('NONE',#16548);
#12952=LINE('',#16549,#16550);
#12953=CIRCLE('',#16551,0.5);
#12954=FILL_AREA_STYLE_COLOUR('',#16552);
#12955=VERTEX_POINT('NONE',#16553);
#12956=VERTEX_POINT('NONE',#16554);
#12957=LINE('',#16555,#16556);
#12958=LINE('',#16557,#16558);
#12959=LINE('',#16559,#16560);
#12960=FILL_AREA_STYLE_COLOUR('',#16561);
#12961=VERTEX_POINT('NONE',#16562);
#12962=LINE('',#16563,#16564);
#12963=LINE('',#16565,#16566);
#12964=FILL_AREA_STYLE_COLOUR('',#16567);
#12965=VERTEX_POINT('NONE',#16568);
#12966=LINE('',#16569,#16570);
#12967=LINE('',#16571,#16572);
#12968=FILL_AREA_STYLE_COLOUR('',#16573);
#12969=VERTEX_POINT('NONE',#16574);
#12970=VERTEX_POINT('NONE',#16575);
#12971=LINE('',#16576,#16577);
#12972=LINE('',#16578,#16579);
#12973=LINE('',#16580,#16581);
#12974=FILL_AREA_STYLE_COLOUR('',#16582);
#12975=VERTEX_POINT('NONE',#16583);
#12976=LINE('',#16584,#16585);
#12977=LINE('',#16586,#16587);
#12978=FILL_AREA_STYLE_COLOUR('',#16588);
#12979=VERTEX_POINT('NONE',#16589);
#12980=LINE('',#16590,#16591);
#12981=LINE('',#16592,#16593);
#12982=FILL_AREA_STYLE_COLOUR('',#16594);
#12983=LINE('',#16595,#16596);
#12984=LINE('',#16597,#16598);
#12985=LINE('',#16599,#16600);
#12986=VERTEX_POINT('NONE',#16601);
#12987=LINE('',#16602,#16603);
#12988=LINE('',#16604,#16605);
#12989=VERTEX_POINT('NONE',#16606);
#12990=LINE('',#16607,#16608);
#12991=VERTEX_POINT('NONE',#16609);
#12992=LINE('',#16610,#16611);
#12993=LINE('',#16612,#16613);
#12994=VERTEX_POINT('NONE',#16614);
#12995=LINE('',#16615,#16616);
#12996=VERTEX_POINT('NONE',#16617);
#12997=LINE('',#16618,#16619);
#12998=VERTEX_POINT('NONE',#16620);
#12999=LINE('',#16621,#16622);
#13000=LINE('',#16623,#16624);
#13001=FILL_AREA_STYLE_COLOUR('',#16625);
#13002=VERTEX_POINT('NONE',#16626);
#13003=LINE('',#16627,#16628);
#13004=LINE('',#16629,#16630);
#13005=FILL_AREA_STYLE_COLOUR('',#16631);
#13006=VERTEX_POINT('NONE',#16632);
#13007=LINE('',#16633,#16634);
#13008=LINE('',#16635,#16636);
#13009=FILL_AREA_STYLE_COLOUR('',#16637);
#13010=LINE('',#16638,#16639);
#13011=FILL_AREA_STYLE_COLOUR('',#16640);
#13012=VERTEX_POINT('NONE',#16641);
#13013=LINE('',#16642,#16643);
#13014=LINE('',#16644,#16645);
#13015=FILL_AREA_STYLE_COLOUR('',#16646);
#13016=VERTEX_POINT('NONE',#16647);
#13017=LINE('',#16648,#16649);
#13018=LINE('',#16650,#16651);
#13019=FILL_AREA_STYLE_COLOUR('',#16652);
#13020=LINE('',#16653,#16654);
#13021=FILL_AREA_STYLE_COLOUR('',#16655);
#13022=VERTEX_POINT('NONE',#16656);
#13023=CIRCLE('',#16657,0.5);
#13024=LINE('',#16658,#16659);
#13025=CIRCLE('',#16660,0.5);
#13026=FILL_AREA_STYLE_COLOUR('',#16661);
#13027=LINE('',#16662,#16663);
#13028=FILL_AREA_STYLE_COLOUR('',#16664);
#13029=LINE('',#16665,#16666);
#13030=FILL_AREA_STYLE_COLOUR('',#16667);
#13031=VERTEX_POINT('NONE',#16668);
#13032=VERTEX_POINT('NONE',#16669);
#13033=LINE('',#16670,#16671);
#13034=LINE('',#16672,#16673);
#13035=LINE('',#16674,#16675);
#13036=FILL_AREA_STYLE_COLOUR('',#16676);
#13037=VERTEX_POINT('NONE',#16677);
#13038=LINE('',#16678,#16679);
#13039=VERTEX_POINT('NONE',#16680);
#13040=LINE('',#16681,#16682);
#13041=LINE('',#16683,#16684);
#13042=FILL_AREA_STYLE_COLOUR('',#16685);
#13043=LINE('',#16686,#16687);
#13044=LINE('',#16688,#16689);
#13045=FILL_AREA_STYLE_COLOUR('',#16690);
#13046=LINE('',#16691,#16692);
#13047=FILL_AREA_STYLE_COLOUR('',#16693);
#13048=VERTEX_POINT('NONE',#16694);
#13049=LINE('',#16695,#16696);
#13050=LINE('',#16697,#16698);
#13051=FILL_AREA_STYLE_COLOUR('',#16699);
#13052=VERTEX_POINT('NONE',#16700);
#13053=CIRCLE('',#16701,0.5);
#13054=VERTEX_POINT('NONE',#16702);
#13055=LINE('',#16703,#16704);
#13056=CIRCLE('',#16705,0.5);
#13057=FILL_AREA_STYLE_COLOUR('',#16706);
#13058=VERTEX_POINT('NONE',#16707);
#13059=VERTEX_POINT('NONE',#16708);
#13060=LINE('',#16709,#16710);
#13061=LINE('',#16711,#16712);
#13062=LINE('',#16713,#16714);
#13063=FILL_AREA_STYLE_COLOUR('',#16715);
#13064=VERTEX_POINT('NONE',#16716);
#13065=LINE('',#16717,#16718);
#13066=LINE('',#16719,#16720);
#13067=FILL_AREA_STYLE_COLOUR('',#16721);
#13068=VERTEX_POINT('NONE',#16722);
#13069=LINE('',#16723,#16724);
#13070=LINE('',#16725,#16726);
#13071=FILL_AREA_STYLE_COLOUR('',#16727);
#13072=VERTEX_POINT('NONE',#16728);
#13073=VERTEX_POINT('NONE',#16729);
#13074=LINE('',#16730,#16731);
#13075=LINE('',#16732,#16733);
#13076=LINE('',#16734,#16735);
#13077=FILL_AREA_STYLE_COLOUR('',#16736);
#13078=VERTEX_POINT('NONE',#16737);
#13079=LINE('',#16738,#16739);
#13080=LINE('',#16740,#16741);
#13081=FILL_AREA_STYLE_COLOUR('',#16742);
#13082=VERTEX_POINT('NONE',#16743);
#13083=LINE('',#16744,#16745);
#13084=LINE('',#16746,#16747);
#13085=FILL_AREA_STYLE_COLOUR('',#16748);
#13086=LINE('',#16749,#16750);
#13087=LINE('',#16751,#16752);
#13088=LINE('',#16753,#16754);
#13089=VERTEX_POINT('NONE',#16755);
#13090=LINE('',#16756,#16757);
#13091=LINE('',#16758,#16759);
#13092=VERTEX_POINT('NONE',#16760);
#13093=LINE('',#16761,#16762);
#13094=VERTEX_POINT('NONE',#16763);
#13095=LINE('',#16764,#16765);
#13096=LINE('',#16766,#16767);
#13097=VERTEX_POINT('NONE',#16768);
#13098=LINE('',#16769,#16770);
#13099=VERTEX_POINT('NONE',#16771);
#13100=LINE('',#16772,#16773);
#13101=VERTEX_POINT('NONE',#16774);
#13102=LINE('',#16775,#16776);
#13103=LINE('',#16777,#16778);
#13104=FILL_AREA_STYLE_COLOUR('',#16779);
#13105=VERTEX_POINT('NONE',#16780);
#13106=LINE('',#16781,#16782);
#13107=LINE('',#16783,#16784);
#13108=FILL_AREA_STYLE_COLOUR('',#16785);
#13109=VERTEX_POINT('NONE',#16786);
#13110=LINE('',#16787,#16788);
#13111=LINE('',#16789,#16790);
#13112=FILL_AREA_STYLE_COLOUR('',#16791);
#13113=LINE('',#16792,#16793);
#13114=FILL_AREA_STYLE_COLOUR('',#16794);
#13115=VERTEX_POINT('NONE',#16795);
#13116=LINE('',#16796,#16797);
#13117=LINE('',#16798,#16799);
#13118=FILL_AREA_STYLE_COLOUR('',#16800);
#13119=VERTEX_POINT('NONE',#16801);
#13120=LINE('',#16802,#16803);
#13121=LINE('',#16804,#16805);
#13122=FILL_AREA_STYLE_COLOUR('',#16806);
#13123=LINE('',#16807,#16808);
#13124=FILL_AREA_STYLE_COLOUR('',#16809);
#13125=VERTEX_POINT('NONE',#16810);
#13126=CIRCLE('',#16811,0.5);
#13127=LINE('',#16812,#16813);
#13128=CIRCLE('',#16814,0.5);
#13129=FILL_AREA_STYLE_COLOUR('',#16815);
#13130=LINE('',#16816,#16817);
#13131=FILL_AREA_STYLE_COLOUR('',#16818);
#13132=LINE('',#16819,#16820);
#13133=FILL_AREA_STYLE_COLOUR('',#16821);
#13134=VERTEX_POINT('NONE',#16822);
#13135=LINE('',#16823,#16824);
#13136=LINE('',#16825,#16826);
#13137=FILL_AREA_STYLE_COLOUR('',#16827);
#13138=LINE('',#16828,#16829);
#13139=FILL_AREA_STYLE_COLOUR('',#16830);
#13140=VERTEX_POINT('NONE',#16831);
#13141=LINE('',#16832,#16833);
#13142=VERTEX_POINT('NONE',#16834);
#13143=CIRCLE('',#16835,0.399999999999999);
#13144=LINE('',#16836,#16837);
#13145=FILL_AREA_STYLE_COLOUR('',#16838);
#13146=CIRCLE('',#16839,0.399999999999999);
#13147=FILL_AREA_STYLE_COLOUR('',#16840);
#13148=VERTEX_POINT('NONE',#16841);
#13149=LINE('',#16842,#16843);
#13150=VERTEX_POINT('NONE',#16844);
#13151=CIRCLE('',#16845,0.4);
#13152=LINE('',#16846,#16847);
#13153=FILL_AREA_STYLE_COLOUR('',#16848);
#13154=CIRCLE('',#16849,0.4);
#13155=FILL_AREA_STYLE_COLOUR('',#16850);
#13156=VERTEX_POINT('NONE',#16851);
#13157=VERTEX_POINT('NONE',#16852);
#13158=B_SPLINE_CURVE_WITH_KNOTS('',3,(#16853,#16854,#16855,#16856,#16857,#16858,#16859,#16860,#16861,#16862,#16863,#16864,#16865,#16866,#16867,#16868,#16869,#16870,#16871,#16872,#16873,#16874,#16875,#16876,#16877,#16878,#16879,#16880,#16881,#16882,#16883,#16884,#16885,#16886,#16887,#16888,#16889,#16890,#16891,#16892,#16893,#16894,#16895,#16896,#16897,#16898,#16899,#16900,#16901,#16902,#16903,#16904,#16905,#16906,#16907,#16908,#16909,#16910,#16911,#16912,#16913,#16914,#16915,#16916,#16917,#16918,#16919,#16920,#16921,#16922,#16923,#16924,#16925,#16926,#16927,#16928,#16929,#16930,#16931,#16932,#16933,#16934,#16935,#16936,#16937,#16938,#16939,#16940,#16941,#16942),.UNSPECIFIED.,.F.,.F.,(4,1,1,1,1,1,2,2,1,1,1,2,2,1,1,1,2,2,1,1,1,2,2,1,1,2,2,1,1,2,2,2,1,1,2,2,1,1,1,2,2,1,1,1,2,2,1,1,1,2,2,1,1,1,2,2,1,1,1,1,2,2,4),(0.0,0.0625,0.0937500000000001,0.109375,0.1171875,0.12109375,0.123046875,0.125,0.156250000000001,0.171875000000001,0.179687500000001,0.183593750000001,0.187500000000001,0.21875,0.234375,0.2421875,0.24609375,0.25,0.28125,0.296875,0.3046875,0.30859375,0.3125,0.343750000000001,0.359375000000001,0.367187500000002,0.375000000000002,0.406250000000002,0.421875000000003,0.429687500000003,0.437500000000003,0.5,0.531250000000004,0.546875000000005,0.554687500000005,0.562500000000005,0.593750000000005,0.609375000000005,0.617187500000005,0.621093750000005,0.625000000000006,0.656250000000006,0.671875000000006,0.679687500000006,0.683593750000006,0.687500000000006,0.718750000000006,0.734375000000006,0.742187500000006,0.746093750000006,0.750000000000006,0.781250000000006,0.796875000000006,0.804687500000006,0.808593750000006,0.812500000000006,0.843750000000005,0.859375000000005,0.867187500000005,0.871093750000004,0.873046875000004,0.875000000000004,1.0),.UNSPECIFIED.);
#13159=B_SPLINE_CURVE_WITH_KNOTS('',3,(#16943,#16944,#16945,#16946,#16947,#16948,#16949,#16950,#16951,#16952,#16953,#16954,#16955,#16956,#16957,#16958,#16959,#16960,#16961,#16962,#16963,#16964,#16965,#16966,#16967,#16968,#16969,#16970,#16971,#16972,#16973,#16974,#16975,#16976,#16977,#16978,#16979,#16980,#16981,#16982,#16983,#16984,#16985,#16986,#16987,#16988,#16989,#16990,#16991,#16992,#16993,#16994,#16995,#16996,#16997,#16998,#16999,#17000,#17001,#17002,#17003,#17004,#17005,#17006,#17007,#17008,#17009,#17010,#17011,#17012,#17013,#17014,#17015,#17016,#17017,#17018,#17019,#17020,#17021,#17022,#17023,#17024,#17025,#17026,#17027,#17028,#17029,#17030,#17031,#17032),.UNSPECIFIED.,.F.,.F.,(4,1,1,1,1,1,2,2,1,1,1,2,2,1,1,1,2,2,1,1,1,2,2,1,1,2,2,1,1,2,2,2,1,1,2,2,1,1,1,2,2,1,1,1,2,2,1,1,1,2,2,1,1,1,2,2,1,1,1,1,2,2,4),(0.0,0.0624999999999974,0.0937499999999961,0.109374999999996,0.117187499999995,0.121093749999995,0.123046874999995,0.124999999999995,0.156249999999995,0.171874999999995,0.179687499999994,0.183593749999994,0.187499999999994,0.218749999999994,0.234374999999994,0.242187499999994,0.246093749999994,0.249999999999994,0.281249999999994,0.296874999999994,0.304687499999994,0.308593749999994,0.312499999999994,0.343749999999995,0.359374999999995,0.367187499999995,0.374999999999995,0.406249999999995,0.421874999999996,0.429687499999996,0.437499999999996,0.5,0.531249999999998,0.546874999999998,0.554687499999998,0.562499999999999,0.593749999999999,0.609375,0.6171875,0.62109375,0.625,0.656250000000001,0.671875000000001,0.679687500000001,0.683593750000001,0.687500000000002,0.718750000000001,0.734375000000001,0.742187500000001,0.746093750000001,0.750000000000001,0.781250000000001,0.796875,0.8046875,0.80859375,0.8125,0.84375,0.859375,0.8671875,0.87109375,0.873046875,0.875,1.0),.UNSPECIFIED.);
#13160=FILL_AREA_STYLE_COLOUR('',#17033);
#13161=VERTEX_POINT('NONE',#17034);
#13162=(B_SPLINE_CURVE(3,(#17036,#17037,#17038,#17039),.UNSPECIFIED.,.F.,.F.)B_SPLINE_CURVE_WITH_KNOTS((4,4),(0.0631414563108412,0.936858543000002),.UNSPECIFIED.)RATIONAL_B_SPLINE_CURVE((0.956578302607979,0.769794770395974,0.769794770248646,0.956578302165994))BOUNDED_CURVE()REPRESENTATION_ITEM('')GEOMETRIC_REPRESENTATION_ITEM()CURVE());
#13163=VERTEX_POINT('NONE',#17046);
#13164=(B_SPLINE_CURVE(3,(#17048,#17049,#17050,#17051),.UNSPECIFIED.,.F.,.F.)B_SPLINE_CURVE_WITH_KNOTS((4,4),(0.0631414569999994,0.936858542999999),.UNSPECIFIED.)RATIONAL_B_SPLINE_CURVE((0.956578302165993,0.769794770395975,0.769794770395974,0.956578302165993))BOUNDED_CURVE()REPRESENTATION_ITEM('')GEOMETRIC_REPRESENTATION_ITEM()CURVE());
#13165=CIRCLE('',#17058,3.5);
#13166=FILL_AREA_STYLE_COLOUR('',#17059);
#13167=CIRCLE('',#17060,3.5);
#13168=FILL_AREA_STYLE_COLOUR('',#17061);
#13169=VERTEX_POINT('NONE',#17062);
#13170=VERTEX_POINT('NONE',#17063);
#13171=CIRCLE('',#17064,3.5);
#13172=LINE('',#17065,#17066);
#13173=LINE('',#17067,#17068);
#13174=FILL_AREA_STYLE_COLOUR('',#17069);
#13175=CIRCLE('',#17070,3.5);
#13176=FILL_AREA_STYLE_COLOUR('',#17071);
#13177=VERTEX_POINT('NONE',#17072);
#13178=VERTEX_POINT('NONE',#17073);
#13179=CIRCLE('',#17074,3.00000000000005);
#13180=LINE('',#17075,#17076);
#13181=LINE('',#17077,#17078);
#13182=FILL_AREA_STYLE_COLOUR('',#17079);
#13183=CIRCLE('',#17080,3.00000000000005);
#13184=FILL_AREA_STYLE_COLOUR('',#17081);
#13185=VERTEX_POINT('NONE',#17082);
#13186=VERTEX_POINT('NONE',#17083);
#13187=CIRCLE('',#17084,1.75);
#13188=CIRCLE('',#17085,1.75);
#13189=FILL_AREA_STYLE_COLOUR('',#17086);
#13190=VERTEX_POINT('NONE',#17087);
#13191=VERTEX_POINT('NONE',#17088);
#13192=CIRCLE('',#17089,1.75);
#13193=LINE('',#17090,#17091);
#13194=LINE('',#17092,#17093);
#13195=FILL_AREA_STYLE_COLOUR('',#17094);
#13196=CIRCLE('',#17095,1.75);
#13197=FILL_AREA_STYLE_COLOUR('',#17096);
#13198=CIRCLE('',#17097,3.0);
#13199=FILL_AREA_STYLE_COLOUR('',#17098);
#13200=FILL_AREA_STYLE_COLOUR('',#17099);
#13201=VERTEX_POINT('NONE',#17100);
#13202=CIRCLE('',#17101,2.0);
#13203=LINE('',#17102,#17103);
#13204=FILL_AREA_STYLE_COLOUR('',#17104);
#13205=B_SPLINE_CURVE_WITH_KNOTS('',3,(#17105,#17106,#17107,#17108,#17109,#17110),.UNSPECIFIED.,.F.,.F.,(4,2,4),(0.00532711069215355,0.00613785931277562,0.00694860793339769),.UNSPECIFIED.);
#13206=FILL_AREA_STYLE_COLOUR('',#17111);
#13207=LINE('',#17112,#17113);
#13208=FILL_AREA_STYLE_COLOUR('',#17114);
#13209=FILL_AREA_STYLE_COLOUR('',#17115);
#13210=ORIENTED_EDGE('',*,*,#9489,.T.);
#13211=ORIENTED_EDGE('',*,*,#9293,.T.);
#13212=ORIENTED_EDGE('',*,*,#10234,.T.);
#13213=ORIENTED_EDGE('',*,*,#9285,.F.);
#13214=CARTESIAN_POINT('',(-2.5,6.850000007,-0.850000000254475));
#13215=DIRECTION('',(-2.17996907612138E-24,1.13099971145066E-09,-1.0));
#13216=DIRECTION('',(0.0,-1.0,-1.13099971145066E-09));
#13217=ORIENTED_EDGE('',*,*,#9481,.T.);
#13218=ORIENTED_EDGE('',*,*,#9936,.T.);
#13219=ORIENTED_EDGE('',*,*,#10216,.T.);
#13220=ORIENTED_EDGE('',*,*,#9477,.T.);
#13221=CARTESIAN_POINT('',(2.5,6.850000007,-0.850000000254475));
#13222=DIRECTION('',(-2.17996907612138E-24,1.13099971145066E-09,-1.0));
#13223=DIRECTION('',(0.0,-1.0,-1.13099971145066E-09));
#13224=ORIENTED_EDGE('',*,*,#10310,.T.);
#13225=ORIENTED_EDGE('',*,*,#10517,.T.);
#13226=ORIENTED_EDGE('',*,*,#10539,.F.);
#13227=CARTESIAN_POINT('',(-5.181851696,-6.0,-4.1));
#13228=DIRECTION('',(0.0,0.0,1.0));
#13229=DIRECTION('',(1.0,0.0,0.0));
#13230=ORIENTED_EDGE('',*,*,#10286,.T.);
#13231=ORIENTED_EDGE('',*,*,#10550,.F.);
#13232=ORIENTED_EDGE('',*,*,#10570,.T.);
#13233=CARTESIAN_POINT('',(4.848020765,-6.00056310339,-4.1));
#13234=DIRECTION('',(0.0,0.0,1.0));
#13235=DIRECTION('',(1.0,0.0,0.0));
#13236=ORIENTED_EDGE('',*,*,#10580,.T.);
#13237=ORIENTED_EDGE('',*,*,#10585,.F.);
#13238=ORIENTED_EDGE('',*,*,#10057,.F.);
#13239=ORIENTED_EDGE('',*,*,#10577,.T.);
#13240=CARTESIAN_POINT('',(5.425,-1.45,-4.1));
#13241=DIRECTION('',(0.0,0.0,1.0));
#13242=DIRECTION('',(1.0,0.0,0.0));
#13243=ORIENTED_EDGE('',*,*,#10430,.T.);
#13244=ORIENTED_EDGE('',*,*,#10594,.T.);
#13245=ORIENTED_EDGE('',*,*,#10616,.F.);
#13246=CARTESIAN_POINT('',(4.848020765,5.943689661,-4.1));
#13247=DIRECTION('',(0.0,0.0,1.0));
#13248=DIRECTION('',(1.0,0.0,0.0));
#13249=ORIENTED_EDGE('',*,*,#10405,.T.);
#13250=ORIENTED_EDGE('',*,*,#10627,.F.);
#13251=ORIENTED_EDGE('',*,*,#10647,.T.);
#13252=CARTESIAN_POINT('',(-5.181851696,5.943689661,-4.1));
#13253=DIRECTION('',(0.0,0.0,1.0));
#13254=DIRECTION('',(1.0,0.0,0.0));
#13255=COLOUR_RGB('',1.0,0.501960813999176,0.0);
#13256=CARTESIAN_POINT('',(-6.55,-1.25,1.58137085));
#13257=CARTESIAN_POINT('',(-6.55,1.25,1.58137085));
#13258=CARTESIAN_POINT('',(-6.55,-5.2041704279304E-18,1.58137085));
#13259=VECTOR('',#17116,1.0);
#13260=CARTESIAN_POINT('',(-6.51777392485965,-1.25,1.77536252556644));
#13261=AXIS2_PLACEMENT_3D('',#17117,#17118,#17119);
#13262=CARTESIAN_POINT('',(-6.51777392489288,1.25,1.77536252546917));
#13263=CARTESIAN_POINT('',(-6.51777392485785,0.0,1.77536252572737));
#13264=VECTOR('',#17120,1000.0);
#13265=AXIS2_PLACEMENT_3D('',#17121,#17122,#17123);
#13266=COLOUR_RGB('',0.0,0.0,1.0);
#13267=CARTESIAN_POINT('',(2.3,-8.57252759403147E-17,-0.4));
#13268=CARTESIAN_POINT('',(2.3,-8.57252759403147E-17,-0.15));
#13269=CARTESIAN_POINT('',(2.3,-8.57252759403147E-17,-0.4));
#13270=VECTOR('',#17124,1.0);
#13271=CARTESIAN_POINT('',(3.0,0.7,-0.4));
#13272=AXIS2_PLACEMENT_3D('',#17125,#17126,#17127);
#13273=CARTESIAN_POINT('',(3.0,0.7000000017492,-0.15));
#13274=CARTESIAN_POINT('',(3.0,0.7,-0.275));
#13275=VECTOR('',#17128,1000.0);
#13276=AXIS2_PLACEMENT_3D('',#17129,#17130,#17131);
#13277=COLOUR_RGB('',1.0,0.501960813999176,0.0);
#13278=CARTESIAN_POINT('',(6.55,1.25,1.58137085));
#13279=CARTESIAN_POINT('',(6.55,-1.25,1.58137085));
#13280=CARTESIAN_POINT('',(6.55,-5.2041704279304E-18,1.58137085));
#13281=VECTOR('',#17132,1.0);
#13282=CARTESIAN_POINT('',(6.51777392494744,1.25,1.77536252530949));
#13283=AXIS2_PLACEMENT_3D('',#17133,#17134,#17135);
#13284=CARTESIAN_POINT('',(6.5177739249392,-1.25,1.77536252533361));
#13285=CARTESIAN_POINT('',(6.51777392497227,0.0,1.7753625253925));
#13286=VECTOR('',#17136,1000.0);
#13287=AXIS2_PLACEMENT_3D('',#17137,#17138,#17139);
#13288=COLOUR_RGB('',1.0,0.501960813999176,0.0);
#13289=CARTESIAN_POINT('',(5.92851594999183,-1.08442933461865E-16,3.4999999992881));
#13290=CARTESIAN_POINT('',(5.55000000019079,-1.22464679864637E-16,3.3706722157058));
#13291=CARTESIAN_POINT('',(5.73925797503804,-1.15453806665224E-16,3.43533610747875));
#13292=VECTOR('',#17140,1.0);
#13293=CARTESIAN_POINT('',(5.97183254379578,0.499999999744982,3.373221195912));
#13294=AXIS2_PLACEMENT_3D('',#17141,#17142,#17143);
#13295=CARTESIAN_POINT('',(5.59331659388457,0.499999999689245,3.24389341162863));
#13296=CARTESIAN_POINT('',(5.78257456905198,0.499999999771851,3.30855730366217));
#13297=VECTOR('',#17144,1000.0);
#13298=AXIS2_PLACEMENT_3D('',#17145,#17146,#17147);
#13299=COLOUR_RGB('',1.0,0.501960813999176,0.0);
#13300=CARTESIAN_POINT('',(-6.15,1.25,1.58137085));
#13301=CARTESIAN_POINT('',(-6.15,-1.25,1.58137085));
#13302=CARTESIAN_POINT('',(-6.15,-5.20417042793045E-18,1.58137085));
#13303=VECTOR('',#17148,1.0);
#13304=CARTESIAN_POINT('',(-6.13925797500541,1.25,1.64603474186939));
#13305=AXIS2_PLACEMENT_3D('',#17149,#17150,#17151);
#13306=CARTESIAN_POINT('',(-6.13925797498192,-1.25,1.64603474193815));
#13307=CARTESIAN_POINT('',(-6.13925797495262,0.0,1.64603474190912));
#13308=VECTOR('',#17152,1000.0);
#13309=AXIS2_PLACEMENT_3D('',#17153,#17154,#17155);
#13310=COLOUR_RGB('',1.0,0.501960813999176,0.0);
#13311=CARTESIAN_POINT('',(6.15,-1.25,1.58137085));
#13312=CARTESIAN_POINT('',(6.15,1.25,1.58137085));
#13313=CARTESIAN_POINT('',(6.15,-5.20417042792995E-18,1.58137085));
#13314=VECTOR('',#17156,1.0);
#13315=CARTESIAN_POINT('',(6.13925797501654,-1.25,1.64603474183681));
#13316=AXIS2_PLACEMENT_3D('',#17157,#17158,#17159);
#13317=CARTESIAN_POINT('',(6.13925797496757,1.25,1.64603474198012));
#13318=CARTESIAN_POINT('',(6.13925797499076,0.0,1.6460347417975));
#13319=VECTOR('',#17160,1000.0);
#13320=AXIS2_PLACEMENT_3D('',#17161,#17162,#17163);
#13321=COLOUR_RGB('',1.0,0.0,1.0);
#13322=CARTESIAN_POINT('',(-2.0,3.06161699786839E-16,-24.5));
#13323=CARTESIAN_POINT('',(-1.3228756555323,1.5,-24.5));
#13324=AXIS2_PLACEMENT_3D('',#17164,#17165,#17166);
#13325=CARTESIAN_POINT('',(-3.0,3.67394039744206E-16,-23.5));
#13326=CARTESIAN_POINT('',(-2.0,2.44929359829471E-16,-24.5));
#13327=VECTOR('',#17167,1000.0);
#13328=CARTESIAN_POINT('',(-2.59807621135332,1.5,-23.5));
#13329=AXIS2_PLACEMENT_3D('',#17168,#17169,#17170);
#13330=CARTESIAN_POINT('',(-1.3228756555323,1.5,-24.5));
#13331=CARTESIAN_POINT('',(-1.54960020486193,1.5,-24.3500358065902));
#13332=CARTESIAN_POINT('',(-1.76524916801654,1.5,-24.1870360220431));
#13333=CARTESIAN_POINT('',(-2.18764964478516,1.5,-23.8505644551203));
#13334=CARTESIAN_POINT('',(-2.39405612381834,1.5,-23.6766865786876));
#13335=CARTESIAN_POINT('',(-2.59807621135332,1.5,-23.5));
#13336=COLOUR_RGB('',1.0,0.0,1.0);
#13337=CARTESIAN_POINT('',(2.0,0.0,-24.5));
#13338=AXIS2_PLACEMENT_3D('',#17171,#17172,#17173);
#13339=CARTESIAN_POINT('',(3.0,0.0,-23.5));
#13340=CARTESIAN_POINT('',(2.0,0.0,-24.5));
#13341=VECTOR('',#17174,1000.0);
#13342=AXIS2_PLACEMENT_3D('',#17175,#17176,#17177);
#13343=COLOUR_RGB('',1.0,0.0,1.0);
#13344=CARTESIAN_POINT('',(-3.0,3.67394039744206E-16,-11.55));
#13345=CARTESIAN_POINT('',(-3.0,3.67394039744206E-16,-23.5));
#13346=VECTOR('',#17178,1000.0);
#13347=CARTESIAN_POINT('',(3.0,0.0,-11.55));
#13348=AXIS2_PLACEMENT_3D('',#17179,#17180,#17181);
#13349=CARTESIAN_POINT('',(3.0,0.0,-23.5));
#13350=VECTOR('',#17182,1000.0);
#13351=CARTESIAN_POINT('',(2.59807621135347,1.5,-23.4999999999999));
#13352=AXIS2_PLACEMENT_3D('',#17183,#17184,#17185);
#13353=CARTESIAN_POINT('',(2.59807621135332,1.5,-12.5));
#13354=CARTESIAN_POINT('',(2.59807621135332,1.5,-23.5));
#13355=VECTOR('',#17186,1000.0);
#13356=CARTESIAN_POINT('',(-2.59807621135332,1.5,-12.5));
#13357=AXIS2_PLACEMENT_3D('',#17187,#17188,#17189);
#13358=CARTESIAN_POINT('',(-2.59807621135332,1.5,-23.5));
#13359=VECTOR('',#17190,1000.0);
#13360=COLOUR_RGB('',1.0,1.0,1.0);
#13361=CARTESIAN_POINT('',(-2.5,6.42499999966425,-1.650000002));
#13362=CARTESIAN_POINT('',(-2.80000000075,6.42500000003236,-1.500000002));
#13363=AXIS2_PLACEMENT_3D('',#17191,#17192,#17193);
#13364=CARTESIAN_POINT('',(-2.5,5.99999999966425,-1.65000000136461));
#13365=CARTESIAN_POINT('',(-2.5,6.42499999966425,-1.65000000212154));
#13366=VECTOR('',#17194,1000.0);
#13367=CARTESIAN_POINT('',(-2.80000000115552,5.9999999999314,-1.50000000000623));
#13368=AXIS2_PLACEMENT_3D('',#17195,#17196,#17197);
#13369=CARTESIAN_POINT('',(-2.80000000000457,6.2124999999314,-1.50000000181801));
#13370=VECTOR('',#17198,1000.0);
#13371=COLOUR_RGB('',1.0,1.0,1.0);
#13372=CARTESIAN_POINT('',(-2.28786796546846,6.42499999928413,-1.350000002));
#13373=CARTESIAN_POINT('',(-2.5,6.42499999819855,-1.50000000212154));
#13374=AXIS2_PLACEMENT_3D('',#17199,#17200,#17201);
#13375=CARTESIAN_POINT('',(-2.5,6.00000000019855,-1.50000000136461));
#13376=CARTESIAN_POINT('',(-2.5,6.42499999819855,-1.50000000212154));
#13377=VECTOR('',#17202,1000.0);
#13378=CARTESIAN_POINT('',(-2.28786796524264,6.0000000004657,-1.35000000065469));
#13379=AXIS2_PLACEMENT_3D('',#17203,#17204,#17205);
#13380=CARTESIAN_POINT('',(-2.28786796552424,6.2124999994657,-1.35000000164732));
#13381=VECTOR('',#17206,1000.0);
#13382=COLOUR_RGB('',1.0,1.0,1.0);
#13383=CARTESIAN_POINT('',(2.71213203453154,6.42499999985913,-1.350000002));
#13384=CARTESIAN_POINT('',(2.5,6.42499999934855,-1.50000000212154));
#13385=AXIS2_PLACEMENT_3D('',#17207,#17208,#17209);
#13386=CARTESIAN_POINT('',(2.5,6.00000000019855,-1.50000000136461));
#13387=CARTESIAN_POINT('',(2.5,6.42500000019855,-1.50000000212154));
#13388=VECTOR('',#17210,1000.0);
#13389=CARTESIAN_POINT('',(2.71213203475736,6.0000000004657,-1.35000000065469));
#13390=AXIS2_PLACEMENT_3D('',#17211,#17212,#17213);
#13391=CARTESIAN_POINT('',(2.71213203447576,6.2125000004657,-1.35000000164732));
#13392=VECTOR('',#17214,1000.0);
#13393=COLOUR_RGB('',1.0,1.0,1.0);
#13394=CARTESIAN_POINT('',(2.5,6.42499999966425,-1.65000000212154));
#13395=CARTESIAN_POINT('',(2.19999999925,6.42500000003236,-1.500000002));
#13396=AXIS2_PLACEMENT_3D('',#17215,#17216,#17217);
#13397=CARTESIAN_POINT('',(2.5,5.99999999966425,-1.65000000136461));
#13398=CARTESIAN_POINT('',(2.5,6.42499999966425,-1.65000000212154));
#13399=VECTOR('',#17218,1000.0);
#13400=CARTESIAN_POINT('',(2.19999999884449,5.9999999999314,-1.50000000000623));
#13401=AXIS2_PLACEMENT_3D('',#17219,#17220,#17221);
#13402=CARTESIAN_POINT('',(2.19999999999543,6.2124999999314,-1.50000000181801));
#13403=VECTOR('',#17222,1000.0);
#13404=COLOUR_RGB('',1.0,1.0,1.0);
#13405=CARTESIAN_POINT('',(0.0,-7.72500000186627,-0.8499999996115));
#13406=CARTESIAN_POINT('',(-0.300000000666418,-7.5750000025,-0.849999999969625));
#13407=AXIS2_PLACEMENT_3D('',#17223,#17224,#17225);
#13408=CARTESIAN_POINT('',(2.53953114218262E-12,-7.72499999962427,3.50000000001413));
#13409=CARTESIAN_POINT('',(0.0,-7.72500000186627,-0.8499999996115));
#13410=VECTOR('',#17226,1000.0);
#13411=CARTESIAN_POINT('',(-0.21213203414379,-7.65923292169692,3.41213203421217));
#13412=CARTESIAN_POINT('',(-0.21213203414379,-7.65923292169692,3.41213203421217));
#13413=CARTESIAN_POINT('',(-0.185759094725228,-7.67732460892485,3.43850497402313));
#13414=CARTESIAN_POINT('',(-0.154304624272785,-7.69390333956431,3.46027014432309));
#13415=CARTESIAN_POINT('',(-0.0819126631819495,-7.71792626927537,3.49127440791866));
#13416=CARTESIAN_POINT('',(-0.0409390251800644,-7.72499999961334,3.50000000000047));
#13417=CARTESIAN_POINT('',(2.53953114218262E-12,-7.72499999962427,3.50000000001413));
#13418=CARTESIAN_POINT('',(-0.299999999617177,-7.57500000002412,3.32426406875222));
#13420=CARTESIAN_POINT('',(-0.299999999617177,-7.57500000002412,3.32426406875222));
#13421=CARTESIAN_POINT('',(-0.275438747660678,-7.60774833598174,3.34882532060546));
#13422=CARTESIAN_POINT('',(-0.245888246059771,-7.636076351426,3.37837582208214));
#13423=CARTESIAN_POINT('',(-0.21213203414379,-7.65923292169692,3.41213203421217));
#13430=CARTESIAN_POINT('',(-0.299999999800324,-7.57500000090951,1.3387469703108));
#13431=VECTOR('',#17227,1000.0);
#13432=COLOUR_RGB('',0.0,0.0,1.0);
#13433=CARTESIAN_POINT('',(5.85,4.99999999958979,-2.79999999999996));
#13434=CARTESIAN_POINT('',(5.85,4.475,-2.79999999999996));
#13435=CARTESIAN_POINT('',(5.85,-5.0,-2.79999999999996));
#13436=VECTOR('',#17228,1000.0);
#13437=CARTESIAN_POINT('',(5.85,4.9999999997949,0.0));
#13438=CARTESIAN_POINT('',(5.85,4.99999999958979,-2.05));
#13439=VECTOR('',#17229,1000.0);
#13440=CARTESIAN_POINT('',(5.85,4.7,0.0));
#13441=CARTESIAN_POINT('',(5.85,5.35,0.0));
#13442=VECTOR('',#17230,1000.0);
#13443=CARTESIAN_POINT('',(5.85,4.7,-1.050000000575));
#13444=CARTESIAN_POINT('',(5.85,4.7,-0.525));
#13445=VECTOR('',#17231,1000.0);
#13446=CARTESIAN_POINT('',(5.85000000133333,4.475,-1.05000000076667));
#13447=CARTESIAN_POINT('',(5.85,0.0,-1.0500000023));
#13448=VECTOR('',#17232,1000.0);
#13449=CARTESIAN_POINT('',(5.85,4.475,-4.1));
#13450=VECTOR('',#17233,1000.0);
#13451=COLOUR_RGB('',0.0,0.0,1.0);
#13452=CARTESIAN_POINT('',(5.85,-4.475,-2.79999999999996));
#13453=CARTESIAN_POINT('',(5.85,-5.0,-2.79999999999996));
#13454=CARTESIAN_POINT('',(5.85,-5.0,-2.79999999999996));
#13455=VECTOR('',#17234,1000.0);
#13456=CARTESIAN_POINT('',(5.84999999997124,-4.475,-1.05));
#13457=CARTESIAN_POINT('',(5.85,-4.475,-4.1));
#13458=VECTOR('',#17235,1000.0);
#13459=CARTESIAN_POINT('',(5.85,-4.7,-1.050000000575));
#13460=CARTESIAN_POINT('',(5.85,0.0,-1.0500000023));
#13461=VECTOR('',#17236,1000.0);
#13462=CARTESIAN_POINT('',(5.85,-4.7,0.0));
#13463=CARTESIAN_POINT('',(5.85,-4.7,-0.525));
#13464=VECTOR('',#17237,1000.0);
#13465=CARTESIAN_POINT('',(5.85,-5.0,0.0));
#13466=CARTESIAN_POINT('',(5.85,-5.35,0.0));
#13467=VECTOR('',#17238,1000.0);
#13468=CARTESIAN_POINT('',(5.85,-5.0,-1.775));
#13469=VECTOR('',#17239,1000.0);
#13470=COLOUR_RGB('',0.0,0.0,1.0);
#13471=CARTESIAN_POINT('',(-5.85,4.475,-2.79999999999996));
#13472=CARTESIAN_POINT('',(-5.85,5.0,-2.79999999999996));
#13473=CARTESIAN_POINT('',(-5.85,-5.0,-2.79999999999996));
#13474=VECTOR('',#17240,1000.0);
#13475=CARTESIAN_POINT('',(-5.84999999997124,4.475,-1.05));
#13476=CARTESIAN_POINT('',(-5.85,4.475,0.55));
#13477=VECTOR('',#17241,1000.0);
#13478=CARTESIAN_POINT('',(-5.85,4.7,-1.050000000575));
#13479=CARTESIAN_POINT('',(-5.85,0.0,-1.0500000023));
#13480=VECTOR('',#17242,1000.0);
#13481=CARTESIAN_POINT('',(-5.85,4.7,0.0));
#13482=CARTESIAN_POINT('',(-5.85,4.7,-0.525));
#13483=VECTOR('',#17243,1000.0);
#13484=CARTESIAN_POINT('',(-5.85,5.0,0.0));
#13485=CARTESIAN_POINT('',(-5.85,5.35,0.0));
#13486=VECTOR('',#17244,1000.0);
#13487=CARTESIAN_POINT('',(-5.85,5.0,-1.775));
#13488=VECTOR('',#17245,1000.0);
#13489=COLOUR_RGB('',0.0,0.0,1.0);
#13490=CARTESIAN_POINT('',(-5.85,-5.0,-2.79999999999996));
#13491=CARTESIAN_POINT('',(-5.85,-4.475,-2.79999999999996));
#13492=CARTESIAN_POINT('',(-5.85,-5.0,-2.79999999999996));
#13493=VECTOR('',#17246,1000.0);
#13494=CARTESIAN_POINT('',(-5.85,-5.0,0.0));
#13495=CARTESIAN_POINT('',(-5.85,-5.0,-1.775));
#13496=VECTOR('',#17247,1000.0);
#13497=CARTESIAN_POINT('',(-5.85,-4.7,0.0));
#13498=CARTESIAN_POINT('',(-5.85,-5.35,0.0));
#13499=VECTOR('',#17248,1000.0);
#13500=CARTESIAN_POINT('',(-5.85,-4.7,-1.050000000575));
#13501=CARTESIAN_POINT('',(-5.85,-4.7,-0.525));
#13502=VECTOR('',#17249,1000.0);
#13503=CARTESIAN_POINT('',(-5.85000000133333,-4.475,-1.05000000076667));
#13504=CARTESIAN_POINT('',(-5.85,0.0,-1.0500000023));
#13505=VECTOR('',#17250,1000.0);
#13506=CARTESIAN_POINT('',(-5.85,-4.475,0.55));
#13507=VECTOR('',#17251,1000.0);
#13508=COLOUR_RGB('',0.0,0.0,1.0);
#13509=CARTESIAN_POINT('',(-4.850000001,-6.0,-2.79999999999996));
#13510=AXIS2_PLACEMENT_3D('',#17252,#17253,#17254);
#13511=CARTESIAN_POINT('',(-4.8500000005,-6.0,0.0));
#13512=CARTESIAN_POINT('',(-4.850000001,-6.0,-2.25));
#13513=VECTOR('',#17255,1000.0);
#13514=AXIS2_PLACEMENT_3D('',#17256,#17257,#17258);
#13515=COLOUR_RGB('',0.0,0.0,1.0);
#13516=CARTESIAN_POINT('',(4.850000001,-6.0,-2.79999999999996));
#13517=CARTESIAN_POINT('',(-4.95,-6.0,-2.79999999999996));
#13518=VECTOR('',#17259,1000.0);
#13519=CARTESIAN_POINT('',(4.8500000005,-6.0,0.0));
#13520=CARTESIAN_POINT('',(4.850000001,-6.0,-2.25));
#13521=VECTOR('',#17260,1000.0);
#13522=CARTESIAN_POINT('',(3.85000000036667,-6.0,0.0));
#13523=CARTESIAN_POINT('',(4.85,-6.0,0.0));
#13524=VECTOR('',#17261,1000.0);
#13525=CARTESIAN_POINT('',(3.850000000275,-6.0,-0.149999999625));
#13526=CARTESIAN_POINT('',(3.8500000011,-6.0,-2.25));
#13527=VECTOR('',#17262,1000.0);
#13528=CARTESIAN_POINT('',(3.34999999905,-6.0,-0.149999999625));
#13529=CARTESIAN_POINT('',(0.0,-6.0,-0.1499999985));
#13530=VECTOR('',#17263,1000.0);
#13531=CARTESIAN_POINT('',(3.34999999805,-6.0,-0.54999999975));
#13532=CARTESIAN_POINT('',(3.3499999962,-6.0,-2.25));
#13533=VECTOR('',#17264,1000.0);
#13534=CARTESIAN_POINT('',(2.7999999986,-6.0,-0.55));
#13535=CARTESIAN_POINT('',(0.0,-6.0,-0.549999999));
#13536=VECTOR('',#17265,1000.0);
#13537=CARTESIAN_POINT('',(2.80000000085,-6.0,-0.80000000025));
#13538=CARTESIAN_POINT('',(2.8000000017,-6.0,-2.25));
#13539=VECTOR('',#17266,1000.0);
#13540=CARTESIAN_POINT('',(1.39999999829167,-6.0,-0.800000000166667));
#13541=CARTESIAN_POINT('',(2.1,-6.0,-0.8));
#13542=VECTOR('',#17267,1000.0);
#13543=CARTESIAN_POINT('',(1.39999999905,-6.0,-0.5499999995));
#13544=CARTESIAN_POINT('',(1.3999999959,-6.0,-2.25));
#13545=VECTOR('',#17268,1000.0);
#13546=CARTESIAN_POINT('',(-1.3999999993,-6.0,-0.55));
#13547=CARTESIAN_POINT('',(0.0,-6.0,-0.549999999));
#13548=VECTOR('',#17269,1000.0);
#13549=CARTESIAN_POINT('',(-1.39999999863333,-6.0,-0.800000000166667));
#13550=CARTESIAN_POINT('',(-1.3999999959,-6.0,-2.25));
#13551=VECTOR('',#17270,1000.0);
#13552=CARTESIAN_POINT('',(-2.80000000085,-6.0,-0.800000000166667));
#13553=CARTESIAN_POINT('',(-2.1,-6.0,-0.8));
#13554=VECTOR('',#17271,1000.0);
#13555=CARTESIAN_POINT('',(-2.7999999986,-6.0,-0.55));
#13556=CARTESIAN_POINT('',(-2.8000000017,-6.0,-2.25));
#13557=VECTOR('',#17272,1000.0);
#13558=CARTESIAN_POINT('',(-3.34999999705,-6.0,-0.54999999975));
#13559=CARTESIAN_POINT('',(0.0,-6.0,-0.549999999));
#13560=VECTOR('',#17273,1000.0);
#13561=CARTESIAN_POINT('',(-3.34999999905,-6.0,-0.149999999625));
#13562=CARTESIAN_POINT('',(-3.3499999962,-6.0,-2.25));
#13563=VECTOR('',#17274,1000.0);
#13564=CARTESIAN_POINT('',(-3.850000000275,-6.0,-0.149999999625));
#13565=CARTESIAN_POINT('',(0.0,-6.0,-0.1499999985));
#13566=VECTOR('',#17275,1000.0);
#13567=CARTESIAN_POINT('',(-3.85000000036667,-6.0,0.0));
#13568=CARTESIAN_POINT('',(-3.8500000011,-6.0,-2.25));
#13569=VECTOR('',#17276,1000.0);
#13570=CARTESIAN_POINT('',(-4.85,-6.0,0.0));
#13571=VECTOR('',#17277,1000.0);
#13572=CARTESIAN_POINT('',(1.24999999935,-6.0,-1.049999999625));
#13573=CARTESIAN_POINT('',(1.24999999935,-6.0,-2.299999999875));
#13574=CARTESIAN_POINT('',(1.2499999974,-6.0,-2.25));
#13575=VECTOR('',#17278,1000.0);
#13576=CARTESIAN_POINT('',(-1.24999999935,-6.0,-2.299999999875));
#13577=CARTESIAN_POINT('',(0.0,-6.0,-2.2999999995));
#13578=VECTOR('',#17279,1000.0);
#13579=CARTESIAN_POINT('',(-1.24999999935,-6.0,-1.049999999625));
#13580=CARTESIAN_POINT('',(-1.2499999974,-6.0,-2.25));
#13581=VECTOR('',#17280,1000.0);
#13582=CARTESIAN_POINT('',(0.0,-6.0,-1.0499999985));
#13583=VECTOR('',#17281,1000.0);
#13584=CARTESIAN_POINT('',(2.5,-6.0,-1.64999999689336));
#13585=CARTESIAN_POINT('',(2.20000000058916,-5.99999999974485,-1.49999999925));
#13586=AXIS2_PLACEMENT_3D('',#17282,#17283,#17284);
#13587=CARTESIAN_POINT('',(1.75000000153333,-6.0,-1.499999999));
#13588=CARTESIAN_POINT('',(0.0,-6.0,-1.4999999985));
#13589=VECTOR('',#17285,1000.0);
#13590=CARTESIAN_POINT('',(1.75000000153333,-6.0,-1.35));
#13591=CARTESIAN_POINT('',(1.7500000023,-6.0,-2.25));
#13592=VECTOR('',#17286,1000.0);
#13593=CARTESIAN_POINT('',(2.28786796565681,-6.0,-1.35000000003614));
#13594=CARTESIAN_POINT('',(0.0,-6.0,-1.35));
#13595=VECTOR('',#17287,1000.0);
#13596=CARTESIAN_POINT('',(2.50000000004041,-6.0,-1.5));
#13597=AXIS2_PLACEMENT_3D('',#17288,#17289,#17290);
#13598=CARTESIAN_POINT('',(2.71213203417798,-6.0,-1.35));
#13599=AXIS2_PLACEMENT_3D('',#17291,#17292,#17293);
#13600=CARTESIAN_POINT('',(4.60000000233333,-6.0,-1.35));
#13601=CARTESIAN_POINT('',(0.0,-6.0,-1.35));
#13602=VECTOR('',#17294,1000.0);
#13603=CARTESIAN_POINT('',(4.60000000233333,-6.0,-1.499999999));
#13604=CARTESIAN_POINT('',(4.6000000035,-6.0,-2.25));
#13605=VECTOR('',#17295,1000.0);
#13606=CARTESIAN_POINT('',(2.79999999960149,-5.99999999974485,-1.49999999763799));
#13607=CARTESIAN_POINT('',(0.0,-6.0,-1.4999999985));
#13608=VECTOR('',#17296,1000.0);
#13609=AXIS2_PLACEMENT_3D('',#17297,#17298,#17299);
#13610=CARTESIAN_POINT('',(-2.20000000039851,-5.99999999974485,-1.49999999763799));
#13611=CARTESIAN_POINT('',(-2.5,-6.0,-1.64999999689336));
#13612=AXIS2_PLACEMENT_3D('',#17300,#17301,#17302);
#13613=CARTESIAN_POINT('',(-2.79999999958129,-5.99999999974485,-1.49999999766493));
#13614=AXIS2_PLACEMENT_3D('',#17303,#17304,#17305);
#13615=CARTESIAN_POINT('',(-4.60000000233333,-6.0,-1.499999999));
#13616=CARTESIAN_POINT('',(0.0,-6.0,-1.4999999985));
#13617=VECTOR('',#17306,1000.0);
#13618=CARTESIAN_POINT('',(-4.60000000233333,-6.0,-1.35));
#13619=CARTESIAN_POINT('',(-4.6000000035,-6.0,-2.25));
#13620=VECTOR('',#17307,1000.0);
#13621=CARTESIAN_POINT('',(-2.71213203434318,-6.0,-1.35000000003614));
#13622=CARTESIAN_POINT('',(0.0,-6.0,-1.35));
#13623=VECTOR('',#17308,1000.0);
#13624=CARTESIAN_POINT('',(-2.49999999995959,-6.0,-1.5));
#13625=AXIS2_PLACEMENT_3D('',#17309,#17310,#17311);
#13626=CARTESIAN_POINT('',(-2.28786796582202,-6.0,-1.35));
#13627=AXIS2_PLACEMENT_3D('',#17312,#17313,#17314);
#13628=CARTESIAN_POINT('',(-1.75000000153333,-6.0,-1.35));
#13629=CARTESIAN_POINT('',(0.0,-6.0,-1.35));
#13630=VECTOR('',#17315,1000.0);
#13631=CARTESIAN_POINT('',(-1.75000000153333,-6.0,-1.499999999));
#13632=CARTESIAN_POINT('',(-1.7500000023,-6.0,-2.25));
#13633=VECTOR('',#17316,1000.0);
#13634=CARTESIAN_POINT('',(0.0,-6.0,-1.4999999985));
#13635=VECTOR('',#17317,1000.0);
#13636=COLOUR_RGB('',0.0,0.0,1.0);
#13637=AXIS2_PLACEMENT_3D('',#17318,#17319,#17320);
#13638=AXIS2_PLACEMENT_3D('',#17321,#17322,#17323);
#13639=COLOUR_RGB('',0.0,0.0,1.0);
#13640=CARTESIAN_POINT('',(4.850000001,6.0,-2.79999999999996));
#13641=AXIS2_PLACEMENT_3D('',#17324,#17325,#17326);
#13642=CARTESIAN_POINT('',(4.8500000005,6.0,0.0));
#13643=CARTESIAN_POINT('',(4.850000001,6.0,-2.25));
#13644=VECTOR('',#17327,1000.0);
#13645=AXIS2_PLACEMENT_3D('',#17328,#17329,#17330);
#13646=COLOUR_RGB('',0.0,0.0,1.0);
#13647=CARTESIAN_POINT('',(-4.850000001,6.0,-2.79999999999996));
#13648=CARTESIAN_POINT('',(4.95,6.0,-2.79999999999996));
#13649=VECTOR('',#17331,1000.0);
#13650=CARTESIAN_POINT('',(-4.8500000005,6.0,0.0));
#13651=CARTESIAN_POINT('',(-4.850000001,6.0,-2.25));
#13652=VECTOR('',#17332,1000.0);
#13653=CARTESIAN_POINT('',(-3.85000000036667,6.0,0.0));
#13654=CARTESIAN_POINT('',(-4.85,6.0,0.0));
#13655=VECTOR('',#17333,1000.0);
#13656=CARTESIAN_POINT('',(-3.850000000275,6.0,-0.149999999625));
#13657=CARTESIAN_POINT('',(-3.8500000011,6.0,-2.25));
#13658=VECTOR('',#17334,1000.0);
#13659=CARTESIAN_POINT('',(-3.34999999905,6.0,-0.149999999625));
#13660=CARTESIAN_POINT('',(0.0,6.0,-0.1499999985));
#13661=VECTOR('',#17335,1000.0);
#13662=CARTESIAN_POINT('',(-3.34999999805,6.0,-0.54999999975));
#13663=CARTESIAN_POINT('',(-3.3499999962,6.0,-2.25));
#13664=VECTOR('',#17336,1000.0);
#13665=CARTESIAN_POINT('',(-2.7999999986,6.0,-0.55));
#13666=CARTESIAN_POINT('',(0.0,6.0,-0.549999999));
#13667=VECTOR('',#17337,1000.0);
#13668=CARTESIAN_POINT('',(-2.80000000085,6.0,-0.80000000025));
#13669=CARTESIAN_POINT('',(-2.8000000017,6.0,-2.25));
#13670=VECTOR('',#17338,1000.0);
#13671=CARTESIAN_POINT('',(-1.39999999829167,6.0,-0.800000000166667));
#13672=CARTESIAN_POINT('',(-2.1,6.0,-0.8));
#13673=VECTOR('',#17339,1000.0);
#13674=CARTESIAN_POINT('',(-1.39999999905,6.0,-0.5499999995));
#13675=CARTESIAN_POINT('',(-1.3999999959,6.0,-2.25));
#13676=VECTOR('',#17340,1000.0);
#13677=CARTESIAN_POINT('',(1.4,6.0,-0.55));
#13678=CARTESIAN_POINT('',(0.0,6.0,-0.549999999));
#13679=VECTOR('',#17341,1000.0);
#13680=CARTESIAN_POINT('',(1.39999999795,6.0,-0.800000000166667));
#13681=CARTESIAN_POINT('',(1.3999999959,6.0,-2.25));
#13682=VECTOR('',#17342,1000.0);
#13683=CARTESIAN_POINT('',(2.80000000056667,6.0,-0.800000000166667));
#13684=CARTESIAN_POINT('',(2.1,6.0,-0.8));
#13685=VECTOR('',#17343,1000.0);
#13686=CARTESIAN_POINT('',(2.80000000056667,6.0,-0.55));
#13687=CARTESIAN_POINT('',(2.8000000017,6.0,-2.25));
#13688=VECTOR('',#17344,1000.0);
#13689=CARTESIAN_POINT('',(3.34999999705,6.0,-0.55));
#13690=CARTESIAN_POINT('',(0.0,6.0,-0.55));
#13691=VECTOR('',#17345,1000.0);
#13692=CARTESIAN_POINT('',(3.34999999905,6.0,-0.149999999625));
#13693=CARTESIAN_POINT('',(3.3499999962,6.0,-2.25));
#13694=VECTOR('',#17346,1000.0);
#13695=CARTESIAN_POINT('',(3.850000000275,6.0,-0.149999999625));
#13696=CARTESIAN_POINT('',(0.0,6.0,-0.1499999985));
#13697=VECTOR('',#17347,1000.0);
#13698=CARTESIAN_POINT('',(3.85,6.0,0.0));
#13699=CARTESIAN_POINT('',(3.8500000011,6.0,-2.25));
#13700=VECTOR('',#17348,1000.0);
#13701=CARTESIAN_POINT('',(4.85,6.0,0.0));
#13702=VECTOR('',#17349,1000.0);
#13703=CARTESIAN_POINT('',(2.28786796553782,6.00000000023285,-1.35));
#13704=AXIS2_PLACEMENT_3D('',#17350,#17351,#17352);
#13705=CARTESIAN_POINT('',(1.75000000153333,6.0,-1.35));
#13706=CARTESIAN_POINT('',(0.0,6.0,-1.35));
#13707=VECTOR('',#17353,1000.0);
#13708=CARTESIAN_POINT('',(1.75000000153333,6.0,-1.499999999));
#13709=CARTESIAN_POINT('',(1.7500000023,6.0,-2.25));
#13710=VECTOR('',#17354,1000.0);
#13711=CARTESIAN_POINT('',(0.0,6.0,-1.4999999985));
#13712=VECTOR('',#17355,1000.0);
#13713=CARTESIAN_POINT('',(2.80000000110461,5.9999999999314,-1.49999999925));
#13714=AXIS2_PLACEMENT_3D('',#17356,#17357,#17358);
#13715=CARTESIAN_POINT('',(3.24999999813333,6.0,-1.499999999));
#13716=CARTESIAN_POINT('',(0.0,6.0,-1.4999999985));
#13717=VECTOR('',#17359,1000.0);
#13718=CARTESIAN_POINT('',(3.24999999813333,6.0,-1.35));
#13719=CARTESIAN_POINT('',(3.2499999972,6.0,-2.25));
#13720=VECTOR('',#17360,1000.0);
#13721=CARTESIAN_POINT('',(0.0,6.0,-1.35));
#13722=VECTOR('',#17361,1000.0);
#13723=CARTESIAN_POINT('',(-3.24999999813333,6.0,-1.499999999));
#13724=CARTESIAN_POINT('',(0.0,6.0,-1.4999999985));
#13725=VECTOR('',#17362,1000.0);
#13726=CARTESIAN_POINT('',(-2.19999999875219,5.9999999999314,-1.49999999988317));
#13727=AXIS2_PLACEMENT_3D('',#17363,#17364,#17365);
#13728=CARTESIAN_POINT('',(-1.75000000153333,6.0,-1.499999999));
#13729=CARTESIAN_POINT('',(0.0,6.0,-1.4999999985));
#13730=VECTOR('',#17366,1000.0);
#13731=CARTESIAN_POINT('',(-1.75000000153333,6.0,-1.35));
#13732=CARTESIAN_POINT('',(-1.7500000023,6.0,-2.25));
#13733=VECTOR('',#17367,1000.0);
#13734=CARTESIAN_POINT('',(0.0,6.0,-1.35));
#13735=VECTOR('',#17368,1000.0);
#13736=CARTESIAN_POINT('',(-2.71213203446218,6.00000000023285,-1.35));
#13737=AXIS2_PLACEMENT_3D('',#17369,#17370,#17371);
#13738=CARTESIAN_POINT('',(-3.24999999813333,6.0,-1.35));
#13739=CARTESIAN_POINT('',(0.0,6.0,-1.35));
#13740=VECTOR('',#17372,1000.0);
#13741=CARTESIAN_POINT('',(-3.2499999972,6.0,-2.25));
#13742=VECTOR('',#17373,1000.0);
#13743=COLOUR_RGB('',0.0,0.0,1.0);
#13744=AXIS2_PLACEMENT_3D('',#17374,#17375,#17376);
#13745=AXIS2_PLACEMENT_3D('',#17377,#17378,#17379);
#13746=COLOUR_RGB('',1.0,0.501960813999176,0.0);
#13747=CARTESIAN_POINT('',(5.85,-4.475,-4.10000000004102));
#13748=CARTESIAN_POINT('',(5.85,-4.475,-4.1));
#13749=VECTOR('',#17380,1000.0);
#13750=CARTESIAN_POINT('',(5.85,-5.0,-4.1));
#13751=CARTESIAN_POINT('',(5.85,-5.0,-1.775));
#13752=VECTOR('',#17381,1000.0);
#13753=CARTESIAN_POINT('',(5.85,0.0,-4.1));
#13754=VECTOR('',#17382,1000.0);
#13755=COLOUR_RGB('',1.0,0.501960813999176,0.0);
#13756=CARTESIAN_POINT('',(5.85,4.9999999997949,-4.1));
#13757=CARTESIAN_POINT('',(5.85,4.99999999958979,-2.05));
#13758=VECTOR('',#17383,1000.0);
#13759=CARTESIAN_POINT('',(5.85,4.475,-4.10000000004102));
#13760=CARTESIAN_POINT('',(5.85,4.475,-4.1));
#13761=VECTOR('',#17384,1000.0);
#13762=CARTESIAN_POINT('',(5.85,5.2139198305,-4.1));
#13763=VECTOR('',#17385,1000.0);
#13764=COLOUR_RGB('',1.0,0.501960813999176,0.0);
#13765=CARTESIAN_POINT('',(-5.85,-5.0,-4.1));
#13766=CARTESIAN_POINT('',(-5.85,-5.0,-1.775));
#13767=VECTOR('',#17386,1000.0);
#13768=CARTESIAN_POINT('',(-5.85,-4.475,-4.09999999992306));
#13769=CARTESIAN_POINT('',(-5.85,-4.475,0.55));
#13770=VECTOR('',#17387,1000.0);
#13771=CARTESIAN_POINT('',(-5.85,0.0,-4.1));
#13772=VECTOR('',#17388,1000.0);
#13773=COLOUR_RGB('',1.0,0.501960813999176,0.0);
#13774=CARTESIAN_POINT('',(-5.85,4.475,-4.09999999992306));
#13775=CARTESIAN_POINT('',(-5.85,4.475,0.55));
#13776=VECTOR('',#17389,1000.0);
#13777=CARTESIAN_POINT('',(-5.85,5.0,-4.1));
#13778=CARTESIAN_POINT('',(-5.85,5.0,-1.775));
#13779=VECTOR('',#17390,1000.0);
#13780=CARTESIAN_POINT('',(-5.85,0.0,-4.1));
#13781=VECTOR('',#17391,1000.0);
#13782=COLOUR_RGB('',1.0,1.0,1.0);
#13783=CARTESIAN_POINT('',(0.21213203413544,-7.42500000124632,-0.850000000048086));
#13784=CARTESIAN_POINT('',(-0.212132034168675,-7.4250000001176,-0.85));
#13785=AXIS2_PLACEMENT_3D('',#17392,#17393,#17394);
#13786=CARTESIAN_POINT('',(-0.212132034174879,-7.42500000000878,3.41213203418108));
#13787=CARTESIAN_POINT('',(-0.212132034,-7.425,1.281066017));
#13788=VECTOR('',#17395,1000.0);
#13789=CARTESIAN_POINT('',(0.212132033956384,-7.42499999999617,3.41213203439958));
#13790=CARTESIAN_POINT('',(-0.212132034174879,-7.42500000000878,3.41213203418108));
#13791=CARTESIAN_POINT('',(-0.196552723737928,-7.4690649447253,3.42771134497309));
#13792=CARTESIAN_POINT('',(-0.169490847377743,-7.50470161363911,3.45083768287604));
#13793=CARTESIAN_POINT('',(-0.0967603573215752,-7.55807971995937,3.48685209385055));
#13794=CARTESIAN_POINT('',(-0.0491272670019208,-7.57490016158316,3.4999251212555));
#13795=CARTESIAN_POINT('',(0.0482084647501496,-7.57509890041856,3.50007417524611));
#13796=CARTESIAN_POINT('',(0.0959442756931508,-7.55856497633625,3.48719405146172));
#13797=CARTESIAN_POINT('',(0.169580915121941,-7.50474807468537,3.4508546201681));
#13798=CARTESIAN_POINT('',(0.196545429254885,-7.46908557661517,3.42771863945426));
#13799=CARTESIAN_POINT('',(0.212132033956384,-7.42499999999617,3.41213203439958));
#13800=CARTESIAN_POINT('',(0.212132034,-7.425,1.281066017));
#13801=VECTOR('',#17396,1000.0);
#13802=COLOUR_RGB('',1.0,1.0,1.0);
#13803=CARTESIAN_POINT('',(0.45,-7.425,3.174264069));
#13804=CARTESIAN_POINT('',(0.45,-7.425,3.174264069));
#13805=VECTOR('',#17397,1000.0);
#13806=CARTESIAN_POINT('',(0.449999999947431,-7.425,-0.328207888346355));
#13807=CARTESIAN_POINT('',(0.45,-7.425,1.4230280905));
#13808=VECTOR('',#17398,1000.0);
#13809=CARTESIAN_POINT('',(0.75,-7.425,-0.328207888461807));
#13810=CARTESIAN_POINT('',(0.481066017,-7.425,-0.328207889039066));
#13811=VECTOR('',#17399,1000.0);
#13812=CARTESIAN_POINT('',(0.75,-7.4250000025,-0.85));
#13813=CARTESIAN_POINT('',(0.75,-7.425,1.281066017));
#13814=VECTOR('',#17400,1000.0);
#13815=CARTESIAN_POINT('',(0.481066017,-7.425,-0.85));
#13816=VECTOR('',#17401,1000.0);
#13817=COLOUR_RGB('',1.0,1.0,1.0);
#13818=CARTESIAN_POINT('',(-0.45,-7.425,3.174264069));
#13819=CARTESIAN_POINT('',(-0.212132034,-7.425,3.412132034));
#13820=VECTOR('',#17402,1000.0);
#13821=CARTESIAN_POINT('',(-0.75,-7.4250000025,-0.85));
#13822=CARTESIAN_POINT('',(-0.481066017,-7.425,-0.85));
#13823=VECTOR('',#17403,1000.0);
#13824=CARTESIAN_POINT('',(-0.75,-7.425,-0.32820788869271));
#13825=CARTESIAN_POINT('',(-0.75,-7.425,1.281066017));
#13826=VECTOR('',#17404,1000.0);
#13827=CARTESIAN_POINT('',(-0.449999999947431,-7.425,-0.328207888346355));
#13828=CARTESIAN_POINT('',(-0.481066017,-7.425,-0.328207889039066));
#13829=VECTOR('',#17405,1000.0);
#13830=CARTESIAN_POINT('',(-0.45,-7.425,1.4230280905));
#13831=VECTOR('',#17406,1000.0);
#13832=COLOUR_RGB('',1.0,0.501960813999176,0.0);
#13833=CARTESIAN_POINT('',(5.59331659410672,-0.499999999441341,3.24389341200196));
#13834=CARTESIAN_POINT('',(5.7333180267105,-1.25,2.83413787690109));
#13835=CARTESIAN_POINT('',(5.73331802696797,-1.25000000009007,2.8341378769341));
#13836=VECTOR('',#17407,1000.0);
#13837=AXIS2_PLACEMENT_3D('',#17408,#17409,#17410);
#13838=CARTESIAN_POINT('',(5.73331802646986,1.25,2.83413787681887));
#13839=CARTESIAN_POINT('',(5.59331659348667,0.500000000090071,3.24389341176966));
#13840=VECTOR('',#17411,1000.0);
#13841=CARTESIAN_POINT('',(5.8428612135,1.25,2.5135273915));
#13842=VECTOR('',#17412,1000.0);
#13843=CARTESIAN_POINT('',(5.8428612135,-1.25,2.5135273915));
#13844=VECTOR('',#17413,1000.0);
#13845=COLOUR_RGB('',1.0,0.501960813999176,0.0);
#13846=CARTESIAN_POINT('',(-5.73331802642771,1.25,2.83413787694222));
#13847=CARTESIAN_POINT('',(-5.8428612135,1.25,2.5135273915));
#13848=VECTOR('',#17414,1000.0);
#13849=CARTESIAN_POINT('',(-5.59331659394457,0.49999999942575,3.24389341221234));
#13850=CARTESIAN_POINT('',(-5.73331802638556,1.25,2.83413787706558));
#13851=VECTOR('',#17415,1000.0);
#13852=CARTESIAN_POINT('',(-5.54999999997325,-1.22464679922572E-16,3.37067221607829));
#13853=AXIS2_PLACEMENT_3D('',#17416,#17417,#17418);
#13854=CARTESIAN_POINT('',(-5.59331659400824,-0.499999999793322,3.24389341192112));
#13855=AXIS2_PLACEMENT_3D('',#17419,#17420,#17421);
#13856=CARTESIAN_POINT('',(-5.73331802642771,-1.25,2.83413787694222));
#13857=CARTESIAN_POINT('',(-5.59331659410739,-0.5,3.24389341152604));
#13858=VECTOR('',#17422,1000.0);
#13859=CARTESIAN_POINT('',(-5.8428612135,-1.25,2.5135273915));
#13860=VECTOR('',#17423,1000.0);
#13861=COLOUR_RGB('',1.0,1.0,1.0);
#13862=CARTESIAN_POINT('',(3.25,7.075000002,-0.85));
#13863=CARTESIAN_POINT('',(2.80000000002002,7.0750000044733,-0.850000000018091));
#13864=CARTESIAN_POINT('',(3.025,7.075,-0.85));
#13865=VECTOR('',#17424,1000.0);
#13866=CARTESIAN_POINT('',(2.80000000099565,7.0750000010991,3.32426406768905));
#13867=CARTESIAN_POINT('',(2.80000000001804,7.07500000445761,1.3380499998305));
#13868=VECTOR('',#17425,1000.0);
#13869=CARTESIAN_POINT('',(2.95,7.075,3.17426406874816));
#13870=CARTESIAN_POINT('',(2.8,7.075,3.324264069));
#13871=VECTOR('',#17426,1000.0);
#13872=CARTESIAN_POINT('',(2.95,7.075,-0.328207887768355));
#13873=CARTESIAN_POINT('',(2.95,7.075,1.4230280905));
#13874=VECTOR('',#17427,1000.0);
#13875=CARTESIAN_POINT('',(3.25,7.07500000066667,-0.32820788753671));
#13876=CARTESIAN_POINT('',(3.025,7.075,-0.328207887305066));
#13877=VECTOR('',#17428,1000.0);
#13878=CARTESIAN_POINT('',(3.25,7.075,1.2371320345));
#13879=VECTOR('',#17429,1000.0);
#13880=COLOUR_RGB('',1.0,1.0,1.0);
#13881=CARTESIAN_POINT('',(0.4499999998875,-7.575,3.17426406882316));
#13882=CARTESIAN_POINT('',(0.45,-7.54281916,3.174264069));
#13883=VECTOR('',#17430,1000.0);
#13884=CARTESIAN_POINT('',(0.4499999999,-7.575,-0.328207887536711));
#13885=CARTESIAN_POINT('',(0.44999999985,-7.575,1.2371320345));
#13886=VECTOR('',#17431,1000.0);
#13887=CARTESIAN_POINT('',(0.45,-7.5,-0.328207888));
#13888=VECTOR('',#17432,1000.0);
#13889=COLOUR_RGB('',1.0,1.0,1.0);
#13890=CARTESIAN_POINT('',(-0.44999999995,-7.57500000008001,3.174264069));
#13891=CARTESIAN_POINT('',(-0.45,-7.5,3.174264069));
#13892=VECTOR('',#17433,1000.0);
#13893=CARTESIAN_POINT('',(-0.4499999999,-7.575,-0.328207887536711));
#13894=CARTESIAN_POINT('',(-0.45,-7.5,-0.328207888));
#13895=VECTOR('',#17434,1000.0);
#13896=CARTESIAN_POINT('',(-0.44999999985,-7.575,1.2371320345));
#13897=VECTOR('',#17435,1000.0);
#13898=COLOUR_RGB('',1.0,1.0,1.0);
#13899=CARTESIAN_POINT('',(2.95,-7.425,3.174264069));
#13900=CARTESIAN_POINT('',(2.71213203377705,-7.42500000050341,3.41213203422295));
#13901=CARTESIAN_POINT('',(2.95,-7.425,3.174264069));
#13902=VECTOR('',#17436,1000.0);
#13903=CARTESIAN_POINT('',(2.94999999994743,-7.425,-0.328207888346355));
#13904=CARTESIAN_POINT('',(2.95,-7.425,1.4230280905));
#13905=VECTOR('',#17437,1000.0);
#13906=CARTESIAN_POINT('',(3.25,-7.425,-0.328207888461807));
#13907=CARTESIAN_POINT('',(2.981066017,-7.425,-0.328207889039066));
#13908=VECTOR('',#17438,1000.0);
#13909=CARTESIAN_POINT('',(3.25,-7.4250000025,-0.85));
#13910=CARTESIAN_POINT('',(3.25,-7.425,1.281066017));
#13911=VECTOR('',#17439,1000.0);
#13912=CARTESIAN_POINT('',(2.71213203418059,-7.42500000124264,-0.850000000048086));
#13913=CARTESIAN_POINT('',(2.981066017,-7.425,-0.85));
#13914=VECTOR('',#17440,1000.0);
#13915=CARTESIAN_POINT('',(2.71213203436117,-7.42499999998527,1.3384492735));
#13916=VECTOR('',#17441,1000.0);
#13917=COLOUR_RGB('',1.0,1.0,1.0);
#13918=CARTESIAN_POINT('',(-2.28786796586456,-7.42500000124632,-0.850000000048086));
#13919=CARTESIAN_POINT('',(-2.71213203416867,-7.4250000001176,-0.85));
#13920=AXIS2_PLACEMENT_3D('',#17442,#17443,#17444);
#13921=CARTESIAN_POINT('',(-2.71213203417505,-7.4250000000083,3.41213203418092));
#13922=CARTESIAN_POINT('',(-2.712132034,-7.425,1.281066017));
#13923=VECTOR('',#17445,1000.0);
#13924=CARTESIAN_POINT('',(-2.28786796604362,-7.42499999999617,3.41213203439958));
#13925=CARTESIAN_POINT('',(-2.71213203417505,-7.4250000000083,3.41213203418092));
#13926=CARTESIAN_POINT('',(-2.69655272373843,-7.46906494472451,3.42771134497264));
#13927=CARTESIAN_POINT('',(-2.66949084737803,-7.5047016136388,3.45083768287585));
#13928=CARTESIAN_POINT('',(-2.59676035732186,-7.55807971995925,3.48685209385046));
#13929=CARTESIAN_POINT('',(-2.54912726700223,-7.57490016158311,3.49992512125546));
#13930=CARTESIAN_POINT('',(-2.45179153525003,-7.57509890041861,3.50007417524615));
#13931=CARTESIAN_POINT('',(-2.40405572430695,-7.55856497633631,3.48719405146175));
#13932=CARTESIAN_POINT('',(-2.3304190848781,-7.50474807468543,3.45085462016814));
#13933=CARTESIAN_POINT('',(-2.30345457074462,-7.46908557661438,3.42771863945381));
#13934=CARTESIAN_POINT('',(-2.28786796604362,-7.42499999999617,3.41213203439958));
#13935=CARTESIAN_POINT('',(-2.287867966,-7.425,1.281066017));
#13936=VECTOR('',#17446,1000.0);
#13937=COLOUR_RGB('',1.0,0.501960813999176,0.0);
#13938=CARTESIAN_POINT('',(6.09142135611865,1.25,1.43994949388134));
#13939=AXIS2_PLACEMENT_3D('',#17447,#17448,#17449);
#13940=CARTESIAN_POINT('',(6.09142135611865,-1.25,1.43994949388134));
#13941=CARTESIAN_POINT('',(6.091421356,0.0,1.439949494));
#13942=VECTOR('',#17450,1000.0);
#13943=AXIS2_PLACEMENT_3D('',#17451,#17452,#17453);
#13944=COLOUR_RGB('',1.0,0.501960813999176,0.0);
#13945=CARTESIAN_POINT('',(-6.09142135611866,-1.25,1.43994949388134));
#13946=AXIS2_PLACEMENT_3D('',#17454,#17455,#17456);
#13947=CARTESIAN_POINT('',(-6.09142135611865,1.25,1.43994949388134));
#13948=CARTESIAN_POINT('',(-6.091421356,0.0,1.439949494));
#13949=VECTOR('',#17457,1000.0);
#13950=AXIS2_PLACEMENT_3D('',#17458,#17459,#17460);
#13951=COLOUR_RGB('',1.0,1.0,1.0);
#13952=CARTESIAN_POINT('',(2.49999999992834,7.225000007,-0.850000000056457));
#13953=CARTESIAN_POINT('',(2.50000000001122,7.22500000204341,3.5));
#13954=CARTESIAN_POINT('',(2.5,7.2250000045,1.33805));
#13955=VECTOR('',#17461,1000.0);
#13956=CARTESIAN_POINT('',(2.71213203445929,7.15923292412297,3.41213203425264));
#13957=CARTESIAN_POINT('',(2.71213203445929,7.15923292412297,3.41213203425264));
#13958=CARTESIAN_POINT('',(2.65948219006045,7.19535041929809,3.464781878777));
#13959=CARTESIAN_POINT('',(2.58306886005598,7.2250000020535,3.49999999999563));
#13960=CARTESIAN_POINT('',(2.50000000001122,7.22500000204341,3.5));
#13962=CARTESIAN_POINT('',(2.71213203445929,7.15923292412297,3.41213203425264));
#13963=CARTESIAN_POINT('',(2.74588824668907,7.13607635352293,3.37837582145284));
#13964=CARTESIAN_POINT('',(2.77543874865229,7.10774833760276,3.34882531961385));
#13965=CARTESIAN_POINT('',(2.80000000099565,7.0750000010991,3.32426406768905));
#13972=AXIS2_PLACEMENT_3D('',#17462,#17463,#17464);
#13973=COLOUR_RGB('',1.0,1.0,1.0);
#13974=CARTESIAN_POINT('',(2.94999999992115,6.925,3.17426406907885));
#13975=CARTESIAN_POINT('',(2.95,7.0428191605,3.174264069));
#13976=VECTOR('',#17465,1000.0);
#13977=CARTESIAN_POINT('',(2.94999999992115,6.925,-0.328207888519533));
#13978=CARTESIAN_POINT('',(2.94999999984229,6.925,1.281066017));
#13979=VECTOR('',#17466,1000.0);
#13980=CARTESIAN_POINT('',(2.95,7.0,-0.328207888));
#13981=VECTOR('',#17467,1000.0);
#13982=COLOUR_RGB('',1.0,1.0,1.0);
#13983=CARTESIAN_POINT('',(2.71213203393192,6.92500000111715,3.41213203442404));
#13984=CARTESIAN_POINT('',(2.71213203430975,7.075000001,3.41213203440218));
#13985=VECTOR('',#17468,1000.0);
#13986=CARTESIAN_POINT('',(2.95,6.925,3.174264069));
#13987=VECTOR('',#17469,1000.0);
#13988=COLOUR_RGB('',1.0,1.0,1.0);
#13989=CARTESIAN_POINT('',(-2.28786796458458,6.925000002,-0.849999999982273));
#13990=CARTESIAN_POINT('',(-2.28786796562334,6.92500000048985,3.4121320339793));
#13991=CARTESIAN_POINT('',(-2.287867966,6.925,1.281066017));
#13992=VECTOR('',#17470,1000.0);
#13993=CARTESIAN_POINT('',(-2.49999999996184,7.07500000204233,3.5));
#13994=CARTESIAN_POINT('',(-2.28786796562334,6.92500000048985,3.4121320339793));
#13995=CARTESIAN_POINT('',(-2.30345378034263,6.96908334392854,3.42771784911295));
#13996=CARTESIAN_POINT('',(-2.33053102957926,7.0047317200383,3.45085618785797));
#13997=CARTESIAN_POINT('',(-2.40330887459182,7.0581164664313,3.48687869420611));
#13998=CARTESIAN_POINT('',(-2.45066089166567,7.07500000204844,3.4999999999952));
#13999=CARTESIAN_POINT('',(-2.49999999996184,7.07500000204233,3.5));
#14000=CARTESIAN_POINT('',(-2.49999999997306,7.075000007,-0.85));
#14001=CARTESIAN_POINT('',(-2.49999999995959,7.0750000045,1.33805));
#14002=VECTOR('',#17471,1000.0);
#14003=AXIS2_PLACEMENT_3D('',#17472,#17473,#17474);
#14004=COLOUR_RGB('',1.0,1.0,1.0);
#14005=CARTESIAN_POINT('',(-2.95,6.925,3.174264069));
#14006=CARTESIAN_POINT('',(-2.71213203377705,6.9250000015552,3.41213203422295));
#14007=CARTESIAN_POINT('',(-2.712132034,6.925,3.412132034));
#14008=VECTOR('',#17475,1000.0);
#14009=CARTESIAN_POINT('',(-2.95,6.925,-0.328207888427972));
#14010=CARTESIAN_POINT('',(-2.95,6.925,1.4230280905));
#14011=VECTOR('',#17476,1000.0);
#14012=CARTESIAN_POINT('',(-3.25,6.925,-0.328207888570629));
#14013=CARTESIAN_POINT('',(-2.981066017,6.925,-0.328207889283915));
#14014=VECTOR('',#17477,1000.0);
#14015=CARTESIAN_POINT('',(-3.25,6.925000002,-0.85));
#14016=CARTESIAN_POINT('',(-3.25,6.925,1.281066016));
#14017=VECTOR('',#17478,1000.0);
#14018=CARTESIAN_POINT('',(-2.71213203439714,6.92500000199524,-0.850000000012343));
#14019=CARTESIAN_POINT('',(-2.981066017,6.925,-0.85));
#14020=VECTOR('',#17479,1000.0);
#14021=CARTESIAN_POINT('',(-2.712132034,6.925,1.281066016));
#14022=VECTOR('',#17480,1000.0);
#14023=COLOUR_RGB('',1.0,1.0,1.0);
#14024=CARTESIAN_POINT('',(-0.75,-7.575,-0.328207887768355));
#14025=CARTESIAN_POINT('',(-0.75,-7.5,-0.328207888));
#14026=VECTOR('',#17481,1000.0);
#14027=CARTESIAN_POINT('',(-0.525,-7.575,-0.328207887305066));
#14028=VECTOR('',#17482,1000.0);
#14029=COLOUR_RGB('',1.0,1.0,1.0);
#14030=CARTESIAN_POINT('',(0.75,-7.57500000333333,-0.328207887768355));
#14031=CARTESIAN_POINT('',(0.525,-7.575,-0.328207887305066));
#14032=VECTOR('',#17483,1000.0);
#14033=CARTESIAN_POINT('',(0.75,-7.5000000025,-0.328207888));
#14034=VECTOR('',#17484,1000.0);
#14035=COLOUR_RGB('',1.0,1.0,1.0);
#14036=CARTESIAN_POINT('',(0.212132034255293,-7.65923292162043,3.41213203445664));
#14037=CARTESIAN_POINT('',(0.212132034358671,-7.575552332,3.41213203435326));
#14038=VECTOR('',#17485,1000.0);
#14039=CARTESIAN_POINT('',(0.299999999777581,-7.57499999991972,3.32426406890712));
#14041=CARTESIAN_POINT('',(0.212132034255293,-7.65923292162043,3.41213203445664));
#14042=CARTESIAN_POINT('',(0.245888246058421,-7.63607635143216,3.37837582208349));
#14043=CARTESIAN_POINT('',(0.27543874768361,-7.60774833596277,3.34882532058253));
#14044=CARTESIAN_POINT('',(0.299999999777581,-7.57499999991972,3.32426406890712));
#14051=CARTESIAN_POINT('',(0.44999999985,-7.575,3.17426406864633));
#14052=VECTOR('',#17486,1000.0);
#14053=COLOUR_RGB('',1.0,1.0,1.0);
#14054=CARTESIAN_POINT('',(0.300000000712384,-7.57500000093871,-0.8499999996892));
#14055=CARTESIAN_POINT('',(0.299999999984916,-7.57500000066339,1.3387469703108));
#14056=VECTOR('',#17487,1000.0);
#14057=CARTESIAN_POINT('',(0.75,-7.5750000025,-0.85));
#14058=CARTESIAN_POINT('',(0.525,-7.575,-0.85));
#14059=VECTOR('',#17488,1000.0);
#14060=CARTESIAN_POINT('',(0.75,-7.575000005,-0.589103944));
#14061=VECTOR('',#17489,1000.0);
#14062=COLOUR_RGB('',1.0,1.0,1.0);
#14063=CARTESIAN_POINT('',(-0.75,-7.5750000025,-0.85));
#14064=CARTESIAN_POINT('',(-0.525,-7.575,-0.85));
#14065=VECTOR('',#17490,1000.0);
#14066=CARTESIAN_POINT('',(-0.331066017,-7.57500000024003,3.2931980515));
#14067=VECTOR('',#17491,1000.0);
#14068=CARTESIAN_POINT('',(-0.75,-7.575,-0.589103944));
#14069=VECTOR('',#17492,1000.0);
#14070=COLOUR_RGB('',1.0,1.0,1.0);
#14071=CARTESIAN_POINT('',(-0.212132034396767,-7.575552332,3.41213203431516));
#14072=VECTOR('',#17493,1000.0);
#14073=COLOUR_RGB('',1.0,1.0,1.0);
#14074=CARTESIAN_POINT('',(2.53953114218262E-12,-7.72499999962427,3.50000000001413));
#14075=CARTESIAN_POINT('',(0.0407999837064167,-7.72499999961259,3.49999999999953));
#14076=CARTESIAN_POINT('',(0.0818632653764857,-7.71794196688348,3.49129460821886));
#14077=CARTESIAN_POINT('',(0.154341728854799,-7.6938917212864,3.46025520884238));
#14078=CARTESIAN_POINT('',(0.185815347754529,-7.67728601959451,3.43844872091082));
#14079=CARTESIAN_POINT('',(0.212132034255293,-7.65923292162043,3.41213203445664));
#14080=COLOUR_RGB('',1.0,1.0,1.0);
#14081=CARTESIAN_POINT('',(2.28786796583133,-7.4250000001176,-0.85));
#14082=AXIS2_PLACEMENT_3D('',#17494,#17495,#17496);
#14083=CARTESIAN_POINT('',(2.28786796582427,-7.42500000000638,3.41213203418024));
#14084=CARTESIAN_POINT('',(2.287867966,-7.425,1.281066017));
#14085=VECTOR('',#17497,1000.0);
#14086=CARTESIAN_POINT('',(2.28786796582427,-7.42500000000638,3.41213203418024));
#14087=CARTESIAN_POINT('',(2.30344727624822,-7.46906494468929,3.42771134495949));
#14088=CARTESIAN_POINT('',(2.33050915258273,-7.5047016135852,3.45083768284287));
#14089=CARTESIAN_POINT('',(2.40323964255653,-7.55807971989481,3.48685209380379));
#14090=CARTESIAN_POINT('',(2.45087273282542,-7.57490016153666,3.49992512122062));
#14091=CARTESIAN_POINT('',(2.54820846449612,-7.57509890046418,3.50007417528033));
#14092=CARTESIAN_POINT('',(2.59594427543049,-7.55856497645326,3.48719405155031));
#14093=CARTESIAN_POINT('',(2.66958091490249,-7.50474807492071,3.45085462031742));
#14094=CARTESIAN_POINT('',(2.69654542927367,-7.46908557657121,3.42771863943619));
#14095=CARTESIAN_POINT('',(2.71213203377705,-7.42500000050341,3.41213203422295));
#14096=COLOUR_RGB('',1.0,1.0,1.0);
#14097=CARTESIAN_POINT('',(2.94999999995,-7.57499999986782,3.174264069));
#14098=CARTESIAN_POINT('',(2.95,-7.5,3.174264069));
#14099=VECTOR('',#17498,1000.0);
#14100=CARTESIAN_POINT('',(2.9499999999,-7.575,-0.328207887536711));
#14101=CARTESIAN_POINT('',(2.94999999985,-7.575,1.2371320345));
#14102=VECTOR('',#17499,1000.0);
#14103=CARTESIAN_POINT('',(2.95,-7.5,-0.328207888));
#14104=VECTOR('',#17500,1000.0);
#14105=COLOUR_RGB('',1.0,1.0,1.0);
#14106=CARTESIAN_POINT('',(-2.05,-7.425,3.174264069));
#14107=CARTESIAN_POINT('',(-2.05,-7.425,3.174264069));
#14108=VECTOR('',#17501,1000.0);
#14109=CARTESIAN_POINT('',(-2.05000000005257,-7.425,-0.328207888346355));
#14110=CARTESIAN_POINT('',(-2.05,-7.425,1.4230280905));
#14111=VECTOR('',#17502,1000.0);
#14112=CARTESIAN_POINT('',(-1.75,-7.425,-0.328207888461807));
#14113=CARTESIAN_POINT('',(-2.018933983,-7.425,-0.328207889039066));
#14114=VECTOR('',#17503,1000.0);
#14115=CARTESIAN_POINT('',(-1.75,-7.4250000025,-0.85));
#14116=CARTESIAN_POINT('',(-1.75,-7.425,1.281066017));
#14117=VECTOR('',#17504,1000.0);
#14118=CARTESIAN_POINT('',(-2.018933983,-7.425,-0.85));
#14119=VECTOR('',#17505,1000.0);
#14120=COLOUR_RGB('',1.0,1.0,1.0);
#14121=CARTESIAN_POINT('',(-2.95,-7.425,3.174264069));
#14122=CARTESIAN_POINT('',(-2.712132034,-7.425,3.412132034));
#14123=VECTOR('',#17506,1000.0);
#14124=CARTESIAN_POINT('',(-3.25,-7.4250000025,-0.85));
#14125=CARTESIAN_POINT('',(-2.981066017,-7.425,-0.85));
#14126=VECTOR('',#17507,1000.0);
#14127=CARTESIAN_POINT('',(-3.25,-7.425,-0.32820788869271));
#14128=CARTESIAN_POINT('',(-3.25,-7.425,1.281066017));
#14129=VECTOR('',#17508,1000.0);
#14130=CARTESIAN_POINT('',(-2.94999999994743,-7.425,-0.328207888346355));
#14131=CARTESIAN_POINT('',(-2.981066017,-7.425,-0.328207889039066));
#14132=VECTOR('',#17509,1000.0);
#14133=CARTESIAN_POINT('',(-2.95,-7.425,1.4230280905));
#14134=VECTOR('',#17510,1000.0);
#14135=COLOUR_RGB('',1.0,0.501960813999176,0.0);
#14136=CARTESIAN_POINT('',(6.1118339765118,1.25,2.9634656608332));
#14137=CARTESIAN_POINT('',(5.9718325436502,0.5,3.37322119588048));
#14138=VECTOR('',#17511,1000.0);
#14139=CARTESIAN_POINT('',(5.922576002,1.25,2.898801769));
#14140=VECTOR('',#17512,1000.0);
#14141=COLOUR_RGB('',1.0,0.501960813999176,0.0);
#14142=CARTESIAN_POINT('',(6.1118339765118,-1.25,2.9634656608332));
#14143=CARTESIAN_POINT('',(5.922576002,-1.25,2.898801769));
#14144=VECTOR('',#17513,1000.0);
#14145=CARTESIAN_POINT('',(5.97183254376631,-0.500000000005895,3.37322119576945));
#14146=CARTESIAN_POINT('',(6.11183397665019,-1.25,2.96346566088048));
#14147=VECTOR('',#17514,1000.0);
#14148=CARTESIAN_POINT('',(5.78257456902295,-0.499999999616325,3.30855730374714));
#14149=VECTOR('',#17515,1000.0);
#14150=COLOUR_RGB('',1.0,0.501960813999176,0.0);
#14151=AXIS2_PLACEMENT_3D('',#17516,#17517,#17518);
#14152=COLOUR_RGB('',1.0,0.501960813999176,0.0);
#14153=CARTESIAN_POINT('',(6.51777392492791,-1.25,1.77536252521098));
#14154=VECTOR('',#17519,1000.0);
#14155=CARTESIAN_POINT('',(6.2213771635,-1.25,2.642855175));
#14156=VECTOR('',#17520,1000.0);
#14157=COLOUR_RGB('',1.0,0.501960813999176,0.0);
#14158=CARTESIAN_POINT('',(6.2213771635,1.25,2.642855175));
#14159=VECTOR('',#17521,1000.0);
#14160=CARTESIAN_POINT('',(6.13925797494439,1.25,1.64603474216275));
#14161=VECTOR('',#17522,1000.0);
#14162=COLOUR_RGB('',1.0,0.501960813999176,0.0);
#14163=CARTESIAN_POINT('',(5.62573593117607,1.25,0.974264068888001));
#14164=CARTESIAN_POINT('',(5.8585786435,1.25,1.2071067815));
#14165=VECTOR('',#17523,1000.0);
#14166=CARTESIAN_POINT('',(5.62573593117607,-1.25,0.974264068888001));
#14167=CARTESIAN_POINT('',(5.62573593128266,0.0,0.974264068706515));
#14168=VECTOR('',#17524,1000.0);
#14169=CARTESIAN_POINT('',(5.8585786435,-1.25,1.2071067815));
#14170=VECTOR('',#17525,1000.0);
#14171=COLOUR_RGB('',1.0,0.501960813999176,0.0);
#14172=CARTESIAN_POINT('',(-5.62573593122835,-1.25,0.974264068940276));
#14173=CARTESIAN_POINT('',(-5.8585786435,-1.25,1.2071067815));
#14174=VECTOR('',#17526,1000.0);
#14175=CARTESIAN_POINT('',(-5.62573593122835,1.25,0.974264068940277));
#14176=CARTESIAN_POINT('',(-5.6257359314567,0.0,0.974264068880552));
#14177=VECTOR('',#17527,1000.0);
#14178=CARTESIAN_POINT('',(-5.8585786435,1.25,1.2071067815));
#14179=VECTOR('',#17528,1000.0);
#14180=COLOUR_RGB('',1.0,1.0,1.0);
#14181=CARTESIAN_POINT('',(2.19999999737518,7.07500000350024,-0.8500000001695));
#14182=AXIS2_PLACEMENT_3D('',#17529,#17530,#17531);
#14183=CARTESIAN_POINT('',(2.19999999900338,7.075,3.32426406800338));
#14184=CARTESIAN_POINT('',(2.2,7.075,1.2371320345));
#14185=VECTOR('',#17532,1000.0);
#14186=CARTESIAN_POINT('',(2.28786796559861,7.1592329240406,3.41213203395458));
#14188=CARTESIAN_POINT('',(2.28786796559861,7.1592329240406,3.41213203395458));
#14189=CARTESIAN_POINT('',(2.25411175309882,7.13607635335815,3.37837582124073));
#14190=CARTESIAN_POINT('',(2.22456125107186,7.10774833732744,3.348825319338));
#14191=CARTESIAN_POINT('',(2.19999999900338,7.075,3.32426406800338));
#14198=CARTESIAN_POINT('',(2.50000000001122,7.22500000204341,3.5));
#14199=CARTESIAN_POINT('',(2.41693596941448,7.22500000206197,3.50000000000622));
#14200=CARTESIAN_POINT('',(2.34054664973041,7.19537020328,3.46481071866425));
#14201=CARTESIAN_POINT('',(2.28786796559861,7.1592329240406,3.41213203395458));
#14202=COLOUR_RGB('',1.0,1.0,1.0);
#14203=CARTESIAN_POINT('',(2.71213203541542,6.9250000035171,-0.849999999801111));
#14204=CARTESIAN_POINT('',(2.71213203432001,6.92500000455107,1.33804999983035));
#14205=VECTOR('',#17533,1000.0);
#14206=CARTESIAN_POINT('',(3.25,6.925000002,-0.85));
#14207=CARTESIAN_POINT('',(2.981066017,6.925,-0.85));
#14208=VECTOR('',#17534,1000.0);
#14209=CARTESIAN_POINT('',(3.25,6.925,-0.32820788869271));
#14210=CARTESIAN_POINT('',(3.25,6.925,1.281066017));
#14211=VECTOR('',#17535,1000.0);
#14212=CARTESIAN_POINT('',(2.981066017,6.925,-0.328207889039065));
#14213=VECTOR('',#17536,1000.0);
#14214=COLOUR_RGB('',1.0,1.0,1.0);
#14215=CARTESIAN_POINT('',(2.50000000000673,7.07500000204233,3.5));
#14216=CARTESIAN_POINT('',(2.5,7.075000002,3.5));
#14217=VECTOR('',#17537,1000.0);
#14218=CARTESIAN_POINT('',(2.71213203393192,6.92500000111715,3.41213203442404));
#14219=CARTESIAN_POINT('',(2.69654621941755,6.96908334428771,3.42771784932769));
#14220=CARTESIAN_POINT('',(2.66946897021118,7.00473172024783,3.45085618799218));
#14221=CARTESIAN_POINT('',(2.59669112525593,7.05811646648717,3.48687869425098));
#14222=CARTESIAN_POINT('',(2.54933910824617,7.07500000205188,3.49999999999779));
#14223=CARTESIAN_POINT('',(2.50000000000673,7.07500000204233,3.5));
#14224=COLOUR_RGB('',1.0,1.0,1.0);
#14225=CARTESIAN_POINT('',(-2.05,6.925,3.174264069));
#14226=CARTESIAN_POINT('',(-2.05,6.925,3.174264069));
#14227=VECTOR('',#17538,1000.0);
#14228=CARTESIAN_POINT('',(-1.75,6.925000002,-0.85));
#14229=CARTESIAN_POINT('',(-2.018933983,6.925,-0.85));
#14230=VECTOR('',#17539,1000.0);
#14231=CARTESIAN_POINT('',(-1.75,6.925,-0.32820788869271));
#14232=CARTESIAN_POINT('',(-1.75,6.925,1.281066017));
#14233=VECTOR('',#17540,1000.0);
#14234=CARTESIAN_POINT('',(-2.05000000005257,6.925,-0.328207888346355));
#14235=CARTESIAN_POINT('',(-2.018933983,6.925,-0.328207889039065));
#14236=VECTOR('',#17541,1000.0);
#14237=CARTESIAN_POINT('',(-2.05,6.925,1.4230280905));
#14238=VECTOR('',#17542,1000.0);
#14239=COLOUR_RGB('',1.0,1.0,1.0);
#14240=CARTESIAN_POINT('',(-2.9499999998875,7.075,3.17426406882316));
#14241=CARTESIAN_POINT('',(-2.95,7.0428191605,3.174264069));
#14242=VECTOR('',#17543,1000.0);
#14243=CARTESIAN_POINT('',(-2.9499999999375,7.075,-0.328207887942089));
#14244=CARTESIAN_POINT('',(-2.94999999985,7.075,1.2371320345));
#14245=VECTOR('',#17544,1000.0);
#14246=CARTESIAN_POINT('',(-2.95,7.0,-0.328207888));
#14247=VECTOR('',#17545,1000.0);
#14248=COLOUR_RGB('',1.0,0.501960813999176,0.0);
#14249=CARTESIAN_POINT('',(-6.11183397637949,-1.25,2.96346566076815));
#14250=CARTESIAN_POINT('',(-5.922576002,-1.25,2.898801769));
#14251=VECTOR('',#17546,1000.0);
#14252=CARTESIAN_POINT('',(-5.97183254397245,-0.499999999409279,3.37322119613073));
#14253=CARTESIAN_POINT('',(-5.78257456891625,-0.499999999669379,3.30855730429521));
#14254=VECTOR('',#17547,1000.0);
#14255=CARTESIAN_POINT('',(-6.11183397638556,-1.25,2.96346566075038));
#14256=VECTOR('',#17548,1000.0);
#14257=COLOUR_RGB('',1.0,0.501960813999176,0.0);
#14258=CARTESIAN_POINT('',(-5.92851595002675,0.0,3.49999999992171));
#14259=CARTESIAN_POINT('',(-5.739257975,0.0,3.435336108));
#14260=VECTOR('',#17549,1000.0);
#14261=AXIS2_PLACEMENT_3D('',#17550,#17551,#17552);
#14262=COLOUR_RGB('',1.0,0.501960813999176,0.0);
#14263=CARTESIAN_POINT('',(-5.9718325440184,0.499999999533222,3.37322119599624));
#14264=CARTESIAN_POINT('',(-5.782574569,0.5,3.308557304));
#14265=VECTOR('',#17553,1000.0);
#14266=AXIS2_PLACEMENT_3D('',#17554,#17555,#17556);
#14267=COLOUR_RGB('',1.0,0.501960813999176,0.0);
#14268=CARTESIAN_POINT('',(-6.11183397637949,1.25,2.96346566076815));
#14269=CARTESIAN_POINT('',(-5.922576002,1.25,2.898801769));
#14270=VECTOR('',#17557,1000.0);
#14271=CARTESIAN_POINT('',(-5.97183254410739,0.500000000000001,3.37322119544701));
#14272=VECTOR('',#17558,1000.0);
#14273=COLOUR_RGB('',1.0,0.501960813999176,0.0);
#14274=CARTESIAN_POINT('',(-6.51777392492791,1.25,1.77536252521098));
#14275=VECTOR('',#17559,1000.0);
#14276=CARTESIAN_POINT('',(-6.2213771635,1.25,2.642855175));
#14277=VECTOR('',#17560,1000.0);
#14278=COLOUR_RGB('',1.0,0.501960813999176,0.0);
#14279=CARTESIAN_POINT('',(-6.51777392486145,-1.25,1.77536252540551));
#14280=VECTOR('',#17561,1000.0);
#14281=CARTESIAN_POINT('',(-6.2213771635,-1.25,2.642855175));
#14282=VECTOR('',#17562,1000.0);
#14283=COLOUR_RGB('',1.0,1.0,1.0);
#14284=CARTESIAN_POINT('',(-0.75,-7.2519500035,-0.85));
#14285=VECTOR('',#17563,1000.0);
#14286=COLOUR_RGB('',1.0,1.0,1.0);
#14287=CARTESIAN_POINT('',(0.75,-7.2519500035,-0.85));
#14288=VECTOR('',#17564,1000.0);
#14289=COLOUR_RGB('',1.0,1.0,1.0);
#14290=AXIS2_PLACEMENT_3D('',#17565,#17566,#17567);
#14291=COLOUR_RGB('',1.0,1.0,1.0);
#14292=CARTESIAN_POINT('',(3.25,-7.57500000333333,-0.328207887768355));
#14293=CARTESIAN_POINT('',(3.025,-7.575,-0.328207887305066));
#14294=VECTOR('',#17568,1000.0);
#14295=CARTESIAN_POINT('',(3.25,-7.5000000025,-0.328207888));
#14296=VECTOR('',#17569,1000.0);
#14297=COLOUR_RGB('',1.0,1.0,1.0);
#14298=CARTESIAN_POINT('',(2.05,-7.425,3.174264069));
#14299=CARTESIAN_POINT('',(2.168933983,-7.425,3.2931980515));
#14300=VECTOR('',#17570,1000.0);
#14301=CARTESIAN_POINT('',(1.75,-7.4250000025,-0.85));
#14302=CARTESIAN_POINT('',(2.018933983,-7.425,-0.85));
#14303=VECTOR('',#17571,1000.0);
#14304=CARTESIAN_POINT('',(1.75,-7.425,-0.32820788869271));
#14305=CARTESIAN_POINT('',(1.75,-7.425,1.281066017));
#14306=VECTOR('',#17572,1000.0);
#14307=CARTESIAN_POINT('',(2.05000000005257,-7.425,-0.328207888346355));
#14308=CARTESIAN_POINT('',(2.018933983,-7.425,-0.328207889039066));
#14309=VECTOR('',#17573,1000.0);
#14310=CARTESIAN_POINT('',(2.05,-7.425,1.4230280905));
#14311=VECTOR('',#17574,1000.0);
#14312=COLOUR_RGB('',1.0,1.0,1.0);
#14313=CARTESIAN_POINT('',(2.80000000019467,-7.57499999974044,3.32426406817473));
#14314=CARTESIAN_POINT('',(2.831066017,-7.57499999960346,3.2931980515));
#14315=VECTOR('',#17575,1000.0);
#14316=CARTESIAN_POINT('',(2.80000000004597,-7.57500000243871,-0.850000000125025));
#14317=CARTESIAN_POINT('',(2.80000000009193,-7.57499999987742,1.33874697));
#14318=VECTOR('',#17576,1000.0);
#14319=CARTESIAN_POINT('',(3.25,-7.5750000025,-0.85));
#14320=CARTESIAN_POINT('',(3.025,-7.575,-0.85));
#14321=VECTOR('',#17577,1000.0);
#14322=CARTESIAN_POINT('',(3.25,-7.575000005,-0.589103944));
#14323=VECTOR('',#17578,1000.0);
#14324=COLOUR_RGB('',1.0,1.0,1.0);
#14325=CARTESIAN_POINT('',(2.28786796593476,-7.65923292212076,3.41213203393476));
#14326=CARTESIAN_POINT('',(2.7121320341994,-7.65923292202872,3.41213203415656));
#14327=CARTESIAN_POINT('',(2.28786796593476,-7.65923292212076,3.41213203393476));
#14328=CARTESIAN_POINT('',(2.31419611977922,-7.67729388666356,3.43846018850671));
#14329=CARTESIAN_POINT('',(2.34558476701643,-7.69384580431768,3.46019410801374));
#14330=CARTESIAN_POINT('',(2.41782920992488,-7.71786133608015,3.49119237503902));
#14331=CARTESIAN_POINT('',(2.45871694060296,-7.72495431346416,3.49994289181038));
#14332=CARTESIAN_POINT('',(2.54044884655016,-7.72504522259498,3.50005652826345));
#14333=CARTESIAN_POINT('',(2.58159836921143,-7.71800882873773,3.49137911233154));
#14334=CARTESIAN_POINT('',(2.65423603699879,-7.69394772390261,3.46032926430194));
#14335=CARTESIAN_POINT('',(2.68577050593984,-7.67731678123,3.43849356278552));
#14336=CARTESIAN_POINT('',(2.7121320341994,-7.65923292202872,3.41213203415656));
#14337=CARTESIAN_POINT('',(2.712132034,-7.5428191595,3.412132034));
#14338=VECTOR('',#17579,1000.0);
#14339=CARTESIAN_POINT('',(2.287867966,-7.5428191595,3.412132034));
#14340=VECTOR('',#17580,1000.0);
#14341=COLOUR_RGB('',1.0,1.0,1.0);
#14343=CARTESIAN_POINT('',(2.7121320341994,-7.65923292202872,3.41213203415656));
#14344=CARTESIAN_POINT('',(2.74588824633756,-7.63607635159113,3.37837582180435));
#14345=CARTESIAN_POINT('',(2.77543874810519,-7.60774833591877,3.34882532016095));
#14346=CARTESIAN_POINT('',(2.80000000019467,-7.57499999974044,3.32426406817473));
#14353=COLOUR_RGB('',1.0,1.0,1.0);
#14354=CARTESIAN_POINT('',(-2.05,-7.575,3.17426406882316));
#14355=CARTESIAN_POINT('',(-2.05,-7.5428191595,3.174264069));
#14356=VECTOR('',#17581,1000.0);
#14357=CARTESIAN_POINT('',(-2.05,-7.575,-0.328207887536711));
#14358=CARTESIAN_POINT('',(-2.05,-7.575,1.2371320345));
#14359=VECTOR('',#17582,1000.0);
#14360=CARTESIAN_POINT('',(-2.05,-7.5,-0.328207888));
#14361=VECTOR('',#17583,1000.0);
#14362=COLOUR_RGB('',1.0,1.0,1.0);
#14363=CARTESIAN_POINT('',(-2.95,-7.57499999986782,3.174264069));
#14364=CARTESIAN_POINT('',(-2.95,-7.5,3.174264069));
#14365=VECTOR('',#17584,1000.0);
#14366=CARTESIAN_POINT('',(-2.95,-7.575,-0.328207887536711));
#14367=CARTESIAN_POINT('',(-2.95,-7.5,-0.328207888));
#14368=VECTOR('',#17585,1000.0);
#14369=CARTESIAN_POINT('',(-2.95,-7.575,1.2371320345));
#14370=VECTOR('',#17586,1000.0);
#14371=COLOUR_RGB('',1.0,1.0,1.0);
#14372=CARTESIAN_POINT('',(-3.25,-7.575,-0.328207887536711));
#14373=CARTESIAN_POINT('',(-3.25,-7.5,-0.328207888));
#14374=VECTOR('',#17587,1000.0);
#14375=CARTESIAN_POINT('',(-3.024999991,-7.575,-0.328207887305066));
#14376=VECTOR('',#17588,1000.0);
#14377=COLOUR_RGB('',1.0,0.501960813999176,0.0);
#14378=COLOUR_RGB('',1.0,0.501960813999176,0.0);
#14379=CARTESIAN_POINT('',(6.37426406885596,-1.25,1.15710678114404));
#14380=CARTESIAN_POINT('',(6.2328427125,-1.25,1.2985281375));
#14381=VECTOR('',#17589,1000.0);
#14382=AXIS2_PLACEMENT_3D('',#17590,#17591,#17592);
#14383=COLOUR_RGB('',1.0,0.501960813999176,0.0);
#14384=CARTESIAN_POINT('',(6.37426406885596,1.25,1.15710678114404));
#14385=AXIS2_PLACEMENT_3D('',#17593,#17594,#17595);
#14386=CARTESIAN_POINT('',(6.2328427125,1.25,1.2985281375));
#14387=VECTOR('',#17596,1000.0);
#14388=COLOUR_RGB('',0.0,0.0,1.0);
#14389=CARTESIAN_POINT('',(3.849999999825,4.7,1.35525271560688E-17));
#14390=CARTESIAN_POINT('',(3.85,5.35,0.0));
#14391=VECTOR('',#17597,1000.0);
#14392=CARTESIAN_POINT('',(4.5,4.7,0.0));
#14393=VECTOR('',#17598,1000.0);
#14394=COLOUR_RGB('',0.0,0.0,1.0);
#14395=CARTESIAN_POINT('',(3.8499999999125,-4.7,0.0));
#14396=CARTESIAN_POINT('',(4.5,-4.7,0.0));
#14397=VECTOR('',#17599,1000.0);
#14398=CARTESIAN_POINT('',(3.85,-5.35,0.0));
#14399=VECTOR('',#17600,1000.0);
#14400=COLOUR_RGB('',1.0,0.501960813999176,0.0);
#14401=CARTESIAN_POINT('',(5.45,1.25,0.55));
#14402=AXIS2_PLACEMENT_3D('',#17601,#17602,#17603);
#14403=CARTESIAN_POINT('',(5.45,-1.25,0.55));
#14404=CARTESIAN_POINT('',(5.45,0.0,0.55));
#14405=VECTOR('',#17604,1000.0);
#14406=AXIS2_PLACEMENT_3D('',#17605,#17606,#17607);
#14407=COLOUR_RGB('',1.0,0.501960813999176,0.0);
#14408=CARTESIAN_POINT('',(-5.45,-1.25,0.55));
#14409=AXIS2_PLACEMENT_3D('',#17608,#17609,#17610);
#14410=CARTESIAN_POINT('',(-5.45,1.25,0.55));
#14411=CARTESIAN_POINT('',(-5.45,0.0,0.55));
#14412=VECTOR('',#17611,1000.0);
#14413=AXIS2_PLACEMENT_3D('',#17612,#17613,#17614);
#14414=COLOUR_RGB('',0.0,0.0,1.0);
#14415=CARTESIAN_POINT('',(-3.8499999999125,-4.7,0.0));
#14416=CARTESIAN_POINT('',(-3.85,-5.35,0.0));
#14417=VECTOR('',#17615,1000.0);
#14418=CARTESIAN_POINT('',(-4.5,-4.7,0.0));
#14419=VECTOR('',#17616,1000.0);
#14420=COLOUR_RGB('',0.0,0.0,1.0);
#14421=CARTESIAN_POINT('',(3.7,-0.70000000057375,-0.4));
#14422=CARTESIAN_POINT('',(3.7,0.70000000057375,-0.4));
#14423=CARTESIAN_POINT('',(3.7,0.0,-0.4));
#14424=VECTOR('',#17617,1000.0);
#14425=CARTESIAN_POINT('',(2.9958,0.7,-0.4));
#14426=VECTOR('',#17618,1000.0);
#14427=CARTESIAN_POINT('',(3.0,-0.7,-0.4));
#14428=AXIS2_PLACEMENT_3D('',#17619,#17620,#17621);
#14429=CARTESIAN_POINT('',(2.9958,-0.7,-0.4));
#14430=VECTOR('',#17622,1000.0);
#14431=COLOUR_RGB('',0.0,0.0,1.0);
#14432=CARTESIAN_POINT('',(-2.0,-1.79587256857466E-10,0.0));
#14433=CARTESIAN_POINT('',(2.0,-8.20413269972115E-10,0.0));
#14434=AXIS2_PLACEMENT_3D('',#17623,#17624,#17625);
#14435=AXIS2_PLACEMENT_3D('',#17626,#17627,#17628);
#14436=COLOUR_RGB('',1.0,1.0,1.0);
#14437=CARTESIAN_POINT('',(2.05,7.075,-0.328207888));
#14438=CARTESIAN_POINT('',(1.75,7.07500000133334,-0.328207887768355));
#14439=CARTESIAN_POINT('',(1.9,7.075,-0.328207888));
#14440=VECTOR('',#17629,1000.0);
#14441=CARTESIAN_POINT('',(2.05,7.075,3.17426406874816));
#14442=CARTESIAN_POINT('',(2.05,7.075,1.4230280905));
#14443=VECTOR('',#17630,1000.0);
#14444=CARTESIAN_POINT('',(2.05000000015,7.075,3.17426406864633));
#14445=VECTOR('',#17631,1000.0);
#14446=CARTESIAN_POINT('',(1.75,7.075000002,-0.85));
#14447=CARTESIAN_POINT('',(1.975,7.075,-0.85));
#14448=VECTOR('',#17632,1000.0);
#14449=CARTESIAN_POINT('',(1.75,7.075,1.2371320345));
#14450=VECTOR('',#17633,1000.0);
#14451=COLOUR_RGB('',1.0,1.0,1.0);
#14452=CARTESIAN_POINT('',(2.5,7.075000007,-0.85));
#14453=CARTESIAN_POINT('',(2.5,7.0750000045,1.33805));
#14454=VECTOR('',#17634,1000.0);
#14455=AXIS2_PLACEMENT_3D('',#17635,#17636,#17637);
#14456=COLOUR_RGB('',1.0,1.0,1.0);
#14457=CARTESIAN_POINT('',(2.28786796622295,6.9250000015552,3.41213203422295));
#14458=CARTESIAN_POINT('',(2.287867966,7.0428191605,3.412132034));
#14459=VECTOR('',#17638,1000.0);
#14460=CARTESIAN_POINT('',(2.50000000000673,7.07500000204233,3.5));
#14461=CARTESIAN_POINT('',(2.45067309706388,7.07500000205779,3.50000000000221));
#14462=CARTESIAN_POINT('',(2.40365929788777,7.05833578234684,3.48703152529943));
#14463=CARTESIAN_POINT('',(2.33042345989987,7.00469041962944,3.45082349261356));
#14464=CARTESIAN_POINT('',(2.30346007832832,6.96910115725108,3.42772414709306));
#14465=CARTESIAN_POINT('',(2.28786796622295,6.9250000015552,3.41213203422295));
#14466=COLOUR_RGB('',1.0,1.0,1.0);
#14467=CARTESIAN_POINT('',(-2.0500000001,7.075,-0.32820788753671));
#14468=CARTESIAN_POINT('',(-2.05,7.0,-0.328207888));
#14469=VECTOR('',#17639,1000.0);
#14470=CARTESIAN_POINT('',(-2.05000000005,7.07499999989947,3.174264069));
#14471=CARTESIAN_POINT('',(-2.05000000015,7.075,1.2371320345));
#14472=VECTOR('',#17640,1000.0);
#14473=CARTESIAN_POINT('',(-2.05,7.0,3.174264069));
#14474=VECTOR('',#17641,1000.0);
#14475=COLOUR_RGB('',1.0,1.0,1.0);
#14476=CARTESIAN_POINT('',(-2.49999999994837,7.22500000204341,3.5));
#14477=CARTESIAN_POINT('',(-2.71213203440139,7.1592329240406,3.41213203395458));
#14478=CARTESIAN_POINT('',(-2.49999999994837,7.22500000204341,3.5));
#14479=CARTESIAN_POINT('',(-2.58306403057393,7.22500000206644,3.50000000001181));
#14480=CARTESIAN_POINT('',(-2.65945335026414,7.19537020328374,3.4648107186697));
#14481=CARTESIAN_POINT('',(-2.71213203440139,7.1592329240406,3.41213203395458));
#14482=CARTESIAN_POINT('',(-2.712132034,7.0428191605,3.412132034));
#14483=VECTOR('',#17642,1000.0);
#14484=CARTESIAN_POINT('',(-2.49999999996184,7.07500000204233,3.5));
#14485=CARTESIAN_POINT('',(-2.54932690292523,7.07500000206123,3.5000000000048));
#14486=CARTESIAN_POINT('',(-2.59634070210643,7.05833578235044,3.48703152530195));
#14487=CARTESIAN_POINT('',(-2.66957654010181,7.00469041962884,3.45082349261307));
#14488=CARTESIAN_POINT('',(-2.69653992184137,6.96910115697964,3.42772414693975));
#14489=CARTESIAN_POINT('',(-2.71213203377705,6.9250000015552,3.41213203422295));
#14490=CARTESIAN_POINT('',(-2.49999999994612,7.075000001,3.5));
#14491=VECTOR('',#17643,1000.0);
#14492=COLOUR_RGB('',1.0,1.0,1.0);
#14493=CARTESIAN_POINT('',(-2.80000000097545,7.07500000056302,3.32426406802455));
#14495=CARTESIAN_POINT('',(-2.71213203440139,7.1592329240406,3.41213203395458));
#14496=CARTESIAN_POINT('',(-2.74588824680372,7.13607635342501,3.37837582133819));
#14497=CARTESIAN_POINT('',(-2.77543874875858,7.10774833748987,3.34882531950756));
#14498=CARTESIAN_POINT('',(-2.80000000097545,7.07500000056302,3.32426406802455));
#14505=CARTESIAN_POINT('',(-2.94999999985,7.075,3.17426406864633));
#14506=VECTOR('',#17644,1000.0);
#14507=COLOUR_RGB('',1.0,1.0,1.0);
#14508=CARTESIAN_POINT('',(-3.25,7.075,-0.328207887652533));
#14509=CARTESIAN_POINT('',(-3.1,7.075,-0.328207888));
#14510=VECTOR('',#17645,1000.0);
#14511=CARTESIAN_POINT('',(-2.80000000262482,7.07500000350024,-0.8500000001695));
#14512=CARTESIAN_POINT('',(-2.79999999997763,7.07500000451148,1.3380499998305));
#14513=VECTOR('',#17646,1000.0);
#14514=CARTESIAN_POINT('',(-3.25,7.075000002,-0.85));
#14515=CARTESIAN_POINT('',(-3.025,7.075,-0.85));
#14516=VECTOR('',#17647,1000.0);
#14517=CARTESIAN_POINT('',(-3.25,7.075,1.2371320345));
#14518=VECTOR('',#17648,1000.0);
#14519=COLOUR_RGB('',1.0,0.501960813999176,0.0);
#14520=CARTESIAN_POINT('',(-6.37426406885596,1.25,1.15710678114404));
#14521=CARTESIAN_POINT('',(-6.2328427125,1.25,1.2985281375));
#14522=VECTOR('',#17649,1000.0);
#14523=AXIS2_PLACEMENT_3D('',#17650,#17651,#17652);
#14524=COLOUR_RGB('',1.0,0.501960813999176,0.0);
#14525=COLOUR_RGB('',1.0,0.501960813999176,0.0);
#14526=CARTESIAN_POINT('',(-6.37426406885596,-1.25,1.15710678114404));
#14527=AXIS2_PLACEMENT_3D('',#17653,#17654,#17655);
#14528=CARTESIAN_POINT('',(-6.2328427125,-1.25,1.2985281375));
#14529=VECTOR('',#17656,1000.0);
#14530=COLOUR_RGB('',0.0,0.0,1.0);
#14531=CARTESIAN_POINT('',(-3.8499999999125,4.7,0.0));
#14532=CARTESIAN_POINT('',(-4.5,4.7,0.0));
#14533=VECTOR('',#17657,1000.0);
#14534=CARTESIAN_POINT('',(-3.85,5.35,0.0));
#14535=VECTOR('',#17658,1000.0);
#14536=COLOUR_RGB('',1.0,1.0,1.0);
#14537=CARTESIAN_POINT('',(-0.75,-6.925,-1.5000000025));
#14538=AXIS2_PLACEMENT_3D('',#17659,#17660,#17661);
#14539=CARTESIAN_POINT('',(-0.299999999,-6.924999999875,-1.5000000025));
#14540=CARTESIAN_POINT('',(-0.524999999,-6.925,-1.5));
#14541=VECTOR('',#17662,1000.0);
#14542=AXIS2_PLACEMENT_3D('',#17663,#17664,#17665);
#14543=COLOUR_RGB('',1.0,1.0,1.0);
#14544=CARTESIAN_POINT('',(-0.75,-6.925,-1.3500000025));
#14545=CARTESIAN_POINT('',(-0.75,-6.925,-1.425));
#14546=VECTOR('',#17666,1000.0);
#14547=AXIS2_PLACEMENT_3D('',#17667,#17668,#17669);
#14548=COLOUR_RGB('',1.0,1.0,1.0);
#14549=CARTESIAN_POINT('',(-0.212132034337376,-6.925,-1.35000000012578));
#14550=CARTESIAN_POINT('',(-0.481066017,-6.925,-1.35));
#14551=VECTOR('',#17670,1000.0);
#14552=AXIS2_PLACEMENT_3D('',#17671,#17672,#17673);
#14553=COLOUR_RGB('',1.0,1.0,1.0);
#14554=CARTESIAN_POINT('',(0.212132034079103,-6.92500000005128,-1.35000000127797));
#14555=AXIS2_PLACEMENT_3D('',#17674,#17675,#17676);
#14556=CARTESIAN_POINT('',(2.69380885286199E-11,-6.925,-1.5));
#14557=AXIS2_PLACEMENT_3D('',#17677,#17678,#17679);
#14558=AXIS2_PLACEMENT_3D('',#17680,#17681,#17682);
#14559=COLOUR_RGB('',1.0,1.0,1.0);
#14560=CARTESIAN_POINT('',(0.75,-6.925,-1.3500000025));
#14561=AXIS2_PLACEMENT_3D('',#17683,#17684,#17685);
#14562=CARTESIAN_POINT('',(0.481066017,-6.925,-1.35));
#14563=VECTOR('',#17686,1000.0);
#14564=COLOUR_RGB('',1.0,1.0,1.0);
#14565=CARTESIAN_POINT('',(0.75,-6.925,-1.5000000025));
#14566=AXIS2_PLACEMENT_3D('',#17687,#17688,#17689);
#14567=CARTESIAN_POINT('',(0.75,-6.925,-1.4250000025));
#14568=VECTOR('',#17690,1000.0);
#14569=COLOUR_RGB('',1.0,1.0,1.0);
#14570=CARTESIAN_POINT('',(0.300000000020022,-6.92500000063332,-1.5000000014733));
#14571=CARTESIAN_POINT('',(0.524999999,-6.925,-1.5));
#14572=VECTOR('',#17691,1000.0);
#14573=AXIS2_PLACEMENT_3D('',#17692,#17693,#17694);
#14574=COLOUR_RGB('',1.0,1.0,1.0);
#14575=CARTESIAN_POINT('',(6.73452213215498E-11,-6.92500000058333,-1.649999998));
#14576=AXIS2_PLACEMENT_3D('',#17695,#17696,#17697);
#14577=AXIS2_PLACEMENT_3D('',#17698,#17699,#17700);
#14578=COLOUR_RGB('',1.0,1.0,1.0);
#14579=CARTESIAN_POINT('',(3.25,-7.2519500035,-0.85));
#14580=VECTOR('',#17701,1000.0);
#14581=COLOUR_RGB('',1.0,1.0,1.0);
#14582=CARTESIAN_POINT('',(2.0500000001125,-7.575,3.17426406882316));
#14583=CARTESIAN_POINT('',(2.05,-7.5,3.174264069));
#14584=VECTOR('',#17702,1000.0);
#14585=CARTESIAN_POINT('',(2.2,-7.575,3.3242640686847));
#14586=CARTESIAN_POINT('',(2.2,-7.575,3.324264069));
#14587=VECTOR('',#17703,1000.0);
#14589=CARTESIAN_POINT('',(2.2,-7.575,3.3242640686847));
#14590=CARTESIAN_POINT('',(2.22456125211703,-7.60774833613073,3.34882532038317));
#14591=CARTESIAN_POINT('',(2.25411175378575,-7.63607635167412,3.37837582192766));
#14592=CARTESIAN_POINT('',(2.28786796593476,-7.65923292212076,3.41213203393476));
#14599=COLOUR_RGB('',1.0,1.0,1.0);
#14600=CARTESIAN_POINT('',(2.0500000001,-7.575,-0.328207887536711));
#14601=CARTESIAN_POINT('',(2.05,-7.5,-0.328207888));
#14602=VECTOR('',#17704,1000.0);
#14603=CARTESIAN_POINT('',(2.05000000015,-7.575,1.2371320345));
#14604=VECTOR('',#17705,1000.0);
#14605=COLOUR_RGB('',1.0,1.0,1.0);
#14606=CARTESIAN_POINT('',(1.75,-7.575,-0.328207887536711));
#14607=CARTESIAN_POINT('',(1.75,-7.5,-0.328207888));
#14608=VECTOR('',#17706,1000.0);
#14609=CARTESIAN_POINT('',(1.975,-7.575,-0.328207887305066));
#14610=VECTOR('',#17707,1000.0);
#14611=COLOUR_RGB('',1.0,1.0,1.0);
#14612=CARTESIAN_POINT('',(2.20000000002316,-7.57500000253089,-0.850000000125025));
#14613=CARTESIAN_POINT('',(2.2,-7.575,1.2371320345));
#14614=VECTOR('',#17708,1000.0);
#14615=AXIS2_PLACEMENT_3D('',#17709,#17710,#17711);
#14616=COLOUR_RGB('',1.0,1.0,1.0);
#14617=CARTESIAN_POINT('',(-3.25,-7.5750000025,-0.85));
#14618=CARTESIAN_POINT('',(-3.25,-7.575,1.2371320345));
#14619=VECTOR('',#17712,1000.0);
#14620=CARTESIAN_POINT('',(-3.25,-7.2519500035,-0.85));
#14621=VECTOR('',#17713,1000.0);
#14622=COLOUR_RGB('',1.0,1.0,1.0);
#14623=CARTESIAN_POINT('',(-1.75,-7.57500000333333,-0.328207887768355));
#14624=CARTESIAN_POINT('',(-1.975000009,-7.575,-0.328207887305066));
#14625=VECTOR('',#17714,1000.0);
#14626=CARTESIAN_POINT('',(-1.75,-7.5000000025,-0.328207888));
#14627=VECTOR('',#17715,1000.0);
#14628=COLOUR_RGB('',1.0,1.0,1.0);
#14629=CARTESIAN_POINT('',(-2.2878679656309,-7.6592329220344,3.41213203434283));
#14630=CARTESIAN_POINT('',(-2.28786796564133,-7.5755523315,3.41213203435326));
#14631=VECTOR('',#17716,1000.0);
#14632=CARTESIAN_POINT('',(-2.19999999990807,-7.57499999990807,3.32426405959277));
#14634=CARTESIAN_POINT('',(-2.2878679656309,-7.6592329220344,3.41213203434283));
#14635=CARTESIAN_POINT('',(-2.25411175265272,-7.6360763508998,3.37837582079463));
#14636=CARTESIAN_POINT('',(-2.22456125013165,-7.60774833423055,3.3488253183978));
#14637=CARTESIAN_POINT('',(-2.19999999990807,-7.57499999990807,3.32426405959277));
#14644=CARTESIAN_POINT('',(-2.05,-7.575,3.17426406864633));
#14645=VECTOR('',#17717,1000.0);
#14646=COLOUR_RGB('',1.0,1.0,1.0);
#14647=CARTESIAN_POINT('',(-2.20000000019234,-7.57499999996936,-0.850000000074672));
#14648=CARTESIAN_POINT('',(-2.19999999990807,-7.57499999987742,1.33874697));
#14649=VECTOR('',#17718,1000.0);
#14650=CARTESIAN_POINT('',(-1.75,-7.5750000025,-0.85));
#14651=CARTESIAN_POINT('',(-1.975000009,-7.575,-0.85));
#14652=VECTOR('',#17719,1000.0);
#14653=CARTESIAN_POINT('',(-1.75,-7.575000005,-0.589103944));
#14654=VECTOR('',#17720,1000.0);
#14655=COLOUR_RGB('',1.0,1.0,1.0);
#14656=CARTESIAN_POINT('',(-2.7999999997617,-7.5750000025,-0.850000000199697));
#14657=CARTESIAN_POINT('',(-3.024999991,-7.575,-0.85));
#14658=VECTOR('',#17721,1000.0);
#14659=CARTESIAN_POINT('',(-2.80000000010237,-7.57499999986351,3.32426406826703));
#14660=CARTESIAN_POINT('',(-2.79999999990734,-7.57500000012355,1.33874697));
#14661=VECTOR('',#17722,1000.0);
#14662=CARTESIAN_POINT('',(-2.831066017,-7.57499999960346,3.2931980515));
#14663=VECTOR('',#17723,1000.0);
#14664=COLOUR_RGB('',1.0,1.0,1.0);
#14665=CARTESIAN_POINT('',(-2.7121320342576,-7.6592329219888,3.41213203409836));
#14667=CARTESIAN_POINT('',(-2.80000000010237,-7.57499999986351,3.32426406826703));
#14668=CARTESIAN_POINT('',(-2.77543874804494,-7.60774833597112,3.3488253202212));
#14669=CARTESIAN_POINT('',(-2.74588824632889,-7.63607635158774,3.37837582181302));
#14670=CARTESIAN_POINT('',(-2.7121320342576,-7.6592329219888,3.41213203409836));
#14677=CARTESIAN_POINT('',(-2.71213203439677,-7.5755523315,3.41213203431516));
#14678=VECTOR('',#17724,1000.0);
#14679=COLOUR_RGB('',1.0,1.0,1.0);
#14680=CARTESIAN_POINT('',(-2.7121320342576,-7.6592329219888,3.41213203409836));
#14681=CARTESIAN_POINT('',(-2.68580388020114,-7.67729388667552,3.43846018852335));
#14682=CARTESIAN_POINT('',(-2.65441523305704,-7.6938458042854,3.4601941079714));
#14683=CARTESIAN_POINT('',(-2.5821707901412,-7.71786133606605,3.4911923750215));
#14684=CARTESIAN_POINT('',(-2.54128305945689,-7.72495431345852,3.49994289180333));
#14685=CARTESIAN_POINT('',(-2.4595511534922,-7.72504522260051,3.50005652827035));
#14686=CARTESIAN_POINT('',(-2.41840163081979,-7.7180088287457,3.49137911234164));
#14687=CARTESIAN_POINT('',(-2.34576396301171,-7.69394772390845,3.46032926430968));
#14688=CARTESIAN_POINT('',(-2.31422949408801,-7.67731678124669,3.43849356280858));
#14689=CARTESIAN_POINT('',(-2.2878679656309,-7.6592329220344,3.41213203434283));
#14690=COLOUR_RGB('',1.0,0.501960813999176,0.0);
#14691=CARTESIAN_POINT('',(6.374264069,0.0,1.157106781));
#14692=VECTOR('',#17725,1000.0);
#14693=COLOUR_RGB('',1.0,0.501960813999176,0.0);
#14694=CARTESIAN_POINT('',(5.90857864391519,-1.25,0.691421356152496));
#14695=CARTESIAN_POINT('',(6.1414213565,-1.25,0.9242640685));
#14696=VECTOR('',#17726,1000.0);
#14697=CARTESIAN_POINT('',(5.90857864406949,-1.25,0.691421356069487));
#14698=VECTOR('',#17727,1000.0);
#14699=COLOUR_RGB('',1.0,0.501960813999176,0.0);
#14700=CARTESIAN_POINT('',(5.90857864391519,1.25,0.691421356152496));
#14701=CARTESIAN_POINT('',(6.1414213565,1.25,0.9242640685));
#14702=VECTOR('',#17728,1000.0);
#14703=CARTESIAN_POINT('',(5.90857864406949,1.25,0.691421356069487));
#14704=VECTOR('',#17729,1000.0);
#14705=COLOUR_RGB('',0.0,0.0,1.0);
#14706=CARTESIAN_POINT('',(5.27500000020251,4.7,-0.599787544052515));
#14707=CARTESIAN_POINT('',(5.42500000055,4.7,-0.749787543875));
#14708=CARTESIAN_POINT('',(5.35,4.7,-0.674787544));
#14709=VECTOR('',#17730,1000.0);
#14710=CARTESIAN_POINT('',(5.42500000055,4.7,-1.05));
#14711=CARTESIAN_POINT('',(5.4250000011,4.7,-0.525));
#14712=VECTOR('',#17731,1000.0);
#14713=CARTESIAN_POINT('',(4.5,4.7,-1.05));
#14714=VECTOR('',#17732,1000.0);
#14715=CARTESIAN_POINT('',(3.84999999965,4.7,-0.150000000075));
#14716=CARTESIAN_POINT('',(3.8499999993,4.7,-0.525));
#14717=VECTOR('',#17733,1000.0);
#14718=CARTESIAN_POINT('',(3.3499999999,4.7,-0.150000000075));
#14719=CARTESIAN_POINT('',(4.5,4.7,-0.15000000015));
#14720=VECTOR('',#17734,1000.0);
#14721=CARTESIAN_POINT('',(3.3499999989,4.700000001,-0.5500000001));
#14722=CARTESIAN_POINT('',(3.3499999998,4.7,-0.525));
#14723=VECTOR('',#17735,1000.0);
#14724=CARTESIAN_POINT('',(3.1500000009625,4.700000001,-0.5500000001));
#14725=CARTESIAN_POINT('',(4.5,4.7,-0.5500000002));
#14726=VECTOR('',#17736,1000.0);
#14727=CARTESIAN_POINT('',(3.15,4.7,-0.7000000000875));
#14728=CARTESIAN_POINT('',(3.15,4.7,-0.525));
#14729=VECTOR('',#17737,1000.0);
#14730=CARTESIAN_POINT('',(4.2125,4.7,-0.649893772));
#14731=VECTOR('',#17738,1000.0);
#14732=COLOUR_RGB('',1.0,0.501960813999176,0.0);
#14733=CARTESIAN_POINT('',(5.850000001,4.475,-0.800000000825));
#14734=CARTESIAN_POINT('',(5.35,4.475,-0.299999999));
#14735=AXIS2_PLACEMENT_3D('',#17739,#17740,#17741);
#14736=CARTESIAN_POINT('',(5.850000002,4.475,-0.674999999));
#14737=VECTOR('',#17742,1000.0);
#14738=CARTESIAN_POINT('',(5.42499999966086,4.475,-1.05));
#14739=CARTESIAN_POINT('',(4.83561945,4.475,-1.05));
#14740=VECTOR('',#17743,1000.0);
#14741=CARTESIAN_POINT('',(5.42499999949129,4.475,-0.749787543849717));
#14742=CARTESIAN_POINT('',(5.42499999949129,4.475,-0.674999999));
#14743=VECTOR('',#17744,1000.0);
#14744=CARTESIAN_POINT('',(5.27499999948278,4.474999999825,-0.599787544024534));
#14745=CARTESIAN_POINT('',(5.35,4.475,-0.674787544));
#14746=VECTOR('',#17745,1000.0);
#14747=CARTESIAN_POINT('',(3.82123889764992,4.47499999965,-0.66834517718355));
#14748=CARTESIAN_POINT('',(4.2125,4.4749999993,-0.649893772));
#14749=VECTOR('',#17746,1000.0);
#14750=CARTESIAN_POINT('',(3.82123889793842,4.475,-0.3));
#14751=CARTESIAN_POINT('',(3.821238898,4.475,-0.494765975));
#14752=VECTOR('',#17747,1000.0);
#14753=CARTESIAN_POINT('',(4.385619449,4.475,-0.3));
#14754=VECTOR('',#17748,1000.0);
#14755=COLOUR_RGB('',1.0,0.501960813999176,0.0);
#14756=CARTESIAN_POINT('',(3.421238898,4.07499999975,-0.3));
#14757=CARTESIAN_POINT('',(3.82123889787685,4.475,-0.3));
#14758=VECTOR('',#17749,1000.0);
#14759=CARTESIAN_POINT('',(3.4212388976249,4.07499999962481,-0.687208698302646));
#14760=CARTESIAN_POINT('',(3.82123889715,4.47499999915,-0.668345177208894));
#14761=VECTOR('',#17750,1000.0);
#14762=CARTESIAN_POINT('',(3.421238898,4.075,-0.493604349));
#14763=VECTOR('',#17751,1000.0);
#14764=COLOUR_RGB('',1.0,0.501960813999176,0.0);
#14765=CARTESIAN_POINT('',(3.421238898,3.875,-0.3));
#14766=CARTESIAN_POINT('',(3.421238898,3.725,-0.3));
#14767=VECTOR('',#17752,1000.0);
#14768=CARTESIAN_POINT('',(3.42123889761806,3.87500000038889,-0.687208697866422));
#14769=CARTESIAN_POINT('',(3.42123889725,3.75,-0.687208698326516));
#14770=VECTOR('',#17753,1000.0);
#14771=CARTESIAN_POINT('',(3.421238898,3.875,-0.494765975));
#14772=VECTOR('',#17754,1000.0);
#14773=COLOUR_RGB('',0.0,0.0,1.0);
#14774=CARTESIAN_POINT('',(5.425,4.5875,-0.749787544));
#14775=VECTOR('',#17755,1000.0);
#14776=CARTESIAN_POINT('',(5.275,3.75,-0.599787544));
#14777=VECTOR('',#17756,1000.0);
#14778=COLOUR_RGB('',0.0,0.0,1.0);
#14779=CARTESIAN_POINT('',(5.27499999925837,-4.7,-0.599787543832616));
#14780=CARTESIAN_POINT('',(5.42500000055,-4.7,-0.749787543875));
#14781=CARTESIAN_POINT('',(5.35,-4.7,-0.674787544));
#14782=VECTOR('',#17757,1000.0);
#14783=CARTESIAN_POINT('',(3.15,-4.7,-0.700000000175));
#14784=CARTESIAN_POINT('',(4.2125,-4.7,-0.649893772));
#14785=VECTOR('',#17758,1000.0);
#14786=CARTESIAN_POINT('',(3.1500000009625,-4.700000001,-0.5500000001));
#14787=CARTESIAN_POINT('',(3.15,-4.7,-0.525));
#14788=VECTOR('',#17759,1000.0);
#14789=CARTESIAN_POINT('',(3.3499999989,-4.700000001,-0.5500000001));
#14790=CARTESIAN_POINT('',(4.5,-4.7,-0.5500000002));
#14791=VECTOR('',#17760,1000.0);
#14792=CARTESIAN_POINT('',(3.3499999999,-4.7,-0.150000000075));
#14793=CARTESIAN_POINT('',(3.3499999998,-4.7,-0.525));
#14794=VECTOR('',#17761,1000.0);
#14795=CARTESIAN_POINT('',(3.84999999965,-4.7,-0.150000000075));
#14796=CARTESIAN_POINT('',(4.5,-4.7,-0.15000000015));
#14797=VECTOR('',#17762,1000.0);
#14798=CARTESIAN_POINT('',(3.8499999993,-4.7,-0.525));
#14799=VECTOR('',#17763,1000.0);
#14800=CARTESIAN_POINT('',(5.42500000055,-4.7,-1.05));
#14801=CARTESIAN_POINT('',(4.5,-4.7,-1.05));
#14802=VECTOR('',#17764,1000.0);
#14803=CARTESIAN_POINT('',(5.425,-4.7,-0.899893772));
#14804=VECTOR('',#17765,1000.0);
#14805=COLOUR_RGB('',0.0,0.0,1.0);
#14806=CARTESIAN_POINT('',(5.425,-4.475,-0.749787544));
#14807=CARTESIAN_POINT('',(5.425,-4.5875,-0.749787544));
#14808=VECTOR('',#17766,1000.0);
#14809=CARTESIAN_POINT('',(5.275,-4.47499999965,-0.599787544));
#14810=CARTESIAN_POINT('',(5.275,-4.475,-0.599787544));
#14811=VECTOR('',#17767,1000.0);
#14812=CARTESIAN_POINT('',(5.275,-3.75,-0.599787544));
#14813=VECTOR('',#17768,1000.0);
#14814=COLOUR_RGB('',1.0,0.501960813999176,0.0);
#14815=CARTESIAN_POINT('',(5.84999999998562,-4.475,-0.800000000825));
#14816=CARTESIAN_POINT('',(5.84999999997124,-4.475,-0.674999999));
#14817=VECTOR('',#17769,1000.0);
#14818=CARTESIAN_POINT('',(5.35,-4.475,-0.299999999));
#14819=AXIS2_PLACEMENT_3D('',#17770,#17771,#17772);
#14820=CARTESIAN_POINT('',(3.82123889793842,-4.475,-0.3));
#14821=CARTESIAN_POINT('',(4.385619449,-4.475,-0.3));
#14822=VECTOR('',#17773,1000.0);
#14823=CARTESIAN_POINT('',(3.8212388974625,-4.4749999996875,-0.668345177188851));
#14824=CARTESIAN_POINT('',(3.821238898,-4.475,-0.494765975));
#14825=VECTOR('',#17774,1000.0);
#14826=CARTESIAN_POINT('',(4.2125,-4.4749999993,-0.649893772));
#14827=VECTOR('',#17775,1000.0);
#14828=CARTESIAN_POINT('',(5.42499999974564,-4.475,-1.05));
#14829=CARTESIAN_POINT('',(5.425,-4.475,-0.899893772));
#14830=VECTOR('',#17776,1000.0);
#14831=CARTESIAN_POINT('',(4.83561945,-4.475,-1.05));
#14832=VECTOR('',#17777,1000.0);
#14833=COLOUR_RGB('',1.0,0.501960813999176,0.0);
#14834=CARTESIAN_POINT('',(3.421238898,-4.07499999975,-0.3));
#14835=CARTESIAN_POINT('',(3.421238898,-4.0749999995,-0.3));
#14836=VECTOR('',#17778,1000.0);
#14837=CARTESIAN_POINT('',(3.42123889766875,-4.07499999940625,-0.687208698304705));
#14838=CARTESIAN_POINT('',(3.421238898,-4.075,-0.493604349));
#14839=VECTOR('',#17779,1000.0);
#14840=CARTESIAN_POINT('',(3.821238897,-4.4749999993,-0.668345177208894));
#14841=VECTOR('',#17780,1000.0);
#14842=COLOUR_RGB('',1.0,0.501960813999176,0.0);
#14843=CARTESIAN_POINT('',(3.421238898,-3.875,-0.3));
#14844=CARTESIAN_POINT('',(3.421238898,-3.725,-0.3));
#14845=VECTOR('',#17781,1000.0);
#14846=CARTESIAN_POINT('',(3.42123889760625,-3.87500000028125,-0.6872086983106));
#14847=CARTESIAN_POINT('',(3.421238898,-3.875,-0.494765975));
#14848=VECTOR('',#17782,1000.0);
#14849=CARTESIAN_POINT('',(3.42123889725,-3.75,-0.687208698326516));
#14850=VECTOR('',#17783,1000.0);
#14851=COLOUR_RGB('',1.0,0.501960813999176,0.0);
#14852=CARTESIAN_POINT('',(5.45,1.25000000115,-1.0500000002375));
#14853=CARTESIAN_POINT('',(5.45,-1.25000000115,-1.0500000002375));
#14854=CARTESIAN_POINT('',(5.45,0.0,-1.05));
#14855=VECTOR('',#17784,1000.0);
#14856=CARTESIAN_POINT('',(5.45,-1.25,-0.25));
#14857=VECTOR('',#17785,1000.0);
#14858=CARTESIAN_POINT('',(5.45,1.25,-0.25));
#14859=VECTOR('',#17786,1000.0);
#14860=COLOUR_RGB('',1.0,0.501960813999176,0.0);
#14861=CARTESIAN_POINT('',(-5.45,-1.2500000005,-1.05));
#14862=CARTESIAN_POINT('',(-5.45,1.25000000066667,-1.05));
#14863=CARTESIAN_POINT('',(-5.45,0.0,-1.05));
#14864=VECTOR('',#17787,1000.0);
#14865=CARTESIAN_POINT('',(-5.45,1.25,-0.25));
#14866=VECTOR('',#17788,1000.0);
#14867=CARTESIAN_POINT('',(-5.45,-1.25,-0.25));
#14868=VECTOR('',#17789,1000.0);
#14869=COLOUR_RGB('',0.0,0.0,1.0);
#14870=CARTESIAN_POINT('',(-5.27500000020251,-4.7,-0.599787544052515));
#14871=CARTESIAN_POINT('',(-5.42500000055,-4.7,-0.749787543875));
#14872=CARTESIAN_POINT('',(-5.35,-4.7,-0.674787544));
#14873=VECTOR('',#17790,1000.0);
#14874=CARTESIAN_POINT('',(-5.42500000055,-4.7,-1.05));
#14875=CARTESIAN_POINT('',(-5.4250000011,-4.7,-0.525));
#14876=VECTOR('',#17791,1000.0);
#14877=CARTESIAN_POINT('',(-4.5,-4.7,-1.05));
#14878=VECTOR('',#17792,1000.0);
#14879=CARTESIAN_POINT('',(-3.84999999965,-4.7,-0.150000000075));
#14880=CARTESIAN_POINT('',(-3.8499999993,-4.7,-0.525));
#14881=VECTOR('',#17793,1000.0);
#14882=CARTESIAN_POINT('',(-3.3499999999,-4.7,-0.150000000075));
#14883=CARTESIAN_POINT('',(-4.5,-4.7,-0.15000000015));
#14884=VECTOR('',#17794,1000.0);
#14885=CARTESIAN_POINT('',(-3.3499999989,-4.700000001,-0.5500000001));
#14886=CARTESIAN_POINT('',(-3.3499999998,-4.7,-0.525));
#14887=VECTOR('',#17795,1000.0);
#14888=CARTESIAN_POINT('',(-3.1500000009625,-4.700000001,-0.5500000001));
#14889=CARTESIAN_POINT('',(-4.5,-4.7,-0.5500000002));
#14890=VECTOR('',#17796,1000.0);
#14891=CARTESIAN_POINT('',(-3.15,-4.7,-0.700000000175));
#14892=CARTESIAN_POINT('',(-3.15,-4.7,-0.525));
#14893=VECTOR('',#17797,1000.0);
#14894=CARTESIAN_POINT('',(-4.2125,-4.7,-0.649893772));
#14895=VECTOR('',#17798,1000.0);
#14896=COLOUR_RGB('',0.0,0.0,1.0);
#14897=CARTESIAN_POINT('',(-3.0,0.7000000017492,-0.15));
#14898=CARTESIAN_POINT('',(-2.3,-1.25711079800226E-10,-0.15));
#14899=AXIS2_PLACEMENT_3D('',#17799,#17800,#17801);
#14900=CARTESIAN_POINT('',(-3.0,0.7,-0.4));
#14901=CARTESIAN_POINT('',(-3.0,0.7,-0.275));
#14902=VECTOR('',#17802,1000.0);
#14903=CARTESIAN_POINT('',(-2.3,-6.28555399001131E-11,-0.4));
#14904=AXIS2_PLACEMENT_3D('',#17803,#17804,#17805);
#14905=CARTESIAN_POINT('',(-2.3,-1.25711079800226E-10,-0.275));
#14906=VECTOR('',#17806,1000.0);
#14907=COLOUR_RGB('',0.0,0.0,1.0);
#14908=CARTESIAN_POINT('',(-3.0,-0.7,-0.4));
#14909=CARTESIAN_POINT('',(-3.0,-0.7000000017492,-0.15));
#14910=CARTESIAN_POINT('',(-3.0,-0.7,-0.275));
#14911=VECTOR('',#17807,1000.0);
#14912=AXIS2_PLACEMENT_3D('',#17808,#17809,#17810);
#14913=AXIS2_PLACEMENT_3D('',#17811,#17812,#17813);
#14914=COLOUR_RGB('',0.0,0.0,1.0);
#14915=CARTESIAN_POINT('',(3.0,-0.7000000017492,-0.15));
#14916=AXIS2_PLACEMENT_3D('',#17814,#17815,#17816);
#14917=CARTESIAN_POINT('',(3.0,-0.7,-0.275));
#14918=VECTOR('',#17817,1000.0);
#14919=COLOUR_RGB('',0.0,0.0,1.0);
#14920=CARTESIAN_POINT('',(2.0,-8.20413269972115E-10,-0.15));
#14921=CARTESIAN_POINT('',(2.0,-8.20413714061325E-10,-0.075));
#14922=VECTOR('',#17818,1000.0);
#14923=CARTESIAN_POINT('',(-2.0,-1.79587256857466E-10,-0.15));
#14924=AXIS2_PLACEMENT_3D('',#17819,#17820,#17821);
#14925=CARTESIAN_POINT('',(-2.0,-3.59174513714932E-10,-0.075));
#14926=VECTOR('',#17822,1000.0);
#14927=COLOUR_RGB('',0.0,0.0,1.0);
#14928=AXIS2_PLACEMENT_3D('',#17823,#17824,#17825);
#14929=COLOUR_RGB('',1.0,1.0,1.0);
#14930=CARTESIAN_POINT('',(3.25,7.000000002,-0.328207888));
#14931=VECTOR('',#17826,1000.0);
#14932=COLOUR_RGB('',1.0,1.0,1.0);
#14933=CARTESIAN_POINT('',(1.75,6.925,-0.328207888611093));
#14934=CARTESIAN_POINT('',(1.75,7.000000002,-0.328207888));
#14935=VECTOR('',#17827,1000.0);
#14936=CARTESIAN_POINT('',(2.05000000010514,6.925,-0.328207888611093));
#14937=CARTESIAN_POINT('',(2.018933983,6.925,-0.32820788891664));
#14938=VECTOR('',#17828,1000.0);
#14939=CARTESIAN_POINT('',(2.05,7.0,-0.328207888));
#14940=VECTOR('',#17829,1000.0);
#14941=COLOUR_RGB('',1.0,1.0,1.0);
#14942=CARTESIAN_POINT('',(2.05000000007885,6.925,3.17426406907885));
#14943=CARTESIAN_POINT('',(2.05000000015771,6.925,1.2810660175));
#14944=VECTOR('',#17830,1000.0);
#14945=CARTESIAN_POINT('',(2.05,7.0428191605,3.174264069));
#14946=VECTOR('',#17831,1000.0);
#14947=COLOUR_RGB('',1.0,1.0,1.0);
#14948=CARTESIAN_POINT('',(2.287867966,6.925,3.412132034));
#14949=VECTOR('',#17832,1000.0);
#14950=COLOUR_RGB('',1.0,1.0,1.0);
#14951=CARTESIAN_POINT('',(-1.75,7.075,-0.328207887768355));
#14952=CARTESIAN_POINT('',(-1.975,7.075,-0.328207887305066));
#14953=VECTOR('',#17833,1000.0);
#14954=CARTESIAN_POINT('',(-1.75,7.0,-0.328207888));
#14955=VECTOR('',#17834,1000.0);
#14956=COLOUR_RGB('',1.0,1.0,1.0);
#14957=CARTESIAN_POINT('',(-3.25,7.000000002,-0.328207888));
#14958=VECTOR('',#17835,1000.0);
#14959=COLOUR_RGB('',1.0,1.0,1.0);
#14960=CARTESIAN_POINT('',(-1.75,7.075000002,-0.85));
#14961=CARTESIAN_POINT('',(-2.19999999759328,7.0750000034733,-0.849999999699803));
#14962=CARTESIAN_POINT('',(-1.975,7.075,-0.85));
#14963=VECTOR('',#17836,1000.0);
#14964=CARTESIAN_POINT('',(-2.1999999990489,7.07500000094831,3.3242640674183));
#14965=CARTESIAN_POINT('',(-2.19999999998196,7.07500000445761,1.3380499998305));
#14966=VECTOR('',#17837,1000.0);
#14967=CARTESIAN_POINT('',(-2.168933983,7.07499999969841,3.2931980515));
#14968=VECTOR('',#17838,1000.0);
#14969=CARTESIAN_POINT('',(-1.75,7.075,-0.589103944));
#14970=VECTOR('',#17839,1000.0);
#14971=COLOUR_RGB('',1.0,1.0,1.0);
#14972=CARTESIAN_POINT('',(-2.28786796563394,7.1592329234972,3.41213203399048));
#14974=CARTESIAN_POINT('',(-2.1999999990489,7.07500000094831,3.3242640674183));
#14975=CARTESIAN_POINT('',(-2.22456125119684,7.1077483374359,3.34882531946298));
#14976=CARTESIAN_POINT('',(-2.25411175311622,7.13607635335049,3.37837582125813));
#14977=CARTESIAN_POINT('',(-2.28786796563394,7.1592329234972,3.41213203399048));
#14984=CARTESIAN_POINT('',(-2.28786796569025,7.075000001,3.41213203440218));
#14985=VECTOR('',#17840,1000.0);
#14986=COLOUR_RGB('',1.0,1.0,1.0);
#14987=CARTESIAN_POINT('',(-2.28786796563394,7.1592329234972,3.41213203399048));
#14988=CARTESIAN_POINT('',(-2.34051780938525,7.19535041903909,3.46478187846308));
#14989=CARTESIAN_POINT('',(-2.41693113982676,7.22500000204903,3.49999999999004));
#14990=CARTESIAN_POINT('',(-2.49999999994837,7.22500000204341,3.5));
#14991=COLOUR_RGB('',1.0,1.0,1.0);
#14992=CARTESIAN_POINT('',(-2.49999999997755,7.22500000687343,-0.850000000227242));
#14993=AXIS2_PLACEMENT_3D('',#17841,#17842,#17843);
#14994=CARTESIAN_POINT('',(-2.49999999993265,7.2250000045,1.33805));
#14995=VECTOR('',#17844,1000.0);
#14996=COLOUR_RGB('',1.0,0.501960813999176,0.0);
#14997=CARTESIAN_POINT('',(-5.90857864391609,1.25,0.691421356153398));
#14998=CARTESIAN_POINT('',(-5.90857864406949,1.25,0.691421356069488));
#14999=VECTOR('',#17845,1000.0);
#15000=CARTESIAN_POINT('',(-6.1414213565,1.25,0.9242640685));
#15001=VECTOR('',#17846,1000.0);
#15002=COLOUR_RGB('',1.0,0.501960813999176,0.0);
#15003=CARTESIAN_POINT('',(-6.374264069,0.0,1.157106781));
#15004=VECTOR('',#17847,1000.0);
#15005=COLOUR_RGB('',1.0,0.501960813999176,0.0);
#15006=CARTESIAN_POINT('',(-5.90857864391609,-1.25,0.691421356153398));
#15007=CARTESIAN_POINT('',(-6.1414213565,-1.25,0.9242640685));
#15008=VECTOR('',#17848,1000.0);
#15009=CARTESIAN_POINT('',(-5.90857864406949,-1.25,0.691421356069487));
#15010=VECTOR('',#17849,1000.0);
#15011=COLOUR_RGB('',1.0,0.501960813999176,0.0);
#15012=CARTESIAN_POINT('',(-5.42499999966086,-4.475,-1.05));
#15013=CARTESIAN_POINT('',(-4.83561945,-4.475,-1.05));
#15014=VECTOR('',#17850,1000.0);
#15015=CARTESIAN_POINT('',(-5.42499999949129,-4.475,-0.749787543849717));
#15016=CARTESIAN_POINT('',(-5.42499999949129,-4.475,-0.674999999));
#15017=VECTOR('',#17851,1000.0);
#15018=CARTESIAN_POINT('',(-5.27499999948278,-4.474999999825,-0.599787544024534));
#15019=CARTESIAN_POINT('',(-5.35,-4.475,-0.674787544));
#15020=VECTOR('',#17852,1000.0);
#15021=CARTESIAN_POINT('',(-3.82123889764992,-4.47499999965,-0.66834517718355));
#15022=CARTESIAN_POINT('',(-4.2125,-4.4749999993,-0.649893772));
#15023=VECTOR('',#17853,1000.0);
#15024=CARTESIAN_POINT('',(-3.82123889793842,-4.475,-0.3));
#15025=CARTESIAN_POINT('',(-3.821238898,-4.475,-0.494765975));
#15026=VECTOR('',#17854,1000.0);
#15027=CARTESIAN_POINT('',(-5.35000000010255,-4.475,-0.299999999));
#15028=CARTESIAN_POINT('',(-4.385619449,-4.475,-0.3));
#15029=VECTOR('',#17855,1000.0);
#15030=CARTESIAN_POINT('',(-5.850000001,-4.475,-0.800000000825));
#15031=AXIS2_PLACEMENT_3D('',#17856,#17857,#17858);
#15032=CARTESIAN_POINT('',(-5.850000002,-4.475,-0.674999999));
#15033=VECTOR('',#17859,1000.0);
#15034=COLOUR_RGB('',1.0,0.501960813999176,0.0);
#15035=CARTESIAN_POINT('',(-3.4212388976249,-4.07499999962481,-0.687208698302646));
#15036=CARTESIAN_POINT('',(-3.82123889715,-4.47499999915,-0.668345177208894));
#15037=VECTOR('',#17860,1000.0);
#15038=CARTESIAN_POINT('',(-3.421238898,-4.07499999975,-0.3));
#15039=CARTESIAN_POINT('',(-3.421238898,-4.075,-0.493604349));
#15040=VECTOR('',#17861,1000.0);
#15041=CARTESIAN_POINT('',(-3.82123889787685,-4.475,-0.3));
#15042=VECTOR('',#17862,1000.0);
#15043=COLOUR_RGB('',1.0,0.501960813999176,0.0);
#15044=CARTESIAN_POINT('',(-3.42123889762847,-3.87500000039236,-0.687208698308504));
#15045=CARTESIAN_POINT('',(-3.42123889725,-3.75,-0.687208698326516));
#15046=VECTOR('',#17863,1000.0);
#15047=CARTESIAN_POINT('',(-3.421238898,-3.875,-0.3));
#15048=CARTESIAN_POINT('',(-3.421238898,-3.875,-0.494765975));
#15049=VECTOR('',#17864,1000.0);
#15050=CARTESIAN_POINT('',(-3.421238898,-3.725,-0.3));
#15051=VECTOR('',#17865,1000.0);
#15052=COLOUR_RGB('',0.0,0.0,1.0);
#15053=CARTESIAN_POINT('',(-5.425,-4.5875,-0.749787544));
#15054=VECTOR('',#17866,1000.0);
#15055=CARTESIAN_POINT('',(-5.275,-3.75,-0.599787544));
#15056=VECTOR('',#17867,1000.0);
#15057=COLOUR_RGB('',0.0,0.0,1.0);
#15058=CARTESIAN_POINT('',(-5.42500000055,4.7,-1.05));
#15059=CARTESIAN_POINT('',(-5.42500000055,4.7,-0.749787543875));
#15060=CARTESIAN_POINT('',(-5.425,4.7,-0.899893772));
#15061=VECTOR('',#17868,1000.0);
#15062=CARTESIAN_POINT('',(-5.27499999925837,4.7,-0.599787543832616));
#15063=CARTESIAN_POINT('',(-5.35,4.7,-0.674787544));
#15064=VECTOR('',#17869,1000.0);
#15065=CARTESIAN_POINT('',(-3.15,4.7,-0.700000000175));
#15066=CARTESIAN_POINT('',(-4.2125,4.7,-0.649893772));
#15067=VECTOR('',#17870,1000.0);
#15068=CARTESIAN_POINT('',(-3.1500000009625,4.700000001,-0.5500000001));
#15069=CARTESIAN_POINT('',(-3.15,4.7,-0.525));
#15070=VECTOR('',#17871,1000.0);
#15071=CARTESIAN_POINT('',(-3.3499999989,4.700000001,-0.5500000001));
#15072=CARTESIAN_POINT('',(-4.5,4.7,-0.5500000002));
#15073=VECTOR('',#17872,1000.0);
#15074=CARTESIAN_POINT('',(-3.3499999999,4.7,-0.150000000075));
#15075=CARTESIAN_POINT('',(-3.3499999998,4.7,-0.525));
#15076=VECTOR('',#17873,1000.0);
#15077=CARTESIAN_POINT('',(-3.84999999965,4.7,-0.150000000075));
#15078=CARTESIAN_POINT('',(-4.5,4.7,-0.15000000015));
#15079=VECTOR('',#17874,1000.0);
#15080=CARTESIAN_POINT('',(-3.8499999993,4.7,-0.525));
#15081=VECTOR('',#17875,1000.0);
#15082=CARTESIAN_POINT('',(-4.5,4.7,-1.05));
#15083=VECTOR('',#17876,1000.0);
#15084=COLOUR_RGB('',0.0,0.0,1.0);
#15085=CARTESIAN_POINT('',(-5.275,4.47499999965,-0.599787544));
#15086=CARTESIAN_POINT('',(-5.275,3.75,-0.599787544));
#15087=VECTOR('',#17877,1000.0);
#15088=CARTESIAN_POINT('',(-5.425,4.475,-0.749787544));
#15089=CARTESIAN_POINT('',(-5.425,4.5875,-0.749787544));
#15090=VECTOR('',#17878,1000.0);
#15091=CARTESIAN_POINT('',(-5.425,4.475,-0.749787544));
#15092=VECTOR('',#17879,1000.0);
#15093=COLOUR_RGB('',1.0,0.501960813999176,0.0);
#15094=CARTESIAN_POINT('',(-5.42499999974564,4.475,-1.05));
#15095=CARTESIAN_POINT('',(-4.83561945,4.475,-1.05));
#15096=VECTOR('',#17880,1000.0);
#15097=CARTESIAN_POINT('',(-5.84999999998562,4.475,-0.800000000825));
#15098=CARTESIAN_POINT('',(-5.84999999997124,4.475,-0.674999999));
#15099=VECTOR('',#17881,1000.0);
#15100=CARTESIAN_POINT('',(-5.35000000010255,4.475,-0.299999999));
#15101=AXIS2_PLACEMENT_3D('',#17882,#17883,#17884);
#15102=CARTESIAN_POINT('',(-3.82123889793842,4.475,-0.3));
#15103=CARTESIAN_POINT('',(-4.385619449,4.475,-0.3));
#15104=VECTOR('',#17885,1000.0);
#15105=CARTESIAN_POINT('',(-3.8212388974625,4.4749999996875,-0.668345177188851));
#15106=CARTESIAN_POINT('',(-3.821238898,4.475,-0.494765975));
#15107=VECTOR('',#17886,1000.0);
#15108=CARTESIAN_POINT('',(-4.2125,4.4749999993,-0.649893772));
#15109=VECTOR('',#17887,1000.0);
#15110=CARTESIAN_POINT('',(-5.425,4.475,-0.899893772));
#15111=VECTOR('',#17888,1000.0);
#15112=COLOUR_RGB('',1.0,0.501960813999176,0.0);
#15113=CARTESIAN_POINT('',(-3.42123889766875,4.07499999940625,-0.687208698304705));
#15114=CARTESIAN_POINT('',(-3.421238898,4.07499999975,-0.3));
#15115=CARTESIAN_POINT('',(-3.421238898,4.075,-0.494765975));
#15116=VECTOR('',#17889,1000.0);
#15117=CARTESIAN_POINT('',(-3.421238898,3.875,-0.3));
#15118=CARTESIAN_POINT('',(-3.421238898,3.725,-0.3));
#15119=VECTOR('',#17890,1000.0);
#15120=CARTESIAN_POINT('',(-3.4212388974375,3.87499999935,-0.687208698326516));
#15121=CARTESIAN_POINT('',(-3.421238898,3.875,-0.494765975));
#15122=VECTOR('',#17891,1000.0);
#15123=CARTESIAN_POINT('',(-3.42123889725,3.75,-0.687208698326516));
#15124=VECTOR('',#17892,1000.0);
#15125=COLOUR_RGB('',1.0,0.501960813999176,0.0);
#15126=CARTESIAN_POINT('',(-3.421238898,4.0749999995,-0.3));
#15127=VECTOR('',#17893,1000.0);
#15128=CARTESIAN_POINT('',(-3.821238897,4.4749999993,-0.668345177208894));
#15129=VECTOR('',#17894,1000.0);
#15130=COLOUR_RGB('',1.0,1.0,1.0);
#15131=CARTESIAN_POINT('',(-0.29999999825,-6.3,-1.5));
#15132=CARTESIAN_POINT('',(-0.299999998,-6.6125,-1.5));
#15133=VECTOR('',#17895,1000.0);
#15134=CARTESIAN_POINT('',(3.36726734377835E-11,-6.3,-1.649999998));
#15135=AXIS2_PLACEMENT_3D('',#17896,#17897,#17898);
#15136=CARTESIAN_POINT('',(6.73452213215498E-11,-6.6125000005,-1.649999998));
#15137=VECTOR('',#17899,1000.0);
#15138=COLOUR_RGB('',1.0,1.0,1.0);
#15139=CARTESIAN_POINT('',(-0.75,-6.3,-1.5));
#15140=CARTESIAN_POINT('',(-0.75,-6.6125,-1.5));
#15141=VECTOR('',#17900,1000.0);
#15142=CARTESIAN_POINT('',(0.0,-6.3,-1.5));
#15143=VECTOR('',#17901,1000.0);
#15144=COLOUR_RGB('',1.0,1.0,1.0);
#15145=CARTESIAN_POINT('',(-0.75,-6.3,-1.35));
#15146=CARTESIAN_POINT('',(-0.75,-6.3,-1.675));
#15147=VECTOR('',#17902,1000.0);
#15148=CARTESIAN_POINT('',(-0.75,-6.6125,-1.35));
#15149=VECTOR('',#17903,1000.0);
#15150=COLOUR_RGB('',1.0,1.0,1.0);
#15151=CARTESIAN_POINT('',(-0.212132034343185,-6.3,-1.35000000003614));
#15152=CARTESIAN_POINT('',(0.0,-6.3,-1.35));
#15153=VECTOR('',#17904,1000.0);
#15154=CARTESIAN_POINT('',(-0.212132034330406,-6.6125,-1.35000000007229));
#15155=VECTOR('',#17905,1000.0);
#15156=COLOUR_RGB('',1.0,1.0,1.0);
#15157=CARTESIAN_POINT('',(4.04071190156534E-11,-6.3,-1.5));
#15158=AXIS2_PLACEMENT_3D('',#17906,#17907,#17908);
#15159=CARTESIAN_POINT('',(4.04071327929299E-11,-6.6125,-1.5));
#15160=VECTOR('',#17909,1000.0);
#15161=COLOUR_RGB('',1.0,1.0,1.0);
#15162=CARTESIAN_POINT('',(0.212132034177982,-6.3,-1.35));
#15163=CARTESIAN_POINT('',(0.212132034,-6.6125,-1.35));
#15164=VECTOR('',#17910,1000.0);
#15165=AXIS2_PLACEMENT_3D('',#17911,#17912,#17913);
#15166=COLOUR_RGB('',1.0,1.0,1.0);
#15167=CARTESIAN_POINT('',(0.75,-6.3,-1.35));
#15168=CARTESIAN_POINT('',(0.0,-6.3,-1.35));
#15169=VECTOR('',#17914,1000.0);
#15170=CARTESIAN_POINT('',(0.75,-6.6125,-1.35));
#15171=VECTOR('',#17915,1000.0);
#15172=COLOUR_RGB('',1.0,1.0,1.0);
#15173=CARTESIAN_POINT('',(0.75,-6.3,-1.5));
#15174=CARTESIAN_POINT('',(0.75,-6.3,-1.675));
#15175=VECTOR('',#17916,1000.0);
#15176=CARTESIAN_POINT('',(0.75,-6.6125,-1.5));
#15177=VECTOR('',#17917,1000.0);
#15178=COLOUR_RGB('',1.0,1.0,1.0);
#15179=CARTESIAN_POINT('',(0.299999999270022,-6.3,-1.4999999989733));
#15180=CARTESIAN_POINT('',(0.300000000040044,-6.6125000005,-1.49999999794661));
#15181=VECTOR('',#17918,1000.0);
#15182=CARTESIAN_POINT('',(0.0,-6.3,-1.5));
#15183=VECTOR('',#17919,1000.0);
#15184=COLOUR_RGB('',1.0,1.0,1.0);
#15185=AXIS2_PLACEMENT_3D('',#17920,#17921,#17922);
#15186=COLOUR_RGB('',1.0,1.0,1.0);
#15187=CARTESIAN_POINT('',(1.75,-7.5750000025,-0.850000000125025));
#15188=CARTESIAN_POINT('',(1.75,-7.575,1.2371320345));
#15189=VECTOR('',#17923,1000.0);
#15190=CARTESIAN_POINT('',(1.75,-7.2519500035,-0.85));
#15191=VECTOR('',#17924,1000.0);
#15192=COLOUR_RGB('',1.0,1.0,1.0);
#15193=CARTESIAN_POINT('',(3.25,-6.925,-1.5000000025));
#15194=AXIS2_PLACEMENT_3D('',#17925,#17926,#17927);
#15195=CARTESIAN_POINT('',(3.24999999964578,-6.925,-1.3500000025));
#15196=CARTESIAN_POINT('',(3.25,-6.925,-1.4250000025));
#15197=VECTOR('',#17928,1000.0);
#15198=AXIS2_PLACEMENT_3D('',#17929,#17930,#17931);
#15199=COLOUR_RGB('',1.0,1.0,1.0);
#15200=CARTESIAN_POINT('',(1.975,-7.575000005,-0.850000000250049));
#15201=VECTOR('',#17932,1000.0);
#15202=COLOUR_RGB('',1.0,1.0,1.0);
#15203=CARTESIAN_POINT('',(-3.25000000023217,-6.925,-1.3500000025));
#15204=CARTESIAN_POINT('',(-3.25,-6.925,-1.5000000025));
#15205=CARTESIAN_POINT('',(-3.25,-6.925,-1.425));
#15206=VECTOR('',#17933,1000.0);
#15207=AXIS2_PLACEMENT_3D('',#17934,#17935,#17936);
#15208=AXIS2_PLACEMENT_3D('',#17937,#17938,#17939);
#15209=COLOUR_RGB('',1.0,1.0,1.0);
#15210=CARTESIAN_POINT('',(-1.75,-7.2519500035,-0.85));
#15211=VECTOR('',#17940,1000.0);
#15212=COLOUR_RGB('',1.0,1.0,1.0);
#15213=AXIS2_PLACEMENT_3D('',#17941,#17942,#17943);
#15214=COLOUR_RGB('',1.0,0.501960813999176,0.0);
#15215=CARTESIAN_POINT('',(5.90857864376088,0.0,0.691421356235505));
#15216=VECTOR('',#17944,1000.0);
#15217=COLOUR_RGB('',1.0,0.501960813999176,0.0);
#15218=CARTESIAN_POINT('',(5.85,-1.25,0.55));
#15219=AXIS2_PLACEMENT_3D('',#17945,#17946,#17947);
#15220=CARTESIAN_POINT('',(5.65,-1.25,0.55));
#15221=VECTOR('',#17948,1000.0);
#15222=COLOUR_RGB('',1.0,0.501960813999176,0.0);
#15223=CARTESIAN_POINT('',(5.85,1.25,0.55));
#15224=CARTESIAN_POINT('',(5.65,1.25,0.55));
#15225=VECTOR('',#17949,1000.0);
#15226=AXIS2_PLACEMENT_3D('',#17950,#17951,#17952);
#15227=COLOUR_RGB('',0.0,0.0,1.0);
#15228=CARTESIAN_POINT('',(5.45000000001738,2.975,-1.4));
#15229=CARTESIAN_POINT('',(5.45000000000579,2.975,-1.04999999985455));
#15230=CARTESIAN_POINT('',(5.45,2.975,-1.225));
#15231=VECTOR('',#17953,1000.0);
#15232=CARTESIAN_POINT('',(5.45,0.0,-1.05));
#15233=VECTOR('',#17954,1000.0);
#15234=CARTESIAN_POINT('',(5.45,1.25,-1.4));
#15235=CARTESIAN_POINT('',(5.45,1.25,-0.425));
#15236=VECTOR('',#17955,1000.0);
#15237=CARTESIAN_POINT('',(5.45,2.1125,-1.4));
#15238=VECTOR('',#17956,1000.0);
#15239=COLOUR_RGB('',0.0,0.0,1.0);
#15240=CARTESIAN_POINT('',(3.15,3.3,-0.699999999994105));
#15241=CARTESIAN_POINT('',(3.15,3.75,-0.7));
#15242=VECTOR('',#17957,1000.0);
#15243=CARTESIAN_POINT('',(3.65,2.8,-0.676420598579393));
#15244=CARTESIAN_POINT('',(3.650000000375,2.799999999625,-0.676420598552866));
#15245=VECTOR('',#17958,1000.0);
#15246=CARTESIAN_POINT('',(5.275,2.8,-0.599787544));
#15247=CARTESIAN_POINT('',(4.2125,2.8,-0.649893772));
#15248=VECTOR('',#17959,1000.0);
#15249=CARTESIAN_POINT('',(5.275,2.975,-0.599787544));
#15250=CARTESIAN_POINT('',(5.275,2.8875,-0.599787544));
#15251=VECTOR('',#17960,1000.0);
#15252=CARTESIAN_POINT('',(4.321238898,2.975,-0.644765775456784));
#15253=CARTESIAN_POINT('',(5.275,2.975,-0.599787544));
#15254=VECTOR('',#17961,1000.0);
#15255=CARTESIAN_POINT('',(3.421238898,3.875,-0.687208697700831));
#15256=VECTOR('',#17962,1000.0);
#15257=COLOUR_RGB('',1.0,0.501960813999176,0.0);
#15258=CARTESIAN_POINT('',(4.32123889802564,2.97500000002564,-0.299999999));
#15259=CARTESIAN_POINT('',(3.421238898,3.875,-0.3));
#15260=VECTOR('',#17963,1000.0);
#15261=CARTESIAN_POINT('',(4.321238898,2.975,-0.849999999));
#15262=VECTOR('',#17964,1000.0);
#15263=COLOUR_RGB('',1.0,0.501960813999176,0.0);
#15264=CARTESIAN_POINT('',(5.35,2.975,-0.299999998));
#15265=CARTESIAN_POINT('',(5.08561945,2.975,-0.299999998));
#15266=VECTOR('',#17965,1000.0);
#15267=CARTESIAN_POINT('',(5.35,3.725,-0.299999998));
#15268=VECTOR('',#17966,1000.0);
#15269=COLOUR_RGB('',0.0,0.0,1.0);
#15270=CARTESIAN_POINT('',(5.425,4.5875,-1.05));
#15271=VECTOR('',#17967,1000.0);
#15272=COLOUR_RGB('',0.0,0.0,1.0);
#15273=CARTESIAN_POINT('',(5.425,-4.5875,-1.05));
#15274=VECTOR('',#17968,1000.0);
#15275=COLOUR_RGB('',1.0,0.501960813999176,0.0);
#15276=CARTESIAN_POINT('',(5.35,-2.975,-0.2999999991));
#15277=CARTESIAN_POINT('',(5.35,-3.725,-0.299999998));
#15278=VECTOR('',#17969,1000.0);
#15279=CARTESIAN_POINT('',(4.321238898,-2.975,-0.300000000133333));
#15280=CARTESIAN_POINT('',(5.08561945,-2.975,-0.3000000002));
#15281=VECTOR('',#17970,1000.0);
#15282=CARTESIAN_POINT('',(3.871238898,-3.425,-0.3));
#15283=VECTOR('',#17971,1000.0);
#15284=COLOUR_RGB('',1.0,0.501960813999176,0.0);
#15285=CARTESIAN_POINT('',(4.321238897725,-2.975,-0.644765775762939));
#15286=CARTESIAN_POINT('',(4.321238898,-2.975,-0.849999999));
#15287=VECTOR('',#17972,1000.0);
#15288=CARTESIAN_POINT('',(3.42123889725,-3.8750000006,-0.687208698326516));
#15289=VECTOR('',#17973,1000.0);
#15290=COLOUR_RGB('',0.0,0.0,1.0);
#15291=CARTESIAN_POINT('',(5.45000000003475,-2.975,-1.04999999970909));
#15292=CARTESIAN_POINT('',(5.45,0.0,-1.05));
#15293=VECTOR('',#17974,1000.0);
#15294=CARTESIAN_POINT('',(5.45000000001738,-2.975,-1.4));
#15295=CARTESIAN_POINT('',(5.45000000005213,-2.975,-0.849999999));
#15296=VECTOR('',#17975,1000.0);
#15297=CARTESIAN_POINT('',(5.45,-1.25,-1.4));
#15298=CARTESIAN_POINT('',(5.45,-2.1125,-1.4));
#15299=VECTOR('',#17976,1000.0);
#15300=CARTESIAN_POINT('',(5.45,-1.25,-0.425));
#15301=VECTOR('',#17977,1000.0);
#15302=COLOUR_RGB('',0.0,0.0,1.0);
#15303=CARTESIAN_POINT('',(2.8,-5.0,-0.8));
#15304=CARTESIAN_POINT('',(2.8,-5.1449,-0.8));
#15305=VECTOR('',#17978,1000.0);
#15306=CARTESIAN_POINT('',(1.4,-5.0,-0.8));
#15307=AXIS2_PLACEMENT_3D('',#17979,#17980,#17981);
#15308=CARTESIAN_POINT('',(1.4,-5.1449,-0.8));
#15309=VECTOR('',#17982,1000.0);
#15310=COLOUR_RGB('',0.0,0.0,1.0);
#15311=CARTESIAN_POINT('',(5.275,-2.9749999999625,-0.599787544));
#15312=CARTESIAN_POINT('',(3.15,-2.975,-0.7));
#15313=VECTOR('',#17983,1000.0);
#15314=CARTESIAN_POINT('',(5.275,-2.79999999998125,-0.599787544));
#15315=CARTESIAN_POINT('',(5.275,-2.8875,-0.599787544));
#15316=VECTOR('',#17984,1000.0);
#15317=CARTESIAN_POINT('',(3.65000000000223,-2.8,-0.67642059858813));
#15318=CARTESIAN_POINT('',(3.15,-2.8,-0.7));
#15319=VECTOR('',#17985,1000.0);
#15320=CARTESIAN_POINT('',(3.15,-3.30000000000102,-0.7));
#15321=CARTESIAN_POINT('',(3.65000000000446,-2.8,-0.676420598588025));
#15322=VECTOR('',#17986,1000.0);
#15323=CARTESIAN_POINT('',(3.15,-4.0,-0.7));
#15324=VECTOR('',#17987,1000.0);
#15325=COLOUR_RGB('',0.0,0.0,1.0);
#15326=CARTESIAN_POINT('',(5.425,-2.79999999983125,-0.749787544));
#15327=CARTESIAN_POINT('',(5.275,-2.7999999999625,-0.599787544));
#15328=VECTOR('',#17988,1000.0);
#15329=CARTESIAN_POINT('',(5.425,-2.9749999999625,-0.749787544));
#15330=CARTESIAN_POINT('',(5.275,-2.974999999925,-0.599787544));
#15331=VECTOR('',#17989,1000.0);
#15332=CARTESIAN_POINT('',(5.425,-2.2375,-0.749787544));
#15333=VECTOR('',#17990,1000.0);
#15334=COLOUR_RGB('',0.0,0.0,1.0);
#15335=CARTESIAN_POINT('',(5.42500000000648,-2.975,-1.04999999956364));
#15336=CARTESIAN_POINT('',(5.08561945,-2.975,-1.04999999956364));
#15337=VECTOR('',#17991,1000.0);
#15338=CARTESIAN_POINT('',(5.42500000000648,2.975,-1.04999999989091));
#15339=CARTESIAN_POINT('',(5.08561945,2.975,-1.04999999956364));
#15340=VECTOR('',#17992,1000.0);
#15341=CARTESIAN_POINT('',(5.425,1.499999999,-1.05));
#15342=CARTESIAN_POINT('',(5.425,0.0,-1.05));
#15343=VECTOR('',#17993,1000.0);
#15344=CARTESIAN_POINT('',(4.95,1.499999999,-1.05));
#15345=CARTESIAN_POINT('',(5.2,1.499999998,-1.05));
#15346=VECTOR('',#17994,1000.0);
#15347=CARTESIAN_POINT('',(4.95,-1.4999999995,-1.05));
#15348=CARTESIAN_POINT('',(4.95,0.0,-1.05));
#15349=VECTOR('',#17995,1000.0);
#15350=CARTESIAN_POINT('',(5.425,-1.4999999995,-1.05));
#15351=CARTESIAN_POINT('',(5.1875,-1.5,-1.05));
#15352=VECTOR('',#17996,1000.0);
#15353=CARTESIAN_POINT('',(5.425,-2.2375,-1.05));
#15354=VECTOR('',#17997,1000.0);
#15355=COLOUR_RGB('',0.0,0.0,1.0);
#15356=CARTESIAN_POINT('',(5.425,2.975,-0.749787544));
#15357=CARTESIAN_POINT('',(5.425,2.975,-0.749787544));
#15358=VECTOR('',#17998,1000.0);
#15359=CARTESIAN_POINT('',(5.425,2.8,-0.749787544));
#15360=CARTESIAN_POINT('',(5.425,2.8,-0.749787544));
#15361=VECTOR('',#17999,1000.0);
#15362=CARTESIAN_POINT('',(5.425,2.2375,-0.749787544));
#15363=VECTOR('',#18000,1000.0);
#15364=COLOUR_RGB('',0.0,0.0,1.0);
#15365=CARTESIAN_POINT('',(2.8,4.99999999993715,-0.8));
#15366=CARTESIAN_POINT('',(1.4,4.99999999985643,-0.8));
#15367=AXIS2_PLACEMENT_3D('',#18001,#18002,#18003);
#15368=CARTESIAN_POINT('',(2.8,5.1449,-0.8));
#15369=VECTOR('',#18004,1000.0);
#15370=CARTESIAN_POINT('',(1.4,5.1449,-0.8));
#15371=VECTOR('',#18005,1000.0);
#15372=COLOUR_RGB('',0.0,0.0,1.0);
#15373=CARTESIAN_POINT('',(-2.8,5.0,-0.8));
#15374=CARTESIAN_POINT('',(-2.8,5.1449,-0.8));
#15375=VECTOR('',#18006,1000.0);
#15376=CARTESIAN_POINT('',(-1.4,5.0,-0.8));
#15377=AXIS2_PLACEMENT_3D('',#18007,#18008,#18009);
#15378=CARTESIAN_POINT('',(-1.4,5.1449,-0.8));
#15379=VECTOR('',#18010,1000.0);
#15380=COLOUR_RGB('',0.0,0.0,1.0);
#15381=CARTESIAN_POINT('',(-5.425,-1.49999999986667,-1.05));
#15382=CARTESIAN_POINT('',(-5.425,-1.25000000066667,-1.05000000031667));
#15383=CARTESIAN_POINT('',(-5.425,0.0,-1.05));
#15384=VECTOR('',#18011,1000.0);
#15385=CARTESIAN_POINT('',(-4.95,-1.5,-1.05));
#15386=CARTESIAN_POINT('',(-5.2,-1.5,-1.05));
#15387=VECTOR('',#18012,1000.0);
#15388=CARTESIAN_POINT('',(-4.95,1.5,-1.05));
#15389=CARTESIAN_POINT('',(-4.95,0.0,-1.05));
#15390=VECTOR('',#18013,1000.0);
#15391=CARTESIAN_POINT('',(-5.425,1.4999999996,-1.0499999999));
#15392=CARTESIAN_POINT('',(-5.1875,1.5,-1.05));
#15393=VECTOR('',#18014,1000.0);
#15394=CARTESIAN_POINT('',(-5.425,1.25000000033333,-1.05000000028333));
#15395=CARTESIAN_POINT('',(-5.425,2.1125,-1.0499999999));
#15396=VECTOR('',#18015,1000.0);
#15397=CARTESIAN_POINT('',(-5.2,1.250000001,-1.05));
#15398=VECTOR('',#18016,1000.0);
#15399=CARTESIAN_POINT('',(-5.2,-1.250000001,-1.05));
#15400=VECTOR('',#18017,1000.0);
#15401=COLOUR_RGB('',0.0,0.0,1.0);
#15402=CARTESIAN_POINT('',(-3.15,-3.30000000000102,-0.7));
#15403=CARTESIAN_POINT('',(-3.15,-4.0,-0.7));
#15404=VECTOR('',#18018,1000.0);
#15405=CARTESIAN_POINT('',(-3.65000000000223,-2.8,-0.67642059858813));
#15406=CARTESIAN_POINT('',(-3.15000000000205,-3.3,-0.699999999999904));
#15407=VECTOR('',#18019,1000.0);
#15408=CARTESIAN_POINT('',(-5.275,-2.8,-0.599787544));
#15409=CARTESIAN_POINT('',(-3.15,-2.8,-0.7));
#15410=VECTOR('',#18020,1000.0);
#15411=CARTESIAN_POINT('',(-5.275,-2.97499999985,-0.599787544));
#15412=CARTESIAN_POINT('',(-5.275,-2.8875,-0.599787544));
#15413=VECTOR('',#18021,1000.0);
#15414=CARTESIAN_POINT('',(-4.32123889816724,-2.97499999985345,-0.644765775741921));
#15415=CARTESIAN_POINT('',(-4.2125,-2.9749999997,-0.649893772));
#15416=VECTOR('',#18022,1000.0);
#15417=CARTESIAN_POINT('',(-4.32123889802759,-2.975,-0.644765775748669));
#15418=VECTOR('',#18023,1000.0);
#15419=COLOUR_RGB('',0.0,0.0,1.0);
#15420=CARTESIAN_POINT('',(-1.4,-5.0,-0.8));
#15421=CARTESIAN_POINT('',(-1.4,-5.1449,-0.8));
#15422=VECTOR('',#18024,1000.0);
#15423=CARTESIAN_POINT('',(-2.8,-5.0,-0.8));
#15424=AXIS2_PLACEMENT_3D('',#18025,#18026,#18027);
#15425=CARTESIAN_POINT('',(-2.8,-5.1449,-0.8));
#15426=VECTOR('',#18028,1000.0);
#15427=COLOUR_RGB('',0.0,0.0,1.0);
#15428=CARTESIAN_POINT('',(-3.7,-0.700000000860625,-0.4));
#15429=CARTESIAN_POINT('',(-2.9958,-0.7,-0.4));
#15430=VECTOR('',#18029,1000.0);
#15431=CARTESIAN_POINT('',(-3.7,-0.700000002313633,-0.15));
#15432=CARTESIAN_POINT('',(-3.7,-0.70000000172125,-0.35));
#15433=VECTOR('',#18030,1000.0);
#15434=CARTESIAN_POINT('',(0.0,-0.7000000034984,-0.15));
#15435=VECTOR('',#18031,1000.0);
#15436=COLOUR_RGB('',0.0,0.0,1.0);
#15437=CARTESIAN_POINT('',(-3.7,0.700000002313634,-0.15));
#15438=CARTESIAN_POINT('',(-3.7,0.700000000717188,-0.4));
#15439=CARTESIAN_POINT('',(-3.7,0.700000001721251,-0.35));
#15440=VECTOR('',#18032,1000.0);
#15441=CARTESIAN_POINT('',(-2.9958,0.7,-0.4));
#15442=VECTOR('',#18033,1000.0);
#15443=CARTESIAN_POINT('',(0.0,0.7000000034984,-0.15));
#15444=VECTOR('',#18034,1000.0);
#15445=COLOUR_RGB('',0.0,0.0,1.0);
#15446=CARTESIAN_POINT('',(-3.7,0.0,-0.4));
#15447=VECTOR('',#18035,1000.0);
#15448=COLOUR_RGB('',0.0,0.0,1.0);
#15449=CARTESIAN_POINT('',(3.7,-0.700000002313634,-0.15));
#15450=CARTESIAN_POINT('',(3.7,-0.700000001721251,-0.35));
#15451=VECTOR('',#18036,1000.0);
#15452=CARTESIAN_POINT('',(0.0,-0.7000000034984,-0.15));
#15453=VECTOR('',#18037,1000.0);
#15454=COLOUR_RGB('',0.0,0.0,1.0);
#15455=CARTESIAN_POINT('',(3.7,0.700000002609824,-0.15));
#15456=CARTESIAN_POINT('',(3.7,0.70000000172125,-0.35));
#15457=VECTOR('',#18038,1000.0);
#15458=CARTESIAN_POINT('',(0.0,0.7000000034984,-0.15));
#15459=VECTOR('',#18039,1000.0);
#15460=COLOUR_RGB('',0.0,0.0,1.0);
#15461=CARTESIAN_POINT('',(3.7,2.19089023001033,-0.15));
#15462=CARTESIAN_POINT('',(3.7,0.0,-0.15));
#15463=VECTOR('',#18040,1000.0);
#15464=CARTESIAN_POINT('',(-3.6999999998329,2.19089023030286,-0.15));
#15465=AXIS2_PLACEMENT_3D('',#18041,#18042,#18043);
#15466=CARTESIAN_POINT('',(-3.7,0.0,-0.15));
#15467=VECTOR('',#18044,1000.0);
#15468=CARTESIAN_POINT('',(-3.69999999963618,-2.19089023063509,-0.15));
#15469=CARTESIAN_POINT('',(-3.7,0.0,-0.15));
#15470=VECTOR('',#18045,1000.0);
#15471=CARTESIAN_POINT('',(3.70000000047899,-2.19089022921174,-0.15));
#15472=AXIS2_PLACEMENT_3D('',#18046,#18047,#18048);
#15473=CARTESIAN_POINT('',(3.7,0.0,-0.15));
#15474=VECTOR('',#18049,1000.0);
#15475=COLOUR_RGB('',1.0,1.0,1.0);
#15476=CARTESIAN_POINT('',(1.75,6.925000002,-0.849999999897448));
#15477=CARTESIAN_POINT('',(1.75,6.925,1.2810660175));
#15478=VECTOR('',#18050,1000.0);
#15479=CARTESIAN_POINT('',(1.75,6.7519500035,-0.85));
#15480=VECTOR('',#18051,1000.0);
#15481=COLOUR_RGB('',1.0,1.0,1.0);
#15482=CARTESIAN_POINT('',(3.25,6.7519500035,-0.85));
#15483=VECTOR('',#18052,1000.0);
#15484=COLOUR_RGB('',1.0,1.0,1.0);
#15485=CARTESIAN_POINT('',(2.2878679659174,6.92500000376807,-0.849999999888585));
#15486=CARTESIAN_POINT('',(2.018933983,6.925000004,-0.849999999794897));
#15487=VECTOR('',#18053,1000.0);
#15488=CARTESIAN_POINT('',(2.287867966,6.925,1.2810660175));
#15489=VECTOR('',#18054,1000.0);
#15490=COLOUR_RGB('',1.0,1.0,1.0);
#15491=CARTESIAN_POINT('',(-1.75,6.7519500035,-0.85));
#15492=VECTOR('',#18055,1000.0);
#15493=COLOUR_RGB('',1.0,1.0,1.0);
#15494=CARTESIAN_POINT('',(-3.25,6.7519500035,-0.85));
#15495=VECTOR('',#18056,1000.0);
#15496=COLOUR_RGB('',1.0,1.0,1.0);
#15497=AXIS2_PLACEMENT_3D('',#18057,#18058,#18059);
#15498=COLOUR_RGB('',1.0,0.501960813999176,0.0);
#15499=CARTESIAN_POINT('',(-5.85,1.25,0.55));
#15500=AXIS2_PLACEMENT_3D('',#18060,#18061,#18062);
#15501=CARTESIAN_POINT('',(-5.6375,1.25,0.55));
#15502=VECTOR('',#18063,1000.0);
#15503=COLOUR_RGB('',1.0,0.501960813999176,0.0);
#15504=CARTESIAN_POINT('',(-5.9085786438189,0.0,0.691421356293518));
#15505=VECTOR('',#18064,1000.0);
#15506=COLOUR_RGB('',1.0,0.501960813999176,0.0);
#15507=CARTESIAN_POINT('',(-5.85,-1.25,0.55));
#15508=AXIS2_PLACEMENT_3D('',#18065,#18066,#18067);
#15509=CARTESIAN_POINT('',(-5.6375,-1.25,0.55));
#15510=VECTOR('',#18068,1000.0);
#15511=COLOUR_RGB('',0.0,0.0,1.0);
#15512=CARTESIAN_POINT('',(-5.42500000001945,-2.975,-0.749787543837965));
#15513=CARTESIAN_POINT('',(-5.275,-2.975,-0.599787544));
#15514=VECTOR('',#18069,1000.0);
#15515=CARTESIAN_POINT('',(-5.425,-2.8,-0.749787543825));
#15516=CARTESIAN_POINT('',(-5.275,-2.8,-0.599787544));
#15517=VECTOR('',#18070,1000.0);
#15518=CARTESIAN_POINT('',(-5.425,-2.1125,-0.74978754365));
#15519=VECTOR('',#18071,1000.0);
#15520=COLOUR_RGB('',1.0,0.501960813999176,0.0);
#15521=CARTESIAN_POINT('',(-4.32123889802564,-2.97500000002564,-0.299999999));
#15522=CARTESIAN_POINT('',(-4.321238898,-2.975,-0.849999999));
#15523=VECTOR('',#18072,1000.0);
#15524=CARTESIAN_POINT('',(-3.421238898,-3.875,-0.3));
#15525=VECTOR('',#18073,1000.0);
#15526=COLOUR_RGB('',1.0,0.501960813999176,0.0);
#15527=CARTESIAN_POINT('',(-5.35000000010255,-2.975,-0.299999998));
#15528=CARTESIAN_POINT('',(-5.08561945,-2.975,-0.299999998));
#15529=VECTOR('',#18074,1000.0);
#15530=CARTESIAN_POINT('',(-5.3500000002051,-3.725,-0.299999998));
#15531=VECTOR('',#18075,1000.0);
#15532=COLOUR_RGB('',0.0,0.0,1.0);
#15533=CARTESIAN_POINT('',(-5.425,-4.5875,-1.05));
#15534=VECTOR('',#18076,1000.0);
#15535=COLOUR_RGB('',0.0,0.0,1.0);
#15536=CARTESIAN_POINT('',(-5.425,4.5875,-1.05));
#15537=VECTOR('',#18077,1000.0);
#15538=COLOUR_RGB('',1.0,0.501960813999176,0.0);
#15539=CARTESIAN_POINT('',(-4.32123889810255,2.975,-0.30000000015));
#15540=CARTESIAN_POINT('',(-4.32123889820509,2.975,-0.3));
#15541=VECTOR('',#18078,1000.0);
#15542=CARTESIAN_POINT('',(-4.321238897725,2.975,-0.644765775762939));
#15543=CARTESIAN_POINT('',(-4.321238898,2.975,-0.849999999));
#15544=VECTOR('',#18079,1000.0);
#15545=CARTESIAN_POINT('',(-3.42123889725,3.8749999987,-0.687208698326516));
#15546=VECTOR('',#18080,1000.0);
#15547=COLOUR_RGB('',0.0,0.0,1.0);
#15548=CARTESIAN_POINT('',(-5.275,2.975,-0.599787544));
#15549=CARTESIAN_POINT('',(-5.275,2.975,-0.599787544));
#15550=VECTOR('',#18081,1000.0);
#15551=CARTESIAN_POINT('',(-5.275,2.8,-0.599787544));
#15552=CARTESIAN_POINT('',(-5.275,2.8875,-0.599787544));
#15553=VECTOR('',#18082,1000.0);
#15554=CARTESIAN_POINT('',(-3.65000000000223,2.8,-0.67642059858813));
#15555=CARTESIAN_POINT('',(-5.275,2.8,-0.599787544));
#15556=VECTOR('',#18083,1000.0);
#15557=CARTESIAN_POINT('',(-3.15,3.30000000000102,-0.7));
#15558=CARTESIAN_POINT('',(-3.65000000000446,2.8,-0.676420598588025));
#15559=VECTOR('',#18084,1000.0);
#15560=CARTESIAN_POINT('',(-3.15,4.0,-0.7));
#15561=VECTOR('',#18085,1000.0);
#15562=COLOUR_RGB('',0.0,0.0,1.0);
#15563=CARTESIAN_POINT('',(-5.42499999995625,2.8000000003125,-0.74978754369375));
#15564=CARTESIAN_POINT('',(-5.425,2.8,-0.749787544));
#15565=VECTOR('',#18086,1000.0);
#15566=CARTESIAN_POINT('',(-5.42500000001945,2.975,-0.749787543837966));
#15567=CARTESIAN_POINT('',(-5.425,2.975,-0.749787544));
#15568=VECTOR('',#18087,1000.0);
#15569=CARTESIAN_POINT('',(-5.425,2.1125,-0.74978754365));
#15570=VECTOR('',#18088,1000.0);
#15571=COLOUR_RGB('',1.0,0.501960813999176,0.0);
#15572=CARTESIAN_POINT('',(-5.35000000010255,2.975,-0.2999999991));
#15573=CARTESIAN_POINT('',(-5.3500000002051,3.725,-0.299999998));
#15574=VECTOR('',#18089,1000.0);
#15575=CARTESIAN_POINT('',(-5.08561945,2.975,-0.3000000002));
#15576=VECTOR('',#18090,1000.0);
#15577=COLOUR_RGB('',0.0,0.0,1.0);
#15578=CARTESIAN_POINT('',(1.25,-6.3,-1.05));
#15579=CARTESIAN_POINT('',(1.25,-6.3,-2.3));
#15580=CARTESIAN_POINT('',(1.25,-6.3,-1.675));
#15581=VECTOR('',#18091,1000.0);
#15582=CARTESIAN_POINT('',(-1.25,-6.3,-1.05));
#15583=CARTESIAN_POINT('',(0.0,-6.3,-1.05));
#15584=VECTOR('',#18092,1000.0);
#15585=CARTESIAN_POINT('',(-1.25,-6.3,-2.3));
#15586=CARTESIAN_POINT('',(-1.25,-6.3,-1.675));
#15587=VECTOR('',#18093,1000.0);
#15588=CARTESIAN_POINT('',(0.0,-6.3,-2.3));
#15589=VECTOR('',#18094,1000.0);
#15590=COLOUR_RGB('',1.0,1.0,1.0);
#15591=CARTESIAN_POINT('',(1.75,-6.925,-1.3500000025));
#15592=CARTESIAN_POINT('',(1.75,-6.925,-1.5000000025));
#15593=CARTESIAN_POINT('',(1.75,-6.925,-1.425));
#15594=VECTOR('',#18095,1000.0);
#15595=AXIS2_PLACEMENT_3D('',#18096,#18097,#18098);
#15596=AXIS2_PLACEMENT_3D('',#18099,#18100,#18101);
#15597=COLOUR_RGB('',1.0,1.0,1.0);
#15598=CARTESIAN_POINT('',(2.28786796566262,-6.925,-1.35000000012578));
#15599=AXIS2_PLACEMENT_3D('',#18102,#18103,#18104);
#15600=CARTESIAN_POINT('',(2.0189339835,-6.925,-1.35));
#15601=VECTOR('',#18105,1000.0);
#15602=COLOUR_RGB('',1.0,1.0,1.0);
#15603=CARTESIAN_POINT('',(2.7121320340791,-6.92500000005128,-1.35000000127797));
#15604=AXIS2_PLACEMENT_3D('',#18106,#18107,#18108);
#15605=CARTESIAN_POINT('',(2.50000000002694,-6.925,-1.5));
#15606=AXIS2_PLACEMENT_3D('',#18109,#18110,#18111);
#15607=AXIS2_PLACEMENT_3D('',#18112,#18113,#18114);
#15608=COLOUR_RGB('',1.0,1.0,1.0);
#15609=CARTESIAN_POINT('',(3.656066017,-6.925,-1.35));
#15610=VECTOR('',#18115,1000.0);
#15611=COLOUR_RGB('',1.0,1.0,1.0);
#15612=CARTESIAN_POINT('',(4.6,-6.60000000021667,-1.5));
#15613=CARTESIAN_POINT('',(3.99242346144279,-6.60000000012398,-1.5));
#15614=CARTESIAN_POINT('',(3.7,-6.600000000325,-1.5));
#15615=VECTOR('',#18116,1000.0);
#15616=CARTESIAN_POINT('',(4.6,-6.60000000010833,-1.35));
#15617=CARTESIAN_POINT('',(4.6,-6.6,-1.425));
#15618=VECTOR('',#18117,1000.0);
#15619=CARTESIAN_POINT('',(3.99242346144279,-6.60000000012398,-1.35));
#15620=CARTESIAN_POINT('',(3.656066017,-6.600000000325,-1.35));
#15621=VECTOR('',#18118,1000.0);
#15622=CARTESIAN_POINT('',(3.99242346140175,-6.59999999992296,-1.425));
#15623=VECTOR('',#18119,1000.0);
#15624=COLOUR_RGB('',1.0,1.0,1.0);
#15625=CARTESIAN_POINT('',(3.24999999964578,-6.675,-1.35));
#15626=AXIS2_PLACEMENT_3D('',#18120,#18121,#18122);
#15627=CARTESIAN_POINT('',(3.25,-6.675,-1.5));
#15628=CARTESIAN_POINT('',(3.25,-6.675,-1.4250000025));
#15629=VECTOR('',#18123,1000.0);
#15630=AXIS2_PLACEMENT_3D('',#18124,#18125,#18126);
#15631=COLOUR_RGB('',1.0,1.0,1.0);
#15632=CARTESIAN_POINT('',(3.25,-6.4625,-1.5));
#15633=VECTOR('',#18127,1000.0);
#15634=CARTESIAN_POINT('',(3.24999999929156,-6.4625,-1.35));
#15635=VECTOR('',#18128,1000.0);
#15636=COLOUR_RGB('',1.0,1.0,1.0);
#15637=CARTESIAN_POINT('',(2.8,-6.92500000077607,-1.4999999999733));
#15638=AXIS2_PLACEMENT_3D('',#18129,#18130,#18131);
#15639=CARTESIAN_POINT('',(3.7,-6.925,-1.5));
#15640=VECTOR('',#18132,1000.0);
#15641=COLOUR_RGB('',1.0,1.0,1.0);
#15642=CARTESIAN_POINT('',(2.5,-6.92500000038333,-1.649999995));
#15643=AXIS2_PLACEMENT_3D('',#18133,#18134,#18135);
#15644=CARTESIAN_POINT('',(2.20000000000009,-6.92499999995496,-1.50000000000012));
#15645=AXIS2_PLACEMENT_3D('',#18136,#18137,#18138);
#15646=AXIS2_PLACEMENT_3D('',#18139,#18140,#18141);
#15647=COLOUR_RGB('',1.0,1.0,1.0);
#15648=CARTESIAN_POINT('',(1.975,-6.925,-1.5));
#15649=VECTOR('',#18142,1000.0);
#15650=COLOUR_RGB('',1.0,1.0,1.0);
#15651=CARTESIAN_POINT('',(-2.79999999999982,-6.92500000004324,-1.50000000000024));
#15652=CARTESIAN_POINT('',(-3.7,-6.925,-1.5));
#15653=VECTOR('',#18143,1000.0);
#15654=AXIS2_PLACEMENT_3D('',#18144,#18145,#18146);
#15655=COLOUR_RGB('',1.0,1.0,1.0);
#15656=CARTESIAN_POINT('',(-2.71213203433738,-6.925,-1.35000000012578));
#15657=CARTESIAN_POINT('',(-3.6560660165,-6.925,-1.35));
#15658=VECTOR('',#18147,1000.0);
#15659=AXIS2_PLACEMENT_3D('',#18148,#18149,#18150);
#15660=COLOUR_RGB('',1.0,1.0,1.0);
#15661=CARTESIAN_POINT('',(-3.25000000023217,-6.675,-1.35));
#15662=CARTESIAN_POINT('',(-3.25000000046434,-6.4625,-1.35));
#15663=VECTOR('',#18151,1000.0);
#15664=CARTESIAN_POINT('',(-3.25,-6.675,-1.5));
#15665=CARTESIAN_POINT('',(-3.25,-6.675,-1.425));
#15666=VECTOR('',#18152,1000.0);
#15667=CARTESIAN_POINT('',(-3.25,-6.4625,-1.5));
#15668=VECTOR('',#18153,1000.0);
#15669=COLOUR_RGB('',1.0,1.0,1.0);
#15670=CARTESIAN_POINT('',(-3.99242346124191,-6.6000000001625,-1.5));
#15671=AXIS2_PLACEMENT_3D('',#18154,#18155,#18156);
#15672=CARTESIAN_POINT('',(-3.99242346124191,-6.6000000001625,-1.35));
#15673=AXIS2_PLACEMENT_3D('',#18157,#18158,#18159);
#15674=CARTESIAN_POINT('',(-3.992423461,-6.6,-1.425));
#15675=VECTOR('',#18160,1000.0);
#15676=COLOUR_RGB('',1.0,1.0,1.0);
#15677=CARTESIAN_POINT('',(-4.6,-6.60000000010833,-1.5));
#15678=CARTESIAN_POINT('',(-3.7,-6.600000000325,-1.5));
#15679=VECTOR('',#18161,1000.0);
#15680=CARTESIAN_POINT('',(-4.6,-6.60000000021667,-1.35));
#15681=CARTESIAN_POINT('',(-3.6560660165,-6.600000000325,-1.35));
#15682=VECTOR('',#18162,1000.0);
#15683=CARTESIAN_POINT('',(-4.6,-6.6,-1.425));
#15684=VECTOR('',#18163,1000.0);
#15685=COLOUR_RGB('',1.0,1.0,1.0);
#15686=CARTESIAN_POINT('',(-2.2878679659209,-6.92500000005128,-1.35000000127797));
#15687=AXIS2_PLACEMENT_3D('',#18164,#18165,#18166);
#15688=CARTESIAN_POINT('',(-2.49999999997306,-6.925,-1.5));
#15689=AXIS2_PLACEMENT_3D('',#18167,#18168,#18169);
#15690=AXIS2_PLACEMENT_3D('',#18170,#18171,#18172);
#15691=COLOUR_RGB('',1.0,1.0,1.0);
#15692=CARTESIAN_POINT('',(-1.75,-6.925,-1.3500000025));
#15693=AXIS2_PLACEMENT_3D('',#18173,#18174,#18175);
#15694=CARTESIAN_POINT('',(-2.018933983,-6.925,-1.35));
#15695=VECTOR('',#18176,1000.0);
#15696=COLOUR_RGB('',1.0,1.0,1.0);
#15697=CARTESIAN_POINT('',(-1.75,-6.925,-1.5000000025));
#15698=AXIS2_PLACEMENT_3D('',#18177,#18178,#18179);
#15699=CARTESIAN_POINT('',(-1.75,-6.925,-1.4250000025));
#15700=VECTOR('',#18180,1000.0);
#15701=COLOUR_RGB('',1.0,1.0,1.0);
#15702=CARTESIAN_POINT('',(-2.2,-6.92500000077607,-1.4999999999733));
#15703=CARTESIAN_POINT('',(-1.975000002,-6.925,-1.5));
#15704=VECTOR('',#18181,1000.0);
#15705=AXIS2_PLACEMENT_3D('',#18182,#18183,#18184);
#15706=COLOUR_RGB('',1.0,1.0,1.0);
#15707=CARTESIAN_POINT('',(-2.5,-6.92500000038333,-1.649999995));
#15708=AXIS2_PLACEMENT_3D('',#18185,#18186,#18187);
#15709=AXIS2_PLACEMENT_3D('',#18188,#18189,#18190);
#15710=COLOUR_RGB('',1.0,0.501960813999176,0.0);
#15711=CARTESIAN_POINT('',(5.45,-1.45,-4.1));
#15712=CARTESIAN_POINT('',(5.45,-1.45,-3.88));
#15713=CARTESIAN_POINT('',(5.45,-1.45,-3.99));
#15714=VECTOR('',#18191,1000.0);
#15715=CARTESIAN_POINT('',(5.45,1.45,-4.1));
#15716=CARTESIAN_POINT('',(5.45,0.0,-4.1));
#15717=VECTOR('',#18192,1000.0);
#15718=CARTESIAN_POINT('',(5.45,1.45,-3.88));
#15719=CARTESIAN_POINT('',(5.45,1.45,-3.99));
#15720=VECTOR('',#18193,1000.0);
#15721=CARTESIAN_POINT('',(5.45,0.0,-3.88));
#15722=VECTOR('',#18194,1000.0);
#15723=COLOUR_RGB('',1.0,0.501960813999176,0.0);
#15724=CARTESIAN_POINT('',(5.85,-1.25,-1.400000000675));
#15725=CARTESIAN_POINT('',(5.65,-1.25,-1.4));
#15726=VECTOR('',#18195,1000.0);
#15727=CARTESIAN_POINT('',(5.85,-1.25,-1.775));
#15728=VECTOR('',#18196,1000.0);
#15729=COLOUR_RGB('',1.0,0.501960813999176,0.0);
#15730=CARTESIAN_POINT('',(5.85,0.0,0.55));
#15731=VECTOR('',#18197,1000.0);
#15732=COLOUR_RGB('',1.0,0.501960813999176,0.0);
#15733=CARTESIAN_POINT('',(5.85,1.25,-1.4000000009));
#15734=CARTESIAN_POINT('',(5.85,1.25,-1.775));
#15735=VECTOR('',#18198,1000.0);
#15736=CARTESIAN_POINT('',(5.65,1.25,-1.4));
#15737=VECTOR('',#18199,1000.0);
#15738=COLOUR_RGB('',1.0,0.501960813999176,0.0);
#15739=CARTESIAN_POINT('',(5.85,2.975,-1.400000000675));
#15740=CARTESIAN_POINT('',(5.08561945,2.975,-1.4));
#15741=VECTOR('',#18200,1000.0);
#15742=CARTESIAN_POINT('',(5.85,0.0,-1.40000000135));
#15743=VECTOR('',#18201,1000.0);
#15744=COLOUR_RGB('',1.0,0.501960813999176,0.0);
#15745=CARTESIAN_POINT('',(5.85,2.975,-0.800000000825));
#15746=CARTESIAN_POINT('',(5.85,2.975,-1.775));
#15747=VECTOR('',#18202,1000.0);
#15748=AXIS2_PLACEMENT_3D('',#18203,#18204,#18205);
#15749=CARTESIAN_POINT('',(5.425,2.975,-0.8));
#15750=VECTOR('',#18206,1000.0);
#15751=COLOUR_RGB('',1.0,0.501960813999176,0.0);
#15752=CARTESIAN_POINT('',(5.85,0.0,-0.800000001649999));
#15753=VECTOR('',#18207,1000.0);
#15754=COLOUR_RGB('',0.0,0.0,1.0);
#15755=COLOUR_RGB('',1.0,0.501960813999176,0.0);
#15756=CARTESIAN_POINT('',(5.85,-1.45,-3.87999999986667));
#15757=CARTESIAN_POINT('',(5.65,-1.45,-3.88));
#15758=VECTOR('',#18208,1000.0);
#15759=CARTESIAN_POINT('',(5.85,1.45,-3.87999999986667));
#15760=CARTESIAN_POINT('',(5.65,1.45,-3.88));
#15761=VECTOR('',#18209,1000.0);
#15762=CARTESIAN_POINT('',(5.85,0.0,-3.8799999998));
#15763=VECTOR('',#18210,1000.0);
#15764=COLOUR_RGB('',1.0,0.501960813999176,0.0);
#15765=CARTESIAN_POINT('',(5.85,-1.45,-4.10000000004102));
#15766=CARTESIAN_POINT('',(5.6512,-1.45,-4.1));
#15767=VECTOR('',#18211,1000.0);
#15768=CARTESIAN_POINT('',(5.85,-1.45,-1.775));
#15769=VECTOR('',#18212,1000.0);
#15770=COLOUR_RGB('',0.0,0.0,1.0);
#15771=COLOUR_RGB('',1.0,0.501960813999176,0.0);
#15772=CARTESIAN_POINT('',(5.85,-2.975,-0.800000000825));
#15773=CARTESIAN_POINT('',(5.85,0.0,-0.800000001649999));
#15774=VECTOR('',#18213,1000.0);
#15775=AXIS2_PLACEMENT_3D('',#18214,#18215,#18216);
#15776=COLOUR_RGB('',1.0,0.501960813999176,0.0);
#15777=CARTESIAN_POINT('',(5.85,-2.975,-1.400000000675));
#15778=CARTESIAN_POINT('',(5.85,-2.975,-1.775));
#15779=VECTOR('',#18217,1000.0);
#15780=CARTESIAN_POINT('',(5.65,-2.975,-1.4));
#15781=VECTOR('',#18218,1000.0);
#15782=CARTESIAN_POINT('',(5.425,-2.975,-0.8));
#15783=VECTOR('',#18219,1000.0);
#15784=COLOUR_RGB('',1.0,0.501960813999176,0.0);
#15785=CARTESIAN_POINT('',(5.85,0.0,-1.40000000135));
#15786=VECTOR('',#18220,1000.0);
#15787=COLOUR_RGB('',1.0,0.501960813999176,0.0);
#15788=CARTESIAN_POINT('',(5.85,1.45,-4.10000000004102));
#15789=CARTESIAN_POINT('',(5.6512,1.45,-4.1));
#15790=VECTOR('',#18221,1000.0);
#15791=CARTESIAN_POINT('',(5.85,1.45,-1.775));
#15792=VECTOR('',#18222,1000.0);
#15793=COLOUR_RGB('',0.0,0.0,1.0);
#15794=CARTESIAN_POINT('',(2.7999999993,-5.0,-0.55));
#15795=CARTESIAN_POINT('',(2.8,-5.0,-0.675));
#15796=VECTOR('',#18223,1000.0);
#15797=CARTESIAN_POINT('',(1.39999999965,-5.0,-0.55));
#15798=AXIS2_PLACEMENT_3D('',#18224,#18225,#18226);
#15799=CARTESIAN_POINT('',(1.4,-5.0,-0.675));
#15800=VECTOR('',#18227,1000.0);
#15801=COLOUR_RGB('',0.0,0.0,1.0);
#15802=CARTESIAN_POINT('',(3.15000000240625,-3.30000000048125,-0.55));
#15803=CARTESIAN_POINT('',(3.15,-3.3,-0.62545));
#15804=VECTOR('',#18228,1000.0);
#15805=CARTESIAN_POINT('',(3.15000000385,0.0,-0.55));
#15806=VECTOR('',#18229,1000.0);
#15807=COLOUR_RGB('',0.0,0.0,1.0);
#15808=CARTESIAN_POINT('',(3.6499999998125,-2.7999999975625,-0.55));
#15809=CARTESIAN_POINT('',(3.65,-2.8,-0.649893772));
#15810=VECTOR('',#18230,1000.0);
#15811=CARTESIAN_POINT('',(3.15000000385,-3.3,-0.55));
#15812=VECTOR('',#18231,1000.0);
#15813=COLOUR_RGB('',0.0,0.0,1.0);
#15814=CARTESIAN_POINT('',(5.425,-2.799999998925,-0.55));
#15815=CARTESIAN_POINT('',(5.425,-2.7999999997,-0.8));
#15816=VECTOR('',#18232,1000.0);
#15817=CARTESIAN_POINT('',(0.0,-2.799999996,-0.55));
#15818=VECTOR('',#18233,1000.0);
#15819=COLOUR_RGB('',0.0,0.0,1.0);
#15820=CARTESIAN_POINT('',(5.425,-1.5,-0.55));
#15821=CARTESIAN_POINT('',(5.425,-1.5,-0.8));
#15822=VECTOR('',#18234,1000.0);
#15823=CARTESIAN_POINT('',(5.425,0.0,-0.55));
#15824=VECTOR('',#18235,1000.0);
#15825=COLOUR_RGB('',0.0,0.0,1.0);
#15826=CARTESIAN_POINT('',(4.949999999575,-1.5,-0.55));
#15827=CARTESIAN_POINT('',(4.95,-1.5,-0.8));
#15828=VECTOR('',#18236,1000.0);
#15829=CARTESIAN_POINT('',(0.0,-1.5,-0.55));
#15830=VECTOR('',#18237,1000.0);
#15831=COLOUR_RGB('',0.0,0.0,1.0);
#15832=CARTESIAN_POINT('',(4.949999999575,1.5,-0.55));
#15833=CARTESIAN_POINT('',(4.95,1.5,-0.8));
#15834=VECTOR('',#18238,1000.0);
#15835=CARTESIAN_POINT('',(4.9499999983,0.0,-0.55));
#15836=VECTOR('',#18239,1000.0);
#15837=COLOUR_RGB('',0.0,0.0,1.0);
#15838=CARTESIAN_POINT('',(5.425,1.5,-0.55));
#15839=CARTESIAN_POINT('',(5.425,1.5,-0.8));
#15840=VECTOR('',#18240,1000.0);
#15841=CARTESIAN_POINT('',(0.0,1.5,-0.55));
#15842=VECTOR('',#18241,1000.0);
#15843=COLOUR_RGB('',0.0,0.0,1.0);
#15844=CARTESIAN_POINT('',(5.425,2.79999999885,-0.55));
#15845=CARTESIAN_POINT('',(5.425,2.8,-0.649893772));
#15846=VECTOR('',#18242,1000.0);
#15847=CARTESIAN_POINT('',(5.425,0.0,-0.55));
#15848=VECTOR('',#18243,1000.0);
#15849=COLOUR_RGB('',0.0,0.0,1.0);
#15850=CARTESIAN_POINT('',(3.6499999998125,2.7999999975625,-0.55));
#15851=CARTESIAN_POINT('',(3.65,2.8,-0.62545));
#15852=VECTOR('',#18244,1000.0);
#15853=CARTESIAN_POINT('',(0.0,2.799999996,-0.55));
#15854=VECTOR('',#18245,1000.0);
#15855=COLOUR_RGB('',0.0,0.0,1.0);
#15856=CARTESIAN_POINT('',(3.15000000240625,3.30000000048125,-0.55));
#15857=CARTESIAN_POINT('',(3.15,3.3,-0.625));
#15858=VECTOR('',#18246,1000.0);
#15859=CARTESIAN_POINT('',(3.6500000005,2.799999996,-0.55));
#15860=VECTOR('',#18247,1000.0);
#15861=COLOUR_RGB('',0.0,0.0,1.0);
#15862=CARTESIAN_POINT('',(3.15000000385,0.0,-0.55));
#15863=VECTOR('',#18248,1000.0);
#15864=COLOUR_RGB('',0.0,0.0,1.0);
#15865=CARTESIAN_POINT('',(1.4,4.99999999985643,-0.55));
#15866=CARTESIAN_POINT('',(1.4,4.99999999971286,-0.675));
#15867=VECTOR('',#18249,1000.0);
#15868=CARTESIAN_POINT('',(2.8,4.99999999993715,-0.55));
#15869=AXIS2_PLACEMENT_3D('',#18250,#18251,#18252);
#15870=CARTESIAN_POINT('',(2.8,4.99999999987429,-0.675));
#15871=VECTOR('',#18253,1000.0);
#15872=COLOUR_RGB('',0.0,0.0,1.0);
#15873=CARTESIAN_POINT('',(-2.7999999993,5.0,-0.55));
#15874=CARTESIAN_POINT('',(-2.8,5.0,-0.675));
#15875=VECTOR('',#18254,1000.0);
#15876=CARTESIAN_POINT('',(-1.39999999965,5.0,-0.55));
#15877=AXIS2_PLACEMENT_3D('',#18255,#18256,#18257);
#15878=CARTESIAN_POINT('',(-1.4,5.0,-0.675));
#15879=VECTOR('',#18258,1000.0);
#15880=COLOUR_RGB('',0.0,0.0,1.0);
#15881=CARTESIAN_POINT('',(-3.15000000240625,3.30000000048125,-0.55));
#15882=CARTESIAN_POINT('',(-3.15,3.3,-0.62545));
#15883=VECTOR('',#18259,1000.0);
#15884=CARTESIAN_POINT('',(-3.15000000385,0.0,-0.55));
#15885=VECTOR('',#18260,1000.0);
#15886=COLOUR_RGB('',0.0,0.0,1.0);
#15887=CARTESIAN_POINT('',(-3.6499999998125,2.7999999975625,-0.55));
#15888=CARTESIAN_POINT('',(-3.65,2.8,-0.649893772));
#15889=VECTOR('',#18261,1000.0);
#15890=CARTESIAN_POINT('',(-3.15000000385,3.3,-0.55));
#15891=VECTOR('',#18262,1000.0);
#15892=COLOUR_RGB('',0.0,0.0,1.0);
#15893=CARTESIAN_POINT('',(-5.425,2.800000000625,-0.55));
#15894=CARTESIAN_POINT('',(-5.425,2.800000000625,-0.975));
#15895=VECTOR('',#18263,1000.0);
#15896=CARTESIAN_POINT('',(0.0,2.799999996,-0.55));
#15897=VECTOR('',#18264,1000.0);
#15898=COLOUR_RGB('',0.0,0.0,1.0);
#15899=CARTESIAN_POINT('',(-5.42500000000864,2.975,-1.4));
#15900=CARTESIAN_POINT('',(-5.42500000002593,2.975,-0.849999999));
#15901=VECTOR('',#18265,1000.0);
#15902=CARTESIAN_POINT('',(-5.425,1.25,-1.4));
#15903=CARTESIAN_POINT('',(-5.425,2.1125,-1.4));
#15904=VECTOR('',#18266,1000.0);
#15905=CARTESIAN_POINT('',(-5.425,1.25,-0.425));
#15906=VECTOR('',#18267,1000.0);
#15907=CARTESIAN_POINT('',(-5.425,1.4999999998,-0.55));
#15908=CARTESIAN_POINT('',(-5.425,1.5,-0.8));
#15909=VECTOR('',#18268,1000.0);
#15910=CARTESIAN_POINT('',(-5.425,0.0,-0.55));
#15911=VECTOR('',#18269,1000.0);
#15912=COLOUR_RGB('',0.0,0.0,1.0);
#15913=CARTESIAN_POINT('',(-4.949999999575,1.5,-0.55));
#15914=CARTESIAN_POINT('',(-4.95,1.5,-0.8));
#15915=VECTOR('',#18270,1000.0);
#15916=CARTESIAN_POINT('',(0.0,1.5,-0.55));
#15917=VECTOR('',#18271,1000.0);
#15918=COLOUR_RGB('',0.0,0.0,1.0);
#15919=CARTESIAN_POINT('',(-4.949999999575,-1.5,-0.55));
#15920=CARTESIAN_POINT('',(-4.95,-1.5,-0.8));
#15921=VECTOR('',#18272,1000.0);
#15922=CARTESIAN_POINT('',(-4.9499999983,0.0,-0.55));
#15923=VECTOR('',#18273,1000.0);
#15924=COLOUR_RGB('',0.0,0.0,1.0);
#15925=CARTESIAN_POINT('',(-5.425,-1.4999999999,-0.55));
#15926=CARTESIAN_POINT('',(-5.425,-1.4999999996,-0.975));
#15927=VECTOR('',#18274,1000.0);
#15928=CARTESIAN_POINT('',(0.0,-1.5,-0.55));
#15929=VECTOR('',#18275,1000.0);
#15930=COLOUR_RGB('',0.0,0.0,1.0);
#15931=CARTESIAN_POINT('',(-5.425,-1.25,-1.4));
#15932=CARTESIAN_POINT('',(-5.425,-1.25,-0.425));
#15933=VECTOR('',#18276,1000.0);
#15934=CARTESIAN_POINT('',(-5.42500000001729,-2.975,-1.4));
#15935=CARTESIAN_POINT('',(-5.425,-2.1125,-1.4));
#15936=VECTOR('',#18277,1000.0);
#15937=CARTESIAN_POINT('',(-5.42500000002593,-2.975,-0.849999999));
#15938=VECTOR('',#18278,1000.0);
#15939=CARTESIAN_POINT('',(-5.425,-2.7999999993125,-0.55));
#15940=CARTESIAN_POINT('',(-5.425,-2.8,-0.649893772));
#15941=VECTOR('',#18279,1000.0);
#15942=CARTESIAN_POINT('',(-5.425,0.0,-0.55));
#15943=VECTOR('',#18280,1000.0);
#15944=COLOUR_RGB('',0.0,0.0,1.0);
#15945=CARTESIAN_POINT('',(-3.6499999998125,-2.7999999975625,-0.55));
#15946=CARTESIAN_POINT('',(-3.65,-2.8,-0.62545));
#15947=VECTOR('',#18281,1000.0);
#15948=CARTESIAN_POINT('',(0.0,-2.799999996,-0.55));
#15949=VECTOR('',#18282,1000.0);
#15950=COLOUR_RGB('',0.0,0.0,1.0);
#15951=CARTESIAN_POINT('',(-3.15000000240625,-3.30000000048125,-0.55));
#15952=CARTESIAN_POINT('',(-3.15,-3.3,-0.625));
#15953=VECTOR('',#18283,1000.0);
#15954=CARTESIAN_POINT('',(-3.6500000005,-2.799999996,-0.55));
#15955=VECTOR('',#18284,1000.0);
#15956=COLOUR_RGB('',0.0,0.0,1.0);
#15957=CARTESIAN_POINT('',(-3.15000000385,0.0,-0.55));
#15958=VECTOR('',#18285,1000.0);
#15959=COLOUR_RGB('',0.0,0.0,1.0);
#15960=CARTESIAN_POINT('',(-1.39999999965,-5.0,-0.55));
#15961=CARTESIAN_POINT('',(-1.4,-5.0,-0.675));
#15962=VECTOR('',#18286,1000.0);
#15963=CARTESIAN_POINT('',(-2.7999999993,-5.0,-0.55));
#15964=AXIS2_PLACEMENT_3D('',#18287,#18288,#18289);
#15965=CARTESIAN_POINT('',(-2.8,-5.0,-0.675));
#15966=VECTOR('',#18290,1000.0);
#15967=COLOUR_RGB('',0.0,0.0,1.0);
#15968=CARTESIAN_POINT('',(-3.70000000045791,2.19089022924735,-0.55));
#15969=CARTESIAN_POINT('',(-3.69999999966581,2.19089023058505,-0.35));
#15970=VECTOR('',#18291,1000.0);
#15971=CARTESIAN_POINT('',(-3.70000000026118,-2.19089022957959,-0.55));
#15972=CARTESIAN_POINT('',(-3.70000000125,0.0,-0.55));
#15973=VECTOR('',#18292,1000.0);
#15974=CARTESIAN_POINT('',(-3.69999999927235,-2.19089023124952,-0.35));
#15975=VECTOR('',#18293,1000.0);
#15976=COLOUR_RGB('',0.0,0.0,1.0);
#15977=CARTESIAN_POINT('',(3.700000000625,2.19089022895483,-0.55));
#15978=CARTESIAN_POINT('',(3.7,2.19089023,-0.35));
#15979=VECTOR('',#18294,1000.0);
#15980=AXIS2_PLACEMENT_3D('',#18295,#18296,#18297);
#15981=COLOUR_RGB('',0.0,0.0,1.0);
#15982=CARTESIAN_POINT('',(3.70000000110399,-2.19089022815623,-0.55));
#15983=CARTESIAN_POINT('',(3.70000000095798,-2.19089022840281,-0.35));
#15984=VECTOR('',#18298,1000.0);
#15985=CARTESIAN_POINT('',(3.70000000125,0.0,-0.55));
#15986=VECTOR('',#18299,1000.0);
#15987=COLOUR_RGB('',0.0,0.0,1.0);
#15988=AXIS2_PLACEMENT_3D('',#18300,#18301,#18302);
#15989=COLOUR_RGB('',1.0,1.0,1.0);
#15990=CARTESIAN_POINT('',(1.75,6.425,-1.500000002));
#15991=AXIS2_PLACEMENT_3D('',#18303,#18304,#18305);
#15992=CARTESIAN_POINT('',(1.75,6.425,-1.350000002));
#15993=CARTESIAN_POINT('',(1.75,6.425,-1.425000002));
#15994=VECTOR('',#18306,1000.0);
#15995=AXIS2_PLACEMENT_3D('',#18307,#18308,#18309);
#15996=COLOUR_RGB('',1.0,1.0,1.0);
#15997=AXIS2_PLACEMENT_3D('',#18310,#18311,#18312);
#15998=CARTESIAN_POINT('',(1.975,6.425,-1.5));
#15999=VECTOR('',#18313,1000.0);
#16000=COLOUR_RGB('',1.0,1.0,1.0);
#16001=CARTESIAN_POINT('',(2.80000000002298,6.42499999998285,-1.50000000146936));
#16002=AXIS2_PLACEMENT_3D('',#18314,#18315,#18316);
#16003=AXIS2_PLACEMENT_3D('',#18317,#18318,#18319);
#16004=COLOUR_RGB('',1.0,1.0,1.0);
#16005=CARTESIAN_POINT('',(3.25,6.425,-1.500000002));
#16006=AXIS2_PLACEMENT_3D('',#18320,#18321,#18322);
#16007=CARTESIAN_POINT('',(3.025,6.425,-1.5));
#16008=VECTOR('',#18323,1000.0);
#16009=COLOUR_RGB('',1.0,1.0,1.0);
#16010=CARTESIAN_POINT('',(3.25,6.425,-1.350000002));
#16011=CARTESIAN_POINT('',(3.25,6.425,-1.425));
#16012=VECTOR('',#18324,1000.0);
#16013=AXIS2_PLACEMENT_3D('',#18325,#18326,#18327);
#16014=COLOUR_RGB('',1.0,1.0,1.0);
#16015=AXIS2_PLACEMENT_3D('',#18328,#18329,#18330);
#16016=CARTESIAN_POINT('',(2.981066017,6.425,-1.35));
#16017=VECTOR('',#18331,1000.0);
#16018=COLOUR_RGB('',1.0,1.0,1.0);
#16019=AXIS2_PLACEMENT_3D('',#18332,#18333,#18334);
#16020=CARTESIAN_POINT('',(2.28786796576376,6.42499999992956,-1.35000000108352));
#16021=AXIS2_PLACEMENT_3D('',#18335,#18336,#18337);
#16022=AXIS2_PLACEMENT_3D('',#18338,#18339,#18340);
#16023=COLOUR_RGB('',1.0,1.0,1.0);
#16024=CARTESIAN_POINT('',(2.018933983,6.425,-1.35));
#16025=VECTOR('',#18341,1000.0);
#16026=COLOUR_RGB('',1.0,1.0,1.0);
#16027=CARTESIAN_POINT('',(-1.75,6.425,-1.500000002));
#16028=AXIS2_PLACEMENT_3D('',#18342,#18343,#18344);
#16029=CARTESIAN_POINT('',(-2.19999999925,6.42500000003236,-1.500000002));
#16030=CARTESIAN_POINT('',(-1.975,6.425,-1.5));
#16031=VECTOR('',#18345,1000.0);
#16032=AXIS2_PLACEMENT_3D('',#18346,#18347,#18348);
#16033=COLOUR_RGB('',1.0,1.0,1.0);
#16034=CARTESIAN_POINT('',(-1.75,6.425,-1.350000002));
#16035=CARTESIAN_POINT('',(-1.75,6.425,-1.425));
#16036=VECTOR('',#18349,1000.0);
#16037=AXIS2_PLACEMENT_3D('',#18350,#18351,#18352);
#16038=COLOUR_RGB('',1.0,1.0,1.0);
#16039=CARTESIAN_POINT('',(-2.018933983,6.425,-1.35));
#16040=VECTOR('',#18353,1000.0);
#16041=AXIS2_PLACEMENT_3D('',#18354,#18355,#18356);
#16042=COLOUR_RGB('',1.0,1.0,1.0);
#16043=CARTESIAN_POINT('',(-2.71213203423624,6.42499999964206,-1.35000000108352));
#16044=AXIS2_PLACEMENT_3D('',#18357,#18358,#18359);
#16045=AXIS2_PLACEMENT_3D('',#18360,#18361,#18362);
#16046=AXIS2_PLACEMENT_3D('',#18363,#18364,#18365);
#16047=COLOUR_RGB('',1.0,1.0,1.0);
#16048=CARTESIAN_POINT('',(-3.25,6.425,-1.350000002));
#16049=AXIS2_PLACEMENT_3D('',#18366,#18367,#18368);
#16050=CARTESIAN_POINT('',(-2.981066017,6.425,-1.35));
#16051=VECTOR('',#18369,1000.0);
#16052=COLOUR_RGB('',1.0,1.0,1.0);
#16053=CARTESIAN_POINT('',(-3.25,6.425,-1.500000002));
#16054=AXIS2_PLACEMENT_3D('',#18370,#18371,#18372);
#16055=CARTESIAN_POINT('',(-3.25,6.425,-1.425000002));
#16056=VECTOR('',#18373,1000.0);
#16057=COLOUR_RGB('',1.0,1.0,1.0);
#16058=CARTESIAN_POINT('',(-3.025,6.425,-1.5));
#16059=VECTOR('',#18374,1000.0);
#16060=AXIS2_PLACEMENT_3D('',#18375,#18376,#18377);
#16061=COLOUR_RGB('',1.0,1.0,1.0);
#16062=AXIS2_PLACEMENT_3D('',#18378,#18379,#18380);
#16063=COLOUR_RGB('',1.0,0.501960813999176,0.0);
#16064=CARTESIAN_POINT('',(-5.85,1.25,-1.400000000675));
#16065=CARTESIAN_POINT('',(-5.6375,1.25,-1.4));
#16066=VECTOR('',#18381,1000.0);
#16067=CARTESIAN_POINT('',(-5.85,1.25,-1.775));
#16068=VECTOR('',#18382,1000.0);
#16069=COLOUR_RGB('',1.0,0.501960813999176,0.0);
#16070=CARTESIAN_POINT('',(-5.85,0.0,0.55));
#16071=VECTOR('',#18383,1000.0);
#16072=COLOUR_RGB('',1.0,0.501960813999176,0.0);
#16073=CARTESIAN_POINT('',(-5.85,-1.25,-1.4000000009));
#16074=CARTESIAN_POINT('',(-5.85,-1.25,-1.775));
#16075=VECTOR('',#18384,1000.0);
#16076=CARTESIAN_POINT('',(-5.6375,-1.25,-1.4));
#16077=VECTOR('',#18385,1000.0);
#16078=COLOUR_RGB('',1.0,0.501960813999176,0.0);
#16079=CARTESIAN_POINT('',(-5.85,-2.975,-1.400000000675));
#16080=CARTESIAN_POINT('',(-5.85,0.0,-1.40000000135));
#16081=VECTOR('',#18386,1000.0);
#16082=CARTESIAN_POINT('',(-5.08561945,-2.975,-1.4));
#16083=VECTOR('',#18387,1000.0);
#16084=COLOUR_RGB('',1.0,0.501960813999176,0.0);
#16085=CARTESIAN_POINT('',(-5.85,-2.975,-0.800000000825));
#16086=CARTESIAN_POINT('',(-5.85,-2.975,-1.775));
#16087=VECTOR('',#18388,1000.0);
#16088=AXIS2_PLACEMENT_3D('',#18389,#18390,#18391);
#16089=COLOUR_RGB('',1.0,0.501960813999176,0.0);
#16090=CARTESIAN_POINT('',(-5.85,0.0,-0.80000000165));
#16091=VECTOR('',#18392,1000.0);
#16092=COLOUR_RGB('',0.0,0.0,1.0);
#16093=COLOUR_RGB('',0.0,0.0,1.0);
#16094=COLOUR_RGB('',1.0,0.501960813999176,0.0);
#16095=CARTESIAN_POINT('',(-5.85,2.975,-0.800000000825));
#16096=AXIS2_PLACEMENT_3D('',#18393,#18394,#18395);
#16097=CARTESIAN_POINT('',(-5.85,0.0,-0.80000000165));
#16098=VECTOR('',#18396,1000.0);
#16099=COLOUR_RGB('',1.0,0.501960813999176,0.0);
#16100=CARTESIAN_POINT('',(-5.85,2.975,-1.400000000675));
#16101=CARTESIAN_POINT('',(-5.85,2.975,-1.775));
#16102=VECTOR('',#18397,1000.0);
#16103=CARTESIAN_POINT('',(-5.6375,2.975,-1.4));
#16104=VECTOR('',#18398,1000.0);
#16105=COLOUR_RGB('',1.0,0.501960813999176,0.0);
#16106=CARTESIAN_POINT('',(-5.85,0.0,-1.40000000135));
#16107=VECTOR('',#18399,1000.0);
#16108=COLOUR_RGB('',1.0,0.501960813999176,0.0);
#16109=CARTESIAN_POINT('',(-5.44999999986875,-1.45,-4.1000000002));
#16110=CARTESIAN_POINT('',(-5.4499999999125,-1.449999998,-4.5));
#16111=CARTESIAN_POINT('',(-5.449999999825,-1.45,-4.19));
#16112=VECTOR('',#18400,1000.0);
#16113=CARTESIAN_POINT('',(-5.85,-1.45,-4.10000000002306));
#16114=AXIS2_PLACEMENT_3D('',#18401,#18402,#18403);
#16115=CARTESIAN_POINT('',(-5.6375,-1.45,-4.1000000002));
#16116=VECTOR('',#18404,1000.0);
#16117=COLOUR_RGB('',1.0,0.501960813999176,0.0);
#16118=CARTESIAN_POINT('',(-5.44999999997422,-4.475,-4.1));
#16119=CARTESIAN_POINT('',(-5.512925848,-4.475,-4.1));
#16120=VECTOR('',#18405,1000.0);
#16121=CARTESIAN_POINT('',(-5.45,-4.475000002,-4.5));
#16122=AXIS2_PLACEMENT_3D('',#18406,#18407,#18408);
#16123=CARTESIAN_POINT('',(-5.45,-4.475,-4.3));
#16124=VECTOR('',#18409,1000.0);
#16125=COLOUR_RGB('',1.0,0.501960813999176,0.0);
#16126=CARTESIAN_POINT('',(-5.45,-5.5000000000449,-4.1));
#16127=CARTESIAN_POINT('',(-5.17987246115278,-5.94402550779093,-4.1));
#16128=AXIS2_PLACEMENT_3D('',#18410,#18411,#18412);
#16129=AXIS2_PLACEMENT_3D('',#18413,#18414,#18415);
#16130=CARTESIAN_POINT('',(-5.45,-4.9875,-4.1));
#16131=VECTOR('',#18416,1000.0);
#16132=COLOUR_RGB('',1.0,0.501960813999176,0.0);
#16133=CARTESIAN_POINT('',(4.8500000005,-6.0,-4.09999999975));
#16134=CARTESIAN_POINT('',(4.850000001,-6.0,-2.25));
#16135=VECTOR('',#18417,1000.0);
#16136=CARTESIAN_POINT('',(5.17987246146474,-5.94402550769054,-4.1));
#16137=AXIS2_PLACEMENT_3D('',#18418,#18419,#18420);
#16138=AXIS2_PLACEMENT_3D('',#18421,#18422,#18423);
#16139=COLOUR_RGB('',0.0,0.0,1.0);
#16140=CARTESIAN_POINT('',(3.85,-5.35,-0.15));
#16141=VECTOR('',#18424,1000.0);
#16142=COLOUR_RGB('',0.0,0.0,1.0);
#16143=CARTESIAN_POINT('',(3.35,-5.35,-0.15));
#16144=VECTOR('',#18425,1000.0);
#16145=COLOUR_RGB('',0.0,0.0,1.0);
#16146=CARTESIAN_POINT('',(3.349999996,0.0,-0.55));
#16147=VECTOR('',#18426,1000.0);
#16148=COLOUR_RGB('',0.0,0.0,1.0);
#16149=CARTESIAN_POINT('',(2.7999999986,0.0,-0.55));
#16150=VECTOR('',#18427,1000.0);
#16151=COLOUR_RGB('',0.0,0.0,1.0);
#16152=CARTESIAN_POINT('',(1.3999999993,0.0,-0.55));
#16153=VECTOR('',#18428,1000.0);
#16154=COLOUR_RGB('',0.0,0.0,1.0);
#16155=CARTESIAN_POINT('',(-1.3999999993,0.0,-0.55));
#16156=VECTOR('',#18429,1000.0);
#16157=COLOUR_RGB('',0.0,0.0,1.0);
#16158=CARTESIAN_POINT('',(-2.7999999986,0.0,-0.55));
#16159=VECTOR('',#18430,1000.0);
#16160=COLOUR_RGB('',0.0,0.0,1.0);
#16161=CARTESIAN_POINT('',(-3.35,-5.35,-0.15));
#16162=VECTOR('',#18431,1000.0);
#16163=CARTESIAN_POINT('',(-3.349999996,0.0,-0.55));
#16164=VECTOR('',#18432,1000.0);
#16165=COLOUR_RGB('',0.0,0.0,1.0);
#16166=CARTESIAN_POINT('',(-3.85,-5.35,-0.15));
#16167=VECTOR('',#18433,1000.0);
#16168=COLOUR_RGB('',0.0,0.0,1.0);
#16169=COLOUR_RGB('',1.0,0.501960813999176,0.0);
#16170=CARTESIAN_POINT('',(-4.8500000005,-6.0,-4.09999999975));
#16171=CARTESIAN_POINT('',(-4.850000001,-6.0,-2.25));
#16172=VECTOR('',#18434,1000.0);
#16173=AXIS2_PLACEMENT_3D('',#18435,#18436,#18437);
#16174=COLOUR_RGB('',1.0,0.501960813999176,0.0);
#16175=CARTESIAN_POINT('',(-4.25,-5.8,-4.1));
#16176=CARTESIAN_POINT('',(-3.65,-5.8,-4.1));
#16177=CARTESIAN_POINT('',(-3.95,-5.8,-4.1));
#16178=VECTOR('',#18438,1000.0);
#16179=CARTESIAN_POINT('',(-3.650000000775,-6.0,-4.099999999875));
#16180=CARTESIAN_POINT('',(-3.65,-5.9,-4.1));
#16181=VECTOR('',#18439,1000.0);
#16182=CARTESIAN_POINT('',(-4.24999999806667,-6.0,-4.09999999966667));
#16183=CARTESIAN_POINT('',(0.0,-6.0,-4.0999999995));
#16184=VECTOR('',#18440,1000.0);
#16185=CARTESIAN_POINT('',(-4.25,-5.9,-4.1));
#16186=VECTOR('',#18441,1000.0);
#16187=COLOUR_RGB('',1.0,0.501960813999176,0.0);
#16188=CARTESIAN_POINT('',(-2.85,-5.8,-4.1));
#16189=CARTESIAN_POINT('',(-2.25,-5.8,-4.1));
#16190=CARTESIAN_POINT('',(-2.55,-5.8,-4.1));
#16191=VECTOR('',#18442,1000.0);
#16192=CARTESIAN_POINT('',(-2.249999999325,-6.0,-4.099999999875));
#16193=CARTESIAN_POINT('',(-2.25,-5.9,-4.1));
#16194=VECTOR('',#18443,1000.0);
#16195=CARTESIAN_POINT('',(-2.8500000003,-6.0,-4.099999999875));
#16196=CARTESIAN_POINT('',(0.0,-6.0,-4.0999999995));
#16197=VECTOR('',#18444,1000.0);
#16198=CARTESIAN_POINT('',(-2.85,-5.9,-4.1));
#16199=VECTOR('',#18445,1000.0);
#16200=COLOUR_RGB('',0.0,0.0,1.0);
#16201=CARTESIAN_POINT('',(-1.25,-6.15,-1.05));
#16202=VECTOR('',#18446,1000.0);
#16203=CARTESIAN_POINT('',(-1.25,-6.15,-2.3));
#16204=VECTOR('',#18447,1000.0);
#16205=COLOUR_RGB('',0.0,0.0,1.0);
#16206=CARTESIAN_POINT('',(1.25,-6.15,-1.05));
#16207=VECTOR('',#18448,1000.0);
#16208=COLOUR_RGB('',0.0,0.0,1.0);
#16209=CARTESIAN_POINT('',(1.25,-6.15,-2.3));
#16210=VECTOR('',#18449,1000.0);
#16211=COLOUR_RGB('',0.0,0.0,1.0);
#16212=COLOUR_RGB('',1.0,1.0,1.0);
#16213=CARTESIAN_POINT('',(1.75,-6.4625,-1.5));
#16214=VECTOR('',#18450,1000.0);
#16215=CARTESIAN_POINT('',(1.75,-6.4625,-1.35));
#16216=VECTOR('',#18451,1000.0);
#16217=COLOUR_RGB('',1.0,1.0,1.0);
#16218=CARTESIAN_POINT('',(2.28786796566959,-6.4625,-1.35000000007229));
#16219=VECTOR('',#18452,1000.0);
#16220=COLOUR_RGB('',1.0,1.0,1.0);
#16221=CARTESIAN_POINT('',(2.50000000004041,-6.4625,-1.5));
#16222=VECTOR('',#18453,1000.0);
#16223=COLOUR_RGB('',1.0,1.0,1.0);
#16224=CARTESIAN_POINT('',(2.712132034,-6.4625,-1.35));
#16225=VECTOR('',#18454,1000.0);
#16226=COLOUR_RGB('',1.0,1.0,1.0);
#16227=CARTESIAN_POINT('',(4.6,-6.3,-1.35));
#16228=VECTOR('',#18455,1000.0);
#16229=COLOUR_RGB('',1.0,1.0,1.0);
#16230=CARTESIAN_POINT('',(4.6,-6.4625,-1.5));
#16231=VECTOR('',#18456,1000.0);
#16232=COLOUR_RGB('',1.0,1.0,1.0);
#16233=CARTESIAN_POINT('',(2.80000000021067,-6.46250000024485,-1.49999999586129));
#16234=VECTOR('',#18457,1000.0);
#16235=COLOUR_RGB('',1.0,1.0,1.0);
#16236=CARTESIAN_POINT('',(2.5,-6.4625000005,-1.649999996));
#16237=VECTOR('',#18458,1000.0);
#16238=COLOUR_RGB('',1.0,1.0,1.0);
#16239=CARTESIAN_POINT('',(2.2,-6.4625,-1.5));
#16240=VECTOR('',#18459,1000.0);
#16241=COLOUR_RGB('',1.0,1.0,1.0);
#16242=COLOUR_RGB('',1.0,1.0,1.0);
#16243=CARTESIAN_POINT('',(-4.6,-6.3,-1.5));
#16244=VECTOR('',#18460,1000.0);
#16245=CARTESIAN_POINT('',(-2.80000000017027,-6.46250000024485,-1.49999999591517));
#16246=VECTOR('',#18461,1000.0);
#16247=COLOUR_RGB('',1.0,1.0,1.0);
#16248=CARTESIAN_POINT('',(-4.6,-6.4625,-1.35));
#16249=VECTOR('',#18462,1000.0);
#16250=COLOUR_RGB('',1.0,1.0,1.0);
#16251=CARTESIAN_POINT('',(-2.71213203433041,-6.4625,-1.35000000007229));
#16252=VECTOR('',#18463,1000.0);
#16253=COLOUR_RGB('',1.0,1.0,1.0);
#16254=CARTESIAN_POINT('',(-2.49999999995959,-6.4625,-1.5));
#16255=VECTOR('',#18464,1000.0);
#16256=COLOUR_RGB('',1.0,1.0,1.0);
#16257=CARTESIAN_POINT('',(-2.287867966,-6.4625,-1.35));
#16258=VECTOR('',#18465,1000.0);
#16259=COLOUR_RGB('',1.0,1.0,1.0);
#16260=CARTESIAN_POINT('',(-1.75,-6.4625,-1.35));
#16261=VECTOR('',#18466,1000.0);
#16262=COLOUR_RGB('',1.0,1.0,1.0);
#16263=CARTESIAN_POINT('',(-1.75,-6.4625,-1.5));
#16264=VECTOR('',#18467,1000.0);
#16265=COLOUR_RGB('',1.0,1.0,1.0);
#16266=CARTESIAN_POINT('',(-2.19999999978932,-6.46250000024485,-1.49999999586129));
#16267=VECTOR('',#18468,1000.0);
#16268=COLOUR_RGB('',1.0,1.0,1.0);
#16269=CARTESIAN_POINT('',(-2.5,-6.4625000005,-1.649999996));
#16270=VECTOR('',#18469,1000.0);
#16271=COLOUR_RGB('',1.0,1.0,1.0);
#16272=COLOUR_RGB('',1.0,0.501960813999176,0.0);
#16273=CARTESIAN_POINT('',(2.25,-5.8,-4.1));
#16274=CARTESIAN_POINT('',(2.85,-5.8,-4.1));
#16275=CARTESIAN_POINT('',(2.55,-5.8,-4.1));
#16276=VECTOR('',#18470,1000.0);
#16277=CARTESIAN_POINT('',(2.8500000003,-6.0,-4.099999999875));
#16278=CARTESIAN_POINT('',(2.85,-5.9,-4.1));
#16279=VECTOR('',#18471,1000.0);
#16280=CARTESIAN_POINT('',(2.249999999325,-6.0,-4.099999999875));
#16281=CARTESIAN_POINT('',(0.0,-6.0,-4.0999999995));
#16282=VECTOR('',#18472,1000.0);
#16283=CARTESIAN_POINT('',(2.25,-5.9,-4.1));
#16284=VECTOR('',#18473,1000.0);
#16285=COLOUR_RGB('',1.0,0.501960813999176,0.0);
#16286=CARTESIAN_POINT('',(3.65,-5.8,-4.1));
#16287=CARTESIAN_POINT('',(4.25,-5.8,-4.1));
#16288=CARTESIAN_POINT('',(3.95,-5.8,-4.1));
#16289=VECTOR('',#18474,1000.0);
#16290=CARTESIAN_POINT('',(4.249999999275,-6.0,-4.099999999875));
#16291=CARTESIAN_POINT('',(4.25,-5.9,-4.1));
#16292=VECTOR('',#18475,1000.0);
#16293=CARTESIAN_POINT('',(3.650000000775,-6.0,-4.099999999875));
#16294=CARTESIAN_POINT('',(0.0,-6.0,-4.0999999995));
#16295=VECTOR('',#18476,1000.0);
#16296=CARTESIAN_POINT('',(3.65,-5.9,-4.1));
#16297=VECTOR('',#18477,1000.0);
#16298=COLOUR_RGB('',1.0,0.501960813999176,0.0);
#16299=CARTESIAN_POINT('',(5.45,-4.475,-4.1));
#16300=CARTESIAN_POINT('',(5.6512,-4.475,-4.1));
#16301=VECTOR('',#18478,1000.0);
#16302=CARTESIAN_POINT('',(5.45,-5.5,-4.1));
#16303=AXIS2_PLACEMENT_3D('',#18479,#18480,#18481);
#16304=CARTESIAN_POINT('',(5.45,-4.9875,-4.1));
#16305=VECTOR('',#18482,1000.0);
#16306=COLOUR_RGB('',1.0,0.501960813999176,0.0);
#16307=CARTESIAN_POINT('',(5.45,-4.475000002,-4.5));
#16308=CARTESIAN_POINT('',(5.45,-4.475,-4.3));
#16309=VECTOR('',#18483,1000.0);
#16310=AXIS2_PLACEMENT_3D('',#18484,#18485,#18486);
#16311=COLOUR_RGB('',1.0,0.501960813999176,0.0);
#16312=CARTESIAN_POINT('',(5.45,-1.449999998,-4.5));
#16313=AXIS2_PLACEMENT_3D('',#18487,#18488,#18489);
#16314=CARTESIAN_POINT('',(5.45,-1.45,-4.3));
#16315=VECTOR('',#18490,1000.0);
#16316=COLOUR_RGB('',1.0,0.501960813999176,0.0);
#16317=CARTESIAN_POINT('',(5.85,-2.9625,-4.10000000008204));
#16318=VECTOR('',#18491,1000.0);
#16319=CARTESIAN_POINT('',(5.85,2.9625,-4.10000000008204));
#16320=VECTOR('',#18492,1000.0);
#16321=COLOUR_RGB('',1.0,0.501960813999176,0.0);
#16322=CARTESIAN_POINT('',(5.45,1.449999998,-4.5));
#16323=CARTESIAN_POINT('',(5.45,1.45,-4.3));
#16324=VECTOR('',#18493,1000.0);
#16325=AXIS2_PLACEMENT_3D('',#18494,#18495,#18496);
#16326=COLOUR_RGB('',1.0,0.501960813999176,0.0);
#16327=CARTESIAN_POINT('',(5.44999999997422,4.475,-4.1));
#16328=CARTESIAN_POINT('',(5.512925848,4.475,-4.1));
#16329=VECTOR('',#18497,1000.0);
#16330=CARTESIAN_POINT('',(5.45,4.475000002,-4.5));
#16331=AXIS2_PLACEMENT_3D('',#18498,#18499,#18500);
#16332=CARTESIAN_POINT('',(5.45,4.475,-4.3));
#16333=VECTOR('',#18501,1000.0);
#16334=COLOUR_RGB('',1.0,0.501960813999176,0.0);
#16335=CARTESIAN_POINT('',(5.45,5.49999999989745,-4.1));
#16336=CARTESIAN_POINT('',(5.1798724613401,5.9440255077408,-4.1));
#16337=AXIS2_PLACEMENT_3D('',#18502,#18503,#18504);
#16338=AXIS2_PLACEMENT_3D('',#18505,#18506,#18507);
#16339=CARTESIAN_POINT('',(5.45,4.9875,-4.1));
#16340=VECTOR('',#18508,1000.0);
#16341=COLOUR_RGB('',1.0,0.501960813999176,0.0);
#16342=CARTESIAN_POINT('',(-4.8500000005,6.0,-4.09999999975));
#16343=CARTESIAN_POINT('',(-4.850000001,6.0,-2.25));
#16344=VECTOR('',#18509,1000.0);
#16345=CARTESIAN_POINT('',(-5.17987246127742,5.94402550774067,-4.1));
#16346=AXIS2_PLACEMENT_3D('',#18510,#18511,#18512);
#16347=AXIS2_PLACEMENT_3D('',#18513,#18514,#18515);
#16348=COLOUR_RGB('',0.0,0.0,1.0);
#16349=CARTESIAN_POINT('',(-3.85,5.35,-0.15));
#16350=VECTOR('',#18516,1000.0);
#16351=COLOUR_RGB('',0.0,0.0,1.0);
#16352=CARTESIAN_POINT('',(-3.35,5.35,-0.15));
#16353=VECTOR('',#18517,1000.0);
#16354=COLOUR_RGB('',0.0,0.0,1.0);
#16355=CARTESIAN_POINT('',(-3.349999996,0.0,-0.55));
#16356=VECTOR('',#18518,1000.0);
#16357=COLOUR_RGB('',0.0,0.0,1.0);
#16358=CARTESIAN_POINT('',(-2.7999999986,0.0,-0.55));
#16359=VECTOR('',#18519,1000.0);
#16360=COLOUR_RGB('',0.0,0.0,1.0);
#16361=CARTESIAN_POINT('',(-1.3999999993,0.0,-0.55));
#16362=VECTOR('',#18520,1000.0);
#16363=COLOUR_RGB('',0.0,0.0,1.0);
#16364=CARTESIAN_POINT('',(3.35,5.35,-0.55));
#16365=VECTOR('',#18521,1000.0);
#16366=CARTESIAN_POINT('',(2.8,5.5,-0.55));
#16367=VECTOR('',#18522,1000.0);
#16368=CARTESIAN_POINT('',(1.4,5.5,-0.55));
#16369=VECTOR('',#18523,1000.0);
#16370=COLOUR_RGB('',0.0,0.0,1.0);
#16371=COLOUR_RGB('',0.0,0.0,1.0);
#16372=COLOUR_RGB('',0.0,0.0,1.0);
#16373=CARTESIAN_POINT('',(3.35,5.35,-0.15));
#16374=VECTOR('',#18524,1000.0);
#16375=COLOUR_RGB('',0.0,0.0,1.0);
#16376=CARTESIAN_POINT('',(3.85,5.35,-0.15));
#16377=VECTOR('',#18525,1000.0);
#16378=COLOUR_RGB('',0.0,0.0,1.0);
#16379=COLOUR_RGB('',1.0,0.501960813999176,0.0);
#16380=CARTESIAN_POINT('',(4.8500000005,6.0,-4.09999999975));
#16381=CARTESIAN_POINT('',(4.850000001,6.0,-2.25));
#16382=VECTOR('',#18526,1000.0);
#16383=AXIS2_PLACEMENT_3D('',#18527,#18528,#18529);
#16384=COLOUR_RGB('',1.0,0.501960813999176,0.0);
#16385=CARTESIAN_POINT('',(4.25,5.8,-4.1));
#16386=CARTESIAN_POINT('',(3.65,5.8,-4.1));
#16387=CARTESIAN_POINT('',(3.95,5.8,-4.1));
#16388=VECTOR('',#18530,1000.0);
#16389=CARTESIAN_POINT('',(3.650000000775,6.0,-4.099999999875));
#16390=CARTESIAN_POINT('',(3.65,5.9,-4.1));
#16391=VECTOR('',#18531,1000.0);
#16392=CARTESIAN_POINT('',(4.24999999806667,6.0,-4.09999999966667));
#16393=CARTESIAN_POINT('',(0.0,6.0,-4.0999999995));
#16394=VECTOR('',#18532,1000.0);
#16395=CARTESIAN_POINT('',(4.25,5.9,-4.1));
#16396=VECTOR('',#18533,1000.0);
#16397=COLOUR_RGB('',1.0,0.501960813999176,0.0);
#16398=CARTESIAN_POINT('',(2.85,5.8,-4.1));
#16399=CARTESIAN_POINT('',(2.25,5.8,-4.1));
#16400=CARTESIAN_POINT('',(2.55,5.8,-4.1));
#16401=VECTOR('',#18534,1000.0);
#16402=CARTESIAN_POINT('',(2.249999999325,6.0,-4.099999999875));
#16403=CARTESIAN_POINT('',(2.25,5.9,-4.1));
#16404=VECTOR('',#18535,1000.0);
#16405=CARTESIAN_POINT('',(2.8500000003,6.0,-4.099999999875));
#16406=CARTESIAN_POINT('',(0.0,6.0,-4.0999999995));
#16407=VECTOR('',#18536,1000.0);
#16408=CARTESIAN_POINT('',(2.85,5.9,-4.1));
#16409=VECTOR('',#18537,1000.0);
#16410=COLOUR_RGB('',1.0,1.0,1.0);
#16411=CARTESIAN_POINT('',(1.75,6.2125,-1.5));
#16412=VECTOR('',#18538,1000.0);
#16413=CARTESIAN_POINT('',(1.75,6.2125,-1.35));
#16414=VECTOR('',#18539,1000.0);
#16415=COLOUR_RGB('',1.0,1.0,1.0);
#16416=COLOUR_RGB('',1.0,1.0,1.0);
#16417=CARTESIAN_POINT('',(2.8,6.2125,-1.5));
#16418=VECTOR('',#18540,1000.0);
#16419=COLOUR_RGB('',1.0,1.0,1.0);
#16420=CARTESIAN_POINT('',(3.25,6.2125,-1.5));
#16421=VECTOR('',#18541,1000.0);
#16422=COLOUR_RGB('',1.0,1.0,1.0);
#16423=CARTESIAN_POINT('',(3.25,6.2125,-1.35));
#16424=VECTOR('',#18542,1000.0);
#16425=COLOUR_RGB('',1.0,1.0,1.0);
#16426=COLOUR_RGB('',1.0,1.0,1.0);
#16427=CARTESIAN_POINT('',(2.287867966,6.2125,-1.35));
#16428=VECTOR('',#18543,1000.0);
#16429=COLOUR_RGB('',1.0,1.0,1.0);
#16430=COLOUR_RGB('',1.0,1.0,1.0);
#16431=CARTESIAN_POINT('',(-1.75,6.2125,-1.5));
#16432=VECTOR('',#18544,1000.0);
#16433=CARTESIAN_POINT('',(-2.19999999981084,6.2124999999314,-1.50000000157188));
#16434=VECTOR('',#18545,1000.0);
#16435=COLOUR_RGB('',1.0,1.0,1.0);
#16436=CARTESIAN_POINT('',(-1.75,6.2125,-1.35));
#16437=VECTOR('',#18546,1000.0);
#16438=COLOUR_RGB('',1.0,1.0,1.0);
#16439=COLOUR_RGB('',1.0,1.0,1.0);
#16440=CARTESIAN_POINT('',(-2.712132034,6.2125,-1.35));
#16441=VECTOR('',#18547,1000.0);
#16442=COLOUR_RGB('',1.0,1.0,1.0);
#16443=CARTESIAN_POINT('',(-3.25,6.2125,-1.35));
#16444=VECTOR('',#18548,1000.0);
#16445=COLOUR_RGB('',1.0,1.0,1.0);
#16446=CARTESIAN_POINT('',(-3.25,6.2125,-1.5));
#16447=VECTOR('',#18549,1000.0);
#16448=COLOUR_RGB('',1.0,1.0,1.0);
#16449=COLOUR_RGB('',1.0,1.0,1.0);
#16450=COLOUR_RGB('',1.0,0.501960813999176,0.0);
#16451=CARTESIAN_POINT('',(-2.25,5.8,-4.1));
#16452=CARTESIAN_POINT('',(-2.85,5.8,-4.1));
#16453=CARTESIAN_POINT('',(-2.55,5.8,-4.1));
#16454=VECTOR('',#18550,1000.0);
#16455=CARTESIAN_POINT('',(-2.8500000003,6.0,-4.099999999875));
#16456=CARTESIAN_POINT('',(-2.85,5.9,-4.1));
#16457=VECTOR('',#18551,1000.0);
#16458=CARTESIAN_POINT('',(-2.249999999325,6.0,-4.099999999875));
#16459=CARTESIAN_POINT('',(0.0,6.0,-4.0999999995));
#16460=VECTOR('',#18552,1000.0);
#16461=CARTESIAN_POINT('',(-2.25,5.9,-4.1));
#16462=VECTOR('',#18553,1000.0);
#16463=COLOUR_RGB('',1.0,0.501960813999176,0.0);
#16464=CARTESIAN_POINT('',(-3.65,5.8,-4.1));
#16465=CARTESIAN_POINT('',(-4.25,5.8,-4.1));
#16466=CARTESIAN_POINT('',(-3.95,5.8,-4.1));
#16467=VECTOR('',#18554,1000.0);
#16468=CARTESIAN_POINT('',(-4.249999999275,6.0,-4.099999999875));
#16469=CARTESIAN_POINT('',(-4.25,5.9,-4.1));
#16470=VECTOR('',#18555,1000.0);
#16471=CARTESIAN_POINT('',(-3.650000000775,6.0,-4.099999999875));
#16472=CARTESIAN_POINT('',(0.0,6.0,-4.0999999995));
#16473=VECTOR('',#18556,1000.0);
#16474=CARTESIAN_POINT('',(-3.65,5.9,-4.1));
#16475=VECTOR('',#18557,1000.0);
#16476=COLOUR_RGB('',1.0,0.501960813999176,0.0);
#16477=CARTESIAN_POINT('',(-5.45,4.475,-4.1));
#16478=CARTESIAN_POINT('',(-5.6512,4.475,-4.1));
#16479=VECTOR('',#18558,1000.0);
#16480=CARTESIAN_POINT('',(-5.45,5.5,-4.1));
#16481=AXIS2_PLACEMENT_3D('',#18559,#18560,#18561);
#16482=CARTESIAN_POINT('',(-5.45,4.9875,-4.1));
#16483=VECTOR('',#18562,1000.0);
#16484=COLOUR_RGB('',1.0,0.501960813999176,0.0);
#16485=CARTESIAN_POINT('',(-5.85,-2.9625,-4.09999999984612));
#16486=VECTOR('',#18563,1000.0);
#16487=CARTESIAN_POINT('',(-5.85,1.45,-4.10000000002306));
#16488=CARTESIAN_POINT('',(-5.85,2.9625,-4.09999999984612));
#16489=VECTOR('',#18564,1000.0);
#16490=CARTESIAN_POINT('',(-5.85,1.45,-3.87999999993333));
#16491=CARTESIAN_POINT('',(-5.85,1.45,-1.775));
#16492=VECTOR('',#18565,1000.0);
#16493=CARTESIAN_POINT('',(-5.85,-1.45,-3.88));
#16494=CARTESIAN_POINT('',(-5.85,0.0,-3.88));
#16495=VECTOR('',#18566,1000.0);
#16496=CARTESIAN_POINT('',(-5.85,-1.45,-4.19));
#16497=VECTOR('',#18567,1000.0);
#16498=COLOUR_RGB('',1.0,0.501960813999176,0.0);
#16499=CARTESIAN_POINT('',(-5.45,4.475000002,-4.5));
#16500=CARTESIAN_POINT('',(-5.45,4.475,-4.3));
#16501=VECTOR('',#18568,1000.0);
#16502=AXIS2_PLACEMENT_3D('',#18569,#18570,#18571);
#16503=COLOUR_RGB('',1.0,0.501960813999176,0.0);
#16504=CARTESIAN_POINT('',(-5.44999999986875,1.45,-4.10000000015));
#16505=CARTESIAN_POINT('',(-5.6375,1.45,-4.1000000002));
#16506=VECTOR('',#18572,1000.0);
#16507=CARTESIAN_POINT('',(-5.4499999999125,1.449999998,-4.5));
#16508=AXIS2_PLACEMENT_3D('',#18573,#18574,#18575);
#16509=CARTESIAN_POINT('',(-5.449999999825,1.45,-4.19));
#16510=VECTOR('',#18576,1000.0);
#16511=COLOUR_RGB('',1.0,0.501960813999176,0.0);
#16512=CARTESIAN_POINT('',(-5.425,-1.45,-3.88));
#16513=CARTESIAN_POINT('',(-5.425,1.45,-3.88));
#16514=CARTESIAN_POINT('',(-5.425,0.0,-3.88));
#16515=VECTOR('',#18577,1000.0);
#16516=CARTESIAN_POINT('',(-5.6375,-1.45,-3.88));
#16517=VECTOR('',#18578,1000.0);
#16518=CARTESIAN_POINT('',(-5.6375,1.45,-3.88));
#16519=VECTOR('',#18579,1000.0);
#16520=COLOUR_RGB('',1.0,0.501960813999176,0.0);
#16521=CARTESIAN_POINT('',(-5.05,5.09999999983592,-4.1));
#16522=CARTESIAN_POINT('',(-4.25,5.09999999996408,-4.1));
#16523=AXIS2_PLACEMENT_3D('',#18580,#18581,#18582);
#16524=AXIS2_PLACEMENT_3D('',#18583,#18584,#18585);
#16525=COLOUR_RGB('',1.0,0.501960813999176,0.0);
#16526=CARTESIAN_POINT('',(4.25,-5.10000000016408,-4.1));
#16527=CARTESIAN_POINT('',(5.05,-5.10000000003592,-4.1));
#16528=AXIS2_PLACEMENT_3D('',#18586,#18587,#18588);
#16529=AXIS2_PLACEMENT_3D('',#18589,#18590,#18591);
#16530=COLOUR_RGB('',1.0,0.501960813999176,0.0);
#16531=CARTESIAN_POINT('',(-5.4249999999,-1.44999999733333,-4.5));
#16532=CARTESIAN_POINT('',(-5.425,-1.45,-4.19));
#16533=VECTOR('',#18592,1000.0);
#16534=CARTESIAN_POINT('',(0.0,-1.449999996,-4.5));
#16535=VECTOR('',#18593,1000.0);
#16536=COLOUR_RGB('',1.0,0.501960813999176,0.0);
#16537=CARTESIAN_POINT('',(-5.45,0.0,-4.5));
#16538=VECTOR('',#18594,1000.0);
#16539=COLOUR_RGB('',1.0,0.501960813999176,0.0);
#16540=CARTESIAN_POINT('',(-5.45,-5.5000000000449,-4.5));
#16541=CARTESIAN_POINT('',(-5.45,0.0,-4.5));
#16542=VECTOR('',#18595,1000.0);
#16543=CARTESIAN_POINT('',(-5.45,-5.50000000008979,-4.3));
#16544=VECTOR('',#18596,1000.0);
#16545=COLOUR_RGB('',1.0,0.501960813999176,0.0);
#16546=CARTESIAN_POINT('',(-4.95,-6.0,-4.5));
#16547=AXIS2_PLACEMENT_3D('',#18597,#18598,#18599);
#16548=CARTESIAN_POINT('',(-4.95,-6.0,-4.09999999975));
#16549=CARTESIAN_POINT('',(-4.95,-6.0,-2.25));
#16550=VECTOR('',#18600,1000.0);
#16551=AXIS2_PLACEMENT_3D('',#18601,#18602,#18603);
#16552=COLOUR_RGB('',1.0,0.501960813999176,0.0);
#16553=CARTESIAN_POINT('',(-4.2499999999,-6.0,-4.5));
#16554=CARTESIAN_POINT('',(-4.250000000325,-5.799999999,-4.5));
#16555=CARTESIAN_POINT('',(-4.2500000013,0.0,-4.5));
#16556=VECTOR('',#18604,1000.0);
#16557=CARTESIAN_POINT('',(-4.25,-5.8,-4.3));
#16558=VECTOR('',#18605,1000.0);
#16559=CARTESIAN_POINT('',(-4.2499999971,-6.0,-2.25));
#16560=VECTOR('',#18606,1000.0);
#16561=COLOUR_RGB('',1.0,0.501960813999176,0.0);
#16562=CARTESIAN_POINT('',(-3.649999999125,-5.799999999,-4.5));
#16563=CARTESIAN_POINT('',(0.0,-5.799999996,-4.5));
#16564=VECTOR('',#18607,1000.0);
#16565=CARTESIAN_POINT('',(-3.65,-5.8,-4.3));
#16566=VECTOR('',#18608,1000.0);
#16567=COLOUR_RGB('',1.0,0.501960813999176,0.0);
#16568=CARTESIAN_POINT('',(-3.6499999999,-6.0,-4.5));
#16569=CARTESIAN_POINT('',(-3.6499999965,0.0,-4.5));
#16570=VECTOR('',#18609,1000.0);
#16571=CARTESIAN_POINT('',(-3.6500000031,-6.0,-2.25));
#16572=VECTOR('',#18610,1000.0);
#16573=COLOUR_RGB('',1.0,0.501960813999176,0.0);
#16574=CARTESIAN_POINT('',(-2.85000000085,-6.0,-4.5));
#16575=CARTESIAN_POINT('',(-2.85000000025,-5.799999999,-4.5));
#16576=CARTESIAN_POINT('',(-2.850000001,0.0,-4.5));
#16577=VECTOR('',#18611,1000.0);
#16578=CARTESIAN_POINT('',(-2.85,-5.8,-4.3));
#16579=VECTOR('',#18612,1000.0);
#16580=CARTESIAN_POINT('',(-2.8500000012,-6.0,-2.25));
#16581=VECTOR('',#18613,1000.0);
#16582=COLOUR_RGB('',1.0,0.501960813999176,0.0);
#16583=CARTESIAN_POINT('',(-2.24999999905,-5.799999999,-4.5));
#16584=CARTESIAN_POINT('',(0.0,-5.799999996,-4.5));
#16585=VECTOR('',#18614,1000.0);
#16586=CARTESIAN_POINT('',(-2.25,-5.8,-4.3));
#16587=VECTOR('',#18615,1000.0);
#16588=COLOUR_RGB('',1.0,0.501960813999176,0.0);
#16589=CARTESIAN_POINT('',(-2.249999998375,-6.0,-4.5));
#16590=CARTESIAN_POINT('',(-2.2499999962,0.0,-4.5));
#16591=VECTOR('',#18616,1000.0);
#16592=CARTESIAN_POINT('',(-2.2499999973,-6.0,-2.25));
#16593=VECTOR('',#18617,1000.0);
#16594=COLOUR_RGB('',1.0,0.501960813999176,0.0);
#16595=CARTESIAN_POINT('',(0.0,-6.0,-4.0999999995));
#16596=VECTOR('',#18618,1000.0);
#16597=CARTESIAN_POINT('',(0.0,-6.0,-4.5));
#16598=VECTOR('',#18619,1000.0);
#16599=CARTESIAN_POINT('',(0.0,-6.0,-4.5));
#16600=VECTOR('',#18620,1000.0);
#16601=CARTESIAN_POINT('',(2.2499999977,-6.0,-4.5));
#16602=CARTESIAN_POINT('',(0.0,-6.0,-4.5));
#16603=VECTOR('',#18621,1000.0);
#16604=CARTESIAN_POINT('',(2.25,-6.0,-4.3));
#16605=VECTOR('',#18622,1000.0);
#16606=CARTESIAN_POINT('',(2.85000000085,-6.0,-4.5));
#16607=CARTESIAN_POINT('',(2.85,-6.0,-4.3));
#16608=VECTOR('',#18623,1000.0);
#16609=CARTESIAN_POINT('',(3.650000000675,-6.0,-4.5));
#16610=CARTESIAN_POINT('',(0.0,-6.0,-4.5));
#16611=VECTOR('',#18624,1000.0);
#16612=CARTESIAN_POINT('',(3.65,-6.0,-4.3));
#16613=VECTOR('',#18625,1000.0);
#16614=CARTESIAN_POINT('',(4.2499999971,-6.0,-4.5));
#16615=CARTESIAN_POINT('',(4.25,-6.0,-4.3));
#16616=VECTOR('',#18626,1000.0);
#16617=CARTESIAN_POINT('',(4.95000000009617,-6.0,-4.5));
#16618=CARTESIAN_POINT('',(0.0,-6.0,-4.5));
#16619=VECTOR('',#18627,1000.0);
#16620=CARTESIAN_POINT('',(4.95000000009617,-6.0,-4.09999999975));
#16621=CARTESIAN_POINT('',(4.95000000019235,-6.0,-4.3));
#16622=VECTOR('',#18628,1000.0);
#16623=CARTESIAN_POINT('',(0.0,-6.0,-4.0999999995));
#16624=VECTOR('',#18629,1000.0);
#16625=COLOUR_RGB('',1.0,0.501960813999176,0.0);
#16626=CARTESIAN_POINT('',(2.24999999905,-5.799999999,-4.5));
#16627=CARTESIAN_POINT('',(2.2499999962,0.0,-4.5));
#16628=VECTOR('',#18630,1000.0);
#16629=CARTESIAN_POINT('',(2.25,-5.8,-4.3));
#16630=VECTOR('',#18631,1000.0);
#16631=COLOUR_RGB('',1.0,0.501960813999176,0.0);
#16632=CARTESIAN_POINT('',(2.85000000025,-5.799999999,-4.5));
#16633=CARTESIAN_POINT('',(0.0,-5.799999996,-4.5));
#16634=VECTOR('',#18632,1000.0);
#16635=CARTESIAN_POINT('',(2.85,-5.8,-4.3));
#16636=VECTOR('',#18633,1000.0);
#16637=COLOUR_RGB('',1.0,0.501960813999176,0.0);
#16638=CARTESIAN_POINT('',(2.850000001,0.0,-4.5));
#16639=VECTOR('',#18634,1000.0);
#16640=COLOUR_RGB('',1.0,0.501960813999176,0.0);
#16641=CARTESIAN_POINT('',(3.649999999125,-5.799999999,-4.5));
#16642=CARTESIAN_POINT('',(3.6499999965,0.0,-4.5));
#16643=VECTOR('',#18635,1000.0);
#16644=CARTESIAN_POINT('',(3.65,-5.8,-4.3));
#16645=VECTOR('',#18636,1000.0);
#16646=COLOUR_RGB('',1.0,0.501960813999176,0.0);
#16647=CARTESIAN_POINT('',(4.250000000325,-5.799999999,-4.5));
#16648=CARTESIAN_POINT('',(0.0,-5.799999996,-4.5));
#16649=VECTOR('',#18637,1000.0);
#16650=CARTESIAN_POINT('',(4.25,-5.8,-4.3));
#16651=VECTOR('',#18638,1000.0);
#16652=COLOUR_RGB('',1.0,0.501960813999176,0.0);
#16653=CARTESIAN_POINT('',(4.2500000013,0.0,-4.5));
#16654=VECTOR('',#18639,1000.0);
#16655=COLOUR_RGB('',1.0,0.501960813999176,0.0);
#16656=CARTESIAN_POINT('',(5.45,-5.5,-4.5));
#16657=AXIS2_PLACEMENT_3D('',#18640,#18641,#18642);
#16658=CARTESIAN_POINT('',(5.45,-5.5,-4.3));
#16659=VECTOR('',#18643,1000.0);
#16660=AXIS2_PLACEMENT_3D('',#18644,#18645,#18646);
#16661=COLOUR_RGB('',1.0,0.501960813999176,0.0);
#16662=CARTESIAN_POINT('',(5.45,0.0,-4.5));
#16663=VECTOR('',#18647,1000.0);
#16664=COLOUR_RGB('',1.0,0.501960813999176,0.0);
#16665=CARTESIAN_POINT('',(5.45,0.0,-4.5));
#16666=VECTOR('',#18648,1000.0);
#16667=COLOUR_RGB('',1.0,0.501960813999176,0.0);
#16668=CARTESIAN_POINT('',(5.42499999986667,-1.44999999733333,-4.5));
#16669=CARTESIAN_POINT('',(5.425,-1.45,-4.1));
#16670=CARTESIAN_POINT('',(5.425,-1.45,-4.3));
#16671=VECTOR('',#18649,1000.0);
#16672=CARTESIAN_POINT('',(5.4375,-1.45,-4.1));
#16673=VECTOR('',#18650,1000.0);
#16674=CARTESIAN_POINT('',(0.0,-1.449999996,-4.5));
#16675=VECTOR('',#18651,1000.0);
#16676=COLOUR_RGB('',1.0,0.501960813999176,0.0);
#16677=CARTESIAN_POINT('',(5.425,1.45,-4.1));
#16678=CARTESIAN_POINT('',(5.425,0.0,-4.1));
#16679=VECTOR('',#18652,1000.0);
#16680=CARTESIAN_POINT('',(5.42499999986667,1.44999999733333,-4.5));
#16681=CARTESIAN_POINT('',(5.4249999998,0.0,-4.5));
#16682=VECTOR('',#18653,1000.0);
#16683=CARTESIAN_POINT('',(5.425,1.45,-4.3));
#16684=VECTOR('',#18654,1000.0);
#16685=COLOUR_RGB('',1.0,0.501960813999176,0.0);
#16686=CARTESIAN_POINT('',(0.0,1.449999996,-4.5));
#16687=VECTOR('',#18655,1000.0);
#16688=CARTESIAN_POINT('',(5.4375,1.45,-4.1));
#16689=VECTOR('',#18656,1000.0);
#16690=COLOUR_RGB('',1.0,0.501960813999176,0.0);
#16691=CARTESIAN_POINT('',(5.45,0.0,-4.5));
#16692=VECTOR('',#18657,1000.0);
#16693=COLOUR_RGB('',1.0,0.501960813999176,0.0);
#16694=CARTESIAN_POINT('',(5.45,5.49999999989745,-4.5));
#16695=CARTESIAN_POINT('',(5.45,0.0,-4.5));
#16696=VECTOR('',#18658,1000.0);
#16697=CARTESIAN_POINT('',(5.45,5.4999999997949,-4.3));
#16698=VECTOR('',#18659,1000.0);
#16699=COLOUR_RGB('',1.0,0.501960813999176,0.0);
#16700=CARTESIAN_POINT('',(4.95,6.0,-4.5));
#16701=AXIS2_PLACEMENT_3D('',#18660,#18661,#18662);
#16702=CARTESIAN_POINT('',(4.95,6.0,-4.09999999975));
#16703=CARTESIAN_POINT('',(4.95,6.0,-2.25));
#16704=VECTOR('',#18663,1000.0);
#16705=AXIS2_PLACEMENT_3D('',#18664,#18665,#18666);
#16706=COLOUR_RGB('',1.0,0.501960813999176,0.0);
#16707=CARTESIAN_POINT('',(4.2499999999,6.0,-4.5));
#16708=CARTESIAN_POINT('',(4.250000000325,5.799999999,-4.5));
#16709=CARTESIAN_POINT('',(4.2500000013,0.0,-4.5));
#16710=VECTOR('',#18667,1000.0);
#16711=CARTESIAN_POINT('',(4.25,5.8,-4.3));
#16712=VECTOR('',#18668,1000.0);
#16713=CARTESIAN_POINT('',(4.2499999971,6.0,-2.25));
#16714=VECTOR('',#18669,1000.0);
#16715=COLOUR_RGB('',1.0,0.501960813999176,0.0);
#16716=CARTESIAN_POINT('',(3.649999999125,5.799999999,-4.5));
#16717=CARTESIAN_POINT('',(0.0,5.799999996,-4.5));
#16718=VECTOR('',#18670,1000.0);
#16719=CARTESIAN_POINT('',(3.65,5.8,-4.3));
#16720=VECTOR('',#18671,1000.0);
#16721=COLOUR_RGB('',1.0,0.501960813999176,0.0);
#16722=CARTESIAN_POINT('',(3.6499999999,6.0,-4.5));
#16723=CARTESIAN_POINT('',(3.6499999965,0.0,-4.5));
#16724=VECTOR('',#18672,1000.0);
#16725=CARTESIAN_POINT('',(3.6500000031,6.0,-2.25));
#16726=VECTOR('',#18673,1000.0);
#16727=COLOUR_RGB('',1.0,0.501960813999176,0.0);
#16728=CARTESIAN_POINT('',(2.85000000085,6.0,-4.5));
#16729=CARTESIAN_POINT('',(2.85000000025,5.799999999,-4.5));
#16730=CARTESIAN_POINT('',(2.850000001,0.0,-4.5));
#16731=VECTOR('',#18674,1000.0);
#16732=CARTESIAN_POINT('',(2.85,5.8,-4.3));
#16733=VECTOR('',#18675,1000.0);
#16734=CARTESIAN_POINT('',(2.8500000012,6.0,-2.25));
#16735=VECTOR('',#18676,1000.0);
#16736=COLOUR_RGB('',1.0,0.501960813999176,0.0);
#16737=CARTESIAN_POINT('',(2.24999999905,5.799999999,-4.5));
#16738=CARTESIAN_POINT('',(0.0,5.799999996,-4.5));
#16739=VECTOR('',#18677,1000.0);
#16740=CARTESIAN_POINT('',(2.25,5.8,-4.3));
#16741=VECTOR('',#18678,1000.0);
#16742=COLOUR_RGB('',1.0,0.501960813999176,0.0);
#16743=CARTESIAN_POINT('',(2.249999998375,6.0,-4.5));
#16744=CARTESIAN_POINT('',(2.2499999962,0.0,-4.5));
#16745=VECTOR('',#18679,1000.0);
#16746=CARTESIAN_POINT('',(2.2499999973,6.0,-2.25));
#16747=VECTOR('',#18680,1000.0);
#16748=COLOUR_RGB('',1.0,0.501960813999176,0.0);
#16749=CARTESIAN_POINT('',(0.0,6.0,-4.0999999995));
#16750=VECTOR('',#18681,1000.0);
#16751=CARTESIAN_POINT('',(0.0,6.0,-4.5));
#16752=VECTOR('',#18682,1000.0);
#16753=CARTESIAN_POINT('',(0.0,6.0,-4.5));
#16754=VECTOR('',#18683,1000.0);
#16755=CARTESIAN_POINT('',(-2.2499999977,6.0,-4.5));
#16756=CARTESIAN_POINT('',(0.0,6.0,-4.5));
#16757=VECTOR('',#18684,1000.0);
#16758=CARTESIAN_POINT('',(-2.25,6.0,-4.3));
#16759=VECTOR('',#18685,1000.0);
#16760=CARTESIAN_POINT('',(-2.85000000085,6.0,-4.5));
#16761=CARTESIAN_POINT('',(-2.85,6.0,-4.3));
#16762=VECTOR('',#18686,1000.0);
#16763=CARTESIAN_POINT('',(-3.650000000675,6.0,-4.5));
#16764=CARTESIAN_POINT('',(0.0,6.0,-4.5));
#16765=VECTOR('',#18687,1000.0);
#16766=CARTESIAN_POINT('',(-3.65,6.0,-4.3));
#16767=VECTOR('',#18688,1000.0);
#16768=CARTESIAN_POINT('',(-4.2499999971,6.0,-4.5));
#16769=CARTESIAN_POINT('',(-4.25,6.0,-4.3));
#16770=VECTOR('',#18689,1000.0);
#16771=CARTESIAN_POINT('',(-4.94999999994872,6.0,-4.5));
#16772=CARTESIAN_POINT('',(0.0,6.0,-4.5));
#16773=VECTOR('',#18690,1000.0);
#16774=CARTESIAN_POINT('',(-4.94999999994872,6.0,-4.09999999975));
#16775=CARTESIAN_POINT('',(-4.94999999989745,6.0,-4.3));
#16776=VECTOR('',#18691,1000.0);
#16777=CARTESIAN_POINT('',(0.0,6.0,-4.0999999995));
#16778=VECTOR('',#18692,1000.0);
#16779=COLOUR_RGB('',1.0,0.501960813999176,0.0);
#16780=CARTESIAN_POINT('',(-2.24999999905,5.799999999,-4.5));
#16781=CARTESIAN_POINT('',(-2.2499999962,0.0,-4.5));
#16782=VECTOR('',#18693,1000.0);
#16783=CARTESIAN_POINT('',(-2.25,5.8,-4.3));
#16784=VECTOR('',#18694,1000.0);
#16785=COLOUR_RGB('',1.0,0.501960813999176,0.0);
#16786=CARTESIAN_POINT('',(-2.85000000025,5.799999999,-4.5));
#16787=CARTESIAN_POINT('',(0.0,5.799999996,-4.5));
#16788=VECTOR('',#18695,1000.0);
#16789=CARTESIAN_POINT('',(-2.85,5.8,-4.3));
#16790=VECTOR('',#18696,1000.0);
#16791=COLOUR_RGB('',1.0,0.501960813999176,0.0);
#16792=CARTESIAN_POINT('',(-2.850000001,0.0,-4.5));
#16793=VECTOR('',#18697,1000.0);
#16794=COLOUR_RGB('',1.0,0.501960813999176,0.0);
#16795=CARTESIAN_POINT('',(-3.649999999125,5.799999999,-4.5));
#16796=CARTESIAN_POINT('',(-3.6499999965,0.0,-4.5));
#16797=VECTOR('',#18698,1000.0);
#16798=CARTESIAN_POINT('',(-3.65,5.8,-4.3));
#16799=VECTOR('',#18699,1000.0);
#16800=COLOUR_RGB('',1.0,0.501960813999176,0.0);
#16801=CARTESIAN_POINT('',(-4.250000000325,5.799999999,-4.5));
#16802=CARTESIAN_POINT('',(0.0,5.799999996,-4.5));
#16803=VECTOR('',#18700,1000.0);
#16804=CARTESIAN_POINT('',(-4.25,5.8,-4.3));
#16805=VECTOR('',#18701,1000.0);
#16806=COLOUR_RGB('',1.0,0.501960813999176,0.0);
#16807=CARTESIAN_POINT('',(-4.2500000013,0.0,-4.5));
#16808=VECTOR('',#18702,1000.0);
#16809=COLOUR_RGB('',1.0,0.501960813999176,0.0);
#16810=CARTESIAN_POINT('',(-5.45,5.5,-4.5));
#16811=AXIS2_PLACEMENT_3D('',#18703,#18704,#18705);
#16812=CARTESIAN_POINT('',(-5.45,5.5,-4.3));
#16813=VECTOR('',#18706,1000.0);
#16814=AXIS2_PLACEMENT_3D('',#18707,#18708,#18709);
#16815=COLOUR_RGB('',1.0,0.501960813999176,0.0);
#16816=CARTESIAN_POINT('',(-5.45,0.0,-4.5));
#16817=VECTOR('',#18710,1000.0);
#16818=COLOUR_RGB('',1.0,0.501960813999176,0.0);
#16819=CARTESIAN_POINT('',(-5.45,0.0,-4.5));
#16820=VECTOR('',#18711,1000.0);
#16821=COLOUR_RGB('',1.0,0.501960813999176,0.0);
#16822=CARTESIAN_POINT('',(-5.42499999995,1.449999999,-4.5));
#16823=CARTESIAN_POINT('',(0.0,1.449999996,-4.5));
#16824=VECTOR('',#18712,1000.0);
#16825=CARTESIAN_POINT('',(-5.425,1.45,-4.19));
#16826=VECTOR('',#18713,1000.0);
#16827=COLOUR_RGB('',1.0,0.501960813999176,0.0);
#16828=CARTESIAN_POINT('',(-5.4249999998,0.0,-4.5));
#16829=VECTOR('',#18714,1000.0);
#16830=COLOUR_RGB('',1.0,0.501960813999176,0.0);
#16831=CARTESIAN_POINT('',(-4.25,5.1,-4.5));
#16832=CARTESIAN_POINT('',(-4.25,5.1,-4.3));
#16833=VECTOR('',#18715,1000.0);
#16834=CARTESIAN_POINT('',(-5.05,5.09999999983592,-4.5));
#16835=AXIS2_PLACEMENT_3D('',#18716,#18717,#18718);
#16836=CARTESIAN_POINT('',(-5.05,5.09999999983592,-4.3));
#16837=VECTOR('',#18719,1000.0);
#16838=COLOUR_RGB('',1.0,0.501960813999176,0.0);
#16839=AXIS2_PLACEMENT_3D('',#18720,#18721,#18722);
#16840=COLOUR_RGB('',1.0,0.501960813999176,0.0);
#16841=CARTESIAN_POINT('',(5.05,-5.1,-4.5));
#16842=CARTESIAN_POINT('',(5.05,-5.1,-4.3));
#16843=VECTOR('',#18723,1000.0);
#16844=CARTESIAN_POINT('',(4.25,-5.10000000016408,-4.5));
#16845=AXIS2_PLACEMENT_3D('',#18724,#18725,#18726);
#16846=CARTESIAN_POINT('',(4.25,-5.10000000016408,-4.3));
#16847=VECTOR('',#18727,1000.0);
#16848=COLOUR_RGB('',1.0,0.501960813999176,0.0);
#16849=AXIS2_PLACEMENT_3D('',#18728,#18729,#18730);
#16850=COLOUR_RGB('',1.0,0.501960813999176,0.0);
#16851=CARTESIAN_POINT('',(-3.99999999928642,0.0,-4.49999999984028));
#16852=CARTESIAN_POINT('',(3.99999999928642,0.0,-4.49999999984028));
#16853=CARTESIAN_POINT('',(-3.99999999928642,0.0,-4.49999999984028));
#16854=CARTESIAN_POINT('',(-3.99995235510999,-0.190552514727772,-4.5));
#16855=CARTESIAN_POINT('',(-3.97991662205031,-0.473466900762614,-4.5));
#16856=CARTESIAN_POINT('',(-3.92160413301588,-0.7984335088705,-4.5));
#16857=CARTESIAN_POINT('',(-3.88371352171579,-0.959641769024586,-4.5));
#16858=CARTESIAN_POINT('',(-3.86258462437003,-1.03992713812667,-4.5));
#16859=CARTESIAN_POINT('',(-3.85147427777323,-1.07999013243396,-4.5));
#16860=CARTESIAN_POINT('',(-3.84659572253375,-1.09714291065629,-4.5));
#16861=CARTESIAN_POINT('',(-3.84331735723487,-1.10857430136433,-4.5));
#16862=CARTESIAN_POINT('',(-3.84198198367126,-1.11320138767142,-4.5));
#16863=CARTESIAN_POINT('',(-3.808288248121,-1.22877779576295,-4.5));
#16864=CARTESIAN_POINT('',(-3.75394263704474,-1.38946226624038,-4.5));
#16865=CARTESIAN_POINT('',(-3.67867795139259,-1.57258359102442,-4.5));
#16866=CARTESIAN_POINT('',(-3.63808024038405,-1.6630582807232,-4.5));
#16867=CARTESIAN_POINT('',(-3.62004578534129,-1.7016004393027,-4.5));
#16868=CARTESIAN_POINT('',(-3.60788160730409,-1.72724349870364,-4.5));
#16869=CARTESIAN_POINT('',(-3.60245007192858,-1.73855940147142,-4.5));
#16870=CARTESIAN_POINT('',(-3.5399499798562,-1.86680568586703,-4.5));
#16871=CARTESIAN_POINT('',(-3.4488450495707,-2.03320208519558,-4.5));
#16872=CARTESIAN_POINT('',(-3.3289558844069,-2.2192835863141,-4.5));
#16873=CARTESIAN_POINT('',(-3.26561128186732,-2.3103124290155,-4.5));
#16874=CARTESIAN_POINT('',(-3.23773501935942,-2.34889366706084,-4.5));
#16875=CARTESIAN_POINT('',(-3.21898893864188,-2.37451868728831,-4.5));
#16876=CARTESIAN_POINT('',(-3.21051141726272,-2.38598097973315,-4.5));
#16877=CARTESIAN_POINT('',(-3.11590865610171,-2.51215216043962,-4.5));
#16878=CARTESIAN_POINT('',(-2.98160727196304,-2.6729786096717,-4.5));
#16879=CARTESIAN_POINT('',(-2.81063467760096,-2.84765633161685,-4.5));
#16880=CARTESIAN_POINT('',(-2.72157646886984,-2.93175690871635,-4.5));
#16881=CARTESIAN_POINT('',(-2.68264325551006,-2.96710609521476,-4.5));
#16882=CARTESIAN_POINT('',(-2.65651768891068,-2.99051801555308,-4.5));
#16883=CARTESIAN_POINT('',(-2.64446990694931,-3.00118657797274,-4.5));
#16884=CARTESIAN_POINT('',(-2.51547361635355,-3.11379504532236,-4.5));
#16885=CARTESIAN_POINT('',(-2.33600308366791,-3.25333149870482,-4.5));
#16886=CARTESIAN_POINT('',(-2.11353870805824,-3.3975597305879,-4.5));
#16887=CARTESIAN_POINT('',(-2.01539352833772,-3.45539376630998,-4.5));
#16888=CARTESIAN_POINT('',(-1.94934045197754,-3.49306577597883,-4.5));
#16889=CARTESIAN_POINT('',(-1.91796215268194,-3.51041426549559,-4.5));
#16890=CARTESIAN_POINT('',(-1.73991609326029,-3.60540176016212,-4.5));
#16891=CARTESIAN_POINT('',(-1.52087126305975,-3.70583317098578,-4.5));
#16892=CARTESIAN_POINT('',(-1.25588723309364,-3.79928438042173,-4.5));
#16893=CARTESIAN_POINT('',(-1.14030156423699,-3.83425230521036,-4.5));
#16894=CARTESIAN_POINT('',(-1.06279532175801,-3.8564347898381,-4.5));
#16895=CARTESIAN_POINT('',(-1.02495452531837,-3.86667240178264,-4.5));
#16896=CARTESIAN_POINT('',(-0.661902257207914,-3.95892847530822,-4.5));
#16897=CARTESIAN_POINT('',(-0.332969524909308,-3.99995421637622,-4.5));
#16898=CARTESIAN_POINT('',(0.166484762454655,-4.00002289134101,-4.5));
#16899=CARTESIAN_POINT('',(0.414425257347797,-3.9846554446988,-4.5));
#16900=CARTESIAN_POINT('',(0.700562532675994,-3.9397736347315,-4.5));
#16901=CARTESIAN_POINT('',(0.822522800235122,-3.91476290427021,-4.5));
#16902=CARTESIAN_POINT('',(0.90368075787547,-3.8968056019523,-4.5));
#16903=CARTESIAN_POINT('',(0.945495961551483,-3.88685253046977,-4.5));
#16904=CARTESIAN_POINT('',(1.14109307588013,-3.83720526121499,-4.5));
#16905=CARTESIAN_POINT('',(1.37066853902487,-3.76397798563838,-4.5));
#16906=CARTESIAN_POINT('',(1.62950969977353,-3.65465769730831,-4.5));
#16907=CARTESIAN_POINT('',(1.75668106025114,-3.59402543643727,-4.5));
#16908=CARTESIAN_POINT('',(1.81070109619225,-3.56676044248411,-4.5));
#16909=CARTESIAN_POINT('',(1.84660734777696,-3.54829939333886,-4.5));
#16910=CARTESIAN_POINT('',(1.86556424785604,-3.53836294344733,-4.5));
#16911=CARTESIAN_POINT('',(2.01666248433017,-3.45780233228143,-4.5));
#16912=CARTESIAN_POINT('',(2.21086764760139,-3.33963111635478,-4.5));
#16913=CARTESIAN_POINT('',(2.42473682203614,-3.18293982928914,-4.5));
#16914=CARTESIAN_POINT('',(2.52849553024144,-3.09988796863518,-4.5));
#16915=CARTESIAN_POINT('',(2.57228300254112,-3.06328583897182,-4.5));
#16916=CARTESIAN_POINT('',(2.60132341840699,-3.03866031361904,-4.5));
#16917=CARTESIAN_POINT('',(2.61693391292387,-3.02521825311221,-4.5));
#16918=CARTESIAN_POINT('',(2.7357615685571,-2.92154164420652,-4.5));
#16919=CARTESIAN_POINT('',(2.88621288234391,-2.77571157617495,-4.5));
#16920=CARTESIAN_POINT('',(3.04776468441124,-2.59228596519617,-4.5));
#16921=CARTESIAN_POINT('',(3.12504690277392,-2.49725052680463,-4.5));
#16922=CARTESIAN_POINT('',(3.15741920721414,-2.4558090604435,-4.5));
#16923=CARTESIAN_POINT('',(3.17883437766615,-2.42802319558837,-4.5));
#16924=CARTESIAN_POINT('',(3.19048733219699,-2.41268012126741,-4.5));
#16925=CARTESIAN_POINT('',(3.27610133662758,-2.29855902816553,-4.5));
#16926=CARTESIAN_POINT('',(3.38261554181855,-2.14157942303279,-4.5));
#16927=CARTESIAN_POINT('',(3.4935159632875,-1.95000479196671,-4.5));
#16928=CARTESIAN_POINT('',(3.5456246362085,-1.85210953683087,-4.5));
#16929=CARTESIAN_POINT('',(3.56724088078605,-1.80970272614347,-4.5));
#16930=CARTESIAN_POINT('',(3.58149258965615,-1.78133114094222,-4.5));
#16931=CARTESIAN_POINT('',(3.58929765144845,-1.76553920974775,-4.5));
#16932=CARTESIAN_POINT('',(3.64516934369718,-1.65096721965636,-4.5));
#16933=CARTESIAN_POINT('',(3.71297893627632,-1.49548476933947,-4.5));
#16934=CARTESIAN_POINT('',(3.78038963271845,-1.30932893279511,-4.5));
#16935=CARTESIAN_POINT('',(3.81116985721448,-1.21506110339594,-4.5));
#16936=CARTESIAN_POINT('',(3.82582868853122,-1.1676297109146,-4.5));
#16937=CARTESIAN_POINT('',(3.83195434175313,-1.1472382260408,-4.5));
#16938=CARTESIAN_POINT('',(3.83600328766625,-1.13362973718294,-4.5));
#16939=CARTESIAN_POINT('',(3.83833482279912,-1.12570645851379,-4.5));
#16940=CARTESIAN_POINT('',(3.9465712906199,-0.754786649403936,-4.5));
#16941=CARTESIAN_POINT('',(3.9999046239425,-0.381453316099899,-4.5));
#16942=CARTESIAN_POINT('',(3.99999999928642,0.0,-4.49999999984028));
#16943=CARTESIAN_POINT('',(3.99999999928642,0.0,-4.49999999984028));
#16944=CARTESIAN_POINT('',(3.99995235510999,0.190552514728878,-4.5));
#16945=CARTESIAN_POINT('',(3.97991662205031,0.473466900764549,-4.5));
#16946=CARTESIAN_POINT('',(3.92160413301588,0.798433508871952,-4.5));
#16947=CARTESIAN_POINT('',(3.88371352171579,0.959641769025434,-4.5));
#16948=CARTESIAN_POINT('',(3.86258462437003,1.03992713812712,-4.5));
#16949=CARTESIAN_POINT('',(3.85147427777323,1.0799901324342,-4.5));
#16950=CARTESIAN_POINT('',(3.84659572253375,1.09714291065643,-4.5));
#16951=CARTESIAN_POINT('',(3.84331735723487,1.1085743013644,-4.5));
#16952=CARTESIAN_POINT('',(3.84198198367131,1.11320138767132,-4.5));
#16953=CARTESIAN_POINT('',(3.8082882481203,1.22877779576467,-4.5));
#16954=CARTESIAN_POINT('',(3.75394263704352,1.3894622662434,-4.5));
#16955=CARTESIAN_POINT('',(3.67867795139168,1.57258359102668,-4.5));
#16956=CARTESIAN_POINT('',(3.63808024038352,1.66305828072452,-4.5));
#16957=CARTESIAN_POINT('',(3.62004578534097,1.70160043930349,-4.5));
#16958=CARTESIAN_POINT('',(3.60788160730392,1.72724349870405,-4.5));
#16959=CARTESIAN_POINT('',(3.60245007192867,1.73855940147127,-4.5));
#16960=CARTESIAN_POINT('',(3.53994997985546,1.8668056858682,-4.5));
#16961=CARTESIAN_POINT('',(3.44884504956942,2.03320208519764,-4.5));
#16962=CARTESIAN_POINT('',(3.32895588440593,2.21928358631564,-4.5));
#16963=CARTESIAN_POINT('',(3.26561128186675,2.3103124290164,-4.5));
#16964=CARTESIAN_POINT('',(3.23773501935908,2.34889366706138,-4.5));
#16965=CARTESIAN_POINT('',(3.2189889386417,2.37451868728859,-4.5));
#16966=CARTESIAN_POINT('',(3.21051141726273,2.38598097973316,-4.5));
#16967=CARTESIAN_POINT('',(3.11590865610162,2.51215216043952,-4.5));
#16968=CARTESIAN_POINT('',(2.98160727196288,2.67297860967154,-4.5));
#16969=CARTESIAN_POINT('',(2.81063467760084,2.84765633161672,-4.5));
#16970=CARTESIAN_POINT('',(2.72157646886977,2.93175690871628,-4.5));
#16971=CARTESIAN_POINT('',(2.68264325551002,2.96710609521472,-4.5));
#16972=CARTESIAN_POINT('',(2.65651768891066,2.99051801555306,-4.5));
#16973=CARTESIAN_POINT('',(2.64446990694918,3.00118657797282,-4.5));
#16974=CARTESIAN_POINT('',(2.51547361635458,3.11379504532164,-4.5));
#16975=CARTESIAN_POINT('',(2.33600308366972,3.25333149870357,-4.5));
#16976=CARTESIAN_POINT('',(2.11353870805959,3.39755973058697,-4.5));
#16977=CARTESIAN_POINT('',(2.01539352833859,3.45539376630938,-4.5));
#16978=CARTESIAN_POINT('',(1.94934045197802,3.4930657759785,-4.5));
#16979=CARTESIAN_POINT('',(1.91796215268179,3.51041426549563,-4.5));
#16980=CARTESIAN_POINT('',(1.73991609326091,3.60540176016196,-4.5));
#16981=CARTESIAN_POINT('',(1.52087126306083,3.7058331709855,-4.5));
#16982=CARTESIAN_POINT('',(1.25588723309445,3.79928438042153,-4.5));
#16983=CARTESIAN_POINT('',(1.14030156423751,3.83425230521023,-4.5));
#16984=CARTESIAN_POINT('',(1.0627953217583,3.85643478983802,-4.5));
#16985=CARTESIAN_POINT('',(1.0249545253185,3.86667240178261,-4.5));
#16986=CARTESIAN_POINT('',(0.661902257206879,3.95892847530848,-4.5));
#16987=CARTESIAN_POINT('',(0.332969524906396,3.99995421637648,-4.5));
#16988=CARTESIAN_POINT('',(-0.166484762453198,4.00002289134088,-4.5));
#16989=CARTESIAN_POINT('',(-0.414425257345249,3.98465544469857,-4.5));
#16990=CARTESIAN_POINT('',(-0.700562532674085,3.93977363473132,-4.5));
#16991=CARTESIAN_POINT('',(-0.822522800233893,3.9147629042701,-4.5));
#16992=CARTESIAN_POINT('',(-0.903680757874788,3.89680560195224,-4.5));
#16993=CARTESIAN_POINT('',(-0.945495961552012,3.88685253046952,-4.5));
#16994=CARTESIAN_POINT('',(-1.14109307587802,3.83720526121601,-4.5));
#16995=CARTESIAN_POINT('',(-1.37066853902118,3.76397798564017,-4.5));
#16996=CARTESIAN_POINT('',(-1.62950969977076,3.65465769730965,-4.5));
#16997=CARTESIAN_POINT('',(-1.75668106024953,3.59402543643805,-4.5));
#16998=CARTESIAN_POINT('',(-1.81070109619128,3.56676044248458,-4.5));
#16999=CARTESIAN_POINT('',(-1.84660734777645,3.54829939333911,-4.5));
#17000=CARTESIAN_POINT('',(-1.86556424785611,3.53836294344728,-4.5));
#17001=CARTESIAN_POINT('',(-2.01666248432968,3.45780233228179,-4.5));
#17002=CARTESIAN_POINT('',(-2.21086764760052,3.33963111635542,-4.5));
#17003=CARTESIAN_POINT('',(-2.42473682203549,3.18293982928962,-4.5));
#17004=CARTESIAN_POINT('',(-2.52849553024105,3.09988796863546,-4.5));
#17005=CARTESIAN_POINT('',(-2.57228300254089,3.06328583897198,-4.5));
#17006=CARTESIAN_POINT('',(-2.60132341840687,3.03866031361913,-4.5));
#17007=CARTESIAN_POINT('',(-2.61693391292388,3.0252182531122,-4.5));
#17008=CARTESIAN_POINT('',(-2.735761568557,2.92154164420667,-4.5));
#17009=CARTESIAN_POINT('',(-2.88621288234373,2.77571157617522,-4.5));
#17010=CARTESIAN_POINT('',(-3.04776468441111,2.59228596519637,-4.5));
#17011=CARTESIAN_POINT('',(-3.12504690277384,2.49725052680474,-4.5));
#17012=CARTESIAN_POINT('',(-3.1574192072141,2.45580906044358,-4.5));
#17013=CARTESIAN_POINT('',(-3.17883437766612,2.4280231955884,-4.5));
#17014=CARTESIAN_POINT('',(-3.19048733219694,2.41268012126747,-4.5));
#17015=CARTESIAN_POINT('',(-3.27610133662792,2.29855902816506,-4.5));
#17016=CARTESIAN_POINT('',(-3.38261554181913,2.14157942303198,-4.5));
#17017=CARTESIAN_POINT('',(-3.49351596328793,1.95000479196611,-4.5));
#17018=CARTESIAN_POINT('',(-3.54562463620876,1.85210953683051,-4.5));
#17019=CARTESIAN_POINT('',(-3.5672408807862,1.80970272614326,-4.5));
#17020=CARTESIAN_POINT('',(-3.58149258965623,1.78133114094211,-4.5));
#17021=CARTESIAN_POINT('',(-3.58929765144839,1.7655392097479,-4.5));
#17022=CARTESIAN_POINT('',(-3.64516934369768,1.65096721965513,-4.5));
#17023=CARTESIAN_POINT('',(-3.7129789362772,1.49548476933732,-4.5));
#17024=CARTESIAN_POINT('',(-3.78038963271911,1.3093289327935,-4.5));
#17025=CARTESIAN_POINT('',(-3.81116985721486,1.215061103395,-4.5));
#17026=CARTESIAN_POINT('',(-3.82582868853143,1.1676297109141,-4.5));
#17027=CARTESIAN_POINT('',(-3.83195434175325,1.1472382260405,-4.5));
#17028=CARTESIAN_POINT('',(-3.83600328766631,1.13362973718279,-4.5));
#17029=CARTESIAN_POINT('',(-3.83833482279912,1.12570645851382,-4.5));
#17030=CARTESIAN_POINT('',(-3.9465712906199,0.754786649402274,-4.5));
#17031=CARTESIAN_POINT('',(-3.9999046239425,0.381453316098245,-4.5));
#17032=CARTESIAN_POINT('',(-3.99999999928642,0.0,-4.49999999984028));
#17033=COLOUR_RGB('',1.0,0.501960813999176,0.0);
#17034=CARTESIAN_POINT('',(3.49999999993345,-1.57138849750283E-10,-5.0));
#17036=CARTESIAN_POINT('',(3.49999999993345,-1.57138849750283E-10,-5.0));
#17037=CARTESIAN_POINT('',(3.50000000003449,0.0,-4.70710678119426));
#17038=CARTESIAN_POINT('',(3.70710678058047,0.0,-4.50000000036121));
#17039=CARTESIAN_POINT('',(3.99999999928642,0.0,-4.49999999984028));
#17046=CARTESIAN_POINT('',(-3.49999999993345,-1.07679299970549E-09,-4.99999999986056));
#17048=CARTESIAN_POINT('',(-3.99999999928642,0.0,-4.49999999984028));
#17049=CARTESIAN_POINT('',(-3.70710678086755,0.0,-4.50000000036121));
#17050=CARTESIAN_POINT('',(-3.50000000036121,0.0,-4.70710678086755));
#17051=CARTESIAN_POINT('',(-3.49999999993345,-1.07679299970549E-09,-4.99999999986056));
#17058=AXIS2_PLACEMENT_3D('',#18731,#18732,#18733);
#17059=COLOUR_RGB('',1.0,0.501960813999176,0.0);
#17060=AXIS2_PLACEMENT_3D('',#18734,#18735,#18736);
#17061=COLOUR_RGB('',1.0,0.501960813999176,0.0);
#17062=CARTESIAN_POINT('',(-3.50000000000003,-1.43572399960733E-09,-10.9999999999999));
#17063=CARTESIAN_POINT('',(3.50000000000003,-1.57138849750283E-10,-10.9999999999999));
#17064=AXIS2_PLACEMENT_3D('',#18737,#18738,#18739);
#17065=CARTESIAN_POINT('',(3.5,0.0,-8.0));
#17066=VECTOR('',#18740,1000.0);
#17067=CARTESIAN_POINT('',(-3.5,-1.43572399960732E-09,-8.0));
#17068=VECTOR('',#18741,1000.0);
#17069=COLOUR_RGB('',1.0,0.501960813999176,0.0);
#17070=AXIS2_PLACEMENT_3D('',#18742,#18743,#18744);
#17071=COLOUR_RGB('',1.0,0.501960813999176,0.0);
#17072=CARTESIAN_POINT('',(3.00000000000005,-2.69380885286203E-10,-11.5));
#17073=CARTESIAN_POINT('',(-3.00000000000005,-1.23061990495819E-09,-11.5));
#17074=AXIS2_PLACEMENT_3D('',#18745,#18746,#18747);
#17075=CARTESIAN_POINT('',(3.25,0.0,-11.25));
#17076=VECTOR('',#18748,1000.0);
#17077=CARTESIAN_POINT('',(-3.25,-1.33317228534965E-09,-11.25));
#17078=VECTOR('',#18749,1000.0);
#17079=COLOUR_RGB('',1.0,0.501960813999176,0.0);
#17080=AXIS2_PLACEMENT_3D('',#18750,#18751,#18752);
#17081=COLOUR_RGB('',1.0,0.501960813999176,0.0);
#17082=CARTESIAN_POINT('',(1.75,-1.57138849750283E-10,-11.5));
#17083=CARTESIAN_POINT('',(-1.75,-7.178616112256E-10,-11.5));
#17084=AXIS2_PLACEMENT_3D('',#18753,#18754,#18755);
#17085=AXIS2_PLACEMENT_3D('',#18756,#18757,#18758);
#17086=COLOUR_RGB('',1.0,0.0,1.0);
#17087=CARTESIAN_POINT('',(-1.75,-7.178616112256E-10,-11.55));
#17088=CARTESIAN_POINT('',(1.75,-1.57138849750283E-10,-11.55));
#17089=AXIS2_PLACEMENT_3D('',#18759,#18760,#18761);
#17090=CARTESIAN_POINT('',(1.75,0.0,-11.525));
#17091=VECTOR('',#18762,1000.0);
#17092=CARTESIAN_POINT('',(-1.75,-7.17861999803659E-10,-11.525));
#17093=VECTOR('',#18763,1000.0);
#17094=COLOUR_RGB('',1.0,0.0,1.0);
#17095=AXIS2_PLACEMENT_3D('',#18764,#18765,#18766);
#17096=COLOUR_RGB('',1.0,0.0,1.0);
#17097=AXIS2_PLACEMENT_3D('',#18767,#18768,#18769);
#17098=COLOUR_RGB('',1.0,0.0,1.0);
#17099=COLOUR_RGB('',1.0,0.0,1.0);
#17100=CARTESIAN_POINT('',(1.3228756555323,1.5,-24.5));
#17101=AXIS2_PLACEMENT_3D('',#18770,#18771,#18772);
#17102=CARTESIAN_POINT('',(4.53691408960058,1.5,-24.5));
#17103=VECTOR('',#18773,1000.0);
#17104=COLOUR_RGB('',1.0,0.0,1.0);
#17105=CARTESIAN_POINT('',(2.59807621135347,1.5,-23.4999999999999));
#17106=CARTESIAN_POINT('',(2.39365671351852,1.5,-23.6770324781538));
#17107=CARTESIAN_POINT('',(2.1864374603041,1.5,-23.8515794313363));
#17108=CARTESIAN_POINT('',(1.76328248986161,1.5,-24.188552860273));
#17109=CARTESIAN_POINT('',(1.54778360531875,1.5,-24.3512373742459));
#17110=CARTESIAN_POINT('',(1.3228756555323,1.5,-24.5));
#17111=COLOUR_RGB('',1.0,0.0,1.0);
#17112=CARTESIAN_POINT('',(4.53691408960058,1.5,-12.5));
#17113=VECTOR('',#18774,1000.0);
#17114=COLOUR_RGB('',1.0,0.0,1.0);
#17115=COLOUR_RGB('',0.752941191196442,0.752941191196442,0.752941191196442);
#17116=DIRECTION('',(3.61400724161835E-16,1.0,-0.0));
#17117=CARTESIAN_POINT('',(-5.95,-1.25,1.58137085));
#17118=DIRECTION('',(-3.61400724161835E-16,-1.0,0.0));
#17119=DIRECTION('',(1.0,-3.61400724161835E-16,0.0));
#17120=DIRECTION('',(0.0,-1.0,0.0));
#17121=CARTESIAN_POINT('',(-5.95,1.25,1.58137085));
#17122=DIRECTION('',(1.15646672067393E-45,1.0,-4.57136691986445E-31));
#17123=DIRECTION('',(1.0,0.0,2.52980506913284E-15));
#17124=DIRECTION('',(-0.0,-0.0,1.0));
#17125=CARTESIAN_POINT('',(3.0,0.0,-0.4));
#17126=DIRECTION('',(0.0,0.0,-1.0));
#17127=DIRECTION('',(1.0,0.0,0.0));
#17128=DIRECTION('',(0.0,0.0,1.0));
#17129=CARTESIAN_POINT('',(3.0,0.0,-0.15));
#17130=DIRECTION('',(0.0,0.0,-1.0));
#17131=DIRECTION('',(1.0,0.0,0.0));
#17132=DIRECTION('',(3.61400724161835E-16,-1.0,0.0));
#17133=CARTESIAN_POINT('',(5.95,1.25,1.58137085));
#17134=DIRECTION('',(-3.61400724161834E-16,1.0,0.0));
#17135=DIRECTION('',(-1.0,-3.61400724161834E-16,0.0));
#17136=DIRECTION('',(0.0,1.0,0.0));
#17137=CARTESIAN_POINT('',(5.95,-1.25,1.58137085));
#17138=DIRECTION('',(3.61400724161835E-16,-1.0,-3.26526208561747E-31));
#17139=DIRECTION('',(-1.0,-3.61400724161835E-16,1.80700362080917E-15));
#17140=DIRECTION('',(-0.946289874916324,-3.50543660222566E-17,-0.323319459097109));
#17141=CARTESIAN_POINT('',(6.25183540894618,1.40217464027723E-17,2.55371012478963));
#17142=DIRECTION('',(-0.946289874916324,-3.50543660222565E-17,-0.323319459097109));
#17143=DIRECTION('',(0.323319459097109,-8.88178419700126E-16,-0.946289874916324));
#17144=DIRECTION('',(0.946289874485572,7.69191839465362E-10,0.323319460357834));
#17145=CARTESIAN_POINT('',(5.87331945914513,-5.32084277150057E-32,2.42438234120732));
#17146=DIRECTION('',(0.946289874916324,3.50543660222566E-17,0.323319459097109));
#17147=DIRECTION('',(0.323319459097109,-1.9459082144366E-33,-0.946289874916324));
#17148=DIRECTION('',(-1.0842021724855E-15,-1.0,0.0));
#17149=CARTESIAN_POINT('',(-5.95,1.25,1.58137085));
#17150=DIRECTION('',(1.01957882312476E-44,1.0,-2.35098870164457E-30));
#17151=DIRECTION('',(1.0,0.0,4.33680868994201E-15));
#17152=DIRECTION('',(0.0,-1.0,0.0));
#17153=CARTESIAN_POINT('',(-5.95,-1.25,1.58137085));
#17154=DIRECTION('',(-1.0842021724855E-15,-1.0,0.0));
#17155=DIRECTION('',(1.0,-1.0842021724855E-15,0.0));
#17156=DIRECTION('',(-1.0842021724855E-15,1.0,0.0));
#17157=CARTESIAN_POINT('',(5.95,-1.25,1.58137085));
#17158=DIRECTION('',(5.73513088007679E-45,-1.0,1.76324152623343E-30));
#17159=DIRECTION('',(-1.0,7.77876909732641E-61,3.25260651745651E-15));
#17160=DIRECTION('',(0.0,1.0,0.0));
#17161=CARTESIAN_POINT('',(5.95,1.25,1.58137085));
#17162=DIRECTION('',(-1.0842021724855E-15,1.0,0.0));
#17163=DIRECTION('',(-1.0,-1.0842021724855E-15,0.0));
#17164=CARTESIAN_POINT('',(0.0,0.0,-24.5));
#17165=DIRECTION('',(0.0,0.0,-1.0));
#17166=DIRECTION('',(1.0,0.0,0.0));
#17167=DIRECTION('',(-0.707106781186547,8.65956056235492E-17,0.707106781186548));
#17168=CARTESIAN_POINT('',(0.0,0.0,-23.5));
#17169=DIRECTION('',(0.0,0.0,1.0));
#17170=DIRECTION('',(1.0,0.0,0.0));
#17171=CARTESIAN_POINT('',(0.0,0.0,-24.5));
#17172=DIRECTION('',(0.0,0.0,-1.0));
#17173=DIRECTION('',(1.0,0.0,0.0));
#17174=DIRECTION('',(0.707106781186547,0.0,0.707106781186548));
#17175=CARTESIAN_POINT('',(0.0,0.0,-23.5));
#17176=DIRECTION('',(0.0,0.0,1.0));
#17177=DIRECTION('',(1.0,0.0,0.0));
#17178=DIRECTION('',(0.0,-0.0,1.0));
#17179=CARTESIAN_POINT('',(0.0,0.0,-11.55));
#17180=DIRECTION('',(0.0,-0.0,1.0));
#17181=DIRECTION('',(1.0,0.0,0.0));
#17182=DIRECTION('',(0.0,-0.0,1.0));
#17183=CARTESIAN_POINT('',(0.0,0.0,-23.5));
#17184=DIRECTION('',(0.0,0.0,1.0));
#17185=DIRECTION('',(1.0,0.0,0.0));
#17186=DIRECTION('',(0.0,-0.0,1.0));
#17187=CARTESIAN_POINT('',(0.0,0.0,-12.5));
#17188=DIRECTION('',(0.0,0.0,-1.0));
#17189=DIRECTION('',(-1.0,0.0,0.0));
#17190=DIRECTION('',(-0.0,0.0,-1.0));
#17191=CARTESIAN_POINT('',(-2.5,6.42500000033212,-1.275000002));
#17192=DIRECTION('',(-0.0,1.0,-1.78099895942197E-09));
#17193=DIRECTION('',(0.0,1.78099895942196E-09,1.0));
#17194=DIRECTION('',(2.57461725466629E-25,-1.0,1.78099895942197E-09));
#17195=CARTESIAN_POINT('',(-2.5,6.00000000033213,-1.27500000124308));
#17196=DIRECTION('',(2.57461725466629E-25,-1.0,1.78099895884474E-09));
#17197=DIRECTION('',(0.0,-1.78099895884474E-09,-1.0));
#17198=DIRECTION('',(-4.57552704874792E-10,-1.0,1.43783575731912E-09));
#17199=CARTESIAN_POINT('',(-2.5,6.42499999859927,-1.275000002));
#17200=DIRECTION('',(-0.0,1.0,-1.78099818843375E-09));
#17201=DIRECTION('',(0.0,1.78099818843375E-09,1.0));
#17202=DIRECTION('',(0.0,-1.0,1.78099818843375E-09));
#17203=CARTESIAN_POINT('',(-2.5,6.00000000059928,-1.27500000124308));
#17204=DIRECTION('',(-1.85430016011695E-33,1.0,-1.78099818747172E-09));
#17205=DIRECTION('',(1.92747052782196E-15,-1.78099818747172E-09,-1.0));
#17206=DIRECTION('',(-5.39230631640355E-10,1.0,-1.59035367323659E-09));
#17207=CARTESIAN_POINT('',(2.5,6.42499999974927,-1.275000002));
#17208=DIRECTION('',(-0.0,1.0,-1.78099818843375E-09));
#17209=DIRECTION('',(0.0,1.78099818843375E-09,1.0));
#17210=DIRECTION('',(0.0,-1.0,1.78100011590428E-09));
#17211=CARTESIAN_POINT('',(2.5,6.00000000059928,-1.27500000124307));
#17212=DIRECTION('',(7.42657668090153E-30,1.0,-1.78100204241277E-09));
#17213=DIRECTION('',(3.85494105564393E-15,-1.78100204241277E-09,-1.0));
#17214=DIRECTION('',(-5.39231649528373E-10,1.0,-1.59035366575258E-09));
#17215=CARTESIAN_POINT('',(2.5,6.42500000033212,-1.275000002));
#17216=DIRECTION('',(-2.40640934066524E-30,1.0,-1.78099895942197E-09));
#17217=DIRECTION('',(-2.31296463463574E-15,1.78099895942196E-09,1.0));
#17218=DIRECTION('',(2.57461725466629E-25,-1.0,1.78099895942197E-09));
#17219=CARTESIAN_POINT('',(2.5,6.00000000033213,-1.27500000124308));
#17220=DIRECTION('',(2.57461725466629E-25,-1.0,1.78099895884474E-09));
#17221=DIRECTION('',(0.0,-1.78099895884474E-09,-1.0));
#17222=DIRECTION('',(-4.57553725300366E-10,-1.0,1.43783575731912E-09));
#17223=CARTESIAN_POINT('',(0.0,-7.350000002,-0.84999999980575));
#17224=DIRECTION('',(-0.0,-5.17999994934575E-10,-1.0));
#17225=DIRECTION('',(0.0,-1.0,5.17999994934575E-10));
#17226=DIRECTION('',(0.0,5.18000139310139E-10,1.0));
#17227=DIRECTION('',(4.88939076752285E-11,5.54670425990949E-10,1.0));
#17228=DIRECTION('',(0.0,-1.0,0.0));
#17229=DIRECTION('',(-0.0,-0.0,1.0));
#17230=DIRECTION('',(0.0,1.0,0.0));
#17231=DIRECTION('',(-0.0,-0.0,-1.0));
#17232=DIRECTION('',(0.0,1.0,0.0));
#17233=DIRECTION('',(0.0,0.0,1.0));
#17234=DIRECTION('',(0.0,-1.0,0.0));
#17235=DIRECTION('',(0.0,0.0,-1.0));
#17236=DIRECTION('',(0.0,1.0,0.0));
#17237=DIRECTION('',(0.0,0.0,1.0));
#17238=DIRECTION('',(0.0,1.0,0.0));
#17239=DIRECTION('',(0.0,0.0,1.0));
#17240=DIRECTION('',(0.0,1.0,0.0));
#17241=DIRECTION('',(0.0,0.0,-1.0));
#17242=DIRECTION('',(-0.0,-1.0,-0.0));
#17243=DIRECTION('',(0.0,0.0,1.0));
#17244=DIRECTION('',(-0.0,-1.0,-0.0));
#17245=DIRECTION('',(-0.0,-0.0,1.0));
#17246=DIRECTION('',(0.0,1.0,0.0));
#17247=DIRECTION('',(0.0,0.0,-1.0));
#17248=DIRECTION('',(-0.0,-1.0,-0.0));
#17249=DIRECTION('',(-0.0,-0.0,-1.0));
#17250=DIRECTION('',(-0.0,-1.0,-0.0));
#17251=DIRECTION('',(0.0,0.0,1.0));
#17252=CARTESIAN_POINT('',(-4.85,-5.0,-2.79999999999996));
#17253=DIRECTION('',(0.0,0.0,-1.0));
#17254=DIRECTION('',(-1.0,0.0,0.0));
#17255=DIRECTION('',(-0.0,-0.0,-1.0));
#17256=CARTESIAN_POINT('',(-4.85,-5.0,0.0));
#17257=DIRECTION('',(0.0,0.0,1.0));
#17258=DIRECTION('',(-1.0,0.0,0.0));
#17259=DIRECTION('',(1.0,0.0,0.0));
#17260=DIRECTION('',(0.0,0.0,1.0));
#17261=DIRECTION('',(1.0,0.0,0.0));
#17262=DIRECTION('',(-0.0,-0.0,-1.0));
#17263=DIRECTION('',(-1.0,-0.0,-0.0));
#17264=DIRECTION('',(-0.0,-0.0,-1.0));
#17265=DIRECTION('',(-1.0,-0.0,-0.0));
#17266=DIRECTION('',(-0.0,-0.0,-1.0));
#17267=DIRECTION('',(-1.0,0.0,0.0));
#17268=DIRECTION('',(0.0,0.0,1.0));
#17269=DIRECTION('',(-1.0,-0.0,-0.0));
#17270=DIRECTION('',(-0.0,-0.0,-1.0));
#17271=DIRECTION('',(-1.0,0.0,0.0));
#17272=DIRECTION('',(0.0,0.0,1.0));
#17273=DIRECTION('',(-1.0,-0.0,-0.0));
#17274=DIRECTION('',(0.0,0.0,1.0));
#17275=DIRECTION('',(-1.0,-0.0,-0.0));
#17276=DIRECTION('',(0.0,0.0,1.0));
#17277=DIRECTION('',(1.0,0.0,0.0));
#17278=DIRECTION('',(-0.0,-0.0,-1.0));
#17279=DIRECTION('',(-1.0,-0.0,-0.0));
#17280=DIRECTION('',(0.0,0.0,1.0));
#17281=DIRECTION('',(1.0,0.0,0.0));
#17282=CARTESIAN_POINT('',(2.5,-5.99999999936212,-1.27499999657343));
#17283=DIRECTION('',(1.15648231682608E-15,1.0,-1.70100045063635E-09));
#17284=DIRECTION('',(0.0,1.70100045063635E-09,1.0));
#17285=DIRECTION('',(-1.0,-0.0,-0.0));
#17286=DIRECTION('',(0.0,0.0,1.0));
#17287=DIRECTION('',(1.0,0.0,0.0));
#17288=CARTESIAN_POINT('',(2.5,-6.0,-1.275));
#17289=DIRECTION('',(0.0,-1.0,0.0));
#17290=DIRECTION('',(1.92747052886312E-15,0.0,1.0));
#17291=CARTESIAN_POINT('',(2.5,-6.0,-1.275));
#17292=DIRECTION('',(0.0,-1.0,0.0));
#17293=DIRECTION('',(3.85494105772624E-15,0.0,1.0));
#17294=DIRECTION('',(1.0,0.0,0.0));
#17295=DIRECTION('',(-0.0,-0.0,-1.0));
#17296=DIRECTION('',(-1.0,-0.0,-0.0));
#17297=CARTESIAN_POINT('',(2.5,-5.99999999936212,-1.27499999657343));
#17298=DIRECTION('',(1.15648231682608E-15,1.0,-1.70100045063635E-09));
#17299=DIRECTION('',(0.0,1.70100045063635E-09,1.0));
#17300=CARTESIAN_POINT('',(-2.5,-5.99999999936212,-1.27499999657343));
#17301=DIRECTION('',(1.15648231682608E-15,1.0,-1.70100045063635E-09));
#17302=DIRECTION('',(0.0,1.70100045063635E-09,1.0));
#17303=CARTESIAN_POINT('',(-2.5,-5.99999999936212,-1.27499999657343));
#17304=DIRECTION('',(1.15648231682608E-15,1.0,-1.70100045063635E-09));
#17305=DIRECTION('',(0.0,1.70100045063635E-09,1.0));
#17306=DIRECTION('',(-1.0,-0.0,-0.0));
#17307=DIRECTION('',(0.0,0.0,1.0));
#17308=DIRECTION('',(1.0,0.0,0.0));
#17309=CARTESIAN_POINT('',(-2.5,-6.0,-1.275));
#17310=DIRECTION('',(0.0,-1.0,0.0));
#17311=DIRECTION('',(1.92747052886312E-15,0.0,1.0));
#17312=CARTESIAN_POINT('',(-2.5,-6.0,-1.275));
#17313=DIRECTION('',(0.0,-1.0,0.0));
#17314=DIRECTION('',(0.0,0.0,1.0));
#17315=DIRECTION('',(1.0,0.0,0.0));
#17316=DIRECTION('',(-0.0,-0.0,-1.0));
#17317=DIRECTION('',(-1.0,-0.0,-0.0));
#17318=CARTESIAN_POINT('',(4.85,-5.0,-2.79999999999996));
#17319=DIRECTION('',(0.0,0.0,-1.0));
#17320=DIRECTION('',(-1.0,0.0,0.0));
#17321=CARTESIAN_POINT('',(4.85,-5.0,0.0));
#17322=DIRECTION('',(0.0,0.0,1.0));
#17323=DIRECTION('',(-1.0,0.0,0.0));
#17324=CARTESIAN_POINT('',(4.85,5.0,-2.79999999999996));
#17325=DIRECTION('',(0.0,0.0,-1.0));
#17326=DIRECTION('',(-1.0,0.0,0.0));
#17327=DIRECTION('',(-0.0,-0.0,-1.0));
#17328=CARTESIAN_POINT('',(4.85,5.0,0.0));
#17329=DIRECTION('',(0.0,0.0,1.0));
#17330=DIRECTION('',(-1.0,0.0,0.0));
#17331=DIRECTION('',(-1.0,0.0,0.0));
#17332=DIRECTION('',(0.0,0.0,1.0));
#17333=DIRECTION('',(-1.0,-0.0,-0.0));
#17334=DIRECTION('',(-0.0,-0.0,-1.0));
#17335=DIRECTION('',(1.0,-0.0,-0.0));
#17336=DIRECTION('',(-0.0,-0.0,-1.0));
#17337=DIRECTION('',(1.0,-0.0,-0.0));
#17338=DIRECTION('',(-0.0,-0.0,-1.0));
#17339=DIRECTION('',(1.0,-0.0,-0.0));
#17340=DIRECTION('',(0.0,0.0,1.0));
#17341=DIRECTION('',(1.0,-0.0,-0.0));
#17342=DIRECTION('',(-0.0,-0.0,-1.0));
#17343=DIRECTION('',(1.0,-0.0,-0.0));
#17344=DIRECTION('',(0.0,0.0,1.0));
#17345=DIRECTION('',(-1.0,-0.0,-0.0));
#17346=DIRECTION('',(0.0,0.0,1.0));
#17347=DIRECTION('',(1.0,-0.0,-0.0));
#17348=DIRECTION('',(0.0,0.0,1.0));
#17349=DIRECTION('',(-1.0,-0.0,-0.0));
#17350=CARTESIAN_POINT('',(2.5,6.00000000059928,-1.27500000124307));
#17351=DIRECTION('',(-0.0,1.0,-1.78100204241277E-09));
#17352=DIRECTION('',(0.0,-1.78100204241277E-09,-1.0));
#17353=DIRECTION('',(-1.0,0.0,0.0));
#17354=DIRECTION('',(-0.0,-0.0,-1.0));
#17355=DIRECTION('',(1.0,-0.0,-0.0));
#17356=CARTESIAN_POINT('',(2.5,6.00000000033213,-1.27500000124308));
#17357=DIRECTION('',(2.57461725466629E-25,-1.0,1.78099895884474E-09));
#17358=DIRECTION('',(0.0,-1.78099895884474E-09,-1.0));
#17359=DIRECTION('',(1.0,-0.0,-0.0));
#17360=DIRECTION('',(0.0,0.0,1.0));
#17361=DIRECTION('',(-1.0,0.0,0.0));
#17362=DIRECTION('',(1.0,-0.0,-0.0));
#17363=CARTESIAN_POINT('',(-2.5,6.00000000033213,-1.27500000124308));
#17364=DIRECTION('',(2.57461725466629E-25,-1.0,1.78099895884474E-09));
#17365=DIRECTION('',(0.0,-1.78099895884474E-09,-1.0));
#17366=DIRECTION('',(1.0,-0.0,-0.0));
#17367=DIRECTION('',(0.0,0.0,1.0));
#17368=DIRECTION('',(-1.0,0.0,0.0));
#17369=CARTESIAN_POINT('',(-2.5,6.00000000059928,-1.27500000124308));
#17370=DIRECTION('',(-0.0,1.0,-1.78099818747172E-09));
#17371=DIRECTION('',(0.0,-1.78099818747172E-09,-1.0));
#17372=DIRECTION('',(-1.0,0.0,0.0));
#17373=DIRECTION('',(-0.0,-0.0,-1.0));
#17374=CARTESIAN_POINT('',(-4.85,5.0,-2.79999999999996));
#17375=DIRECTION('',(0.0,0.0,-1.0));
#17376=DIRECTION('',(-1.0,0.0,0.0));
#17377=CARTESIAN_POINT('',(-4.85,5.0,0.0));
#17378=DIRECTION('',(0.0,0.0,1.0));
#17379=DIRECTION('',(-1.0,0.0,0.0));
#17380=DIRECTION('',(0.0,0.0,-1.0));
#17381=DIRECTION('',(0.0,0.0,1.0));
#17382=DIRECTION('',(-0.0,-1.0,-0.0));
#17383=DIRECTION('',(-0.0,-0.0,1.0));
#17384=DIRECTION('',(0.0,0.0,1.0));
#17385=DIRECTION('',(0.0,1.0,0.0));
#17386=DIRECTION('',(0.0,0.0,-1.0));
#17387=DIRECTION('',(0.0,0.0,1.0));
#17388=DIRECTION('',(0.0,1.0,0.0));
#17389=DIRECTION('',(0.0,0.0,-1.0));
#17390=DIRECTION('',(-0.0,-0.0,1.0));
#17391=DIRECTION('',(0.0,1.0,0.0));
#17392=CARTESIAN_POINT('',(0.0,-7.35,-0.85));
#17393=DIRECTION('',(0.0,0.0,-1.0));
#17394=DIRECTION('',(0.0,1.0,0.0));
#17395=DIRECTION('',(-0.0,-0.0,1.0));
#17396=DIRECTION('',(0.0,0.0,-1.0));
#17397=DIRECTION('',(-0.707106782672892,0.0,0.707106779700204));
#17398=DIRECTION('',(0.0,0.0,-1.0));
#17399=DIRECTION('',(-1.0,0.0,0.0));
#17400=DIRECTION('',(-0.0,-0.0,1.0));
#17401=DIRECTION('',(1.0,-0.0,-0.0));
#17402=DIRECTION('',(-0.707106782672892,0.0,-0.707106779700204));
#17403=DIRECTION('',(1.0,-0.0,-0.0));
#17404=DIRECTION('',(0.0,0.0,-1.0));
#17405=DIRECTION('',(-1.0,0.0,0.0));
#17406=DIRECTION('',(0.0,0.0,1.0));
#17407=DIRECTION('',(0.161659730090737,-0.866025403954648,-0.47314493696137));
#17408=CARTESIAN_POINT('',(5.87331945914513,-5.32084277150057E-32,2.42438234120732));
#17409=DIRECTION('',(0.946289874916324,3.50543660222566E-17,0.323319459097109));
#17410=DIRECTION('',(0.323319459097109,-1.9459082144366E-33,-0.946289874916324));
#17411=DIRECTION('',(-0.161659730090737,-0.866025403954648,0.47314493696137));
#17412=DIRECTION('',(-0.323319459260596,-0.0,0.946289874860466));
#17413=DIRECTION('',(0.323319459260596,0.0,-0.946289874860466));
#17414=DIRECTION('',(0.323319459260596,-0.0,0.946289874860466));
#17415=DIRECTION('',(0.161659729326673,-0.86602540432662,0.473144936541586));
#17416=CARTESIAN_POINT('',(-5.8733194590643,0.0,2.42438234117971));
#17417=DIRECTION('',(0.946289874916324,1.97215226280014E-31,-0.323319459097112));
#17418=DIRECTION('',(0.323319459097112,-3.5527136788005E-15,0.946289874916324));
#17419=CARTESIAN_POINT('',(-5.8733194590643,0.0,2.42438234117971));
#17420=DIRECTION('',(0.946289874916324,0.0,-0.323319459097112));
#17421=DIRECTION('',(0.323319459097112,0.0,0.946289874916324));
#17422=DIRECTION('',(-0.161659729326673,-0.86602540432662,-0.473144936541586));
#17423=DIRECTION('',(-0.323319459260596,0.0,-0.946289874860466));
#17424=DIRECTION('',(-1.0,0.0,0.0));
#17425=DIRECTION('',(-1.0055894009927E-11,-1.13754191657699E-09,1.0));
#17426=DIRECTION('',(0.707106779999384,0.0,-0.707106782373711));
#17427=DIRECTION('',(-0.0,-0.0,-1.0));
#17428=DIRECTION('',(1.0,-0.0,-0.0));
#17429=DIRECTION('',(-0.0,-0.0,-1.0));
#17430=DIRECTION('',(-0.0,-1.0,-0.0));
#17431=DIRECTION('',(-0.0,-0.0,1.0));
#17432=DIRECTION('',(-0.0,1.0,-0.0));
#17433=DIRECTION('',(0.0,-1.0,0.0));
#17434=DIRECTION('',(0.0,-1.0,0.0));
#17435=DIRECTION('',(0.0,0.0,-1.0));
#17436=DIRECTION('',(-0.707106782672892,0.0,0.707106779700203));
#17437=DIRECTION('',(0.0,0.0,-1.0));
#17438=DIRECTION('',(-1.0,0.0,0.0));
#17439=DIRECTION('',(-0.0,-0.0,1.0));
#17440=DIRECTION('',(1.0,-0.0,-0.0));
#17441=DIRECTION('',(-0.0,-0.0,-1.0));
#17442=CARTESIAN_POINT('',(-2.5,-7.35,-0.85));
#17443=DIRECTION('',(0.0,0.0,-1.0));
#17444=DIRECTION('',(0.0,1.0,0.0));
#17445=DIRECTION('',(-0.0,-0.0,1.0));
#17446=DIRECTION('',(0.0,0.0,-1.0));
#17447=CARTESIAN_POINT('',(5.95,1.25,1.58137085));
#17448=DIRECTION('',(-1.0842021724855E-15,1.0,0.0));
#17449=DIRECTION('',(-1.0,-1.0842021724855E-15,0.0));
#17450=DIRECTION('',(-0.0,-1.0,-0.0));
#17451=CARTESIAN_POINT('',(5.95,-1.25,1.58137085));
#17452=DIRECTION('',(5.73513088007679E-45,-1.0,1.76324152623343E-30));
#17453=DIRECTION('',(-1.0,7.77876909732641E-61,3.25260651745651E-15));
#17454=CARTESIAN_POINT('',(-5.95,-1.25,1.58137085));
#17455=DIRECTION('',(-1.0842021724855E-15,-1.0,0.0));
#17456=DIRECTION('',(1.0,-1.0842021724855E-15,0.0));
#17457=DIRECTION('',(-0.0,-1.0,-0.0));
#17458=CARTESIAN_POINT('',(-5.95,1.25,1.58137085));
#17459=DIRECTION('',(1.01957882312476E-44,1.0,-2.35098870164457E-30));
#17460=DIRECTION('',(1.0,0.0,4.33680868994201E-15));
#17461=DIRECTION('',(0.0,-1.14256976447981E-09,1.0));
#17462=CARTESIAN_POINT('',(2.5,6.850000007,-0.85000000042375));
#17463=DIRECTION('',(-0.0,1.13000002873361E-09,-1.0));
#17464=DIRECTION('',(0.0,1.0,1.13000002873361E-09));
#17465=DIRECTION('',(-0.0,-1.0,-0.0));
#17466=DIRECTION('',(-0.0,-0.0,-1.0));
#17467=DIRECTION('',(0.0,-1.0,0.0));
#17468=DIRECTION('',(0.0,-1.0,0.0));
#17469=DIRECTION('',(0.707106782672892,-0.0,-0.707106779700203));
#17470=DIRECTION('',(0.0,0.0,1.0));
#17471=DIRECTION('',(-0.0,1.14256976447981E-09,-1.0));
#17472=CARTESIAN_POINT('',(-2.5,6.850000007,-0.850000000254475));
#17473=DIRECTION('',(-0.0,1.13100019319103E-09,-1.0));
#17474=DIRECTION('',(0.0,1.0,1.13100019319103E-09));
#17475=DIRECTION('',(0.707106782672892,-0.0,0.707106779700203));
#17476=DIRECTION('',(0.0,0.0,-1.0));
#17477=DIRECTION('',(1.0,-0.0,-0.0));
#17478=DIRECTION('',(0.0,0.0,1.0));
#17479=DIRECTION('',(-1.0,0.0,0.0));
#17480=DIRECTION('',(-0.0,-0.0,-1.0));
#17481=DIRECTION('',(0.0,-1.0,0.0));
#17482=DIRECTION('',(-1.0,0.0,0.0));
#17483=DIRECTION('',(-1.0,0.0,0.0));
#17484=DIRECTION('',(-0.0,1.0,-0.0));
#17485=DIRECTION('',(-0.0,-1.0,-0.0));
#17486=DIRECTION('',(-0.707106779999383,0.0,0.707106782373712));
#17487=DIRECTION('',(4.88939076752285E-11,-5.54670227849786E-10,-1.0));
#17488=DIRECTION('',(1.0,-0.0,-0.0));
#17489=DIRECTION('',(-0.0,-0.0,1.0));
#17490=DIRECTION('',(1.0,-0.0,-0.0));
#17491=DIRECTION('',(-0.707106782672892,0.0,-0.707106779700204));
#17492=DIRECTION('',(-0.0,-0.0,-1.0));
#17493=DIRECTION('',(0.0,1.0,0.0));
#17494=CARTESIAN_POINT('',(2.5,-7.35,-0.85));
#17495=DIRECTION('',(0.0,0.0,-1.0));
#17496=DIRECTION('',(0.0,1.0,0.0));
#17497=DIRECTION('',(-0.0,-0.0,1.0));
#17498=DIRECTION('',(0.0,1.0,0.0));
#17499=DIRECTION('',(-0.0,-0.0,1.0));
#17500=DIRECTION('',(-0.0,1.0,-0.0));
#17501=DIRECTION('',(-0.707106782672893,0.0,0.707106779700203));
#17502=DIRECTION('',(0.0,0.0,-1.0));
#17503=DIRECTION('',(-1.0,0.0,0.0));
#17504=DIRECTION('',(-0.0,-0.0,1.0));
#17505=DIRECTION('',(1.0,-0.0,-0.0));
#17506=DIRECTION('',(-0.707106782672892,0.0,-0.707106779700203));
#17507=DIRECTION('',(1.0,-0.0,-0.0));
#17508=DIRECTION('',(0.0,0.0,-1.0));
#17509=DIRECTION('',(-1.0,0.0,0.0));
#17510=DIRECTION('',(-0.0,-0.0,1.0));
#17511=DIRECTION('',(0.161659730090737,0.866025403954648,-0.47314493696137));
#17512=DIRECTION('',(-0.946289874648828,-0.0,-0.323319459880015));
#17513=DIRECTION('',(-0.946289874648828,0.0,-0.323319459880015));
#17514=DIRECTION('',(-0.161659730090737,0.866025403954648,0.47314493696137));
#17515=DIRECTION('',(-0.946289874485572,7.69191568414821E-10,-0.323319460357832));
#17516=CARTESIAN_POINT('',(6.25183540894618,1.40217464027723E-17,2.55371012478963));
#17517=DIRECTION('',(-0.946289874916324,-3.50543660222565E-17,-0.323319459097109));
#17518=DIRECTION('',(0.323319459097109,-8.88178419700126E-16,-0.946289874916324));
#17519=DIRECTION('',(0.946289875087993,-0.0,0.323319458594669));
#17520=DIRECTION('',(-0.323319459093725,0.0,0.946289874917481));
#17521=DIRECTION('',(0.323319459093725,-0.0,-0.946289874917481));
#17522=DIRECTION('',(-0.946289875413713,-0.0,-0.323319457641355));
#17523=DIRECTION('',(0.707106781186548,-0.0,0.707106781186547));
#17524=DIRECTION('',(0.0,-1.0,0.0));
#17525=DIRECTION('',(-0.707106781186548,0.0,-0.707106781186547));
#17526=DIRECTION('',(0.707106781186548,0.0,-0.707106781186547));
#17527=DIRECTION('',(0.0,1.0,0.0));
#17528=DIRECTION('',(-0.707106781186548,-0.0,0.707106781186547));
#17529=CARTESIAN_POINT('',(2.5,6.850000007,-0.85000000042375));
#17530=DIRECTION('',(1.29732787506609E-31,1.13000002873361E-09,-1.0));
#17531=DIRECTION('',(4.62592926927149E-15,1.0,1.13000002873361E-09));
#17532=DIRECTION('',(-0.0,-0.0,-1.0));
#17533=DIRECTION('',(-1.09081724024112E-11,-1.13485664502783E-09,1.0));
#17534=DIRECTION('',(-1.0,0.0,0.0));
#17535=DIRECTION('',(-0.0,-0.0,-1.0));
#17536=DIRECTION('',(1.0,-0.0,-0.0));
#17537=DIRECTION('',(0.0,-1.0,0.0));
#17538=DIRECTION('',(0.707106782672893,-0.0,-0.707106779700203));
#17539=DIRECTION('',(-1.0,0.0,0.0));
#17540=DIRECTION('',(-0.0,-0.0,-1.0));
#17541=DIRECTION('',(1.0,-0.0,-0.0));
#17542=DIRECTION('',(-0.0,-0.0,-1.0));
#17543=DIRECTION('',(0.0,1.0,0.0));
#17544=DIRECTION('',(0.0,0.0,1.0));
#17545=DIRECTION('',(0.0,1.0,0.0));
#17546=DIRECTION('',(0.946289874648828,0.0,-0.323319459880015));
#17547=DIRECTION('',(-0.946289874684665,-4.13671917747468E-10,0.323319459775129));
#17548=DIRECTION('',(0.161659729305815,0.866025404214876,0.473144936753243));
#17549=DIRECTION('',(-0.946289874648828,0.0,0.323319459880018));
#17550=CARTESIAN_POINT('',(-6.2518354091713,0.0,2.55371012486654));
#17551=DIRECTION('',(-0.946289874916324,0.0,0.323319459097112));
#17552=DIRECTION('',(0.323319459097112,0.0,0.946289874916324));
#17553=DIRECTION('',(-0.946289874648829,-0.0,0.323319459880013));
#17554=CARTESIAN_POINT('',(-6.2518354091713,0.0,2.55371012486654));
#17555=DIRECTION('',(-0.946289874916324,0.0,0.323319459097112));
#17556=DIRECTION('',(0.323319459097112,0.0,0.946289874916324));
#17557=DIRECTION('',(0.946289874648828,0.0,-0.323319459880015));
#17558=DIRECTION('',(-0.161659729305815,0.866025404214876,-0.473144936753244));
#17559=DIRECTION('',(-0.946289875087993,-0.0,0.323319458594669));
#17560=DIRECTION('',(-0.323319459093725,-0.0,-0.946289874917481));
#17561=DIRECTION('',(0.946289875087993,0.0,-0.323319458594669));
#17562=DIRECTION('',(0.323319459093725,0.0,0.946289874917481));
#17563=DIRECTION('',(0.0,1.0,0.0));
#17564=DIRECTION('',(-0.0,-1.0,-0.0));
#17565=CARTESIAN_POINT('',(0.0,-7.350000002,-0.84999999980575));
#17566=DIRECTION('',(1.02585007943996E-30,-5.17999994934575E-10,-1.0));
#17567=DIRECTION('',(-7.10542735760101E-15,-1.0,5.17999994934575E-10));
#17568=DIRECTION('',(-1.0,0.0,0.0));
#17569=DIRECTION('',(-0.0,1.0,-0.0));
#17570=DIRECTION('',(0.707106782672893,-0.0,0.707106779700203));
#17571=DIRECTION('',(1.0,-0.0,-0.0));
#17572=DIRECTION('',(0.0,0.0,-1.0));
#17573=DIRECTION('',(-1.0,0.0,0.0));
#17574=DIRECTION('',(-0.0,-0.0,1.0));
#17575=DIRECTION('',(-0.707106782672892,0.0,0.707106779700203));
#17576=DIRECTION('',(-0.0,-0.0,-1.0));
#17577=DIRECTION('',(1.0,-0.0,-0.0));
#17578=DIRECTION('',(-0.0,-0.0,1.0));
#17579=DIRECTION('',(0.0,1.0,0.0));
#17580=DIRECTION('',(-0.0,-1.0,-0.0));
#17581=DIRECTION('',(-0.0,-1.0,-0.0));
#17582=DIRECTION('',(-0.0,-0.0,1.0));
#17583=DIRECTION('',(-0.0,1.0,-0.0));
#17584=DIRECTION('',(0.0,-1.0,0.0));
#17585=DIRECTION('',(0.0,-1.0,0.0));
#17586=DIRECTION('',(0.0,0.0,-1.0));
#17587=DIRECTION('',(0.0,-1.0,0.0));
#17588=DIRECTION('',(-1.0,0.0,0.0));
#17589=DIRECTION('',(-0.707106781186547,0.0,0.707106781186548));
#17590=CARTESIAN_POINT('',(5.95,-1.25,1.58137085));
#17591=DIRECTION('',(3.61400724161835E-16,-1.0,-3.26526208561747E-31));
#17592=DIRECTION('',(-1.0,-3.61400724161835E-16,1.80700362080917E-15));
#17593=CARTESIAN_POINT('',(5.95,1.25,1.58137085));
#17594=DIRECTION('',(-3.61400724161834E-16,1.0,0.0));
#17595=DIRECTION('',(-1.0,-3.61400724161834E-16,0.0));
#17596=DIRECTION('',(-0.707106781186547,0.0,0.707106781186548));
#17597=DIRECTION('',(-0.0,-1.0,-0.0));
#17598=DIRECTION('',(1.0,-0.0,-0.0));
#17599=DIRECTION('',(-1.0,-0.0,-0.0));
#17600=DIRECTION('',(-0.0,-1.0,-0.0));
#17601=CARTESIAN_POINT('',(6.05,1.25,0.55));
#17602=DIRECTION('',(3.61400724161835E-16,1.0,3.26526208561747E-31));
#17603=DIRECTION('',(1.0,-3.61400724161835E-16,1.80700362080917E-15));
#17604=DIRECTION('',(-0.0,-1.0,-0.0));
#17605=CARTESIAN_POINT('',(6.05,-1.25,0.55));
#17606=DIRECTION('',(-3.61400724161835E-16,-1.0,0.0));
#17607=DIRECTION('',(1.0,-3.61400724161835E-16,0.0));
#17608=CARTESIAN_POINT('',(-6.05,-1.25,0.55));
#17609=DIRECTION('',(5.90034041160167E-46,-1.0,-3.26526208561746E-31));
#17610=DIRECTION('',(-1.0,0.0,-1.80700362080917E-15));
#17611=DIRECTION('',(0.0,1.0,0.0));
#17612=CARTESIAN_POINT('',(-6.05,1.25,0.55));
#17613=DIRECTION('',(0.0,1.0,-0.0));
#17614=DIRECTION('',(-1.0,0.0,0.0));
#17615=DIRECTION('',(0.0,1.0,0.0));
#17616=DIRECTION('',(-1.0,-0.0,-0.0));
#17617=DIRECTION('',(0.0,1.0,0.0));
#17618=DIRECTION('',(-1.0,-0.0,-0.0));
#17619=CARTESIAN_POINT('',(3.0,0.0,-0.4));
#17620=DIRECTION('',(0.0,0.0,-1.0));
#17621=DIRECTION('',(1.0,0.0,0.0));
#17622=DIRECTION('',(1.0,0.0,0.0));
#17623=CARTESIAN_POINT('',(0.0,0.0,0.0));
#17624=DIRECTION('',(0.0,0.0,1.0));
#17625=DIRECTION('',(-1.0,0.0,0.0));
#17626=CARTESIAN_POINT('',(0.0,0.0,0.0));
#17627=DIRECTION('',(0.0,0.0,1.0));
#17628=DIRECTION('',(-1.0,0.0,0.0));
#17629=DIRECTION('',(-1.0,0.0,0.0));
#17630=DIRECTION('',(-0.0,-0.0,-1.0));
#17631=DIRECTION('',(0.707106779999382,0.0,0.707106782373713));
#17632=DIRECTION('',(-1.0,0.0,0.0));
#17633=DIRECTION('',(0.0,0.0,1.0));
#17634=DIRECTION('',(0.0,-1.14256976447981E-09,1.0));
#17635=CARTESIAN_POINT('',(2.5,6.850000007,-0.850000000254475));
#17636=DIRECTION('',(-0.0,1.13100019319103E-09,-1.0));
#17637=DIRECTION('',(0.0,1.0,1.13100019319103E-09));
#17638=DIRECTION('',(-0.0,-1.0,-0.0));
#17639=DIRECTION('',(-0.0,-1.0,-0.0));
#17640=DIRECTION('',(-0.0,-0.0,-1.0));
#17641=DIRECTION('',(-0.0,-1.0,-0.0));
#17642=DIRECTION('',(-0.0,-1.0,-0.0));
#17643=DIRECTION('',(-0.0,1.0,-0.0));
#17644=DIRECTION('',(0.707106779999381,0.0,0.707106782373714));
#17645=DIRECTION('',(1.0,-0.0,-0.0));
#17646=DIRECTION('',(-1.0055894009927E-11,1.13754191657699E-09,-1.0));
#17647=DIRECTION('',(-1.0,0.0,0.0));
#17648=DIRECTION('',(0.0,0.0,1.0));
#17649=DIRECTION('',(0.707106781186547,0.0,0.707106781186548));
#17650=CARTESIAN_POINT('',(-5.95,1.25,1.58137085));
#17651=DIRECTION('',(1.15646672067393E-45,1.0,-4.57136691986445E-31));
#17652=DIRECTION('',(1.0,0.0,2.52980506913284E-15));
#17653=CARTESIAN_POINT('',(-5.95,-1.25,1.58137085));
#17654=DIRECTION('',(-3.61400724161835E-16,-1.0,0.0));
#17655=DIRECTION('',(1.0,-3.61400724161835E-16,0.0));
#17656=DIRECTION('',(0.707106781186547,0.0,0.707106781186548));
#17657=DIRECTION('',(1.0,-0.0,-0.0));
#17658=DIRECTION('',(0.0,1.0,0.0));
#17659=CARTESIAN_POINT('',(-0.75,-6.925,-0.85));
#17660=DIRECTION('',(-1.0,0.0,0.0));
#17661=DIRECTION('',(0.0,0.0,1.0));
#17662=DIRECTION('',(-1.0,0.0,0.0));
#17663=CARTESIAN_POINT('',(-0.3,-6.925,-0.85));
#17664=DIRECTION('',(1.0,0.0,-0.0));
#17665=DIRECTION('',(0.0,0.0,1.0));
#17666=DIRECTION('',(0.0,0.0,-1.0));
#17667=CARTESIAN_POINT('',(-0.75,-6.925,-0.85));
#17668=DIRECTION('',(-1.0,0.0,0.0));
#17669=DIRECTION('',(0.0,0.0,1.0));
#17670=DIRECTION('',(-1.0,0.0,0.0));
#17671=CARTESIAN_POINT('',(-0.212132034358287,-6.925,-0.849999999999999));
#17672=DIRECTION('',(1.0,-1.85084888299986E-16,-1.62630325756205E-16));
#17673=DIRECTION('',(-1.62630325756205E-16,0.0,-1.0));
#17674=CARTESIAN_POINT('',(0.212132034,-6.925,-0.85));
#17675=DIRECTION('',(-1.0,0.0,1.62630324246522E-16));
#17676=DIRECTION('',(1.62630324246522E-16,0.0,1.0));
#17677=CARTESIAN_POINT('',(0.0,-6.925,-1.275));
#17678=DIRECTION('',(0.0,-1.0,0.0));
#17679=DIRECTION('',(0.0,0.0,-1.0));
#17680=CARTESIAN_POINT('',(0.0,-6.925,-1.275));
#17681=DIRECTION('',(0.0,-1.0,0.0));
#17682=DIRECTION('',(0.0,0.0,-1.0));
#17683=CARTESIAN_POINT('',(0.75,-6.925,-0.85));
#17684=DIRECTION('',(-1.0,0.0,0.0));
#17685=DIRECTION('',(0.0,-1.0,0.0));
#17686=DIRECTION('',(-1.0,0.0,0.0));
#17687=CARTESIAN_POINT('',(0.75,-6.925,-0.85));
#17688=DIRECTION('',(1.0,1.6680033294546E-16,0.0));
#17689=DIRECTION('',(1.6680033294546E-16,-1.0,0.0));
#17690=DIRECTION('',(-0.0,-0.0,1.0));
#17691=DIRECTION('',(-1.0,0.0,0.0));
#17692=CARTESIAN_POINT('',(0.3,-6.925,-0.85));
#17693=DIRECTION('',(-1.0,-8.34001664727298E-17,0.0));
#17694=DIRECTION('',(8.34001664727298E-17,-1.0,0.0));
#17695=CARTESIAN_POINT('',(0.0,-6.925000001,-1.274999998));
#17696=DIRECTION('',(0.0,-1.0,0.0));
#17697=DIRECTION('',(0.0,0.0,-1.0));
#17698=CARTESIAN_POINT('',(0.0,-6.92499999975,-1.274999998));
#17699=DIRECTION('',(0.0,-1.0,0.0));
#17700=DIRECTION('',(0.0,0.0,-1.0));
#17701=DIRECTION('',(-0.0,-1.0,-0.0));
#17702=DIRECTION('',(0.0,-1.0,0.0));
#17703=DIRECTION('',(-0.707106779999383,0.0,-0.707106782373712));
#17704=DIRECTION('',(0.0,-1.0,0.0));
#17705=DIRECTION('',(0.0,0.0,-1.0));
#17706=DIRECTION('',(0.0,-1.0,0.0));
#17707=DIRECTION('',(-1.0,0.0,0.0));
#17708=DIRECTION('',(-0.0,-0.0,1.0));
#17709=CARTESIAN_POINT('',(2.5,-7.35,-0.85));
#17710=DIRECTION('',(0.0,0.0,-1.0));
#17711=DIRECTION('',(1.15648231731787E-15,1.0,0.0));
#17712=DIRECTION('',(0.0,0.0,-1.0));
#17713=DIRECTION('',(0.0,1.0,0.0));
#17714=DIRECTION('',(-1.0,0.0,0.0));
#17715=DIRECTION('',(-0.0,1.0,-0.0));
#17716=DIRECTION('',(-0.0,-1.0,-0.0));
#17717=DIRECTION('',(-0.707106822779342,0.0,0.707106739593751));
#17718=DIRECTION('',(-0.0,-0.0,-1.0));
#17719=DIRECTION('',(1.0,-0.0,-0.0));
#17720=DIRECTION('',(-0.0,-0.0,1.0));
#17721=DIRECTION('',(1.0,-0.0,-0.0));
#17722=DIRECTION('',(0.0,0.0,1.0));
#17723=DIRECTION('',(-0.707106782672892,0.0,-0.707106779700203));
#17724=DIRECTION('',(0.0,1.0,0.0));
#17725=DIRECTION('',(0.0,1.0,0.0));
#17726=DIRECTION('',(0.707106781186547,0.0,0.707106781186548));
#17727=DIRECTION('',(0.707106781186548,-0.0,-0.707106781186547));
#17728=DIRECTION('',(-0.707106781186547,-0.0,-0.707106781186548));
#17729=DIRECTION('',(-0.707106781186548,0.0,0.707106781186547));
#17730=DIRECTION('',(0.707106781186548,-0.0,-0.707106781186548));
#17731=DIRECTION('',(0.0,0.0,1.0));
#17732=DIRECTION('',(-1.0,0.0,0.0));
#17733=DIRECTION('',(0.0,0.0,1.0));
#17734=DIRECTION('',(1.0,-0.0,-0.0));
#17735=DIRECTION('',(0.0,0.0,1.0));
#17736=DIRECTION('',(1.0,-0.0,-0.0));
#17737=DIRECTION('',(0.0,0.0,1.0));
#17738=DIRECTION('',(0.998889874964506,-0.0,0.0471064506558711));
#17739=CARTESIAN_POINT('',(5.35,4.475,-0.8));
#17740=DIRECTION('',(-0.0,-1.0,-0.0));
#17741=DIRECTION('',(-1.0,0.0,0.0));
#17742=DIRECTION('',(-0.0,-0.0,1.0));
#17743=DIRECTION('',(1.0,0.0,0.0));
#17744=DIRECTION('',(0.0,0.0,-1.0));
#17745=DIRECTION('',(-0.707106781186548,0.0,0.707106781186548));
#17746=DIRECTION('',(-0.998889874964506,0.0,-0.0471064506558711));
#17747=DIRECTION('',(0.0,0.0,-1.0));
#17748=DIRECTION('',(-1.0,0.0,0.0));
#17749=DIRECTION('',(-0.707106780635752,-0.707106781737343,0.0));
#17750=DIRECTION('',(-0.706713965752019,-0.706713965752019,-0.0333277845364552));
#17751=DIRECTION('',(0.0,0.0,-1.0));
#17752=DIRECTION('',(-0.0,-1.0,-0.0));
#17753=DIRECTION('',(-0.0,-1.0,-0.0));
#17754=DIRECTION('',(0.0,0.0,-1.0));
#17755=DIRECTION('',(-0.0,1.0,-0.0));
#17756=DIRECTION('',(-0.0,-1.0,-0.0));
#17757=DIRECTION('',(0.707106781186548,0.0,-0.707106781186548));
#17758=DIRECTION('',(0.998889874964506,0.0,0.0471064506558711));
#17759=DIRECTION('',(-0.0,-0.0,-1.0));
#17760=DIRECTION('',(-1.0,-0.0,-0.0));
#17761=DIRECTION('',(-0.0,-0.0,-1.0));
#17762=DIRECTION('',(-1.0,-0.0,-0.0));
#17763=DIRECTION('',(-0.0,-0.0,-1.0));
#17764=DIRECTION('',(1.0,0.0,0.0));
#17765=DIRECTION('',(0.0,0.0,1.0));
#17766=DIRECTION('',(-0.0,1.0,-0.0));
#17767=DIRECTION('',(-0.707106781186548,-0.0,0.707106781186548));
#17768=DIRECTION('',(0.0,1.0,0.0));
#17769=DIRECTION('',(-0.0,-0.0,-1.0));
#17770=CARTESIAN_POINT('',(5.35,-4.475,-0.8));
#17771=DIRECTION('',(-1.73472346903791E-15,1.0,0.0));
#17772=DIRECTION('',(-1.0,-1.73472346903791E-15,0.0));
#17773=DIRECTION('',(1.0,-0.0,-0.0));
#17774=DIRECTION('',(-0.0,-0.0,1.0));
#17775=DIRECTION('',(-0.998889874964506,-0.0,-0.047106450655871));
#17776=DIRECTION('',(-0.0,-0.0,-1.0));
#17777=DIRECTION('',(-1.0,0.0,0.0));
#17778=DIRECTION('',(0.707106780635752,-0.707106781737343,0.0));
#17779=DIRECTION('',(-0.0,-0.0,1.0));
#17780=DIRECTION('',(-0.706713965177815,0.706713966326223,-0.0333277845364552));
#17781=DIRECTION('',(-0.0,-1.0,-0.0));
#17782=DIRECTION('',(-0.0,-0.0,1.0));
#17783=DIRECTION('',(0.0,1.0,0.0));
#17784=DIRECTION('',(-0.0,-1.0,-0.0));
#17785=DIRECTION('',(-0.0,-0.0,-1.0));
#17786=DIRECTION('',(0.0,0.0,1.0));
#17787=DIRECTION('',(0.0,1.0,0.0));
#17788=DIRECTION('',(0.0,0.0,-1.0));
#17789=DIRECTION('',(-0.0,-0.0,1.0));
#17790=DIRECTION('',(-0.707106781186548,0.0,-0.707106781186548));
#17791=DIRECTION('',(0.0,0.0,1.0));
#17792=DIRECTION('',(1.0,0.0,0.0));
#17793=DIRECTION('',(0.0,0.0,1.0));
#17794=DIRECTION('',(-1.0,-0.0,-0.0));
#17795=DIRECTION('',(0.0,0.0,1.0));
#17796=DIRECTION('',(-1.0,-0.0,-0.0));
#17797=DIRECTION('',(0.0,0.0,1.0));
#17798=DIRECTION('',(-0.998889874964506,0.0,0.0471064506558711));
#17799=CARTESIAN_POINT('',(-3.0,0.0,-0.15));
#17800=DIRECTION('',(0.0,0.0,-1.0));
#17801=DIRECTION('',(1.0,0.0,0.0));
#17802=DIRECTION('',(-0.0,-0.0,-1.0));
#17803=CARTESIAN_POINT('',(-3.0,0.0,-0.4));
#17804=DIRECTION('',(0.0,0.0,-1.0));
#17805=DIRECTION('',(1.0,0.0,0.0));
#17806=DIRECTION('',(-0.0,-0.0,-1.0));
#17807=DIRECTION('',(-0.0,-0.0,1.0));
#17808=CARTESIAN_POINT('',(-3.0,0.0,-0.15));
#17809=DIRECTION('',(0.0,0.0,-1.0));
#17810=DIRECTION('',(1.0,0.0,0.0));
#17811=CARTESIAN_POINT('',(-3.0,0.0,-0.4));
#17812=DIRECTION('',(0.0,0.0,-1.0));
#17813=DIRECTION('',(1.0,0.0,0.0));
#17814=CARTESIAN_POINT('',(3.0,0.0,-0.15));
#17815=DIRECTION('',(0.0,0.0,-1.0));
#17816=DIRECTION('',(1.0,0.0,0.0));
#17817=DIRECTION('',(-0.0,-0.0,-1.0));
#17818=DIRECTION('',(0.0,0.0,-1.0));
#17819=CARTESIAN_POINT('',(0.0,0.0,-0.15));
#17820=DIRECTION('',(0.0,0.0,-1.0));
#17821=DIRECTION('',(-1.0,0.0,0.0));
#17822=DIRECTION('',(-0.0,-0.0,1.0));
#17823=CARTESIAN_POINT('',(0.0,0.0,-0.15));
#17824=DIRECTION('',(0.0,0.0,-1.0));
#17825=DIRECTION('',(-1.0,0.0,0.0));
#17826=DIRECTION('',(-0.0,1.0,-0.0));
#17827=DIRECTION('',(-0.0,1.0,-0.0));
#17828=DIRECTION('',(1.0,-0.0,-0.0));
#17829=DIRECTION('',(-0.0,-1.0,-0.0));
#17830=DIRECTION('',(0.0,0.0,1.0));
#17831=DIRECTION('',(0.0,1.0,0.0));
#17832=DIRECTION('',(0.707106782672893,-0.0,0.707106779700203));
#17833=DIRECTION('',(1.0,-0.0,-0.0));
#17834=DIRECTION('',(-0.0,-1.0,-0.0));
#17835=DIRECTION('',(-0.0,-1.0,-0.0));
#17836=DIRECTION('',(-1.0,0.0,0.0));
#17837=DIRECTION('',(-1.0055894009927E-11,-1.13754152016843E-09,1.0));
#17838=DIRECTION('',(0.707106782672893,-0.0,-0.707106779700203));
#17839=DIRECTION('',(0.0,0.0,1.0));
#17840=DIRECTION('',(0.0,-1.0,0.0));
#17841=CARTESIAN_POINT('',(-2.5,6.850000007,-0.85000000042375));
#17842=DIRECTION('',(-0.0,1.13000002873361E-09,-1.0));
#17843=DIRECTION('',(0.0,1.0,1.13000002873361E-09));
#17844=DIRECTION('',(-0.0,1.14256976447981E-09,-1.0));
#17845=DIRECTION('',(-0.707106781186547,-0.0,-0.707106781186548));
#17846=DIRECTION('',(0.707106781186547,-0.0,-0.707106781186548));
#17847=DIRECTION('',(0.0,1.0,0.0));
#17848=DIRECTION('',(-0.707106781186547,0.0,0.707106781186548));
#17849=DIRECTION('',(0.707106781186548,0.0,0.707106781186547));
#17850=DIRECTION('',(-1.0,0.0,0.0));
#17851=DIRECTION('',(-0.0,-0.0,-1.0));
#17852=DIRECTION('',(0.707106781186548,-0.0,0.707106781186548));
#17853=DIRECTION('',(0.998889874964506,-0.0,-0.047106450655871));
#17854=DIRECTION('',(-0.0,-0.0,1.0));
#17855=DIRECTION('',(1.0,-0.0,-0.0));
#17856=CARTESIAN_POINT('',(-5.35,-4.475,-0.8));
#17857=DIRECTION('',(-1.30506087793898E-45,1.0,7.52316378507734E-31));
#17858=DIRECTION('',(1.0,-1.55575381324227E-61,1.73472346903791E-15));
#17859=DIRECTION('',(0.0,0.0,1.0));
#17860=DIRECTION('',(0.706713965752019,0.706713965752019,-0.0333277845364552));
#17861=DIRECTION('',(-0.0,-0.0,1.0));
#17862=DIRECTION('',(0.707106780635752,0.707106781737343,0.0));
#17863=DIRECTION('',(0.0,1.0,0.0));
#17864=DIRECTION('',(-0.0,-0.0,1.0));
#17865=DIRECTION('',(0.0,1.0,0.0));
#17866=DIRECTION('',(-0.0,-1.0,-0.0));
#17867=DIRECTION('',(0.0,1.0,0.0));
#17868=DIRECTION('',(-0.0,-0.0,1.0));
#17869=DIRECTION('',(-0.707106781186548,-0.0,-0.707106781186548));
#17870=DIRECTION('',(-0.998889874964506,-0.0,0.0471064506558711));
#17871=DIRECTION('',(-0.0,-0.0,-1.0));
#17872=DIRECTION('',(1.0,-0.0,-0.0));
#17873=DIRECTION('',(-0.0,-0.0,-1.0));
#17874=DIRECTION('',(1.0,-0.0,-0.0));
#17875=DIRECTION('',(-0.0,-0.0,-1.0));
#17876=DIRECTION('',(-1.0,0.0,0.0));
#17877=DIRECTION('',(-0.0,-1.0,-0.0));
#17878=DIRECTION('',(-0.0,-1.0,-0.0));
#17879=DIRECTION('',(0.707106781186548,0.0,0.707106781186548));
#17880=DIRECTION('',(1.0,0.0,0.0));
#17881=DIRECTION('',(0.0,0.0,-1.0));
#17882=CARTESIAN_POINT('',(-5.35,4.475,-0.8));
#17883=DIRECTION('',(0.0,-1.0,0.0));
#17884=DIRECTION('',(1.0,0.0,0.0));
#17885=DIRECTION('',(-1.0,0.0,0.0));
#17886=DIRECTION('',(0.0,0.0,-1.0));
#17887=DIRECTION('',(0.998889874964506,0.0,-0.0471064506558711));
#17888=DIRECTION('',(0.0,0.0,-1.0));
#17889=DIRECTION('',(-0.0,-0.0,1.0));
#17890=DIRECTION('',(0.0,1.0,0.0));
#17891=DIRECTION('',(0.0,0.0,-1.0));
#17892=DIRECTION('',(-0.0,-1.0,-0.0));
#17893=DIRECTION('',(-0.707106780635752,0.707106781737343,0.0));
#17894=DIRECTION('',(0.706713965177812,-0.706713966326226,-0.0333277845364551));
#17895=DIRECTION('',(-0.0,-1.0,-0.0));
#17896=CARTESIAN_POINT('',(7.22801449480152E-16,-6.3,-1.274999998));
#17897=DIRECTION('',(0.0,1.0,-0.0));
#17898=DIRECTION('',(-1.0,0.0,0.0));
#17899=DIRECTION('',(-0.0,-1.0,-0.0));
#17900=DIRECTION('',(-0.0,1.0,-0.0));
#17901=DIRECTION('',(-1.0,0.0,0.0));
#17902=DIRECTION('',(0.0,0.0,1.0));
#17903=DIRECTION('',(0.0,1.0,0.0));
#17904=DIRECTION('',(1.0,-0.0,-0.0));
#17905=DIRECTION('',(-0.0,-1.0,-0.0));
#17906=CARTESIAN_POINT('',(0.0,-6.3,-1.275));
#17907=DIRECTION('',(0.0,-1.0,0.0));
#17908=DIRECTION('',(1.77635683940025E-15,0.0,1.0));
#17909=DIRECTION('',(-0.0,-1.0,-0.0));
#17910=DIRECTION('',(0.0,1.0,0.0));
#17911=CARTESIAN_POINT('',(0.0,-6.3,-1.275));
#17912=DIRECTION('',(-0.0,-1.0,0.0));
#17913=DIRECTION('',(-8.88178419700125E-16,0.0,1.0));
#17914=DIRECTION('',(1.0,-0.0,-0.0));
#17915=DIRECTION('',(0.0,1.0,0.0));
#17916=DIRECTION('',(-0.0,-0.0,-1.0));
#17917=DIRECTION('',(-0.0,-1.0,-0.0));
#17918=DIRECTION('',(0.0,1.0,0.0));
#17919=DIRECTION('',(-1.0,0.0,0.0));
#17920=CARTESIAN_POINT('',(7.22801449480152E-16,-6.3,-1.274999998));
#17921=DIRECTION('',(0.0,1.0,-0.0));
#17922=DIRECTION('',(-1.0,0.0,0.0));
#17923=DIRECTION('',(0.0,0.0,-1.0));
#17924=DIRECTION('',(0.0,1.0,0.0));
#17925=CARTESIAN_POINT('',(3.25,-6.925,-0.85));
#17926=DIRECTION('',(1.0,6.67201331781839E-16,0.0));
#17927=DIRECTION('',(6.67201331781839E-16,-1.0,0.0));
#17928=DIRECTION('',(-0.0,-0.0,1.0));
#17929=CARTESIAN_POINT('',(3.25,-6.925,-0.85));
#17930=DIRECTION('',(1.0,0.0,0.0));
#17931=DIRECTION('',(0.0,-1.0,0.0));
#17932=DIRECTION('',(1.0,-0.0,-0.0));
#17933=DIRECTION('',(0.0,0.0,-1.0));
#17934=CARTESIAN_POINT('',(-3.25,-6.925,-0.85));
#17935=DIRECTION('',(-1.0,0.0,0.0));
#17936=DIRECTION('',(0.0,0.0,1.0));
#17937=CARTESIAN_POINT('',(-3.25,-6.925,-0.85));
#17938=DIRECTION('',(-1.0,0.0,0.0));
#17939=DIRECTION('',(0.0,0.0,1.0));
#17940=DIRECTION('',(-0.0,-1.0,-0.0));
#17941=CARTESIAN_POINT('',(-2.5,-7.35000000000397,-0.84999999816501));
#17942=DIRECTION('',(0.0,8.81926506107067E-09,-1.0));
#17943=DIRECTION('',(0.0,1.0,8.81926506107067E-09));
#17944=DIRECTION('',(0.0,-1.0,0.0));
#17945=CARTESIAN_POINT('',(6.05,-1.25,0.55));
#17946=DIRECTION('',(0.0,-1.0,0.0));
#17947=DIRECTION('',(1.0,0.0,0.0));
#17948=DIRECTION('',(-1.0,0.0,0.0));
#17949=DIRECTION('',(1.0,-0.0,-0.0));
#17950=CARTESIAN_POINT('',(6.05,1.25,0.55));
#17951=DIRECTION('',(2.69232532981385E-44,1.0,-3.82035664017244E-30));
#17952=DIRECTION('',(1.0,0.0,7.04731412115579E-15));
#17953=DIRECTION('',(0.0,0.0,1.0));
#17954=DIRECTION('',(-0.0,-1.0,-0.0));
#17955=DIRECTION('',(-0.0,-0.0,1.0));
#17956=DIRECTION('',(-0.0,-1.0,-0.0));
#17957=DIRECTION('',(0.0,1.0,0.0));
#17958=DIRECTION('',(-0.706713965751185,0.706713965751185,-0.0333277845718266));
#17959=DIRECTION('',(-0.998889874964506,0.0,-0.0471064506558711));
#17960=DIRECTION('',(0.0,1.0,0.0));
#17961=DIRECTION('',(-0.998889874964506,0.0,-0.0471064506558711));
#17962=DIRECTION('',(0.706713965751454,-0.706713965751454,0.033327784560411));
#17963=DIRECTION('',(0.707106781267116,-0.707106781105979,0.0));
#17964=DIRECTION('',(0.0,0.0,1.0));
#17965=DIRECTION('',(1.0,-0.0,-0.0));
#17966=DIRECTION('',(0.0,1.0,0.0));
#17967=DIRECTION('',(0.0,1.0,0.0));
#17968=DIRECTION('',(0.0,1.0,0.0));
#17969=DIRECTION('',(0.0,1.0,0.0));
#17970=DIRECTION('',(-1.0,-0.0,-0.0));
#17971=DIRECTION('',(0.707106781186548,0.707106781186548,0.0));
#17972=DIRECTION('',(-0.0,-0.0,-1.0));
#17973=DIRECTION('',(0.706713965594508,0.706713965908603,0.033327784556106));
#17974=DIRECTION('',(-0.0,-1.0,-0.0));
#17975=DIRECTION('',(-0.0,-0.0,-1.0));
#17976=DIRECTION('',(-0.0,-1.0,-0.0));
#17977=DIRECTION('',(-0.0,-0.0,-1.0));
#17978=DIRECTION('',(-0.0,-1.0,-0.0));
#17979=CARTESIAN_POINT('',(2.1,-5.0,-0.8));
#17980=DIRECTION('',(0.0,0.0,-1.0));
#17981=DIRECTION('',(1.0,0.0,0.0));
#17982=DIRECTION('',(0.0,1.0,0.0));
#17983=DIRECTION('',(0.998889874964506,0.0,0.0471064506558711));
#17984=DIRECTION('',(-0.0,-1.0,-0.0));
#17985=DIRECTION('',(-0.998889874964506,-0.0,-0.0471064506558711));
#17986=DIRECTION('',(-0.706713965753086,-0.706713965749672,-0.0333277845635844));
#17987=DIRECTION('',(0.0,-1.0,0.0));
#17988=DIRECTION('',(-0.707106781186548,-0.0,0.707106781186548));
#17989=DIRECTION('',(0.707106781186548,0.0,-0.707106781186548));
#17990=DIRECTION('',(-0.0,1.0,-0.0));
#17991=DIRECTION('',(1.0,0.0,0.0));
#17992=DIRECTION('',(-1.0,0.0,0.0));
#17993=DIRECTION('',(0.0,1.0,0.0));
#17994=DIRECTION('',(1.0,0.0,0.0));
#17995=DIRECTION('',(-0.0,-1.0,-0.0));
#17996=DIRECTION('',(1.0,0.0,0.0));
#17997=DIRECTION('',(0.0,-1.0,0.0));
#17998=DIRECTION('',(-0.707106781186548,0.0,0.707106781186548));
#17999=DIRECTION('',(0.707106781186548,-0.0,-0.707106781186548));
#18000=DIRECTION('',(-0.0,1.0,-0.0));
#18001=CARTESIAN_POINT('',(2.1,5.0,-0.8));
#18002=DIRECTION('',(0.0,0.0,-1.0));
#18003=DIRECTION('',(1.0,0.0,0.0));
#18004=DIRECTION('',(-0.0,-1.0,-0.0));
#18005=DIRECTION('',(0.0,1.0,0.0));
#18006=DIRECTION('',(0.0,1.0,0.0));
#18007=CARTESIAN_POINT('',(-2.1,5.0,-0.8));
#18008=DIRECTION('',(0.0,0.0,-1.0));
#18009=DIRECTION('',(1.0,0.0,0.0));
#18010=DIRECTION('',(-0.0,-1.0,-0.0));
#18011=DIRECTION('',(0.0,1.0,0.0));
#18012=DIRECTION('',(-1.0,-0.0,-0.0));
#18013=DIRECTION('',(0.0,1.0,0.0));
#18014=DIRECTION('',(-1.0,0.0,0.0));
#18015=DIRECTION('',(-0.0,1.0,-0.0));
#18016=DIRECTION('',(1.0,0.0,0.0));
#18017=DIRECTION('',(-1.0,-0.0,-0.0));
#18018=DIRECTION('',(0.0,1.0,0.0));
#18019=DIRECTION('',(-0.706713965753086,0.706713965749672,0.0333277845635844));
#18020=DIRECTION('',(-0.998889874964506,0.0,0.0471064506558711));
#18021=DIRECTION('',(-0.0,-1.0,-0.0));
#18022=DIRECTION('',(-0.998889874964506,0.0,0.0471064506558711));
#18023=DIRECTION('',(0.706713965751309,-0.706713965751454,-0.0333277845635005));
#18024=DIRECTION('',(-0.0,-1.0,-0.0));
#18025=CARTESIAN_POINT('',(-2.1,-5.0,-0.8));
#18026=DIRECTION('',(0.0,0.0,-1.0));
#18027=DIRECTION('',(1.0,0.0,0.0));
#18028=DIRECTION('',(0.0,1.0,0.0));
#18029=DIRECTION('',(-1.0,0.0,0.0));
#18030=DIRECTION('',(-0.0,-0.0,1.0));
#18031=DIRECTION('',(-1.0,-0.0,-0.0));
#18032=DIRECTION('',(0.0,0.0,-1.0));
#18033=DIRECTION('',(1.0,-0.0,-0.0));
#18034=DIRECTION('',(1.0,0.0,0.0));
#18035=DIRECTION('',(-0.0,-1.0,-0.0));
#18036=DIRECTION('',(-0.0,-0.0,-1.0));
#18037=DIRECTION('',(-1.0,-0.0,-0.0));
#18038=DIRECTION('',(0.0,0.0,1.0));
#18039=DIRECTION('',(1.0,0.0,0.0));
#18040=DIRECTION('',(-0.0,1.0,-0.0));
#18041=CARTESIAN_POINT('',(0.0,0.0,-0.15));
#18042=DIRECTION('',(0.0,0.0,1.0));
#18043=DIRECTION('',(-1.0,0.0,0.0));
#18044=DIRECTION('',(-0.0,-1.0,-0.0));
#18045=DIRECTION('',(-0.0,-1.0,-0.0));
#18046=CARTESIAN_POINT('',(0.0,0.0,-0.15));
#18047=DIRECTION('',(0.0,0.0,1.0));
#18048=DIRECTION('',(-1.0,0.0,0.0));
#18049=DIRECTION('',(-0.0,1.0,-0.0));
#18050=DIRECTION('',(0.0,0.0,1.0));
#18051=DIRECTION('',(0.0,1.0,0.0));
#18052=DIRECTION('',(-0.0,-1.0,-0.0));
#18053=DIRECTION('',(-1.0,-0.0,-0.0));
#18054=DIRECTION('',(-0.0,-0.0,-1.0));
#18055=DIRECTION('',(0.0,-1.0,0.0));
#18056=DIRECTION('',(0.0,1.0,0.0));
#18057=CARTESIAN_POINT('',(-2.5,6.85000000700397,-0.849999997563969));
#18058=DIRECTION('',(0.0,-7.40505256251539E-09,-1.0));
#18059=DIRECTION('',(0.0,1.0,-7.40505256251539E-09));
#18060=CARTESIAN_POINT('',(-6.05,1.25,0.55));
#18061=DIRECTION('',(-1.0842021724855E-15,1.0,0.0));
#18062=DIRECTION('',(-1.0,-1.0842021724855E-15,0.0));
#18063=DIRECTION('',(-1.0,-0.0,-0.0));
#18064=DIRECTION('',(0.0,1.0,0.0));
#18065=CARTESIAN_POINT('',(-6.05,-1.25,0.55));
#18066=DIRECTION('',(1.0842021724855E-15,-1.0,-4.70197740328912E-30));
#18067=DIRECTION('',(-1.0,-1.0842021724855E-15,8.67361737988401E-15));
#18068=DIRECTION('',(1.0,0.0,0.0));
#18069=DIRECTION('',(0.707106781186548,-0.0,0.707106781186548));
#18070=DIRECTION('',(-0.707106781186548,0.0,-0.707106781186548));
#18071=DIRECTION('',(-0.0,1.0,-0.0));
#18072=DIRECTION('',(0.0,0.0,1.0));
#18073=DIRECTION('',(-0.707106781267116,0.707106781105979,0.0));
#18074=DIRECTION('',(-1.0,-0.0,-0.0));
#18075=DIRECTION('',(0.0,-1.0,0.0));
#18076=DIRECTION('',(-0.0,-1.0,-0.0));
#18077=DIRECTION('',(-0.0,-1.0,-0.0));
#18078=DIRECTION('',(0.707106781267116,0.707106781105979,0.0));
#18079=DIRECTION('',(-0.0,-0.0,-1.0));
#18080=DIRECTION('',(-0.706713966339655,-0.706713965161799,0.0333277845912462));
#18081=DIRECTION('',(-0.998889874964506,-0.0,0.0471064506558711));
#18082=DIRECTION('',(0.0,1.0,0.0));
#18083=DIRECTION('',(0.998889874964506,0.0,-0.0471064506558711));
#18084=DIRECTION('',(0.706713965753086,0.706713965749672,-0.0333277845635844));
#18085=DIRECTION('',(0.0,1.0,0.0));
#18086=DIRECTION('',(0.707106781186548,0.0,0.707106781186548));
#18087=DIRECTION('',(-0.707106781186548,-0.0,-0.707106781186548));
#18088=DIRECTION('',(-0.0,1.0,-0.0));
#18089=DIRECTION('',(0.0,-1.0,0.0));
#18090=DIRECTION('',(1.0,-0.0,-0.0));
#18091=DIRECTION('',(0.0,0.0,-1.0));
#18092=DIRECTION('',(-1.0,0.0,0.0));
#18093=DIRECTION('',(-0.0,-0.0,1.0));
#18094=DIRECTION('',(-1.0,0.0,0.0));
#18095=DIRECTION('',(0.0,0.0,-1.0));
#18096=CARTESIAN_POINT('',(1.75,-6.925,-0.85));
#18097=DIRECTION('',(-1.0,0.0,0.0));
#18098=DIRECTION('',(0.0,0.0,1.0));
#18099=CARTESIAN_POINT('',(1.75,-6.925,-0.85));
#18100=DIRECTION('',(-1.0,0.0,0.0));
#18101=DIRECTION('',(0.0,0.0,1.0));
#18102=CARTESIAN_POINT('',(2.28786796564171,-6.925,-0.85));
#18103=DIRECTION('',(1.0,1.48067910639989E-15,1.73472347473285E-15));
#18104=DIRECTION('',(1.73472347473285E-15,2.92012464844714E-46,-1.0));
#18105=DIRECTION('',(-1.0,0.0,0.0));
#18106=CARTESIAN_POINT('',(2.712132034,-6.925,-0.85));
#18107=DIRECTION('',(-1.0,0.0,0.0));
#18108=DIRECTION('',(0.0,0.0,1.0));
#18109=CARTESIAN_POINT('',(2.5,-6.925,-1.275));
#18110=DIRECTION('',(0.0,-1.0,0.0));
#18111=DIRECTION('',(0.0,0.0,-1.0));
#18112=CARTESIAN_POINT('',(2.5,-6.925,-1.275));
#18113=DIRECTION('',(0.0,-1.0,0.0));
#18114=DIRECTION('',(1.92747052886312E-15,0.0,-1.0));
#18115=DIRECTION('',(-1.0,0.0,0.0));
#18116=DIRECTION('',(-1.0,0.0,0.0));
#18117=DIRECTION('',(-0.0,-0.0,1.0));
#18118=DIRECTION('',(-1.0,0.0,0.0));
#18119=DIRECTION('',(0.0,0.0,1.0));
#18120=CARTESIAN_POINT('',(3.625,-6.675,-1.35));
#18121=DIRECTION('',(0.0,-0.0,1.0));
#18122=DIRECTION('',(1.0,0.0,0.0));
#18123=DIRECTION('',(0.0,0.0,-1.0));
#18124=CARTESIAN_POINT('',(3.625,-6.675,-1.5));
#18125=DIRECTION('',(0.0,-0.0,1.0));
#18126=DIRECTION('',(1.0,0.0,0.0));
#18127=DIRECTION('',(-0.0,-1.0,-0.0));
#18128=DIRECTION('',(-0.0,-1.0,-0.0));
#18129=CARTESIAN_POINT('',(2.8,-6.925,-0.85));
#18130=DIRECTION('',(-1.0,-6.67201331781839E-16,0.0));
#18131=DIRECTION('',(6.67201331781839E-16,-1.0,0.0));
#18132=DIRECTION('',(-1.0,0.0,0.0));
#18133=CARTESIAN_POINT('',(2.5,-6.92500000036212,-1.274999995));
#18134=DIRECTION('',(0.0,-1.0,1.70100045160382E-09));
#18135=DIRECTION('',(0.0,-1.70100045160382E-09,-1.0));
#18136=CARTESIAN_POINT('',(2.2,-6.925,-0.85));
#18137=DIRECTION('',(1.0,0.0,-0.0));
#18138=DIRECTION('',(0.0,0.0,1.0));
#18139=CARTESIAN_POINT('',(2.5,-6.92499999943713,-1.274999995));
#18140=DIRECTION('',(-1.0447166859788E-30,-1.0,1.70100045160382E-09));
#18141=DIRECTION('',(2.31296463463574E-15,-1.70100045160382E-09,-1.0));
#18142=DIRECTION('',(-1.0,0.0,0.0));
#18143=DIRECTION('',(-1.0,0.0,0.0));
#18144=CARTESIAN_POINT('',(-2.8,-6.925,-0.85));
#18145=DIRECTION('',(1.0,0.0,-0.0));
#18146=DIRECTION('',(0.0,0.0,1.0));
#18147=DIRECTION('',(-1.0,0.0,0.0));
#18148=CARTESIAN_POINT('',(-2.71213203435829,-6.925,-0.85));
#18149=DIRECTION('',(1.0,2.96135821279977E-15,2.60208521209928E-15));
#18150=DIRECTION('',(2.60208521209928E-15,0.0,-1.0));
#18151=DIRECTION('',(0.0,1.0,0.0));
#18152=DIRECTION('',(0.0,0.0,1.0));
#18153=DIRECTION('',(0.0,1.0,0.0));
#18154=CARTESIAN_POINT('',(-3.625,-6.675,-1.5));
#18155=DIRECTION('',(0.0,-0.0,1.0));
#18156=DIRECTION('',(1.0,0.0,0.0));
#18157=CARTESIAN_POINT('',(-3.625,-6.675,-1.35));
#18158=DIRECTION('',(0.0,-0.0,1.0));
#18159=DIRECTION('',(1.0,0.0,0.0));
#18160=DIRECTION('',(0.0,0.0,-1.0));
#18161=DIRECTION('',(-1.0,0.0,0.0));
#18162=DIRECTION('',(-1.0,0.0,0.0));
#18163=DIRECTION('',(0.0,0.0,-1.0));
#18164=CARTESIAN_POINT('',(-2.287867966,-6.925,-0.85));
#18165=DIRECTION('',(-1.0,0.0,0.0));
#18166=DIRECTION('',(0.0,0.0,1.0));
#18167=CARTESIAN_POINT('',(-2.5,-6.925,-1.275));
#18168=DIRECTION('',(0.0,-1.0,0.0));
#18169=DIRECTION('',(0.0,0.0,-1.0));
#18170=CARTESIAN_POINT('',(-2.5,-6.925,-1.275));
#18171=DIRECTION('',(0.0,-1.0,-0.0));
#18172=DIRECTION('',(-1.92747052886312E-15,0.0,-1.0));
#18173=CARTESIAN_POINT('',(-1.75,-6.925,-0.85));
#18174=DIRECTION('',(-1.0,0.0,0.0));
#18175=DIRECTION('',(0.0,0.0,1.0));
#18176=DIRECTION('',(-1.0,0.0,0.0));
#18177=CARTESIAN_POINT('',(-1.75,-6.925,-0.85));
#18178=DIRECTION('',(1.0,0.0,-0.0));
#18179=DIRECTION('',(0.0,0.0,1.0));
#18180=DIRECTION('',(-0.0,-0.0,1.0));
#18181=DIRECTION('',(-1.0,0.0,0.0));
#18182=CARTESIAN_POINT('',(-2.2,-6.925,-0.85));
#18183=DIRECTION('',(-1.0,0.0,0.0));
#18184=DIRECTION('',(0.0,0.0,1.0));
#18185=CARTESIAN_POINT('',(-2.5,-6.92500000036212,-1.274999995));
#18186=DIRECTION('',(0.0,-1.0,1.70100045160382E-09));
#18187=DIRECTION('',(0.0,-1.70100045160382E-09,-1.0));
#18188=CARTESIAN_POINT('',(-2.5,-6.92499999943713,-1.274999995));
#18189=DIRECTION('',(-5.22358342989402E-31,-1.0,1.70100045160382E-09));
#18190=DIRECTION('',(1.15648231731787E-15,-1.70100045160382E-09,-1.0));
#18191=DIRECTION('',(-0.0,-0.0,1.0));
#18192=DIRECTION('',(0.0,1.0,0.0));
#18193=DIRECTION('',(-0.0,-0.0,-1.0));
#18194=DIRECTION('',(-0.0,-1.0,-0.0));
#18195=DIRECTION('',(-1.0,0.0,0.0));
#18196=DIRECTION('',(0.0,0.0,1.0));
#18197=DIRECTION('',(0.0,1.0,0.0));
#18198=DIRECTION('',(-0.0,-0.0,-1.0));
#18199=DIRECTION('',(1.0,-0.0,-0.0));
#18200=DIRECTION('',(-1.0,0.0,0.0));
#18201=DIRECTION('',(0.0,1.0,0.0));
#18202=DIRECTION('',(0.0,0.0,1.0));
#18203=CARTESIAN_POINT('',(5.35,2.975,-0.8));
#18204=DIRECTION('',(-8.67361734518957E-16,-1.0,-0.0));
#18205=DIRECTION('',(-1.0,8.67361734518957E-16,0.0));
#18206=DIRECTION('',(-0.0,-0.0,-1.0));
#18207=DIRECTION('',(0.0,1.0,0.0));
#18208=DIRECTION('',(1.0,-0.0,-0.0));
#18209=DIRECTION('',(-1.0,0.0,0.0));
#18210=DIRECTION('',(-0.0,-1.0,-0.0));
#18211=DIRECTION('',(1.0,0.0,0.0));
#18212=DIRECTION('',(-0.0,-0.0,-1.0));
#18213=DIRECTION('',(0.0,1.0,0.0));
#18214=CARTESIAN_POINT('',(5.35,-2.975,-0.8));
#18215=DIRECTION('',(8.67361734518957E-16,-1.0,-0.0));
#18216=DIRECTION('',(-1.0,-8.67361734518957E-16,0.0));
#18217=DIRECTION('',(-0.0,-0.0,-1.0));
#18218=DIRECTION('',(1.0,-0.0,-0.0));
#18219=DIRECTION('',(0.0,0.0,1.0));
#18220=DIRECTION('',(0.0,1.0,0.0));
#18221=DIRECTION('',(-1.0,-0.0,-0.0));
#18222=DIRECTION('',(0.0,0.0,1.0));
#18223=DIRECTION('',(0.0,0.0,1.0));
#18224=CARTESIAN_POINT('',(2.1,-5.0,-0.55));
#18225=DIRECTION('',(0.0,0.0,-1.0));
#18226=DIRECTION('',(1.0,0.0,0.0));
#18227=DIRECTION('',(-0.0,-0.0,-1.0));
#18228=DIRECTION('',(0.0,0.0,1.0));
#18229=DIRECTION('',(0.0,1.0,0.0));
#18230=DIRECTION('',(0.0,0.0,1.0));
#18231=DIRECTION('',(0.707106775989313,0.707106786383782,0.0));
#18232=DIRECTION('',(0.0,0.0,1.0));
#18233=DIRECTION('',(1.0,0.0,0.0));
#18234=DIRECTION('',(0.0,0.0,1.0));
#18235=DIRECTION('',(0.0,1.0,0.0));
#18236=DIRECTION('',(0.0,0.0,1.0));
#18237=DIRECTION('',(-1.0,-0.0,-0.0));
#18238=DIRECTION('',(0.0,0.0,1.0));
#18239=DIRECTION('',(0.0,1.0,0.0));
#18240=DIRECTION('',(0.0,0.0,1.0));
#18241=DIRECTION('',(1.0,0.0,0.0));
#18242=DIRECTION('',(0.0,0.0,1.0));
#18243=DIRECTION('',(0.0,1.0,0.0));
#18244=DIRECTION('',(0.0,0.0,1.0));
#18245=DIRECTION('',(-1.0,-0.0,-0.0));
#18246=DIRECTION('',(0.0,0.0,1.0));
#18247=DIRECTION('',(-0.707106775989313,0.707106786383782,0.0));
#18248=DIRECTION('',(0.0,1.0,0.0));
#18249=DIRECTION('',(0.0,0.0,1.0));
#18250=CARTESIAN_POINT('',(2.1,5.0,-0.55));
#18251=DIRECTION('',(0.0,0.0,-1.0));
#18252=DIRECTION('',(1.0,0.0,0.0));
#18253=DIRECTION('',(-0.0,-0.0,-1.0));
#18254=DIRECTION('',(0.0,0.0,1.0));
#18255=CARTESIAN_POINT('',(-2.1,5.0,-0.55));
#18256=DIRECTION('',(0.0,0.0,-1.0));
#18257=DIRECTION('',(1.0,0.0,0.0));
#18258=DIRECTION('',(-0.0,-0.0,-1.0));
#18259=DIRECTION('',(0.0,0.0,1.0));
#18260=DIRECTION('',(-0.0,-1.0,-0.0));
#18261=DIRECTION('',(0.0,0.0,1.0));
#18262=DIRECTION('',(-0.707106775989312,-0.707106786383783,0.0));
#18263=DIRECTION('',(-0.0,-0.0,-1.0));
#18264=DIRECTION('',(-1.0,-0.0,-0.0));
#18265=DIRECTION('',(-0.0,-0.0,-1.0));
#18266=DIRECTION('',(-0.0,-1.0,-0.0));
#18267=DIRECTION('',(-0.0,-0.0,1.0));
#18268=DIRECTION('',(0.0,0.0,1.0));
#18269=DIRECTION('',(-0.0,-1.0,-0.0));
#18270=DIRECTION('',(-0.0,-0.0,1.0));
#18271=DIRECTION('',(1.0,0.0,0.0));
#18272=DIRECTION('',(0.0,0.0,1.0));
#18273=DIRECTION('',(-0.0,-1.0,-0.0));
#18274=DIRECTION('',(-0.0,-0.0,-1.0));
#18275=DIRECTION('',(-1.0,-0.0,-0.0));
#18276=DIRECTION('',(-0.0,-0.0,-1.0));
#18277=DIRECTION('',(-0.0,-1.0,-0.0));
#18278=DIRECTION('',(0.0,0.0,1.0));
#18279=DIRECTION('',(0.0,0.0,1.0));
#18280=DIRECTION('',(-0.0,-1.0,-0.0));
#18281=DIRECTION('',(0.0,0.0,1.0));
#18282=DIRECTION('',(1.0,0.0,0.0));
#18283=DIRECTION('',(0.0,0.0,1.0));
#18284=DIRECTION('',(0.707106775989312,-0.707106786383783,0.0));
#18285=DIRECTION('',(-0.0,-1.0,-0.0));
#18286=DIRECTION('',(0.0,0.0,1.0));
#18287=CARTESIAN_POINT('',(-2.1,-5.0,-0.55));
#18288=DIRECTION('',(0.0,0.0,-1.0));
#18289=DIRECTION('',(1.0,0.0,0.0));
#18290=DIRECTION('',(-0.0,-0.0,-1.0));
#18291=DIRECTION('',(0.0,0.0,-1.0));
#18292=DIRECTION('',(0.0,1.0,0.0));
#18293=DIRECTION('',(-0.0,-0.0,1.0));
#18294=DIRECTION('',(-0.0,-0.0,-1.0));
#18295=CARTESIAN_POINT('',(0.0,0.0,-0.55));
#18296=DIRECTION('',(0.0,0.0,-1.0));
#18297=DIRECTION('',(-1.0,0.0,0.0));
#18298=DIRECTION('',(0.0,0.0,-1.0));
#18299=DIRECTION('',(-0.0,-1.0,-0.0));
#18300=CARTESIAN_POINT('',(0.0,0.0,-0.55));
#18301=DIRECTION('',(0.0,0.0,-1.0));
#18302=DIRECTION('',(-1.0,0.0,0.0));
#18303=CARTESIAN_POINT('',(1.75,6.425,-0.85));
#18304=DIRECTION('',(-1.0,0.0,-0.0));
#18305=DIRECTION('',(0.0,0.0,-1.0));
#18306=DIRECTION('',(-0.0,-0.0,-1.0));
#18307=CARTESIAN_POINT('',(1.75,6.425,-0.85));
#18308=DIRECTION('',(-1.0,0.0,-0.0));
#18309=DIRECTION('',(0.0,0.0,-1.0));
#18310=CARTESIAN_POINT('',(2.2,6.425,-0.85));
#18311=DIRECTION('',(1.0,-0.0,0.0));
#18312=DIRECTION('',(0.0,0.0,-1.0));
#18313=DIRECTION('',(1.0,-0.0,-0.0));
#18314=CARTESIAN_POINT('',(2.8,6.425,-0.85));
#18315=DIRECTION('',(-1.0,0.0,0.0));
#18316=DIRECTION('',(0.0,-1.0,0.0));
#18317=CARTESIAN_POINT('',(2.5,6.42500000033212,-1.275000002));
#18318=DIRECTION('',(-2.40640934066524E-30,1.0,-1.78099895942197E-09));
#18319=DIRECTION('',(-2.31296463463574E-15,1.78099895942196E-09,1.0));
#18320=CARTESIAN_POINT('',(3.25,6.425,-0.85));
#18321=DIRECTION('',(1.0,-0.0,0.0));
#18322=DIRECTION('',(0.0,0.0,-1.0));
#18323=DIRECTION('',(1.0,-0.0,-0.0));
#18324=DIRECTION('',(-0.0,-0.0,-1.0));
#18325=CARTESIAN_POINT('',(3.25,6.425,-0.85));
#18326=DIRECTION('',(1.0,-0.0,0.0));
#18327=DIRECTION('',(0.0,0.0,-1.0));
#18328=CARTESIAN_POINT('',(2.712132034,6.425,-0.85));
#18329=DIRECTION('',(-1.0,0.0,-0.0));
#18330=DIRECTION('',(0.0,0.0,-1.0));
#18331=DIRECTION('',(1.0,-0.0,-0.0));
#18332=CARTESIAN_POINT('',(2.5,6.850000007,-0.850000000254475));
#18333=DIRECTION('',(-3.71885775052989E-31,1.13100019319103E-09,-1.0));
#18334=DIRECTION('',(-1.92747052886312E-15,1.0,1.13100019319103E-09));
#18335=CARTESIAN_POINT('',(2.287867966,6.425,-0.85));
#18336=DIRECTION('',(1.0,0.0,0.0));
#18337=DIRECTION('',(0.0,-1.0,0.0));
#18338=CARTESIAN_POINT('',(2.5,6.42499999974927,-1.275000002));
#18339=DIRECTION('',(-0.0,1.0,-1.78099818843375E-09));
#18340=DIRECTION('',(0.0,1.78099818843375E-09,1.0));
#18341=DIRECTION('',(1.0,-0.0,-0.0));
#18342=CARTESIAN_POINT('',(-1.75,6.425,-0.85));
#18343=DIRECTION('',(1.0,-0.0,0.0));
#18344=DIRECTION('',(0.0,0.0,-1.0));
#18345=DIRECTION('',(1.0,-0.0,-0.0));
#18346=CARTESIAN_POINT('',(-2.2,6.425,-0.85));
#18347=DIRECTION('',(-1.0,0.0,-0.0));
#18348=DIRECTION('',(0.0,1.3344026656166E-15,-1.0));
#18349=DIRECTION('',(-0.0,-0.0,1.0));
#18350=CARTESIAN_POINT('',(-1.75,6.425,-0.85));
#18351=DIRECTION('',(1.0,-0.0,0.0));
#18352=DIRECTION('',(0.0,0.0,-1.0));
#18353=DIRECTION('',(1.0,-0.0,-0.0));
#18354=CARTESIAN_POINT('',(-2.287867966,6.425,-0.85));
#18355=DIRECTION('',(-1.0,0.0,-0.0));
#18356=DIRECTION('',(0.0,0.0,-1.0));
#18357=CARTESIAN_POINT('',(-2.712132034,6.425,-0.85));
#18358=DIRECTION('',(1.0,0.0,0.0));
#18359=DIRECTION('',(0.0,-1.0,0.0));
#18360=CARTESIAN_POINT('',(-2.5,6.42499999859927,-1.275000002));
#18361=DIRECTION('',(-0.0,1.0,-1.78099818843375E-09));
#18362=DIRECTION('',(0.0,1.78099818843375E-09,1.0));
#18363=CARTESIAN_POINT('',(-2.5,6.850000007,-0.850000000254475));
#18364=DIRECTION('',(-0.0,1.13100019319103E-09,-1.0));
#18365=DIRECTION('',(0.0,1.0,1.13100019319103E-09));
#18366=CARTESIAN_POINT('',(-3.25,6.425,-0.85));
#18367=DIRECTION('',(1.0,-0.0,0.0));
#18368=DIRECTION('',(0.0,0.0,-1.0));
#18369=DIRECTION('',(1.0,-0.0,-0.0));
#18370=CARTESIAN_POINT('',(-3.25,6.425,-0.85));
#18371=DIRECTION('',(-1.0,0.0,-0.0));
#18372=DIRECTION('',(0.0,0.0,-1.0));
#18373=DIRECTION('',(-0.0,-0.0,1.0));
#18374=DIRECTION('',(1.0,-0.0,-0.0));
#18375=CARTESIAN_POINT('',(-2.8,6.425,-0.85));
#18376=DIRECTION('',(1.0,-0.0,0.0));
#18377=DIRECTION('',(0.0,0.0,-1.0));
#18378=CARTESIAN_POINT('',(-2.5,6.42500000033212,-1.275000002));
#18379=DIRECTION('',(-0.0,1.0,-1.78099895942197E-09));
#18380=DIRECTION('',(0.0,1.78099895942196E-09,1.0));
#18381=DIRECTION('',(-1.0,-0.0,-0.0));
#18382=DIRECTION('',(-0.0,-0.0,1.0));
#18383=DIRECTION('',(-0.0,-1.0,-0.0));
#18384=DIRECTION('',(0.0,0.0,-1.0));
#18385=DIRECTION('',(1.0,0.0,0.0));
#18386=DIRECTION('',(-0.0,-1.0,-0.0));
#18387=DIRECTION('',(1.0,0.0,0.0));
#18388=DIRECTION('',(-0.0,-0.0,1.0));
#18389=CARTESIAN_POINT('',(-5.35,-2.975,-0.8));
#18390=DIRECTION('',(-1.30506087793898E-45,1.0,7.52316378507734E-31));
#18391=DIRECTION('',(1.0,-1.55575381324227E-61,1.73472346903791E-15));
#18392=DIRECTION('',(-0.0,-1.0,-0.0));
#18393=CARTESIAN_POINT('',(-5.35,2.975,-0.8));
#18394=DIRECTION('',(8.67361734518957E-16,1.0,8.7581153319652E-46));
#18395=DIRECTION('',(1.0,-8.67361734518957E-16,1.73472346903791E-15));
#18396=DIRECTION('',(-0.0,-1.0,-0.0));
#18397=DIRECTION('',(0.0,0.0,-1.0));
#18398=DIRECTION('',(1.0,0.0,0.0));
#18399=DIRECTION('',(-0.0,-1.0,-0.0));
#18400=DIRECTION('',(0.0,0.0,-1.0));
#18401=CARTESIAN_POINT('',(-5.45,-1.45,-4.1));
#18402=DIRECTION('',(0.0,1.0,0.0));
#18403=DIRECTION('',(0.0,0.0,-1.0));
#18404=DIRECTION('',(1.0,0.0,0.0));
#18405=DIRECTION('',(-1.0,-0.0,-0.0));
#18406=CARTESIAN_POINT('',(-5.45,-4.475,-4.1));
#18407=DIRECTION('',(0.0,-1.0,0.0));
#18408=DIRECTION('',(0.0,0.0,-1.0));
#18409=DIRECTION('',(0.0,0.0,1.0));
#18410=CARTESIAN_POINT('',(-4.95,-5.5,-4.1));
#18411=DIRECTION('',(0.0,0.0,1.0));
#18412=DIRECTION('',(-1.0,0.0,0.0));
#18413=CARTESIAN_POINT('',(-4.85,-5.0,-4.1));
#18414=DIRECTION('',(0.0,0.0,-1.0));
#18415=DIRECTION('',(-1.0,0.0,0.0));
#18416=DIRECTION('',(-0.0,-1.0,-0.0));
#18417=DIRECTION('',(0.0,0.0,1.0));
#18418=CARTESIAN_POINT('',(4.85,-5.0,-4.1));
#18419=DIRECTION('',(0.0,0.0,-1.0));
#18420=DIRECTION('',(-1.0,0.0,0.0));
#18421=CARTESIAN_POINT('',(4.85,-5.0,-4.1));
#18422=DIRECTION('',(0.0,0.0,1.0));
#18423=DIRECTION('',(-1.0,8.67361737988403E-16,0.0));
#18424=DIRECTION('',(-0.0,-1.0,-0.0));
#18425=DIRECTION('',(-0.0,-1.0,-0.0));
#18426=DIRECTION('',(0.0,1.0,0.0));
#18427=DIRECTION('',(-0.0,-1.0,-0.0));
#18428=DIRECTION('',(0.0,1.0,0.0));
#18429=DIRECTION('',(-0.0,-1.0,-0.0));
#18430=DIRECTION('',(0.0,1.0,0.0));
#18431=DIRECTION('',(-0.0,-1.0,-0.0));
#18432=DIRECTION('',(-0.0,-1.0,-0.0));
#18433=DIRECTION('',(0.0,-1.0,0.0));
#18434=DIRECTION('',(-0.0,-0.0,-1.0));
#18435=CARTESIAN_POINT('',(-4.85,-5.0,-4.1));
#18436=DIRECTION('',(0.0,0.0,-1.0));
#18437=DIRECTION('',(-1.0,0.0,0.0));
#18438=DIRECTION('',(1.0,0.0,0.0));
#18439=DIRECTION('',(-0.0,-1.0,-0.0));
#18440=DIRECTION('',(1.0,0.0,0.0));
#18441=DIRECTION('',(-0.0,1.0,-0.0));
#18442=DIRECTION('',(1.0,0.0,0.0));
#18443=DIRECTION('',(-0.0,-1.0,-0.0));
#18444=DIRECTION('',(1.0,0.0,0.0));
#18445=DIRECTION('',(0.0,1.0,0.0));
#18446=DIRECTION('',(0.0,1.0,0.0));
#18447=DIRECTION('',(0.0,1.0,0.0));
#18448=DIRECTION('',(0.0,-1.0,0.0));
#18449=DIRECTION('',(-0.0,-1.0,-0.0));
#18450=DIRECTION('',(0.0,1.0,0.0));
#18451=DIRECTION('',(0.0,1.0,0.0));
#18452=DIRECTION('',(-0.0,-1.0,-0.0));
#18453=DIRECTION('',(-0.0,-1.0,-0.0));
#18454=DIRECTION('',(0.0,1.0,0.0));
#18455=DIRECTION('',(0.0,1.0,0.0));
#18456=DIRECTION('',(-0.0,-1.0,-0.0));
#18457=DIRECTION('',(3.6892973621152E-10,1.0,-1.97769704865726E-09));
#18458=DIRECTION('',(0.0,1.0,-2.16216215118512E-09));
#18459=DIRECTION('',(-0.0,-1.0,-0.0));
#18460=DIRECTION('',(-0.0,1.0,-0.0));
#18461=DIRECTION('',(3.68928798523155E-10,-1.0,1.97769704865726E-09));
#18462=DIRECTION('',(0.0,1.0,0.0));
#18463=DIRECTION('',(-0.0,-1.0,-0.0));
#18464=DIRECTION('',(-0.0,-1.0,-0.0));
#18465=DIRECTION('',(0.0,1.0,0.0));
#18466=DIRECTION('',(0.0,1.0,0.0));
#18467=DIRECTION('',(-0.0,-1.0,-0.0));
#18468=DIRECTION('',(3.68929267367337E-10,1.0,-1.97769728307936E-09));
#18469=DIRECTION('',(0.0,1.0,-2.16216215118512E-09));
#18470=DIRECTION('',(1.0,0.0,0.0));
#18471=DIRECTION('',(-0.0,-1.0,-0.0));
#18472=DIRECTION('',(1.0,0.0,0.0));
#18473=DIRECTION('',(0.0,1.0,0.0));
#18474=DIRECTION('',(1.0,0.0,0.0));
#18475=DIRECTION('',(-0.0,-1.0,-0.0));
#18476=DIRECTION('',(1.0,0.0,0.0));
#18477=DIRECTION('',(0.0,1.0,0.0));
#18478=DIRECTION('',(-1.0,-0.0,-0.0));
#18479=CARTESIAN_POINT('',(4.95,-5.5,-4.1));
#18480=DIRECTION('',(0.0,0.0,1.0));
#18481=DIRECTION('',(-1.0,3.46944695195361E-15,0.0));
#18482=DIRECTION('',(-0.0,1.0,-0.0));
#18483=DIRECTION('',(-0.0,-0.0,-1.0));
#18484=CARTESIAN_POINT('',(5.45,-4.475,-4.1));
#18485=DIRECTION('',(-0.0,-1.0,-0.0));
#18486=DIRECTION('',(-1.0,0.0,0.0));
#18487=CARTESIAN_POINT('',(5.45,-1.45,-4.1));
#18488=DIRECTION('',(-1.08420217248551E-15,1.0,0.0));
#18489=DIRECTION('',(-1.0,-1.08420217248551E-15,0.0));
#18490=DIRECTION('',(0.0,0.0,1.0));
#18491=DIRECTION('',(0.0,1.0,0.0));
#18492=DIRECTION('',(0.0,1.0,0.0));
#18493=DIRECTION('',(-0.0,-0.0,-1.0));
#18494=CARTESIAN_POINT('',(5.45,1.45,-4.1));
#18495=DIRECTION('',(0.0,-1.0,0.0));
#18496=DIRECTION('',(0.0,0.0,1.0));
#18497=DIRECTION('',(1.0,0.0,0.0));
#18498=CARTESIAN_POINT('',(5.45,4.475,-4.1));
#18499=DIRECTION('',(-0.0,1.0,0.0));
#18500=DIRECTION('',(0.0,0.0,1.0));
#18501=DIRECTION('',(0.0,0.0,1.0));
#18502=CARTESIAN_POINT('',(4.95,5.5,-4.1));
#18503=DIRECTION('',(0.0,0.0,1.0));
#18504=DIRECTION('',(-1.0,-1.73472347597681E-15,0.0));
#18505=CARTESIAN_POINT('',(4.85,5.0,-4.1));
#18506=DIRECTION('',(0.0,0.0,-1.0));
#18507=DIRECTION('',(-1.0,0.0,0.0));
#18508=DIRECTION('',(-0.0,1.0,-0.0));
#18509=DIRECTION('',(0.0,0.0,1.0));
#18510=CARTESIAN_POINT('',(-4.85,5.0,-4.1));
#18511=DIRECTION('',(0.0,0.0,-1.0));
#18512=DIRECTION('',(-1.0,0.0,0.0));
#18513=CARTESIAN_POINT('',(-4.85,5.0,-4.1));
#18514=DIRECTION('',(0.0,0.0,1.0));
#18515=DIRECTION('',(-1.0,-8.67361737988403E-16,0.0));
#18516=DIRECTION('',(0.0,1.0,0.0));
#18517=DIRECTION('',(-0.0,1.0,-0.0));
#18518=DIRECTION('',(-0.0,-1.0,-0.0));
#18519=DIRECTION('',(0.0,1.0,0.0));
#18520=DIRECTION('',(-0.0,-1.0,-0.0));
#18521=DIRECTION('',(0.0,1.0,0.0));
#18522=DIRECTION('',(-0.0,-1.0,-0.0));
#18523=DIRECTION('',(-0.0,1.0,-0.0));
#18524=DIRECTION('',(0.0,1.0,0.0));
#18525=DIRECTION('',(0.0,1.0,0.0));
#18526=DIRECTION('',(-0.0,-0.0,-1.0));
#18527=CARTESIAN_POINT('',(4.85,5.0,-4.1));
#18528=DIRECTION('',(0.0,0.0,-1.0));
#18529=DIRECTION('',(-1.0,0.0,0.0));
#18530=DIRECTION('',(-1.0,-0.0,-0.0));
#18531=DIRECTION('',(0.0,1.0,0.0));
#18532=DIRECTION('',(-1.0,0.0,0.0));
#18533=DIRECTION('',(-0.0,-1.0,-0.0));
#18534=DIRECTION('',(-1.0,-0.0,-0.0));
#18535=DIRECTION('',(0.0,1.0,0.0));
#18536=DIRECTION('',(-1.0,0.0,0.0));
#18537=DIRECTION('',(-0.0,-1.0,-0.0));
#18538=DIRECTION('',(0.0,1.0,0.0));
#18539=DIRECTION('',(0.0,1.0,0.0));
#18540=DIRECTION('',(0.0,1.0,0.0));
#18541=DIRECTION('',(-0.0,-1.0,-0.0));
#18542=DIRECTION('',(-0.0,-1.0,-0.0));
#18543=DIRECTION('',(-0.0,-1.0,-0.0));
#18544=DIRECTION('',(0.0,1.0,0.0));
#18545=DIRECTION('',(-4.57552704874792E-10,1.0,-1.43783677774469E-09));
#18546=DIRECTION('',(-0.0,-1.0,-0.0));
#18547=DIRECTION('',(-0.0,-1.0,-0.0));
#18548=DIRECTION('',(-0.0,-1.0,-0.0));
#18549=DIRECTION('',(0.0,1.0,0.0));
#18550=DIRECTION('',(-1.0,-0.0,-0.0));
#18551=DIRECTION('',(0.0,1.0,0.0));
#18552=DIRECTION('',(-1.0,0.0,0.0));
#18553=DIRECTION('',(-0.0,-1.0,-0.0));
#18554=DIRECTION('',(-1.0,-0.0,-0.0));
#18555=DIRECTION('',(-0.0,1.0,-0.0));
#18556=DIRECTION('',(-1.0,0.0,0.0));
#18557=DIRECTION('',(-0.0,-1.0,-0.0));
#18558=DIRECTION('',(1.0,0.0,0.0));
#18559=CARTESIAN_POINT('',(-4.95,5.5,-4.1));
#18560=DIRECTION('',(0.0,0.0,1.0));
#18561=DIRECTION('',(-1.0,-1.73472347597681E-15,0.0));
#18562=DIRECTION('',(-0.0,-1.0,-0.0));
#18563=DIRECTION('',(0.0,-1.0,0.0));
#18564=DIRECTION('',(0.0,-1.0,0.0));
#18565=DIRECTION('',(0.0,0.0,-1.0));
#18566=DIRECTION('',(0.0,-1.0,0.0));
#18567=DIRECTION('',(0.0,0.0,-1.0));
#18568=DIRECTION('',(-0.0,-0.0,-1.0));
#18569=CARTESIAN_POINT('',(-5.45,4.475,-4.1));
#18570=DIRECTION('',(0.0,1.0,-0.0));
#18571=DIRECTION('',(1.0,0.0,0.0));
#18572=DIRECTION('',(-1.0,-0.0,-0.0));
#18573=CARTESIAN_POINT('',(-5.45,1.45,-4.1));
#18574=DIRECTION('',(-1.0842021724855E-15,-1.0,0.0));
#18575=DIRECTION('',(1.0,-1.0842021724855E-15,0.0));
#18576=DIRECTION('',(0.0,0.0,1.0));
#18577=DIRECTION('',(-0.0,1.0,-0.0));
#18578=DIRECTION('',(-1.0,-0.0,-0.0));
#18579=DIRECTION('',(1.0,0.0,0.0));
#18580=CARTESIAN_POINT('',(-4.65,5.1,-4.1));
#18581=DIRECTION('',(0.0,-0.0,1.0));
#18582=DIRECTION('',(1.0,0.0,0.0));
#18583=CARTESIAN_POINT('',(-4.65,5.1,-4.1));
#18584=DIRECTION('',(0.0,-0.0,1.0));
#18585=DIRECTION('',(1.0,0.0,0.0));
#18586=CARTESIAN_POINT('',(4.65,-5.1,-4.1));
#18587=DIRECTION('',(0.0,0.0,1.0));
#18588=DIRECTION('',(1.0,0.0,0.0));
#18589=CARTESIAN_POINT('',(4.65,-5.1,-4.1));
#18590=DIRECTION('',(0.0,0.0,1.0));
#18591=DIRECTION('',(1.0,0.0,0.0));
#18592=DIRECTION('',(0.0,0.0,1.0));
#18593=DIRECTION('',(-1.0,-0.0,-0.0));
#18594=DIRECTION('',(-0.0,-1.0,-0.0));
#18595=DIRECTION('',(-0.0,-1.0,-0.0));
#18596=DIRECTION('',(-0.0,-0.0,1.0));
#18597=CARTESIAN_POINT('',(-4.95,-5.5,-4.5));
#18598=DIRECTION('',(0.0,0.0,1.0));
#18599=DIRECTION('',(-1.0,0.0,0.0));
#18600=DIRECTION('',(-0.0,-0.0,-1.0));
#18601=CARTESIAN_POINT('',(-4.95,-5.5,-4.1));
#18602=DIRECTION('',(0.0,0.0,1.0));
#18603=DIRECTION('',(-1.0,-1.73472347597681E-15,0.0));
#18604=DIRECTION('',(0.0,1.0,0.0));
#18605=DIRECTION('',(0.0,0.0,1.0));
#18606=DIRECTION('',(0.0,0.0,1.0));
#18607=DIRECTION('',(1.0,0.0,0.0));
#18608=DIRECTION('',(-0.0,-0.0,1.0));
#18609=DIRECTION('',(-0.0,-1.0,-0.0));
#18610=DIRECTION('',(-0.0,-0.0,-1.0));
#18611=DIRECTION('',(0.0,1.0,0.0));
#18612=DIRECTION('',(0.0,0.0,1.0));
#18613=DIRECTION('',(0.0,0.0,1.0));
#18614=DIRECTION('',(1.0,0.0,0.0));
#18615=DIRECTION('',(-0.0,-0.0,1.0));
#18616=DIRECTION('',(-0.0,-1.0,-0.0));
#18617=DIRECTION('',(-0.0,-0.0,-1.0));
#18618=DIRECTION('',(-1.0,-0.0,-0.0));
#18619=DIRECTION('',(1.0,0.0,0.0));
#18620=DIRECTION('',(1.0,0.0,0.0));
#18621=DIRECTION('',(1.0,0.0,0.0));
#18622=DIRECTION('',(0.0,0.0,1.0));
#18623=DIRECTION('',(0.0,0.0,-1.0));
#18624=DIRECTION('',(1.0,0.0,0.0));
#18625=DIRECTION('',(0.0,0.0,1.0));
#18626=DIRECTION('',(-0.0,-0.0,-1.0));
#18627=DIRECTION('',(1.0,0.0,0.0));
#18628=DIRECTION('',(-0.0,-0.0,1.0));
#18629=DIRECTION('',(-1.0,-0.0,-0.0));
#18630=DIRECTION('',(0.0,1.0,0.0));
#18631=DIRECTION('',(0.0,0.0,1.0));
#18632=DIRECTION('',(1.0,0.0,0.0));
#18633=DIRECTION('',(-0.0,-0.0,1.0));
#18634=DIRECTION('',(-0.0,-1.0,-0.0));
#18635=DIRECTION('',(0.0,1.0,0.0));
#18636=DIRECTION('',(0.0,0.0,1.0));
#18637=DIRECTION('',(1.0,0.0,0.0));
#18638=DIRECTION('',(0.0,0.0,1.0));
#18639=DIRECTION('',(-0.0,-1.0,-0.0));
#18640=CARTESIAN_POINT('',(4.95,-5.5,-4.5));
#18641=DIRECTION('',(0.0,0.0,1.0));
#18642=DIRECTION('',(-1.0,1.73472347597681E-15,0.0));
#18643=DIRECTION('',(0.0,0.0,1.0));
#18644=CARTESIAN_POINT('',(4.95,-5.5,-4.1));
#18645=DIRECTION('',(0.0,0.0,1.0));
#18646=DIRECTION('',(-1.0,-1.73472347597681E-15,0.0));
#18647=DIRECTION('',(0.0,1.0,0.0));
#18648=DIRECTION('',(0.0,1.0,0.0));
#18649=DIRECTION('',(0.0,0.0,1.0));
#18650=DIRECTION('',(-1.0,-0.0,-0.0));
#18651=DIRECTION('',(-1.0,-0.0,-0.0));
#18652=DIRECTION('',(0.0,1.0,0.0));
#18653=DIRECTION('',(0.0,1.0,0.0));
#18654=DIRECTION('',(0.0,0.0,1.0));
#18655=DIRECTION('',(1.0,0.0,0.0));
#18656=DIRECTION('',(-1.0,-0.0,-0.0));
#18657=DIRECTION('',(0.0,1.0,0.0));
#18658=DIRECTION('',(0.0,1.0,0.0));
#18659=DIRECTION('',(-0.0,-0.0,1.0));
#18660=CARTESIAN_POINT('',(4.95,5.5,-4.5));
#18661=DIRECTION('',(0.0,0.0,1.0));
#18662=DIRECTION('',(-1.0,0.0,0.0));
#18663=DIRECTION('',(-0.0,-0.0,-1.0));
#18664=CARTESIAN_POINT('',(4.95,5.5,-4.1));
#18665=DIRECTION('',(0.0,0.0,1.0));
#18666=DIRECTION('',(-1.0,3.46944695195361E-15,0.0));
#18667=DIRECTION('',(-0.0,-1.0,-0.0));
#18668=DIRECTION('',(-0.0,-0.0,1.0));
#18669=DIRECTION('',(0.0,0.0,1.0));
#18670=DIRECTION('',(-1.0,-0.0,-0.0));
#18671=DIRECTION('',(0.0,0.0,1.0));
#18672=DIRECTION('',(0.0,1.0,0.0));
#18673=DIRECTION('',(-0.0,-0.0,-1.0));
#18674=DIRECTION('',(-0.0,-1.0,-0.0));
#18675=DIRECTION('',(-0.0,-0.0,1.0));
#18676=DIRECTION('',(0.0,0.0,1.0));
#18677=DIRECTION('',(-1.0,-0.0,-0.0));
#18678=DIRECTION('',(0.0,0.0,1.0));
#18679=DIRECTION('',(0.0,1.0,0.0));
#18680=DIRECTION('',(-0.0,-0.0,-1.0));
#18681=DIRECTION('',(1.0,-0.0,-0.0));
#18682=DIRECTION('',(-1.0,-0.0,-0.0));
#18683=DIRECTION('',(-1.0,-0.0,-0.0));
#18684=DIRECTION('',(-1.0,-0.0,-0.0));
#18685=DIRECTION('',(-0.0,-0.0,1.0));
#18686=DIRECTION('',(-0.0,-0.0,-1.0));
#18687=DIRECTION('',(-1.0,0.0,0.0));
#18688=DIRECTION('',(-0.0,-0.0,1.0));
#18689=DIRECTION('',(-0.0,-0.0,-1.0));
#18690=DIRECTION('',(-1.0,0.0,0.0));
#18691=DIRECTION('',(-0.0,-0.0,1.0));
#18692=DIRECTION('',(1.0,-0.0,-0.0));
#18693=DIRECTION('',(-0.0,-1.0,-0.0));
#18694=DIRECTION('',(-0.0,-0.0,1.0));
#18695=DIRECTION('',(-1.0,-0.0,-0.0));
#18696=DIRECTION('',(0.0,0.0,1.0));
#18697=DIRECTION('',(0.0,1.0,0.0));
#18698=DIRECTION('',(-0.0,-1.0,-0.0));
#18699=DIRECTION('',(-0.0,-0.0,1.0));
#18700=DIRECTION('',(-1.0,-0.0,-0.0));
#18701=DIRECTION('',(0.0,0.0,1.0));
#18702=DIRECTION('',(0.0,1.0,0.0));
#18703=CARTESIAN_POINT('',(-4.95,5.5,-4.5));
#18704=DIRECTION('',(0.0,0.0,1.0));
#18705=DIRECTION('',(-1.0,0.0,0.0));
#18706=DIRECTION('',(0.0,0.0,1.0));
#18707=CARTESIAN_POINT('',(-4.95,5.5,-4.1));
#18708=DIRECTION('',(0.0,0.0,1.0));
#18709=DIRECTION('',(-1.0,5.20417042793043E-15,0.0));
#18710=DIRECTION('',(-0.0,-1.0,-0.0));
#18711=DIRECTION('',(-0.0,-1.0,-0.0));
#18712=DIRECTION('',(1.0,0.0,0.0));
#18713=DIRECTION('',(-0.0,-0.0,-1.0));
#18714=DIRECTION('',(-0.0,-1.0,-0.0));
#18715=DIRECTION('',(0.0,0.0,1.0));
#18716=CARTESIAN_POINT('',(-4.65,5.1,-4.5));
#18717=DIRECTION('',(0.0,0.0,-1.0));
#18718=DIRECTION('',(1.0,0.0,0.0));
#18719=DIRECTION('',(-0.0,-0.0,-1.0));
#18720=CARTESIAN_POINT('',(-4.65,5.1,-4.5));
#18721=DIRECTION('',(0.0,0.0,-1.0));
#18722=DIRECTION('',(1.0,0.0,0.0));
#18723=DIRECTION('',(0.0,0.0,1.0));
#18724=CARTESIAN_POINT('',(4.65,-5.1,-4.5));
#18725=DIRECTION('',(0.0,0.0,-1.0));
#18726=DIRECTION('',(1.0,0.0,0.0));
#18727=DIRECTION('',(-0.0,-0.0,-1.0));
#18728=CARTESIAN_POINT('',(4.65,-5.1,-4.5));
#18729=DIRECTION('',(0.0,0.0,-1.0));
#18730=DIRECTION('',(1.0,0.0,0.0));
#18731=CARTESIAN_POINT('',(0.0,0.0,-5.0));
#18732=DIRECTION('',(0.0,0.0,1.0));
#18733=DIRECTION('',(1.0,0.0,0.0));
#18734=CARTESIAN_POINT('',(0.0,0.0,-5.0));
#18735=DIRECTION('',(0.0,0.0,1.0));
#18736=DIRECTION('',(1.0,0.0,0.0));
#18737=CARTESIAN_POINT('',(0.0,0.0,-10.9999999999999));
#18738=DIRECTION('',(2.87468461733299E-14,0.0,1.0));
#18739=DIRECTION('',(1.0,0.0,-2.87468461733299E-14));
#18740=DIRECTION('',(0.0,0.0,1.0));
#18741=DIRECTION('',(-0.0,-0.0,-1.0));
#18742=CARTESIAN_POINT('',(0.0,0.0,-10.9999999999999));
#18743=DIRECTION('',(2.87468461733299E-14,0.0,1.0));
#18744=DIRECTION('',(1.0,0.0,-2.87468461733299E-14));
#18745=CARTESIAN_POINT('',(0.0,0.0,-11.5));
#18746=DIRECTION('',(0.0,0.0,-1.0));
#18747=DIRECTION('',(1.0,0.0,0.0));
#18748=DIRECTION('',(0.707106781186547,0.0,0.707106781186548));
#18749=DIRECTION('',(0.707106781186547,2.90060050295602E-10,-0.707106781186548));
#18750=CARTESIAN_POINT('',(0.0,0.0,-11.5));
#18751=DIRECTION('',(0.0,0.0,-1.0));
#18752=DIRECTION('',(1.0,0.0,0.0));
#18753=CARTESIAN_POINT('',(0.0,0.0,-11.5));
#18754=DIRECTION('',(0.0,-0.0,1.0));
#18755=DIRECTION('',(1.0,0.0,0.0));
#18756=CARTESIAN_POINT('',(0.0,0.0,-11.5));
#18757=DIRECTION('',(0.0,-0.0,1.0));
#18758=DIRECTION('',(1.0,0.0,0.0));
#18759=CARTESIAN_POINT('',(0.0,0.0,-11.55));
#18760=DIRECTION('',(0.0,-0.0,1.0));
#18761=DIRECTION('',(1.0,0.0,0.0));
#18762=DIRECTION('',(0.0,0.0,1.0));
#18763=DIRECTION('',(-0.0,-0.0,-1.0));
#18764=CARTESIAN_POINT('',(0.0,0.0,-11.55));
#18765=DIRECTION('',(0.0,-0.0,1.0));
#18766=DIRECTION('',(1.0,0.0,0.0));
#18767=CARTESIAN_POINT('',(0.0,0.0,-11.55));
#18768=DIRECTION('',(0.0,-0.0,1.0));
#18769=DIRECTION('',(1.0,0.0,0.0));
#18770=CARTESIAN_POINT('',(0.0,0.0,-24.5));
#18771=DIRECTION('',(0.0,-0.0,-1.0));
#18772=DIRECTION('',(1.0,-1.77635683940025E-15,0.0));
#18773=DIRECTION('',(-1.0,0.0,0.0));
#18774=DIRECTION('',(-1.0,0.0,0.0));
#18775=PRESENTATION_LAYER_ASSIGNMENT('','',(#4643,#4644,#4645,#4646,#4647,#4648,#4649,#8996,#8997,#8998,#9001,#9002,#9003,#9006,#9007,#9008,#9011,#9012,#9013,#9016,#9017,#9018,#9021,#9022,#9023,#9025,#9026,#9027,#9028,#9030,#9031,#9032,#9034,#9035,#9036,#9037,#9038,#9039,#9040,#9042,#9043,#9044,#9045,#9047,#9048,#9049,#9050,#9052,#9053,#9054,#9055,#9057,#9058,#9059,#9060,#9062,#9063,#9064,#9065,#9066,#9068,#9069,#9070,#9071,#9072,#9073,#9075,#9076,#9077,#9078,#9079,#9080,#9082,#9083,#9084,#9085,#9086,#9087,#9089,#9090,#9091,#9092,#9093,#9094,#9096,#9097,#9098,#9100,#9101,#9102,#9103,#9104,#9105,#9106,#9107,#9108,#9109,#9110,#9111,#9112,#9113,#9114,#9115,#9116,#9117,#9118,#9119,#9120,#9121,#9122,#9123,#9124,#9125,#9126,#9127,#9128,#9129,#9130,#9131,#9132,#9133,#9134,#9135,#9136,#9137,#9138,#9139,#9140,#9141,#9142,#9144,#9145,#9147,#9148,#9149,#9151,#9152,#9153,#9154,#9155,#9156,#9157,#9158,#9159,#9160,#9161,#9162,#9163,#9164,#9165,#9166,#9167,#9168,#9169,#9170,#9171,#9172,#9173,#9174,#9175,#9176,#9177,#9178,#9179,#9180,#9181,#9182,#9183,#9184,#9185,#9187,#9188,#9190,#9191,#9192,#9194,#9195,#9196,#9198,#9199,#9200,#9202,#9203,#9204,#9206,#9207,#9208,#9209,#9211,#9212,#9213,#9214,#9215,#9217,#9218,#9219,#9220,#9221,#9223,#9224,#9225,#9226,#9227,#9229,#9230,#9231,#9232,#9233,#9234,#9236,#9237,#9238,#9239,#9240,#9241,#9243,#9244,#9245,#9247,#9248,#9249,#9251,#9252,#9253,#9254,#9255,#9256,#9258,#9259,#9260,#9261,#9263,#9264,#9265,#9267,#9268,#9269,#9271,#9272,#9273,#9274,#9276,#9277,#9278,#9280,#9281,#9283,#9284,#9285,#9286,#9288,#9289,#9290,#9291,#9292,#9293,#9295,#9296,#9298,#9299,#9301,#9302,#9303,#9305,#9306,#9307,#9309,#9310,#9311,#9313,#9315,#9317,#9318,#9319,#9321,#9322,#9323,#9325,#9326,#9327,#9328,#9329,#9331,#9332,#9333,#9334,#9335,#9337,#9338,#9340,#9341,#9342,#9344,#9346,#9347,#9349,#9350,#9352,#9353,#9354,#9356,#9357,#9358,#9360,#9361,#9362,#9363,#9365,#9366,#9367,#9368,#9370,#9371,#9373,#9374,#9375,#9376,#9377,#9379,#9380,#9381,#9383,#9384,#9385,#9387,#9388,#9390,#9391,#9393,#9394,#9396,#9397,#9399,#9400,#9402,#9404,#9406,#9408,#9409,#9411,#9412,#9413,#9414,#9415,#9417,#9418,#9419,#9420,#9422,#9423,#9424,#9426,#9428,#9429,#9430,#9432,#9433,#9434,#9436,#9437,#9440,#9441,#9443,#9444,#9446,#9447,#9449,#9450,#9452,#9453,#9454,#9456,#9457,#9458,#9460,#9461,#9463,#9464,#9465,#9466,#9468,#9469,#9471,#9472,#9473,#9474,#9475,#9477,#9478,#9480,#9481,#9483,#9484,#9485,#9487,#9488,#9489,#9490,#9492,#9493,#9495,#9496,#9497,#9498,#9500,#9501,#9504,#9505,#9507,#9508,#9510,#9511,#9512,#9514,#9515,#9517,#9518,#9520,#9521,#9522,#9524,#9525,#9527,#9528,#9530,#9531,#9533,#9534,#9536,#9538,#9539,#9540,#9542,#9543,#9545,#9546,#9548,#9549,#9551,#9552,#9554,#9555,#9557,#9558,#9559,#9561,#9562,#9563,#9565,#9566,#9567,#9569,#9570,#9572,#9574,#9576,#9577,#9579,#9580,#9582,#9583,#9584,#9585,#9586,#9587,#9588,#9589,#9590,#9592,#9593,#9594,#9595,#9596,#9597,#9598,#9599,#9601,#9602,#9603,#9605,#9606,#9607,#9609,#9610,#9612,#9613,#9614,#9615,#9616,#9617,#9618,#9619,#9620,#9622,#9623,#9624,#9626,#9627,#9628,#9629,#9630,#9631,#9632,#9634,#9635,#9636,#9638,#9639,#9640,#9642,#9643,#9644,#9646,#9647,#9648,#9650,#9651,#9652,#9653,#9654,#9655,#9656,#9657,#9658,#9660,#9661,#9662,#9663,#9665,#9666,#9667,#9669,#9670,#9672,#9673,#9674,#9676,#9678,#9680,#9681,#9682,#9684,#9685,#9687,#9689,#9690,#9692,#9694,#9695,#9696,#9697,#9699,#9700,#9702,#9704,#9705,#9707,#9708,#9710,#9712,#9713,#9715,#9716,#9717,#9718,#9719,#9720,#9721,#9722,#9724,#9725,#9726,#9728,#9729,#9730,#9732,#9733,#9735,#9736,#9737,#9738,#9739,#9740,#9741,#9742,#9743,#9745,#9746,#9747,#9749,#9750,#9751,#9752,#9753,#9754,#9755,#9757,#9758,#9759,#9760,#9762,#9763,#9765,#9766,#9767,#9769,#9770,#9772,#9773,#9775,#9776,#9778,#9779,#9781,#9782,#9784,#9785,#9787,#9788,#9790,#9791,#9793,#9795,#9796,#9798,#9799,#9800,#9802,#9804,#9805,#9806,#9808,#9810,#9812,#9814,#9815,#9817,#9818,#9820,#9821,#9822,#9823,#9825,#9826,#9827,#9828,#9829,#9830,#9832,#9833,#9835,#9836,#9838,#9840,#9842,#9843,#9844,#9846,#9847,#9849,#9850,#9851,#9852,#9854,#9855,#9856,#9858,#9859,#9860,#9861,#9862,#9864,#9865,#9866,#9868,#9869,#9870,#9871,#9872,#9873,#9874,#9876,#9877,#9878,#9880,#9881,#9882,#9884,#9885,#9886,#9888,#9889,#9890,#9891,#9892,#9893,#9894,#9896,#9897,#9898,#9899,#9900,#9901,#9903,#9904,#9905,#9907,#9908,#9909,#9911,#9912,#9913,#9915,#9917,#9918,#9920,#9921,#9923,#9924,#9925,#9926,#9927,#9928,#9930,#9931,#9933,#9935,#9936,#9938,#9940,#9942,#9944,#9945,#9947,#9949,#9950,#9952,#9953,#9954,#9956,#9957,#9959,#9960,#9962,#9964,#9966,#9967,#9968,#9970,#9971,#9972,#9973,#9974,#9976,#9977,#9978,#9980,#9981,#9983,#9984,#9985,#9986,#9988,#9989,#9990,#9992,#9993,#9995,#9996,#9997,#9999,#10001,#10002,#10003,#10004,#10006,#10007,#10008,#10010,#10011,#10013,#10014,#10016,#10017,#10018,#10020,#10022,#10023,#10025,#10026,#10028,#10029,#10030,#10032,#10033,#10034,#10036,#10037,#10038,#10040,#10041,#10042,#10044,#10045,#10047,#10048,#10050,#10051,#10053,#10054,#10056,#10057,#10058,#10059,#10061,#10062,#10064,#10066,#10067,#10069,#10070,#10072,#10073,#10074,#10076,#10079,#10080,#10081,#10083,#10084,#10087,#10088,#10090,#10091,#10092,#10094,#10096,#10097,#10099,#10100,#10101,#10103,#10104,#10106,#10107,#10109,#10110,#10112,#10113,#10115,#10116,#10118,#10119,#10121,#10122,#10124,#10125,#10127,#10128,#10130,#10131,#10133,#10135,#10136,#10137,#10139,#10140,#10141,#10143,#10144,#10146,#10147,#10149,#10150,#10152,#10153,#10154,#10155,#10156,#10158,#10159,#10161,#10162,#10164,#10165,#10167,#10168,#10169,#10170,#10171,#10173,#10174,#10176,#10177,#10179,#10181,#10182,#10183,#10185,#10186,#10187,#10189,#10190,#10192,#10193,#10195,#10197,#10198,#10199,#10201,#10202,#10204,#10205,#10207,#10208,#10210,#10211,#10213,#10214,#10216,#10217,#10218,#10220,#10222,#10223,#10224,#10226,#10227,#10229,#10230,#10232,#10233,#10234,#10236,#10237,#10239,#10240,#10242,#10243,#10245,#10247,#10248,#10250,#10252,#10253,#10255,#10256,#10258,#10259,#10261,#10265,#10266,#10268,#10269,#10271,#10273,#10274,#10275,#10277,#10278,#10279,#10281,#10282,#10283,#10285,#10286,#10287,#10289,#10291,#10293,#10295,#10297,#10299,#10301,#10303,#10304,#10306,#10309,#10310,#10312,#10313,#10314,#10315,#10317,#10318,#10319,#10320,#10322,#10323,#10325,#10327,#10330,#10331,#10333,#10335,#10337,#10339,#10341,#10343,#10345,#10347,#10350,#10351,#10353,#10355,#10357,#10359,#10361,#10363,#10365,#10367,#10370,#10371,#10372,#10373,#10375,#10376,#10377,#10378,#10380,#10381,#10382,#10384,#10385,#10387,#10388,#10390,#10391,#10393,#10394,#10396,#10397,#10398,#10400,#10401,#10402,#10404,#10405,#10406,#10408,#10410,#10412,#10414,#10416,#10418,#10419,#10420,#10424,#10426,#10429,#10430,#10432,#10433,#10434,#10435,#10437,#10438,#10439,#10440,#10442,#10443,#10446,#10448,#10450,#10453,#10456,#10457,#10459,#10462,#10464,#10466,#10470,#10471,#10472,#10473,#10475,#10476,#10477,#10478,#10480,#10481,#10482,#10484,#10485,#10486,#10487,#10488,#10490,#10491,#10493,#10494,#10495,#10497,#10498,#10499,#10501,#10502,#10504,#10505,#10507,#10508,#10510,#10512,#10513,#10515,#10516,#10517,#10519,#10520,#10521,#10523,#10524,#10526,#10527,#10529,#10530,#10531,#10533,#10534,#10536,#10537,#10539,#10540,#10541,#10542,#10543,#10544,#10545,#10546,#10547,#10548,#10549,#10550,#10552,#10553,#10555,#10556,#10558,#10560,#10561,#10563,#10564,#10566,#10568,#10569,#10570,#10572,#10574,#10576,#10577,#10578,#10580,#10581,#10582,#10584,#10585,#10587,#10589,#10590,#10592,#10593,#10594,#10596,#10597,#10598,#10600,#10601,#10603,#10604,#10606,#10607,#10608,#10610,#10611,#10613,#10614,#10616,#10617,#10618,#10619,#10620,#10621,#10622,#10623,#10624,#10625,#10626,#10627,#10629,#10630,#10632,#10633,#10635,#10637,#10638,#10640,#10641,#10643,#10645,#10646,#10647,#10649,#10651,#10653,#10654,#10656,#10658,#10659,#10660,#10662,#10664,#10665,#10666,#10668,#10670,#10671,#10673,#10674,#10675,#10677,#10679,#10680,#10681,#10683,#10685,#10686,#10687,#10689,#10691,#10692,#10694,#10695,#10696,#10698,#10700,#10703,#10704,#10706,#10708,#10729,#10731,#10738,#10740,#10747,#10749,#10756,#10758,#10765,#10767,#10774,#10776,#10780,#10781,#10783,#10785,#10789,#10791,#10795,#10797,#10800,#10802,#10804,#10808,#10809,#10811,#10813,#10817,#10818,#10820,#10822,#10826,#10827,#10829,#10831,#10835,#10836,#10838,#10840,#10844,#10845,#10847,#10849,#10851,#10855,#10856,#10858,#10860,#10862,#10864,#10868,#10869,#10871,#10873,#10875,#10877,#10881,#10882,#10884,#10886,#10888,#10890,#10894,#10895,#10897,#10899,#10901,#10903,#10907,#10909,#10913,#10915,#10917,#10919,#10921,#10923,#10925,#10927,#10929,#10931,#10933,#10935,#10937,#10939,#10941,#10943,#10945,#10947,#10950,#10951,#10953,#10955,#10958,#10959,#10961,#10963,#10965,#10967,#10969,#10971,#10973,#10975,#10978,#10979,#10981,#10983,#10985,#10987,#10989,#10991,#10993,#10995,#11002,#11004,#11008,#11010,#11012,#11014,#11016,#11018,#11020,#11022,#11024,#11026,#11028,#11030,#11032,#11034,#11036,#11038,#11040,#11042,#11045,#11047,#11049,#11052,#11054,#11056,#11059,#11061,#11063,#11065,#11068,#11070,#11077,#11079,#11083,#11085,#11089,#11091,#11095,#11097,#11101,#11102,#11104,#11106,#11110,#11112,#11114,#11116,#11120,#11122,#11124,#11126,#11130,#11131,#11134,#11139,#11141,#11143,#11145,#11147,#11151,#11152,#11154,#11156,#11158,#11160,#11164,#11166,#11170,#11172,#11176,#11177,#11179,#11181,#11183,#11185,#11189,#11190,#11192,#11194,#11198,#11200,#11204,#11206,#11210,#11211,#11213,#11218,#11220,#11224,#11228,#11229,#11231,#11233,#11237,#11238,#11240,#11242,#11244,#11246,#11250,#11254,#11258,#11260,#11264,#11266,#11270,#11279,#11281,#11285,#11287,#11291,#11293,#11295,#11297,#11301,#11303,#11305,#11307,#11311,#11315,#11317,#11329,#11331,#11335,#11337,#11341,#11343,#11345,#11349,#11351,#11353,#11357,#11361,#11363,#11365,#11367,#11371,#11373,#11377,#11379,#11383,#11387,#11391,#11407,#11411,#11413,#11415,#11417,#11421,#11423,#11425,#11429,#11430,#11437,#11439,#11443,#11445,#11449,#11454,#11458,#11462,#11466,#11470,#11472,#11476,#11478,#11482,#11486,#11487,#11490,#11494,#11495,#11499,#11500,#11502,#11505,#11509,#11513,#11517,#11519,#11523,#11524,#11530,#11534,#11536,#11538,#11542,#11547,#11551,#11555,#11557,#11561,#11565,#11569,#11571,#11575,#11579,#11583,#11587,#11593,#11595,#11599,#11603,#11607,#11611,#11615,#11619,#11621,#11625,#11627,#11631,#11633,#11637,#11645,#11649,#11653,#11654,#11656,#11659,#11661,#11663,#11665,#11667,#11671,#11672,#11675,#11677,#11679,#11681,#11683,#11687,#11689,#11693,#11695,#11702,#11703,#11705,#11707,#11709,#11711,#11713,#11716,#11720,#11722,#11726,#11728,#11730,#11732,#11735,#11739,#11741,#11745,#11747,#11751,#11752,#11757,#11758,#11763,#11764,#11766,#11769,#11771,#11773,#11775,#11777,#11781,#11782,#11784,#11786,#11790,#11791,#11796,#11800,#11802,#11810,#11812,#11816,#11822,#11828,#11829,#11831,#11836,#11842,#11846,#11852,#11856,#11858,#11860,#11862,#11864,#11866,#11868,#11872,#11874,#11878,#11880,#11887,#11888,#11890,#11892,#11894,#11896,#11898,#11900,#11905,#11907,#11911,#11913,#11915,#11917,#11919,#11924,#11925,#11927,#11929,#11936,#11938,#11942,#11946,#11950,#11954,#11958,#11962,#11966,#11970,#11976,#11980,#11982,#11988,#11989,#12000,#12004,#12008,#12009,#12012,#12016,#12018,#12020,#12022,#12024,#12028,#12032,#12040,#12042,#12046,#12050,#12052,#12054,#12058,#12060,#12064,#12066,#12068,#12070,#12074,#12076,#12080,#12082,#12084,#12086,#12088,#12090,#12094,#12096,#12100,#12101,#12106,#12108,#12112,#12113,#12115,#12117,#12119,#12121,#12126,#12128,#12130,#12132,#12134,#12138,#12140,#12144,#12146,#12150,#12151,#12158,#12162,#12166,#12168,#12171,#12173,#12177,#12183,#12193,#12199,#12203,#12205,#12209,#12213,#12221,#12223,#12227,#12229,#12231,#12233,#12237,#12239,#12243,#12247,#12248,#12250,#12252,#12256,#12257,#12262,#12266,#12268,#12274,#12275,#12277,#12279,#12283,#12285,#12292,#12296,#12298,#12304,#12308,#12312,#12314,#12318,#12320,#12324,#12326,#12330,#12332,#12336,#12340,#12344,#12348,#12352,#12353,#12355,#12357,#12361,#12367,#12371,#12375,#12383,#12385,#12389,#12394,#12398,#12405,#12409,#12411,#12415,#12419,#12423,#12427,#12431,#12435,#12439,#12443,#12447,#12451,#12457,#12459,#12463,#12465,#12469,#12473,#12477,#12481,#12483,#12486,#12490,#12494,#12498,#12502,#12504,#12507,#12511,#12515,#12521,#12523,#12527,#12529,#12533,#12537,#12543,#12545,#12552,#12556,#12560,#12568,#12574,#12576,#12580,#12587,#12592,#12596,#12605,#12611,#12615,#12619,#12627,#12631,#12637,#12638,#12640,#12644,#12646,#12650,#12651,#12656,#12658,#12682,#12686,#12687,#12689,#12691,#12695,#12696,#12698,#12700,#12752,#12753,#12755,#12757,#12761,#12762,#12764,#12766,#12770,#12772,#12776,#12780,#12787,#12791,#12793,#12797,#12798,#12803,#12805,#12830,#12834,#12835,#12837,#12839,#12843,#12844,#12846,#12848,#12880,#12881,#12883,#12885,#12889,#12890,#12892,#12894,#12898,#12900,#12905,#12907,#12909,#12913,#12917,#12919,#12923,#12924,#12929,#12930,#12934,#12935,#12939,#12945,#12949,#12951,#12955,#12956,#12961,#12965,#12969,#12970,#12975,#12979,#12986,#12989,#12991,#12994,#12996,#12998,#13002,#13006,#13012,#13016,#13022,#13031,#13032,#13037,#13039,#13048,#13052,#13054,#13058,#13059,#13064,#13068,#13072,#13073,#13078,#13082,#13089,#13092,#13094,#13097,#13099,#13101,#13105,#13109,#13115,#13119,#13125,#13134,#13140,#13142,#13148,#13150,#13156,#13157,#13161,#13163,#13169,#13170,#13177,#13178,#13185,#13186,#13190,#13191,#13201));
#18776=PRESENTATION_LAYER_ASSIGNMENT('-1','NONE',(#503,#505,#507,#509,#511,#513,#515,#517,#519,#521,#523,#525,#527,#529,#531,#533,#535,#537,#539,#541,#543,#545,#547,#549,#551,#553,#555,#557,#559,#561,#563,#565,#567,#569,#571,#573,#575,#577,#579,#581,#583,#585,#587,#589,#591,#593,#595,#597,#599,#601,#603,#605,#607,#609,#611,#613,#615,#617,#619,#621,#623,#625,#627,#629,#631,#633,#635,#637,#639,#641,#643,#645,#647,#649,#651,#653,#655,#657,#659,#661,#663,#665,#667,#669,#671,#673,#675,#677,#679,#681,#683,#685,#687,#689,#691,#693,#695,#697,#699,#701,#703,#705,#707,#709,#711,#713,#715,#717,#719,#721,#723,#725,#727,#729,#731,#733,#735,#737,#739,#741,#743,#745,#747,#749,#751,#753,#755,#757,#759,#761,#763,#765,#767,#769,#771,#773,#775,#777,#779,#781,#783,#785,#787,#789,#791,#793,#795,#797,#799,#801,#803,#805,#807,#809,#811,#813,#815,#817,#819,#821,#823,#825,#827,#829,#831,#833,#835,#837,#839,#841,#843,#845,#847,#849,#851,#853,#855,#857,#859,#861,#863,#865,#867,#869,#871,#873,#875,#877,#879,#881,#883,#885,#887,#889,#891,#893,#895,#897,#899,#901,#903,#905,#907,#909,#911,#913,#915,#917,#919,#921,#923,#925,#927,#929,#931,#933,#935,#937,#939,#941,#943,#945,#947,#949,#951,#953,#955,#957,#959,#961,#963,#965,#967,#969,#971,#973,#975,#977,#979,#981,#983,#985,#987,#989,#991,#993,#995,#997,#999,#1001,#1003,#1005,#1007,#1009,#1011,#1013,#1015,#1017,#1019,#1021,#1023,#1025,#1027,#1029,#1031,#1033,#1035,#1037,#1039,#1041,#1043,#1045,#1047,#1049,#1051,#1053,#1055,#1057,#1059,#1061,#1063,#1065,#1067,#1069,#1071,#1073,#1075,#1077,#1079,#1081,#1083,#1085,#1087,#1089,#1091,#1093,#1095,#1097,#1099,#1101,#1103,#1105,#1107,#1109,#1111,#1113,#1115,#1117,#1119,#1121,#1123,#1125,#1127,#1129,#1131,#1133,#1135,#1137,#1139,#1141,#1143,#1145,#1147,#1149,#1151,#1153,#1155,#1157,#1159,#1161,#1163,#1165,#1167,#1169,#1171,#1173,#1175,#1177,#1179,#1181,#1183,#1185,#1187,#1189,#1191,#1193,#1195,#1197,#1199,#1201,#1203,#1205,#1207,#1209,#1211,#1213,#1215,#1217,#1219,#1221,#1223,#1225,#1227,#1229,#1231,#1233,#1235,#1237,#1239,#1241,#1243,#1245,#1247,#1249,#1251,#1253,#1255,#1257,#1259,#1261,#1263,#1265,#1267,#1269,#1271,#1273,#1275,#1277,#1279,#1281,#1283,#1285,#1287,#1289,#1291,#1293,#1295,#1297,#1299,#1301,#1303,#1305,#1307,#1309,#1311,#1313,#1315,#1317,#1319,#1321,#1323,#1325,#1327,#1329,#1331,#1333,#1335,#1337,#1339,#1341,#1343,#1345,#1347,#1349,#1351,#1353,#1355,#1357,#1359,#1361,#1363,#1365,#1367,#1369,#1371,#1373,#1375,#1377,#1379,#1381,#1383,#1385,#1387,#1389,#1391,#1393,#1395,#1397,#1399,#1401,#1403,#1405,#1407,#1409,#1411,#1413,#1415,#1417,#1419,#1421,#1423,#1425,#1427,#1429,#1431,#1433,#1435,#1437,#1439,#1441,#1443,#1445,#1447,#1449,#1451,#1453,#1455,#1457,#1459));
ENDSEC;
END-ISO-10303-21;
