ISO-10303-21;
HEADER;
FILE_DESCRIPTION(('STEP AP242'),'1');
FILE_NAME('rk09k1130a5r.stp','2026-05-04T04:42:59',('TraceParts'),('TraceParts S.A.S.'),'Spatial InterOp 3D',' ',' ');
FILE_SCHEMA(('AP242_MANAGED_MODEL_BASED_3D_ENGINEERING_MIM_LF  {1 0 10303 442 1 1 4}'));
ENDSEC;
DATA;
#1=MECHANICAL_DESIGN_GEOMETRIC_PRESENTATION_REPRESENTATION(' ',(#10,#11,#12,#13,#14,#15,#16,#17,#18,#19,#20,#21,#22,#23,#24,#25,#26,#27,#28,#29,#30,#31,#32,#33,#34,#35,#36,#37,#38,#39,#40,#41,#42,#43,#44,#45,#46,#47,#48,#49,#50,#51,#52,#53,#54,#55,#56,#57,#58,#59,#60,#61,#62,#63,#64,#65,#66,#67,#68,#69,#70,#71,#72,#73,#74,#75,#76,#77,#78,#79,#80,#81,#82,#83,#84,#85,#86,#87,#88,#89,#90,#91,#92,#93,#94,#95,#96,#97,#98,#99,#100,#101,#102,#103,#104,#105,#106,#107,#108,#109,#110,#111,#112,#113,#114,#115,#116,#117,#118,#119,#120,#121,#122,#123,#124,#125,#126,#127,#128,#129,#130,#131,#132,#133,#134,#135,#136,#137,#138,#139,#140,#141,#142,#143,#144,#145,#146,#147,#148,#149,#150,#151,#152,#153,#154,#155,#156,#157,#158,#159,#160,#161,#162,#163,#164,#165,#166,#167,#168,#169,#170,#171,#172,#173,#174,#175,#176,#177,#178,#179,#180,#181,#182,#183,#184,#185,#186,#187,#188,#189,#190,#191,#192,#193,#194,#195,#196,#197,#198,#199,#200,#201,#202,#203,#204,#205,#206,#207,#208,#209,#210,#211,#212,#213,#214,#215,#216,#217,#218,#219,#220,#221,#222,#223,#224,#225,#226,#227,#228,#229,#230,#231,#232,#233,#234,#235,#236,#237,#238,#239,#240,#241,#242,#243,#244,#245,#246,#247,#248,#249,#250,#251,#252,#253,#254,#255,#256,#257,#258,#259,#260,#261,#262,#263,#264,#265,#266,#267,#268,#269,#270,#271,#272,#273,#274,#275,#276,#277,#278,#279,#280,#281,#282,#283,#284,#285,#286,#287,#288,#289,#290,#291,#292,#293,#294,#295,#296,#297,#298,#299,#300,#301,#302,#303,#304,#305,#306,#307,#308,#309,#310,#311,#312,#313,#314,#315,#316,#317,#318,#319,#320,#321,#322,#323,#324,#325,#326,#327,#328,#329,#330,#331,#332,#333,#334,#335,#336,#337,#338,#339,#340,#341,#342,#343,#344,#345,#346,#347,#348,#349,#350,#351,#352,#353,#354,#355,#356,#357,#358,#359,#360,#361,#362,#363,#364,#365,#366,#367,#368,#369,#370,#371,#372,#373,#374,#375,#376,#377,#378,#379,#380,#381,#382,#383,#384,#385,#386,#387,#388,#389,#390,#391,#392,#393,#394,#395,#396),#6);
#2=PRODUCT_DEFINITION_CONTEXT('',#397,'design');
#3=APPLICATION_PROTOCOL_DEFINITION('INTERNATIONAL STANDARD','ap242_managed_model_based_3d_engineering',2014,#397);
#4=PRODUCT_CATEGORY_RELATIONSHIP('NONE','NONE',#398,#399);
#5=SHAPE_DEFINITION_REPRESENTATION(#400,#401);
#6= (GEOMETRIC_REPRESENTATION_CONTEXT(3)GLOBAL_UNCERTAINTY_ASSIGNED_CONTEXT((#404))GLOBAL_UNIT_ASSIGNED_CONTEXT((#406,#407,#408))REPRESENTATION_CONTEXT('NONE','WORKSPACE'));
#10=STYLED_ITEM('',(#410),#411);
#11=STYLED_ITEM('',(#412),#413);
#12=STYLED_ITEM('',(#414),#415);
#13=STYLED_ITEM('',(#416),#417);
#14=STYLED_ITEM('',(#418),#419);
#15=STYLED_ITEM('',(#420),#421);
#16=STYLED_ITEM('',(#422),#423);
#17=STYLED_ITEM('',(#424),#425);
#18=STYLED_ITEM('',(#426),#427);
#19=STYLED_ITEM('',(#428),#429);
#20=STYLED_ITEM('',(#430),#431);
#21=STYLED_ITEM('',(#432),#433);
#22=STYLED_ITEM('',(#434),#435);
#23=STYLED_ITEM('',(#436),#437);
#24=STYLED_ITEM('',(#438),#439);
#25=STYLED_ITEM('',(#440),#441);
#26=STYLED_ITEM('',(#442),#443);
#27=STYLED_ITEM('',(#444),#445);
#28=STYLED_ITEM('',(#446),#447);
#29=STYLED_ITEM('',(#448),#449);
#30=STYLED_ITEM('',(#450),#451);
#31=STYLED_ITEM('',(#452),#453);
#32=STYLED_ITEM('',(#454),#455);
#33=STYLED_ITEM('',(#456),#457);
#34=STYLED_ITEM('',(#458),#459);
#35=STYLED_ITEM('',(#460),#461);
#36=STYLED_ITEM('',(#462),#463);
#37=STYLED_ITEM('',(#464),#465);
#38=STYLED_ITEM('',(#466),#467);
#39=STYLED_ITEM('',(#468),#469);
#40=STYLED_ITEM('',(#470),#471);
#41=STYLED_ITEM('',(#472),#473);
#42=STYLED_ITEM('',(#474),#475);
#43=STYLED_ITEM('',(#476),#477);
#44=STYLED_ITEM('',(#478),#479);
#45=STYLED_ITEM('',(#480),#481);
#46=STYLED_ITEM('',(#482),#483);
#47=STYLED_ITEM('',(#484),#485);
#48=STYLED_ITEM('',(#486),#487);
#49=STYLED_ITEM('',(#488),#489);
#50=STYLED_ITEM('',(#490),#491);
#51=STYLED_ITEM('',(#492),#493);
#52=STYLED_ITEM('',(#494),#495);
#53=STYLED_ITEM('',(#496),#497);
#54=STYLED_ITEM('',(#498),#499);
#55=STYLED_ITEM('',(#500),#501);
#56=STYLED_ITEM('',(#502),#503);
#57=STYLED_ITEM('',(#504),#505);
#58=STYLED_ITEM('',(#506),#507);
#59=STYLED_ITEM('',(#508),#509);
#60=STYLED_ITEM('',(#510),#511);
#61=STYLED_ITEM('',(#512),#513);
#62=STYLED_ITEM('',(#514),#515);
#63=STYLED_ITEM('',(#516),#517);
#64=STYLED_ITEM('',(#518),#519);
#65=STYLED_ITEM('',(#520),#521);
#66=STYLED_ITEM('',(#522),#523);
#67=STYLED_ITEM('',(#524),#525);
#68=STYLED_ITEM('',(#526),#527);
#69=STYLED_ITEM('',(#528),#529);
#70=STYLED_ITEM('',(#530),#531);
#71=STYLED_ITEM('',(#532),#533);
#72=STYLED_ITEM('',(#534),#535);
#73=STYLED_ITEM('',(#536),#537);
#74=STYLED_ITEM('',(#538),#539);
#75=STYLED_ITEM('',(#540),#541);
#76=STYLED_ITEM('',(#542),#543);
#77=STYLED_ITEM('',(#544),#545);
#78=STYLED_ITEM('',(#546),#547);
#79=STYLED_ITEM('',(#548),#549);
#80=STYLED_ITEM('',(#550),#551);
#81=STYLED_ITEM('',(#552),#553);
#82=STYLED_ITEM('',(#554),#555);
#83=STYLED_ITEM('',(#556),#557);
#84=STYLED_ITEM('',(#558),#559);
#85=STYLED_ITEM('',(#560),#561);
#86=STYLED_ITEM('',(#562),#563);
#87=STYLED_ITEM('',(#564),#565);
#88=STYLED_ITEM('',(#566),#567);
#89=STYLED_ITEM('',(#568),#569);
#90=STYLED_ITEM('',(#570),#571);
#91=STYLED_ITEM('',(#572),#573);
#92=STYLED_ITEM('',(#574),#575);
#93=STYLED_ITEM('',(#576),#577);
#94=STYLED_ITEM('',(#578),#579);
#95=STYLED_ITEM('',(#580),#581);
#96=STYLED_ITEM('',(#582),#583);
#97=STYLED_ITEM('',(#584),#585);
#98=STYLED_ITEM('',(#586),#587);
#99=STYLED_ITEM('',(#588),#589);
#100=STYLED_ITEM('',(#590),#591);
#101=STYLED_ITEM('',(#592),#593);
#102=STYLED_ITEM('',(#594),#595);
#103=STYLED_ITEM('',(#596),#597);
#104=STYLED_ITEM('',(#598),#599);
#105=STYLED_ITEM('',(#600),#601);
#106=STYLED_ITEM('',(#602),#603);
#107=STYLED_ITEM('',(#604),#605);
#108=STYLED_ITEM('',(#606),#607);
#109=STYLED_ITEM('',(#608),#609);
#110=STYLED_ITEM('',(#610),#611);
#111=STYLED_ITEM('',(#612),#613);
#112=STYLED_ITEM('',(#614),#615);
#113=STYLED_ITEM('',(#616),#617);
#114=STYLED_ITEM('',(#618),#619);
#115=STYLED_ITEM('',(#620),#621);
#116=STYLED_ITEM('',(#622),#623);
#117=STYLED_ITEM('',(#624),#625);
#118=STYLED_ITEM('',(#626),#627);
#119=STYLED_ITEM('',(#628),#629);
#120=STYLED_ITEM('',(#630),#631);
#121=STYLED_ITEM('',(#632),#633);
#122=STYLED_ITEM('',(#634),#635);
#123=STYLED_ITEM('',(#636),#637);
#124=STYLED_ITEM('',(#638),#639);
#125=STYLED_ITEM('',(#640),#641);
#126=STYLED_ITEM('',(#642),#643);
#127=STYLED_ITEM('',(#644),#645);
#128=STYLED_ITEM('',(#646),#647);
#129=STYLED_ITEM('',(#648),#649);
#130=STYLED_ITEM('',(#650),#651);
#131=STYLED_ITEM('',(#652),#653);
#132=STYLED_ITEM('',(#654),#655);
#133=STYLED_ITEM('',(#656),#657);
#134=STYLED_ITEM('',(#658),#659);
#135=STYLED_ITEM('',(#660),#661);
#136=STYLED_ITEM('',(#662),#663);
#137=STYLED_ITEM('',(#664),#665);
#138=STYLED_ITEM('',(#666),#667);
#139=STYLED_ITEM('',(#668),#669);
#140=STYLED_ITEM('',(#670),#671);
#141=STYLED_ITEM('',(#672),#673);
#142=STYLED_ITEM('',(#674),#675);
#143=STYLED_ITEM('',(#676),#677);
#144=STYLED_ITEM('',(#678),#679);
#145=STYLED_ITEM('',(#680),#681);
#146=STYLED_ITEM('',(#682),#683);
#147=STYLED_ITEM('',(#684),#685);
#148=STYLED_ITEM('',(#686),#687);
#149=STYLED_ITEM('',(#688),#689);
#150=STYLED_ITEM('',(#690),#691);
#151=STYLED_ITEM('',(#692),#693);
#152=STYLED_ITEM('',(#694),#695);
#153=STYLED_ITEM('',(#696),#697);
#154=STYLED_ITEM('',(#698),#699);
#155=STYLED_ITEM('',(#700),#701);
#156=STYLED_ITEM('',(#702),#703);
#157=STYLED_ITEM('',(#704),#705);
#158=STYLED_ITEM('',(#706),#707);
#159=STYLED_ITEM('',(#708),#709);
#160=STYLED_ITEM('',(#710),#711);
#161=STYLED_ITEM('',(#712),#713);
#162=STYLED_ITEM('',(#714),#715);
#163=STYLED_ITEM('',(#716),#717);
#164=STYLED_ITEM('',(#718),#719);
#165=STYLED_ITEM('',(#720),#721);
#166=STYLED_ITEM('',(#722),#723);
#167=STYLED_ITEM('',(#724),#725);
#168=STYLED_ITEM('',(#726),#727);
#169=STYLED_ITEM('',(#728),#729);
#170=STYLED_ITEM('',(#730),#731);
#171=STYLED_ITEM('',(#732),#733);
#172=STYLED_ITEM('',(#734),#735);
#173=STYLED_ITEM('',(#736),#737);
#174=STYLED_ITEM('',(#738),#739);
#175=STYLED_ITEM('',(#740),#741);
#176=STYLED_ITEM('',(#742),#743);
#177=STYLED_ITEM('',(#744),#745);
#178=STYLED_ITEM('',(#746),#747);
#179=STYLED_ITEM('',(#748),#749);
#180=STYLED_ITEM('',(#750),#751);
#181=STYLED_ITEM('',(#752),#753);
#182=STYLED_ITEM('',(#754),#755);
#183=STYLED_ITEM('',(#756),#757);
#184=STYLED_ITEM('',(#758),#759);
#185=STYLED_ITEM('',(#760),#761);
#186=STYLED_ITEM('',(#762),#763);
#187=STYLED_ITEM('',(#764),#765);
#188=STYLED_ITEM('',(#766),#767);
#189=STYLED_ITEM('',(#768),#769);
#190=STYLED_ITEM('',(#770),#771);
#191=STYLED_ITEM('',(#772),#773);
#192=STYLED_ITEM('',(#774),#775);
#193=STYLED_ITEM('',(#776),#777);
#194=STYLED_ITEM('',(#778),#779);
#195=STYLED_ITEM('',(#780),#781);
#196=STYLED_ITEM('',(#782),#783);
#197=STYLED_ITEM('',(#784),#785);
#198=STYLED_ITEM('',(#786),#787);
#199=STYLED_ITEM('',(#788),#789);
#200=STYLED_ITEM('',(#790),#791);
#201=STYLED_ITEM('',(#792),#793);
#202=STYLED_ITEM('',(#794),#795);
#203=STYLED_ITEM('',(#796),#797);
#204=STYLED_ITEM('',(#798),#799);
#205=STYLED_ITEM('',(#800),#801);
#206=STYLED_ITEM('',(#802),#803);
#207=STYLED_ITEM('',(#804),#805);
#208=STYLED_ITEM('',(#806),#807);
#209=STYLED_ITEM('',(#808),#809);
#210=STYLED_ITEM('',(#810),#811);
#211=STYLED_ITEM('',(#812),#813);
#212=STYLED_ITEM('',(#814),#815);
#213=STYLED_ITEM('',(#816),#817);
#214=STYLED_ITEM('',(#818),#819);
#215=STYLED_ITEM('',(#820),#821);
#216=STYLED_ITEM('',(#822),#823);
#217=STYLED_ITEM('',(#824),#825);
#218=STYLED_ITEM('',(#826),#827);
#219=STYLED_ITEM('',(#828),#829);
#220=STYLED_ITEM('',(#830),#831);
#221=STYLED_ITEM('',(#832),#833);
#222=STYLED_ITEM('',(#834),#835);
#223=STYLED_ITEM('',(#836),#837);
#224=STYLED_ITEM('',(#838),#839);
#225=STYLED_ITEM('',(#840),#841);
#226=STYLED_ITEM('',(#842),#843);
#227=STYLED_ITEM('',(#844),#845);
#228=STYLED_ITEM('',(#846),#847);
#229=STYLED_ITEM('',(#848),#849);
#230=STYLED_ITEM('',(#850),#851);
#231=STYLED_ITEM('',(#852),#853);
#232=STYLED_ITEM('',(#854),#855);
#233=STYLED_ITEM('',(#856),#857);
#234=STYLED_ITEM('',(#858),#859);
#235=STYLED_ITEM('',(#860),#861);
#236=STYLED_ITEM('',(#862),#863);
#237=STYLED_ITEM('',(#864),#865);
#238=STYLED_ITEM('',(#866),#867);
#239=STYLED_ITEM('',(#868),#869);
#240=STYLED_ITEM('',(#870),#871);
#241=STYLED_ITEM('',(#872),#873);
#242=STYLED_ITEM('',(#874),#875);
#243=STYLED_ITEM('',(#876),#877);
#244=STYLED_ITEM('',(#878),#879);
#245=STYLED_ITEM('',(#880),#881);
#246=STYLED_ITEM('',(#882),#883);
#247=STYLED_ITEM('',(#884),#885);
#248=STYLED_ITEM('',(#886),#887);
#249=STYLED_ITEM('',(#888),#889);
#250=STYLED_ITEM('',(#890),#891);
#251=STYLED_ITEM('',(#892),#893);
#252=STYLED_ITEM('',(#894),#895);
#253=STYLED_ITEM('',(#896),#897);
#254=STYLED_ITEM('',(#898),#899);
#255=STYLED_ITEM('',(#900),#901);
#256=STYLED_ITEM('',(#902),#903);
#257=STYLED_ITEM('',(#904),#905);
#258=STYLED_ITEM('',(#906),#907);
#259=STYLED_ITEM('',(#908),#909);
#260=STYLED_ITEM('',(#910),#911);
#261=STYLED_ITEM('',(#912),#913);
#262=STYLED_ITEM('',(#914),#915);
#263=STYLED_ITEM('',(#916),#917);
#264=STYLED_ITEM('',(#918),#919);
#265=STYLED_ITEM('',(#920),#921);
#266=STYLED_ITEM('',(#922),#923);
#267=STYLED_ITEM('',(#924),#925);
#268=STYLED_ITEM('',(#926),#927);
#269=STYLED_ITEM('',(#928),#929);
#270=STYLED_ITEM('',(#930),#931);
#271=STYLED_ITEM('',(#932),#933);
#272=STYLED_ITEM('',(#934),#935);
#273=STYLED_ITEM('',(#936),#937);
#274=STYLED_ITEM('',(#938),#939);
#275=STYLED_ITEM('',(#940),#941);
#276=STYLED_ITEM('',(#942),#943);
#277=STYLED_ITEM('',(#944),#945);
#278=STYLED_ITEM('',(#946),#947);
#279=STYLED_ITEM('',(#948),#949);
#280=STYLED_ITEM('',(#950),#951);
#281=STYLED_ITEM('',(#952),#953);
#282=STYLED_ITEM('',(#954),#955);
#283=STYLED_ITEM('',(#956),#957);
#284=STYLED_ITEM('',(#958),#959);
#285=STYLED_ITEM('',(#960),#961);
#286=STYLED_ITEM('',(#962),#963);
#287=STYLED_ITEM('',(#964),#965);
#288=STYLED_ITEM('',(#966),#967);
#289=STYLED_ITEM('',(#968),#969);
#290=STYLED_ITEM('',(#970),#971);
#291=STYLED_ITEM('',(#972),#973);
#292=STYLED_ITEM('',(#974),#975);
#293=STYLED_ITEM('',(#976),#977);
#294=STYLED_ITEM('',(#978),#979);
#295=STYLED_ITEM('',(#980),#981);
#296=STYLED_ITEM('',(#982),#983);
#297=STYLED_ITEM('',(#984),#985);
#298=STYLED_ITEM('',(#986),#987);
#299=STYLED_ITEM('',(#988),#989);
#300=STYLED_ITEM('',(#990),#991);
#301=STYLED_ITEM('',(#992),#993);
#302=STYLED_ITEM('',(#994),#995);
#303=STYLED_ITEM('',(#996),#997);
#304=STYLED_ITEM('',(#998),#999);
#305=STYLED_ITEM('',(#1000),#1001);
#306=STYLED_ITEM('',(#1002),#1003);
#307=STYLED_ITEM('',(#1004),#1005);
#308=STYLED_ITEM('',(#1006),#1007);
#309=STYLED_ITEM('',(#1008),#1009);
#310=STYLED_ITEM('',(#1010),#1011);
#311=STYLED_ITEM('',(#1012),#1013);
#312=STYLED_ITEM('',(#1014),#1015);
#313=STYLED_ITEM('',(#1016),#1017);
#314=STYLED_ITEM('',(#1018),#1019);
#315=STYLED_ITEM('',(#1020),#1021);
#316=STYLED_ITEM('',(#1022),#1023);
#317=STYLED_ITEM('',(#1024),#1025);
#318=STYLED_ITEM('',(#1026),#1027);
#319=STYLED_ITEM('',(#1028),#1029);
#320=STYLED_ITEM('',(#1030),#1031);
#321=STYLED_ITEM('',(#1032),#1033);
#322=STYLED_ITEM('',(#1034),#1035);
#323=STYLED_ITEM('',(#1036),#1037);
#324=STYLED_ITEM('',(#1038),#1039);
#325=STYLED_ITEM('',(#1040),#1041);
#326=STYLED_ITEM('',(#1042),#1043);
#327=STYLED_ITEM('',(#1044),#1045);
#328=STYLED_ITEM('',(#1046),#1047);
#329=STYLED_ITEM('',(#1048),#1049);
#330=STYLED_ITEM('',(#1050),#1051);
#331=STYLED_ITEM('',(#1052),#1053);
#332=STYLED_ITEM('',(#1054),#1055);
#333=STYLED_ITEM('',(#1056),#1057);
#334=STYLED_ITEM('',(#1058),#1059);
#335=STYLED_ITEM('',(#1060),#1061);
#336=STYLED_ITEM('',(#1062),#1063);
#337=STYLED_ITEM('',(#1064),#1065);
#338=STYLED_ITEM('',(#1066),#1067);
#339=STYLED_ITEM('',(#1068),#1069);
#340=STYLED_ITEM('',(#1070),#1071);
#341=STYLED_ITEM('',(#1072),#1073);
#342=STYLED_ITEM('',(#1074),#1075);
#343=STYLED_ITEM('',(#1076),#1077);
#344=STYLED_ITEM('',(#1078),#1079);
#345=STYLED_ITEM('',(#1080),#1081);
#346=STYLED_ITEM('',(#1082),#1083);
#347=STYLED_ITEM('',(#1084),#1085);
#348=STYLED_ITEM('',(#1086),#1087);
#349=STYLED_ITEM('',(#1088),#1089);
#350=STYLED_ITEM('',(#1090),#1091);
#351=STYLED_ITEM('',(#1092),#1093);
#352=STYLED_ITEM('',(#1094),#1095);
#353=STYLED_ITEM('',(#1096),#1097);
#354=STYLED_ITEM('',(#1098),#1099);
#355=STYLED_ITEM('',(#1100),#1101);
#356=STYLED_ITEM('',(#1102),#1103);
#357=STYLED_ITEM('',(#1104),#1105);
#358=STYLED_ITEM('',(#1106),#1107);
#359=STYLED_ITEM('',(#1108),#1109);
#360=STYLED_ITEM('',(#1110),#1111);
#361=STYLED_ITEM('',(#1112),#1113);
#362=STYLED_ITEM('',(#1114),#1115);
#363=STYLED_ITEM('',(#1116),#1117);
#364=STYLED_ITEM('',(#1118),#1119);
#365=STYLED_ITEM('',(#1120),#1121);
#366=STYLED_ITEM('',(#1122),#1123);
#367=STYLED_ITEM('',(#1124),#1125);
#368=STYLED_ITEM('',(#1126),#1127);
#369=STYLED_ITEM('',(#1128),#1129);
#370=STYLED_ITEM('',(#1130),#1131);
#371=STYLED_ITEM('',(#1132),#1133);
#372=STYLED_ITEM('',(#1134),#1135);
#373=STYLED_ITEM('',(#1136),#1137);
#374=STYLED_ITEM('',(#1138),#1139);
#375=STYLED_ITEM('',(#1140),#1141);
#376=STYLED_ITEM('',(#1142),#1143);
#377=STYLED_ITEM('',(#1144),#1145);
#378=STYLED_ITEM('',(#1146),#1147);
#379=STYLED_ITEM('',(#1148),#1149);
#380=STYLED_ITEM('',(#1150),#1151);
#381=STYLED_ITEM('',(#1152),#1153);
#382=STYLED_ITEM('',(#1154),#1155);
#383=STYLED_ITEM('',(#1156),#1157);
#384=STYLED_ITEM('',(#1158),#1159);
#385=STYLED_ITEM('',(#1160),#1161);
#386=STYLED_ITEM('',(#1162),#1163);
#387=STYLED_ITEM('',(#1164),#1165);
#388=STYLED_ITEM('',(#1166),#1167);
#389=STYLED_ITEM('',(#1168),#1169);
#390=STYLED_ITEM('',(#1170),#1171);
#391=STYLED_ITEM('',(#1172),#1173);
#392=STYLED_ITEM('',(#1174),#1175);
#393=STYLED_ITEM('',(#1176),#1177);
#394=STYLED_ITEM('',(#1178),#1179);
#395=STYLED_ITEM('',(#1180),#1181);
#396=STYLED_ITEM('',(#1182),#1183);
#397=APPLICATION_CONTEXT('managed model based 3d engineering');
#398=PRODUCT_CATEGORY('part','NONE');
#399=PRODUCT_RELATED_PRODUCT_CATEGORY('detail',' ',(#1184));
#400=PRODUCT_DEFINITION_SHAPE('NONE','NONE',#1185);
#401=ADVANCED_BREP_SHAPE_REPRESENTATION('1',(#1183,#1186),#6);
#404=UNCERTAINTY_MEASURE_WITH_UNIT(LENGTH_MEASURE(1.0E-06),#406,'','');
#406= (CONVERSION_BASED_UNIT('MILLIMETRE',#1189)LENGTH_UNIT()NAMED_UNIT(#1192));
#407= (NAMED_UNIT(#1194)PLANE_ANGLE_UNIT()SI_UNIT($,.RADIAN.));
#408= (NAMED_UNIT(#1194)SOLID_ANGLE_UNIT()SI_UNIT($,.STERADIAN.));
#410=PRESENTATION_STYLE_ASSIGNMENT((#1200));
#411=ADVANCED_FACE('NONE',(#1201),#1202,.T.);
#412=PRESENTATION_STYLE_ASSIGNMENT((#1203));
#413=ADVANCED_FACE('NONE',(#1204),#1205,.T.);
#414=PRESENTATION_STYLE_ASSIGNMENT((#1206));
#415=ADVANCED_FACE('NONE',(#1207),#1208,.T.);
#416=PRESENTATION_STYLE_ASSIGNMENT((#1209));
#417=ADVANCED_FACE('NONE',(#1210),#1211,.T.);
#418=PRESENTATION_STYLE_ASSIGNMENT((#1212));
#419=ADVANCED_FACE('NONE',(#1213),#1214,.T.);
#420=PRESENTATION_STYLE_ASSIGNMENT((#1215));
#421=ADVANCED_FACE('NONE',(#1216),#1217,.T.);
#422=PRESENTATION_STYLE_ASSIGNMENT((#1218));
#423=ADVANCED_FACE('NONE',(#1219),#1220,.T.);
#424=PRESENTATION_STYLE_ASSIGNMENT((#1221));
#425=ADVANCED_FACE('NONE',(#1222),#1223,.F.);
#426=PRESENTATION_STYLE_ASSIGNMENT((#1224));
#427=ADVANCED_FACE('NONE',(#1225),#1226,.T.);
#428=PRESENTATION_STYLE_ASSIGNMENT((#1227));
#429=ADVANCED_FACE('NONE',(#1228),#1229,.T.);
#430=PRESENTATION_STYLE_ASSIGNMENT((#1230));
#431=ADVANCED_FACE('NONE',(#1231),#1232,.T.);
#432=PRESENTATION_STYLE_ASSIGNMENT((#1233));
#433=ADVANCED_FACE('NONE',(#1234),#1235,.T.);
#434=PRESENTATION_STYLE_ASSIGNMENT((#1236));
#435=ADVANCED_FACE('NONE',(#1237),#1238,.T.);
#436=PRESENTATION_STYLE_ASSIGNMENT((#1239));
#437=ADVANCED_FACE('NONE',(#1240),#1241,.T.);
#438=PRESENTATION_STYLE_ASSIGNMENT((#1242));
#439=ADVANCED_FACE('NONE',(#1243),#1244,.T.);
#440=PRESENTATION_STYLE_ASSIGNMENT((#1245));
#441=ADVANCED_FACE('NONE',(#1246),#1247,.T.);
#442=PRESENTATION_STYLE_ASSIGNMENT((#1248));
#443=ADVANCED_FACE('NONE',(#1249),#1250,.T.);
#444=PRESENTATION_STYLE_ASSIGNMENT((#1251));
#445=ADVANCED_FACE('NONE',(#1252),#1253,.T.);
#446=PRESENTATION_STYLE_ASSIGNMENT((#1254));
#447=ADVANCED_FACE('NONE',(#1255),#1256,.T.);
#448=PRESENTATION_STYLE_ASSIGNMENT((#1257));
#449=ADVANCED_FACE('NONE',(#1258),#1259,.T.);
#450=PRESENTATION_STYLE_ASSIGNMENT((#1260));
#451=ADVANCED_FACE('NONE',(#1261),#1262,.T.);
#452=PRESENTATION_STYLE_ASSIGNMENT((#1263));
#453=ADVANCED_FACE('NONE',(#1264),#1265,.T.);
#454=PRESENTATION_STYLE_ASSIGNMENT((#1266));
#455=ADVANCED_FACE('NONE',(#1267),#1268,.T.);
#456=PRESENTATION_STYLE_ASSIGNMENT((#1269));
#457=ADVANCED_FACE('NONE',(#1270),#1271,.T.);
#458=PRESENTATION_STYLE_ASSIGNMENT((#1272));
#459=ADVANCED_FACE('NONE',(#1273),#1274,.F.);
#460=PRESENTATION_STYLE_ASSIGNMENT((#1275));
#461=ADVANCED_FACE('NONE',(#1276),#1277,.T.);
#462=PRESENTATION_STYLE_ASSIGNMENT((#1278));
#463=ADVANCED_FACE('NONE',(#1279),#1280,.T.);
#464=PRESENTATION_STYLE_ASSIGNMENT((#1281));
#465=ADVANCED_FACE('NONE',(#1282),#1283,.T.);
#466=PRESENTATION_STYLE_ASSIGNMENT((#1284));
#467=ADVANCED_FACE('NONE',(#1285),#1286,.T.);
#468=PRESENTATION_STYLE_ASSIGNMENT((#1287));
#469=ADVANCED_FACE('NONE',(#1288),#1289,.T.);
#470=PRESENTATION_STYLE_ASSIGNMENT((#1290));
#471=ADVANCED_FACE('NONE',(#1291),#1292,.T.);
#472=PRESENTATION_STYLE_ASSIGNMENT((#1293));
#473=ADVANCED_FACE('NONE',(#1294),#1295,.T.);
#474=PRESENTATION_STYLE_ASSIGNMENT((#1296));
#475=ADVANCED_FACE('NONE',(#1297),#1298,.T.);
#476=PRESENTATION_STYLE_ASSIGNMENT((#1299));
#477=ADVANCED_FACE('NONE',(#1300),#1301,.T.);
#478=PRESENTATION_STYLE_ASSIGNMENT((#1302));
#479=ADVANCED_FACE('NONE',(#1303),#1304,.F.);
#480=PRESENTATION_STYLE_ASSIGNMENT((#1305));
#481=ADVANCED_FACE('NONE',(#1306),#1307,.T.);
#482=PRESENTATION_STYLE_ASSIGNMENT((#1308));
#483=ADVANCED_FACE('NONE',(#1309),#1310,.T.);
#484=PRESENTATION_STYLE_ASSIGNMENT((#1311));
#485=ADVANCED_FACE('NONE',(#1312),#1313,.F.);
#486=PRESENTATION_STYLE_ASSIGNMENT((#1314));
#487=ADVANCED_FACE('NONE',(#1315),#1316,.T.);
#488=PRESENTATION_STYLE_ASSIGNMENT((#1317));
#489=ADVANCED_FACE('NONE',(#1318),#1319,.T.);
#490=PRESENTATION_STYLE_ASSIGNMENT((#1320));
#491=ADVANCED_FACE('NONE',(#1321),#1322,.T.);
#492=PRESENTATION_STYLE_ASSIGNMENT((#1323));
#493=ADVANCED_FACE('NONE',(#1324),#1325,.T.);
#494=PRESENTATION_STYLE_ASSIGNMENT((#1326));
#495=ADVANCED_FACE('NONE',(#1327),#1328,.F.);
#496=PRESENTATION_STYLE_ASSIGNMENT((#1329));
#497=ADVANCED_FACE('NONE',(#1330),#1331,.T.);
#498=PRESENTATION_STYLE_ASSIGNMENT((#1332));
#499=ADVANCED_FACE('NONE',(#1333),#1334,.T.);
#500=PRESENTATION_STYLE_ASSIGNMENT((#1335));
#501=ADVANCED_FACE('NONE',(#1336),#1337,.F.);
#502=PRESENTATION_STYLE_ASSIGNMENT((#1338));
#503=ADVANCED_FACE('NONE',(#1339),#1340,.F.);
#504=PRESENTATION_STYLE_ASSIGNMENT((#1341));
#505=ADVANCED_FACE('NONE',(#1342),#1343,.F.);
#506=PRESENTATION_STYLE_ASSIGNMENT((#1344));
#507=ADVANCED_FACE('NONE',(#1345),#1346,.F.);
#508=PRESENTATION_STYLE_ASSIGNMENT((#1347));
#509=ADVANCED_FACE('NONE',(#1348,#1349,#1350,#1351),#1352,.F.);
#510=PRESENTATION_STYLE_ASSIGNMENT((#1353));
#511=ADVANCED_FACE('NONE',(#1354,#1355,#1356,#1357,#1358,#1359,#1360,#1361),#1362,.T.);
#512=PRESENTATION_STYLE_ASSIGNMENT((#1363));
#513=ADVANCED_FACE('NONE',(#1364),#1365,.T.);
#514=PRESENTATION_STYLE_ASSIGNMENT((#1366));
#515=ADVANCED_FACE('NONE',(#1367),#1368,.F.);
#516=PRESENTATION_STYLE_ASSIGNMENT((#1369));
#517=ADVANCED_FACE('NONE',(#1370),#1371,.T.);
#518=PRESENTATION_STYLE_ASSIGNMENT((#1372));
#519=ADVANCED_FACE('NONE',(#1373),#1374,.T.);
#520=PRESENTATION_STYLE_ASSIGNMENT((#1375));
#521=ADVANCED_FACE('NONE',(#1376),#1377,.F.);
#522=PRESENTATION_STYLE_ASSIGNMENT((#1378));
#523=ADVANCED_FACE('NONE',(#1379),#1380,.T.);
#524=PRESENTATION_STYLE_ASSIGNMENT((#1381));
#525=ADVANCED_FACE('NONE',(#1382),#1383,.F.);
#526=PRESENTATION_STYLE_ASSIGNMENT((#1384));
#527=ADVANCED_FACE('NONE',(#1385),#1386,.F.);
#528=PRESENTATION_STYLE_ASSIGNMENT((#1387));
#529=ADVANCED_FACE('NONE',(#1388),#1389,.F.);
#530=PRESENTATION_STYLE_ASSIGNMENT((#1390));
#531=ADVANCED_FACE('NONE',(#1391),#1392,.F.);
#532=PRESENTATION_STYLE_ASSIGNMENT((#1393));
#533=ADVANCED_FACE('NONE',(#1394),#1395,.F.);
#534=PRESENTATION_STYLE_ASSIGNMENT((#1396));
#535=ADVANCED_FACE('NONE',(#1397),#1398,.T.);
#536=PRESENTATION_STYLE_ASSIGNMENT((#1399));
#537=ADVANCED_FACE('NONE',(#1400),#1401,.F.);
#538=PRESENTATION_STYLE_ASSIGNMENT((#1402));
#539=ADVANCED_FACE('NONE',(#1403),#1404,.F.);
#540=PRESENTATION_STYLE_ASSIGNMENT((#1405));
#541=ADVANCED_FACE('NONE',(#1406),#1407,.F.);
#542=PRESENTATION_STYLE_ASSIGNMENT((#1408));
#543=ADVANCED_FACE('NONE',(#1409),#1410,.T.);
#544=PRESENTATION_STYLE_ASSIGNMENT((#1411));
#545=ADVANCED_FACE('NONE',(#1412),#1413,.F.);
#546=PRESENTATION_STYLE_ASSIGNMENT((#1414));
#547=ADVANCED_FACE('NONE',(#1415),#1416,.F.);
#548=PRESENTATION_STYLE_ASSIGNMENT((#1417));
#549=ADVANCED_FACE('NONE',(#1418),#1419,.F.);
#550=PRESENTATION_STYLE_ASSIGNMENT((#1420));
#551=ADVANCED_FACE('NONE',(#1421,#1422),#1423,.T.);
#552=PRESENTATION_STYLE_ASSIGNMENT((#1424));
#553=ADVANCED_FACE('NONE',(#1425),#1426,.T.);
#554=PRESENTATION_STYLE_ASSIGNMENT((#1427));
#555=ADVANCED_FACE('NONE',(#1428),#1429,.T.);
#556=PRESENTATION_STYLE_ASSIGNMENT((#1430));
#557=ADVANCED_FACE('NONE',(#1431),#1432,.F.);
#558=PRESENTATION_STYLE_ASSIGNMENT((#1433));
#559=ADVANCED_FACE('NONE',(#1434,#1435),#1436,.F.);
#560=PRESENTATION_STYLE_ASSIGNMENT((#1437));
#561=ADVANCED_FACE('NONE',(#1438),#1439,.T.);
#562=PRESENTATION_STYLE_ASSIGNMENT((#1440));
#563=ADVANCED_FACE('NONE',(#1441),#1442,.T.);
#564=PRESENTATION_STYLE_ASSIGNMENT((#1443));
#565=ADVANCED_FACE('NONE',(#1444),#1445,.F.);
#566=PRESENTATION_STYLE_ASSIGNMENT((#1446));
#567=ADVANCED_FACE('NONE',(#1447),#1448,.T.);
#568=PRESENTATION_STYLE_ASSIGNMENT((#1449));
#569=ADVANCED_FACE('NONE',(#1450),#1451,.T.);
#570=PRESENTATION_STYLE_ASSIGNMENT((#1452));
#571=ADVANCED_FACE('NONE',(#1453),#1454,.F.);
#572=PRESENTATION_STYLE_ASSIGNMENT((#1455));
#573=ADVANCED_FACE('NONE',(#1456,#1457),#1458,.T.);
#574=PRESENTATION_STYLE_ASSIGNMENT((#1459));
#575=ADVANCED_FACE('NONE',(#1460),#1461,.T.);
#576=PRESENTATION_STYLE_ASSIGNMENT((#1462));
#577=ADVANCED_FACE('NONE',(#1463),#1464,.T.);
#578=PRESENTATION_STYLE_ASSIGNMENT((#1465));
#579=ADVANCED_FACE('NONE',(#1466),#1467,.F.);
#580=PRESENTATION_STYLE_ASSIGNMENT((#1468));
#581=ADVANCED_FACE('NONE',(#1469,#1470),#1471,.F.);
#582=PRESENTATION_STYLE_ASSIGNMENT((#1472));
#583=ADVANCED_FACE('NONE',(#1473),#1474,.T.);
#584=PRESENTATION_STYLE_ASSIGNMENT((#1475));
#585=ADVANCED_FACE('NONE',(#1476),#1477,.T.);
#586=PRESENTATION_STYLE_ASSIGNMENT((#1478));
#587=ADVANCED_FACE('NONE',(#1479),#1480,.F.);
#588=PRESENTATION_STYLE_ASSIGNMENT((#1481));
#589=ADVANCED_FACE('NONE',(#1482),#1483,.T.);
#590=PRESENTATION_STYLE_ASSIGNMENT((#1484));
#591=ADVANCED_FACE('NONE',(#1485),#1486,.T.);
#592=PRESENTATION_STYLE_ASSIGNMENT((#1487));
#593=ADVANCED_FACE('NONE',(#1488),#1489,.F.);
#594=PRESENTATION_STYLE_ASSIGNMENT((#1490));
#595=ADVANCED_FACE('NONE',(#1491),#1492,.F.);
#596=PRESENTATION_STYLE_ASSIGNMENT((#1493));
#597=ADVANCED_FACE('NONE',(#1494),#1495,.T.);
#598=PRESENTATION_STYLE_ASSIGNMENT((#1496));
#599=ADVANCED_FACE('NONE',(#1497),#1498,.T.);
#600=PRESENTATION_STYLE_ASSIGNMENT((#1499));
#601=ADVANCED_FACE('NONE',(#1500),#1501,.T.);
#602=PRESENTATION_STYLE_ASSIGNMENT((#1502));
#603=ADVANCED_FACE('NONE',(#1503),#1504,.T.);
#604=PRESENTATION_STYLE_ASSIGNMENT((#1505));
#605=ADVANCED_FACE('NONE',(#1506),#1507,.T.);
#606=PRESENTATION_STYLE_ASSIGNMENT((#1508));
#607=ADVANCED_FACE('NONE',(#1509),#1510,.T.);
#608=PRESENTATION_STYLE_ASSIGNMENT((#1511));
#609=ADVANCED_FACE('NONE',(#1512),#1513,.T.);
#610=PRESENTATION_STYLE_ASSIGNMENT((#1514));
#611=ADVANCED_FACE('NONE',(#1515),#1516,.T.);
#612=PRESENTATION_STYLE_ASSIGNMENT((#1517));
#613=ADVANCED_FACE('NONE',(#1518),#1519,.T.);
#614=PRESENTATION_STYLE_ASSIGNMENT((#1520));
#615=ADVANCED_FACE('NONE',(#1521),#1522,.T.);
#616=PRESENTATION_STYLE_ASSIGNMENT((#1523));
#617=ADVANCED_FACE('NONE',(#1524),#1525,.T.);
#618=PRESENTATION_STYLE_ASSIGNMENT((#1526));
#619=ADVANCED_FACE('NONE',(#1527),#1528,.T.);
#620=PRESENTATION_STYLE_ASSIGNMENT((#1529));
#621=ADVANCED_FACE('NONE',(#1530),#1531,.T.);
#622=PRESENTATION_STYLE_ASSIGNMENT((#1532));
#623=ADVANCED_FACE('NONE',(#1533),#1534,.T.);
#624=PRESENTATION_STYLE_ASSIGNMENT((#1535));
#625=ADVANCED_FACE('NONE',(#1536),#1537,.T.);
#626=PRESENTATION_STYLE_ASSIGNMENT((#1538));
#627=ADVANCED_FACE('NONE',(#1539),#1540,.T.);
#628=PRESENTATION_STYLE_ASSIGNMENT((#1541));
#629=ADVANCED_FACE('NONE',(#1542),#1543,.T.);
#630=PRESENTATION_STYLE_ASSIGNMENT((#1544));
#631=ADVANCED_FACE('NONE',(#1545),#1546,.T.);
#632=PRESENTATION_STYLE_ASSIGNMENT((#1547));
#633=ADVANCED_FACE('NONE',(#1548),#1549,.T.);
#634=PRESENTATION_STYLE_ASSIGNMENT((#1550));
#635=ADVANCED_FACE('NONE',(#1551),#1552,.T.);
#636=PRESENTATION_STYLE_ASSIGNMENT((#1553));
#637=ADVANCED_FACE('NONE',(#1554),#1555,.T.);
#638=PRESENTATION_STYLE_ASSIGNMENT((#1556));
#639=ADVANCED_FACE('NONE',(#1557),#1558,.T.);
#640=PRESENTATION_STYLE_ASSIGNMENT((#1559));
#641=ADVANCED_FACE('NONE',(#1560),#1561,.T.);
#642=PRESENTATION_STYLE_ASSIGNMENT((#1562));
#643=ADVANCED_FACE('NONE',(#1563),#1564,.T.);
#644=PRESENTATION_STYLE_ASSIGNMENT((#1565));
#645=ADVANCED_FACE('NONE',(#1566),#1567,.T.);
#646=PRESENTATION_STYLE_ASSIGNMENT((#1568));
#647=ADVANCED_FACE('NONE',(#1569),#1570,.T.);
#648=PRESENTATION_STYLE_ASSIGNMENT((#1571));
#649=ADVANCED_FACE('NONE',(#1572),#1573,.T.);
#650=PRESENTATION_STYLE_ASSIGNMENT((#1574));
#651=ADVANCED_FACE('NONE',(#1575),#1576,.T.);
#652=PRESENTATION_STYLE_ASSIGNMENT((#1577));
#653=ADVANCED_FACE('NONE',(#1578),#1579,.T.);
#654=PRESENTATION_STYLE_ASSIGNMENT((#1580));
#655=ADVANCED_FACE('NONE',(#1581),#1582,.T.);
#656=PRESENTATION_STYLE_ASSIGNMENT((#1583));
#657=ADVANCED_FACE('NONE',(#1584),#1585,.T.);
#658=PRESENTATION_STYLE_ASSIGNMENT((#1586));
#659=ADVANCED_FACE('NONE',(#1587),#1588,.T.);
#660=PRESENTATION_STYLE_ASSIGNMENT((#1589));
#661=ADVANCED_FACE('NONE',(#1590),#1591,.T.);
#662=PRESENTATION_STYLE_ASSIGNMENT((#1592));
#663=ADVANCED_FACE('NONE',(#1593),#1594,.T.);
#664=PRESENTATION_STYLE_ASSIGNMENT((#1595));
#665=ADVANCED_FACE('NONE',(#1596),#1597,.T.);
#666=PRESENTATION_STYLE_ASSIGNMENT((#1598));
#667=ADVANCED_FACE('NONE',(#1599),#1600,.T.);
#668=PRESENTATION_STYLE_ASSIGNMENT((#1601));
#669=ADVANCED_FACE('NONE',(#1602),#1603,.T.);
#670=PRESENTATION_STYLE_ASSIGNMENT((#1604));
#671=ADVANCED_FACE('NONE',(#1605),#1606,.T.);
#672=PRESENTATION_STYLE_ASSIGNMENT((#1607));
#673=ADVANCED_FACE('NONE',(#1608),#1609,.T.);
#674=PRESENTATION_STYLE_ASSIGNMENT((#1610));
#675=ADVANCED_FACE('NONE',(#1611),#1612,.T.);
#676=PRESENTATION_STYLE_ASSIGNMENT((#1613));
#677=ADVANCED_FACE('NONE',(#1614),#1615,.T.);
#678=PRESENTATION_STYLE_ASSIGNMENT((#1616));
#679=ADVANCED_FACE('NONE',(#1617),#1618,.T.);
#680=PRESENTATION_STYLE_ASSIGNMENT((#1619));
#681=ADVANCED_FACE('NONE',(#1620),#1621,.T.);
#682=PRESENTATION_STYLE_ASSIGNMENT((#1622));
#683=ADVANCED_FACE('NONE',(#1623),#1624,.T.);
#684=PRESENTATION_STYLE_ASSIGNMENT((#1625));
#685=ADVANCED_FACE('NONE',(#1626,#1627),#1628,.F.);
#686=PRESENTATION_STYLE_ASSIGNMENT((#1629));
#687=ADVANCED_FACE('NONE',(#1630),#1631,.F.);
#688=PRESENTATION_STYLE_ASSIGNMENT((#1632));
#689=ADVANCED_FACE('NONE',(#1633),#1634,.T.);
#690=PRESENTATION_STYLE_ASSIGNMENT((#1635));
#691=ADVANCED_FACE('NONE',(#1636),#1637,.T.);
#692=PRESENTATION_STYLE_ASSIGNMENT((#1638));
#693=ADVANCED_FACE('NONE',(#1639),#1640,.T.);
#694=PRESENTATION_STYLE_ASSIGNMENT((#1641));
#695=ADVANCED_FACE('NONE',(#1642),#1643,.T.);
#696=PRESENTATION_STYLE_ASSIGNMENT((#1644));
#697=ADVANCED_FACE('NONE',(#1645),#1646,.T.);
#698=PRESENTATION_STYLE_ASSIGNMENT((#1647));
#699=ADVANCED_FACE('NONE',(#1648),#1649,.T.);
#700=PRESENTATION_STYLE_ASSIGNMENT((#1650));
#701=ADVANCED_FACE('NONE',(#1651),#1652,.T.);
#702=PRESENTATION_STYLE_ASSIGNMENT((#1653));
#703=ADVANCED_FACE('NONE',(#1654),#1655,.T.);
#704=PRESENTATION_STYLE_ASSIGNMENT((#1656));
#705=ADVANCED_FACE('NONE',(#1657),#1658,.T.);
#706=PRESENTATION_STYLE_ASSIGNMENT((#1659));
#707=ADVANCED_FACE('NONE',(#1660),#1661,.T.);
#708=PRESENTATION_STYLE_ASSIGNMENT((#1662));
#709=ADVANCED_FACE('NONE',(#1663),#1664,.T.);
#710=PRESENTATION_STYLE_ASSIGNMENT((#1665));
#711=ADVANCED_FACE('NONE',(#1666),#1667,.T.);
#712=PRESENTATION_STYLE_ASSIGNMENT((#1668));
#713=ADVANCED_FACE('NONE',(#1669),#1670,.T.);
#714=PRESENTATION_STYLE_ASSIGNMENT((#1671));
#715=ADVANCED_FACE('NONE',(#1672),#1673,.T.);
#716=PRESENTATION_STYLE_ASSIGNMENT((#1674));
#717=ADVANCED_FACE('NONE',(#1675),#1676,.T.);
#718=PRESENTATION_STYLE_ASSIGNMENT((#1677));
#719=ADVANCED_FACE('NONE',(#1678),#1679,.T.);
#720=PRESENTATION_STYLE_ASSIGNMENT((#1680));
#721=ADVANCED_FACE('NONE',(#1681),#1682,.T.);
#722=PRESENTATION_STYLE_ASSIGNMENT((#1683));
#723=ADVANCED_FACE('NONE',(#1684),#1685,.T.);
#724=PRESENTATION_STYLE_ASSIGNMENT((#1686));
#725=ADVANCED_FACE('NONE',(#1687),#1688,.T.);
#726=PRESENTATION_STYLE_ASSIGNMENT((#1689));
#727=ADVANCED_FACE('NONE',(#1690),#1691,.T.);
#728=PRESENTATION_STYLE_ASSIGNMENT((#1692));
#729=ADVANCED_FACE('NONE',(#1693),#1694,.T.);
#730=PRESENTATION_STYLE_ASSIGNMENT((#1695));
#731=ADVANCED_FACE('NONE',(#1696),#1697,.T.);
#732=PRESENTATION_STYLE_ASSIGNMENT((#1698));
#733=ADVANCED_FACE('NONE',(#1699),#1700,.T.);
#734=PRESENTATION_STYLE_ASSIGNMENT((#1701));
#735=ADVANCED_FACE('NONE',(#1702),#1703,.T.);
#736=PRESENTATION_STYLE_ASSIGNMENT((#1704));
#737=ADVANCED_FACE('NONE',(#1705),#1706,.T.);
#738=PRESENTATION_STYLE_ASSIGNMENT((#1707));
#739=ADVANCED_FACE('NONE',(#1708),#1709,.T.);
#740=PRESENTATION_STYLE_ASSIGNMENT((#1710));
#741=ADVANCED_FACE('NONE',(#1711),#1712,.T.);
#742=PRESENTATION_STYLE_ASSIGNMENT((#1713));
#743=ADVANCED_FACE('NONE',(#1714),#1715,.T.);
#744=PRESENTATION_STYLE_ASSIGNMENT((#1716));
#745=ADVANCED_FACE('NONE',(#1717),#1718,.T.);
#746=PRESENTATION_STYLE_ASSIGNMENT((#1719));
#747=ADVANCED_FACE('NONE',(#1720),#1721,.T.);
#748=PRESENTATION_STYLE_ASSIGNMENT((#1722));
#749=ADVANCED_FACE('NONE',(#1723),#1724,.T.);
#750=PRESENTATION_STYLE_ASSIGNMENT((#1725));
#751=ADVANCED_FACE('NONE',(#1726),#1727,.T.);
#752=PRESENTATION_STYLE_ASSIGNMENT((#1728));
#753=ADVANCED_FACE('NONE',(#1729),#1730,.T.);
#754=PRESENTATION_STYLE_ASSIGNMENT((#1731));
#755=ADVANCED_FACE('NONE',(#1732),#1733,.T.);
#756=PRESENTATION_STYLE_ASSIGNMENT((#1734));
#757=ADVANCED_FACE('NONE',(#1735),#1736,.T.);
#758=PRESENTATION_STYLE_ASSIGNMENT((#1737));
#759=ADVANCED_FACE('NONE',(#1738),#1739,.T.);
#760=PRESENTATION_STYLE_ASSIGNMENT((#1740));
#761=ADVANCED_FACE('NONE',(#1741),#1742,.T.);
#762=PRESENTATION_STYLE_ASSIGNMENT((#1743));
#763=ADVANCED_FACE('NONE',(#1744),#1745,.T.);
#764=PRESENTATION_STYLE_ASSIGNMENT((#1746));
#765=ADVANCED_FACE('NONE',(#1747),#1748,.T.);
#766=PRESENTATION_STYLE_ASSIGNMENT((#1749));
#767=ADVANCED_FACE('NONE',(#1750),#1751,.T.);
#768=PRESENTATION_STYLE_ASSIGNMENT((#1752));
#769=ADVANCED_FACE('NONE',(#1753),#1754,.T.);
#770=PRESENTATION_STYLE_ASSIGNMENT((#1755));
#771=ADVANCED_FACE('NONE',(#1756),#1757,.T.);
#772=PRESENTATION_STYLE_ASSIGNMENT((#1758));
#773=ADVANCED_FACE('NONE',(#1759),#1760,.T.);
#774=PRESENTATION_STYLE_ASSIGNMENT((#1761));
#775=ADVANCED_FACE('NONE',(#1762),#1763,.T.);
#776=PRESENTATION_STYLE_ASSIGNMENT((#1764));
#777=ADVANCED_FACE('NONE',(#1765),#1766,.T.);
#778=PRESENTATION_STYLE_ASSIGNMENT((#1767));
#779=ADVANCED_FACE('NONE',(#1768),#1769,.T.);
#780=PRESENTATION_STYLE_ASSIGNMENT((#1770));
#781=ADVANCED_FACE('NONE',(#1771),#1772,.T.);
#782=PRESENTATION_STYLE_ASSIGNMENT((#1773));
#783=ADVANCED_FACE('NONE',(#1774),#1775,.T.);
#784=PRESENTATION_STYLE_ASSIGNMENT((#1776));
#785=ADVANCED_FACE('NONE',(#1777),#1778,.T.);
#786=PRESENTATION_STYLE_ASSIGNMENT((#1779));
#787=ADVANCED_FACE('NONE',(#1780),#1781,.T.);
#788=PRESENTATION_STYLE_ASSIGNMENT((#1782));
#789=ADVANCED_FACE('NONE',(#1783),#1784,.T.);
#790=PRESENTATION_STYLE_ASSIGNMENT((#1785));
#791=ADVANCED_FACE('NONE',(#1786),#1787,.T.);
#792=PRESENTATION_STYLE_ASSIGNMENT((#1788));
#793=ADVANCED_FACE('NONE',(#1789),#1790,.T.);
#794=PRESENTATION_STYLE_ASSIGNMENT((#1791));
#795=ADVANCED_FACE('NONE',(#1792),#1793,.T.);
#796=PRESENTATION_STYLE_ASSIGNMENT((#1794));
#797=ADVANCED_FACE('NONE',(#1795),#1796,.T.);
#798=PRESENTATION_STYLE_ASSIGNMENT((#1797));
#799=ADVANCED_FACE('NONE',(#1798),#1799,.T.);
#800=PRESENTATION_STYLE_ASSIGNMENT((#1800));
#801=ADVANCED_FACE('NONE',(#1801),#1802,.T.);
#802=PRESENTATION_STYLE_ASSIGNMENT((#1803));
#803=ADVANCED_FACE('NONE',(#1804),#1805,.T.);
#804=PRESENTATION_STYLE_ASSIGNMENT((#1806));
#805=ADVANCED_FACE('NONE',(#1807),#1808,.T.);
#806=PRESENTATION_STYLE_ASSIGNMENT((#1809));
#807=ADVANCED_FACE('NONE',(#1810),#1811,.T.);
#808=PRESENTATION_STYLE_ASSIGNMENT((#1812));
#809=ADVANCED_FACE('NONE',(#1813),#1814,.T.);
#810=PRESENTATION_STYLE_ASSIGNMENT((#1815));
#811=ADVANCED_FACE('NONE',(#1816),#1817,.T.);
#812=PRESENTATION_STYLE_ASSIGNMENT((#1818));
#813=ADVANCED_FACE('NONE',(#1819),#1820,.T.);
#814=PRESENTATION_STYLE_ASSIGNMENT((#1821));
#815=ADVANCED_FACE('NONE',(#1822),#1823,.T.);
#816=PRESENTATION_STYLE_ASSIGNMENT((#1824));
#817=ADVANCED_FACE('NONE',(#1825),#1826,.T.);
#818=PRESENTATION_STYLE_ASSIGNMENT((#1827));
#819=ADVANCED_FACE('NONE',(#1828),#1829,.T.);
#820=PRESENTATION_STYLE_ASSIGNMENT((#1830));
#821=ADVANCED_FACE('NONE',(#1831),#1832,.T.);
#822=PRESENTATION_STYLE_ASSIGNMENT((#1833));
#823=ADVANCED_FACE('NONE',(#1834),#1835,.T.);
#824=PRESENTATION_STYLE_ASSIGNMENT((#1836));
#825=ADVANCED_FACE('NONE',(#1837),#1838,.T.);
#826=PRESENTATION_STYLE_ASSIGNMENT((#1839));
#827=ADVANCED_FACE('NONE',(#1840),#1841,.T.);
#828=PRESENTATION_STYLE_ASSIGNMENT((#1842));
#829=ADVANCED_FACE('NONE',(#1843),#1844,.T.);
#830=PRESENTATION_STYLE_ASSIGNMENT((#1845));
#831=ADVANCED_FACE('NONE',(#1846),#1847,.T.);
#832=PRESENTATION_STYLE_ASSIGNMENT((#1848));
#833=ADVANCED_FACE('NONE',(#1849),#1850,.T.);
#834=PRESENTATION_STYLE_ASSIGNMENT((#1851));
#835=ADVANCED_FACE('NONE',(#1852),#1853,.T.);
#836=PRESENTATION_STYLE_ASSIGNMENT((#1854));
#837=ADVANCED_FACE('NONE',(#1855),#1856,.T.);
#838=PRESENTATION_STYLE_ASSIGNMENT((#1857));
#839=ADVANCED_FACE('NONE',(#1858),#1859,.T.);
#840=PRESENTATION_STYLE_ASSIGNMENT((#1860));
#841=ADVANCED_FACE('NONE',(#1861),#1862,.T.);
#842=PRESENTATION_STYLE_ASSIGNMENT((#1863));
#843=ADVANCED_FACE('NONE',(#1864),#1865,.T.);
#844=PRESENTATION_STYLE_ASSIGNMENT((#1866));
#845=ADVANCED_FACE('NONE',(#1867),#1868,.T.);
#846=PRESENTATION_STYLE_ASSIGNMENT((#1869));
#847=ADVANCED_FACE('NONE',(#1870),#1871,.T.);
#848=PRESENTATION_STYLE_ASSIGNMENT((#1872));
#849=ADVANCED_FACE('NONE',(#1873),#1874,.F.);
#850=PRESENTATION_STYLE_ASSIGNMENT((#1875));
#851=ADVANCED_FACE('NONE',(#1876),#1877,.F.);
#852=PRESENTATION_STYLE_ASSIGNMENT((#1878));
#853=ADVANCED_FACE('NONE',(#1879),#1880,.F.);
#854=PRESENTATION_STYLE_ASSIGNMENT((#1881));
#855=ADVANCED_FACE('NONE',(#1882),#1883,.F.);
#856=PRESENTATION_STYLE_ASSIGNMENT((#1884));
#857=ADVANCED_FACE('NONE',(#1885),#1886,.F.);
#858=PRESENTATION_STYLE_ASSIGNMENT((#1887));
#859=ADVANCED_FACE('NONE',(#1888),#1889,.T.);
#860=PRESENTATION_STYLE_ASSIGNMENT((#1890));
#861=ADVANCED_FACE('NONE',(#1891,#1892,#1893,#1894,#1895,#1896),#1897,.T.);
#862=PRESENTATION_STYLE_ASSIGNMENT((#1898));
#863=ADVANCED_FACE('NONE',(#1899),#1900,.F.);
#864=PRESENTATION_STYLE_ASSIGNMENT((#1901));
#865=ADVANCED_FACE('NONE',(#1902),#1903,.T.);
#866=PRESENTATION_STYLE_ASSIGNMENT((#1904));
#867=ADVANCED_FACE('NONE',(#1905),#1906,.T.);
#868=PRESENTATION_STYLE_ASSIGNMENT((#1907));
#869=ADVANCED_FACE('NONE',(#1908),#1909,.T.);
#870=PRESENTATION_STYLE_ASSIGNMENT((#1910));
#871=ADVANCED_FACE('NONE',(#1911),#1912,.T.);
#872=PRESENTATION_STYLE_ASSIGNMENT((#1913));
#873=ADVANCED_FACE('NONE',(#1914),#1915,.T.);
#874=PRESENTATION_STYLE_ASSIGNMENT((#1916));
#875=ADVANCED_FACE('NONE',(#1917),#1918,.T.);
#876=PRESENTATION_STYLE_ASSIGNMENT((#1919));
#877=ADVANCED_FACE('NONE',(#1920),#1921,.T.);
#878=PRESENTATION_STYLE_ASSIGNMENT((#1922));
#879=ADVANCED_FACE('NONE',(#1923),#1924,.T.);
#880=PRESENTATION_STYLE_ASSIGNMENT((#1925));
#881=ADVANCED_FACE('NONE',(#1926),#1927,.T.);
#882=PRESENTATION_STYLE_ASSIGNMENT((#1928));
#883=ADVANCED_FACE('NONE',(#1929),#1930,.T.);
#884=PRESENTATION_STYLE_ASSIGNMENT((#1931));
#885=ADVANCED_FACE('NONE',(#1932),#1933,.T.);
#886=PRESENTATION_STYLE_ASSIGNMENT((#1934));
#887=ADVANCED_FACE('NONE',(#1935),#1936,.F.);
#888=PRESENTATION_STYLE_ASSIGNMENT((#1937));
#889=ADVANCED_FACE('NONE',(#1938),#1939,.T.);
#890=PRESENTATION_STYLE_ASSIGNMENT((#1940));
#891=ADVANCED_FACE('NONE',(#1941),#1942,.T.);
#892=PRESENTATION_STYLE_ASSIGNMENT((#1943));
#893=ADVANCED_FACE('NONE',(#1944),#1945,.T.);
#894=PRESENTATION_STYLE_ASSIGNMENT((#1946));
#895=ADVANCED_FACE('NONE',(#1947),#1948,.T.);
#896=PRESENTATION_STYLE_ASSIGNMENT((#1949));
#897=ADVANCED_FACE('NONE',(#1950),#1951,.T.);
#898=PRESENTATION_STYLE_ASSIGNMENT((#1952));
#899=ADVANCED_FACE('NONE',(#1953),#1954,.T.);
#900=PRESENTATION_STYLE_ASSIGNMENT((#1955));
#901=ADVANCED_FACE('NONE',(#1956),#1957,.T.);
#902=PRESENTATION_STYLE_ASSIGNMENT((#1958));
#903=ADVANCED_FACE('NONE',(#1959),#1960,.T.);
#904=PRESENTATION_STYLE_ASSIGNMENT((#1961));
#905=ADVANCED_FACE('NONE',(#1962),#1963,.T.);
#906=PRESENTATION_STYLE_ASSIGNMENT((#1964));
#907=ADVANCED_FACE('NONE',(#1965),#1966,.T.);
#908=PRESENTATION_STYLE_ASSIGNMENT((#1967));
#909=ADVANCED_FACE('NONE',(#1968),#1969,.T.);
#910=PRESENTATION_STYLE_ASSIGNMENT((#1970));
#911=ADVANCED_FACE('NONE',(#1971),#1972,.T.);
#912=PRESENTATION_STYLE_ASSIGNMENT((#1973));
#913=ADVANCED_FACE('NONE',(#1974),#1975,.T.);
#914=PRESENTATION_STYLE_ASSIGNMENT((#1976));
#915=ADVANCED_FACE('NONE',(#1977),#1978,.T.);
#916=PRESENTATION_STYLE_ASSIGNMENT((#1979));
#917=ADVANCED_FACE('NONE',(#1980),#1981,.F.);
#918=PRESENTATION_STYLE_ASSIGNMENT((#1982));
#919=ADVANCED_FACE('NONE',(#1983),#1984,.T.);
#920=PRESENTATION_STYLE_ASSIGNMENT((#1985));
#921=ADVANCED_FACE('NONE',(#1986),#1987,.T.);
#922=PRESENTATION_STYLE_ASSIGNMENT((#1988));
#923=ADVANCED_FACE('NONE',(#1989),#1990,.T.);
#924=PRESENTATION_STYLE_ASSIGNMENT((#1991));
#925=ADVANCED_FACE('NONE',(#1992),#1993,.F.);
#926=PRESENTATION_STYLE_ASSIGNMENT((#1994));
#927=ADVANCED_FACE('NONE',(#1995),#1996,.T.);
#928=PRESENTATION_STYLE_ASSIGNMENT((#1997));
#929=ADVANCED_FACE('NONE',(#1998),#1999,.T.);
#930=PRESENTATION_STYLE_ASSIGNMENT((#2000));
#931=ADVANCED_FACE('NONE',(#2001),#2002,.T.);
#932=PRESENTATION_STYLE_ASSIGNMENT((#2003));
#933=ADVANCED_FACE('NONE',(#2004),#2005,.T.);
#934=PRESENTATION_STYLE_ASSIGNMENT((#2006));
#935=ADVANCED_FACE('NONE',(#2007),#2008,.T.);
#936=PRESENTATION_STYLE_ASSIGNMENT((#2009));
#937=ADVANCED_FACE('NONE',(#2010),#2011,.T.);
#938=PRESENTATION_STYLE_ASSIGNMENT((#2012));
#939=ADVANCED_FACE('NONE',(#2013),#2014,.T.);
#940=PRESENTATION_STYLE_ASSIGNMENT((#2015));
#941=ADVANCED_FACE('NONE',(#2016),#2017,.T.);
#942=PRESENTATION_STYLE_ASSIGNMENT((#2018));
#943=ADVANCED_FACE('NONE',(#2019),#2020,.F.);
#944=PRESENTATION_STYLE_ASSIGNMENT((#2021));
#945=ADVANCED_FACE('NONE',(#2022),#2023,.T.);
#946=PRESENTATION_STYLE_ASSIGNMENT((#2024));
#947=ADVANCED_FACE('NONE',(#2025),#2026,.T.);
#948=PRESENTATION_STYLE_ASSIGNMENT((#2027));
#949=ADVANCED_FACE('NONE',(#2028),#2029,.T.);
#950=PRESENTATION_STYLE_ASSIGNMENT((#2030));
#951=ADVANCED_FACE('NONE',(#2031),#2032,.T.);
#952=PRESENTATION_STYLE_ASSIGNMENT((#2033));
#953=ADVANCED_FACE('NONE',(#2034),#2035,.T.);
#954=PRESENTATION_STYLE_ASSIGNMENT((#2036));
#955=ADVANCED_FACE('NONE',(#2037),#2038,.T.);
#956=PRESENTATION_STYLE_ASSIGNMENT((#2039));
#957=ADVANCED_FACE('NONE',(#2040),#2041,.T.);
#958=PRESENTATION_STYLE_ASSIGNMENT((#2042));
#959=ADVANCED_FACE('NONE',(#2043),#2044,.T.);
#960=PRESENTATION_STYLE_ASSIGNMENT((#2045));
#961=ADVANCED_FACE('NONE',(#2046),#2047,.T.);
#962=PRESENTATION_STYLE_ASSIGNMENT((#2048));
#963=ADVANCED_FACE('NONE',(#2049),#2050,.F.);
#964=PRESENTATION_STYLE_ASSIGNMENT((#2051));
#965=ADVANCED_FACE('NONE',(#2052),#2053,.F.);
#966=PRESENTATION_STYLE_ASSIGNMENT((#2054));
#967=ADVANCED_FACE('NONE',(#2055),#2056,.T.);
#968=PRESENTATION_STYLE_ASSIGNMENT((#2057));
#969=ADVANCED_FACE('NONE',(#2058),#2059,.F.);
#970=PRESENTATION_STYLE_ASSIGNMENT((#2060));
#971=ADVANCED_FACE('NONE',(#2061),#2062,.T.);
#972=PRESENTATION_STYLE_ASSIGNMENT((#2063));
#973=ADVANCED_FACE('NONE',(#2064),#2065,.F.);
#974=PRESENTATION_STYLE_ASSIGNMENT((#2066));
#975=ADVANCED_FACE('NONE',(#2067),#2068,.F.);
#976=PRESENTATION_STYLE_ASSIGNMENT((#2069));
#977=ADVANCED_FACE('NONE',(#2070),#2071,.T.);
#978=PRESENTATION_STYLE_ASSIGNMENT((#2072));
#979=ADVANCED_FACE('NONE',(#2073),#2074,.F.);
#980=PRESENTATION_STYLE_ASSIGNMENT((#2075));
#981=ADVANCED_FACE('NONE',(#2076),#2077,.F.);
#982=PRESENTATION_STYLE_ASSIGNMENT((#2078));
#983=ADVANCED_FACE('NONE',(#2079),#2080,.F.);
#984=PRESENTATION_STYLE_ASSIGNMENT((#2081));
#985=ADVANCED_FACE('NONE',(#2082),#2083,.F.);
#986=PRESENTATION_STYLE_ASSIGNMENT((#2084));
#987=ADVANCED_FACE('NONE',(#2085),#2086,.T.);
#988=PRESENTATION_STYLE_ASSIGNMENT((#2087));
#989=ADVANCED_FACE('NONE',(#2088),#2089,.F.);
#990=PRESENTATION_STYLE_ASSIGNMENT((#2090));
#991=ADVANCED_FACE('NONE',(#2091),#2092,.T.);
#992=PRESENTATION_STYLE_ASSIGNMENT((#2093));
#993=ADVANCED_FACE('NONE',(#2094),#2095,.F.);
#994=PRESENTATION_STYLE_ASSIGNMENT((#2096));
#995=ADVANCED_FACE('NONE',(#2097),#2098,.F.);
#996=PRESENTATION_STYLE_ASSIGNMENT((#2099));
#997=ADVANCED_FACE('NONE',(#2100),#2101,.T.);
#998=PRESENTATION_STYLE_ASSIGNMENT((#2102));
#999=ADVANCED_FACE('NONE',(#2103),#2104,.T.);
#1000=PRESENTATION_STYLE_ASSIGNMENT((#2105));
#1001=ADVANCED_FACE('NONE',(#2106),#2107,.F.);
#1002=PRESENTATION_STYLE_ASSIGNMENT((#2108));
#1003=ADVANCED_FACE('NONE',(#2109),#2110,.T.);
#1004=PRESENTATION_STYLE_ASSIGNMENT((#2111));
#1005=ADVANCED_FACE('NONE',(#2112),#2113,.T.);
#1006=PRESENTATION_STYLE_ASSIGNMENT((#2114));
#1007=ADVANCED_FACE('NONE',(#2115),#2116,.T.);
#1008=PRESENTATION_STYLE_ASSIGNMENT((#2117));
#1009=ADVANCED_FACE('NONE',(#2118),#2119,.T.);
#1010=PRESENTATION_STYLE_ASSIGNMENT((#2120));
#1011=ADVANCED_FACE('NONE',(#2121),#2122,.F.);
#1012=PRESENTATION_STYLE_ASSIGNMENT((#2123));
#1013=ADVANCED_FACE('NONE',(#2124),#2125,.F.);
#1014=PRESENTATION_STYLE_ASSIGNMENT((#2126));
#1015=ADVANCED_FACE('NONE',(#2127),#2128,.F.);
#1016=PRESENTATION_STYLE_ASSIGNMENT((#2129));
#1017=ADVANCED_FACE('NONE',(#2130),#2131,.T.);
#1018=PRESENTATION_STYLE_ASSIGNMENT((#2132));
#1019=ADVANCED_FACE('NONE',(#2133),#2134,.F.);
#1020=PRESENTATION_STYLE_ASSIGNMENT((#2135));
#1021=ADVANCED_FACE('NONE',(#2136),#2137,.T.);
#1022=PRESENTATION_STYLE_ASSIGNMENT((#2138));
#1023=ADVANCED_FACE('NONE',(#2139),#2140,.T.);
#1024=PRESENTATION_STYLE_ASSIGNMENT((#2141));
#1025=ADVANCED_FACE('NONE',(#2142,#2143),#2144,.T.);
#1026=PRESENTATION_STYLE_ASSIGNMENT((#2145));
#1027=ADVANCED_FACE('NONE',(#2146),#2147,.F.);
#1028=PRESENTATION_STYLE_ASSIGNMENT((#2148));
#1029=ADVANCED_FACE('NONE',(#2149),#2150,.F.);
#1030=PRESENTATION_STYLE_ASSIGNMENT((#2151));
#1031=ADVANCED_FACE('NONE',(#2152),#2153,.F.);
#1032=PRESENTATION_STYLE_ASSIGNMENT((#2154));
#1033=ADVANCED_FACE('NONE',(#2155),#2156,.T.);
#1034=PRESENTATION_STYLE_ASSIGNMENT((#2157));
#1035=ADVANCED_FACE('NONE',(#2158),#2159,.T.);
#1036=PRESENTATION_STYLE_ASSIGNMENT((#2160));
#1037=ADVANCED_FACE('NONE',(#2161),#2162,.T.);
#1038=PRESENTATION_STYLE_ASSIGNMENT((#2163));
#1039=ADVANCED_FACE('NONE',(#2164),#2165,.T.);
#1040=PRESENTATION_STYLE_ASSIGNMENT((#2166));
#1041=ADVANCED_FACE('NONE',(#2167),#2168,.T.);
#1042=PRESENTATION_STYLE_ASSIGNMENT((#2169));
#1043=ADVANCED_FACE('NONE',(#2170),#2171,.T.);
#1044=PRESENTATION_STYLE_ASSIGNMENT((#2172));
#1045=ADVANCED_FACE('NONE',(#2173),#2174,.T.);
#1046=PRESENTATION_STYLE_ASSIGNMENT((#2175));
#1047=ADVANCED_FACE('NONE',(#2176),#2177,.T.);
#1048=PRESENTATION_STYLE_ASSIGNMENT((#2178));
#1049=ADVANCED_FACE('NONE',(#2179),#2180,.T.);
#1050=PRESENTATION_STYLE_ASSIGNMENT((#2181));
#1051=ADVANCED_FACE('NONE',(#2182),#2183,.T.);
#1052=PRESENTATION_STYLE_ASSIGNMENT((#2184));
#1053=ADVANCED_FACE('NONE',(#2185),#2186,.F.);
#1054=PRESENTATION_STYLE_ASSIGNMENT((#2187));
#1055=ADVANCED_FACE('NONE',(#2188),#2189,.F.);
#1056=PRESENTATION_STYLE_ASSIGNMENT((#2190));
#1057=ADVANCED_FACE('NONE',(#2191),#2192,.F.);
#1058=PRESENTATION_STYLE_ASSIGNMENT((#2193));
#1059=ADVANCED_FACE('NONE',(#2194),#2195,.F.);
#1060=PRESENTATION_STYLE_ASSIGNMENT((#2196));
#1061=ADVANCED_FACE('NONE',(#2197),#2198,.F.);
#1062=PRESENTATION_STYLE_ASSIGNMENT((#2199));
#1063=ADVANCED_FACE('NONE',(#2200),#2201,.F.);
#1064=PRESENTATION_STYLE_ASSIGNMENT((#2202));
#1065=ADVANCED_FACE('NONE',(#2203,#2204),#2205,.T.);
#1066=PRESENTATION_STYLE_ASSIGNMENT((#2206));
#1067=ADVANCED_FACE('NONE',(#2207),#2208,.T.);
#1068=PRESENTATION_STYLE_ASSIGNMENT((#2209));
#1069=ADVANCED_FACE('NONE',(#2210),#2211,.F.);
#1070=PRESENTATION_STYLE_ASSIGNMENT((#2212));
#1071=ADVANCED_FACE('NONE',(#2213),#2214,.F.);
#1072=PRESENTATION_STYLE_ASSIGNMENT((#2215));
#1073=ADVANCED_FACE('NONE',(#2216),#2217,.F.);
#1074=PRESENTATION_STYLE_ASSIGNMENT((#2218));
#1075=ADVANCED_FACE('NONE',(#2219),#2220,.F.);
#1076=PRESENTATION_STYLE_ASSIGNMENT((#2221));
#1077=ADVANCED_FACE('NONE',(#2222),#2223,.T.);
#1078=PRESENTATION_STYLE_ASSIGNMENT((#2224));
#1079=ADVANCED_FACE('NONE',(#2225),#2226,.T.);
#1080=PRESENTATION_STYLE_ASSIGNMENT((#2227));
#1081=ADVANCED_FACE('NONE',(#2228),#2229,.F.);
#1082=PRESENTATION_STYLE_ASSIGNMENT((#2230));
#1083=ADVANCED_FACE('NONE',(#2231),#2232,.F.);
#1084=PRESENTATION_STYLE_ASSIGNMENT((#2233));
#1085=ADVANCED_FACE('NONE',(#2234),#2235,.F.);
#1086=PRESENTATION_STYLE_ASSIGNMENT((#2236));
#1087=ADVANCED_FACE('NONE',(#2237),#2238,.T.);
#1088=PRESENTATION_STYLE_ASSIGNMENT((#2239));
#1089=ADVANCED_FACE('NONE',(#2240),#2241,.T.);
#1090=PRESENTATION_STYLE_ASSIGNMENT((#2242));
#1091=ADVANCED_FACE('NONE',(#2243),#2244,.F.);
#1092=PRESENTATION_STYLE_ASSIGNMENT((#2245));
#1093=ADVANCED_FACE('NONE',(#2246),#2247,.F.);
#1094=PRESENTATION_STYLE_ASSIGNMENT((#2248));
#1095=ADVANCED_FACE('NONE',(#2249),#2250,.F.);
#1096=PRESENTATION_STYLE_ASSIGNMENT((#2251));
#1097=ADVANCED_FACE('NONE',(#2252),#2253,.F.);
#1098=PRESENTATION_STYLE_ASSIGNMENT((#2254));
#1099=ADVANCED_FACE('NONE',(#2255),#2256,.T.);
#1100=PRESENTATION_STYLE_ASSIGNMENT((#2257));
#1101=ADVANCED_FACE('NONE',(#2258),#2259,.F.);
#1102=PRESENTATION_STYLE_ASSIGNMENT((#2260));
#1103=ADVANCED_FACE('NONE',(#2261),#2262,.F.);
#1104=PRESENTATION_STYLE_ASSIGNMENT((#2263));
#1105=ADVANCED_FACE('NONE',(#2264),#2265,.F.);
#1106=PRESENTATION_STYLE_ASSIGNMENT((#2266));
#1107=ADVANCED_FACE('NONE',(#2267),#2268,.T.);
#1108=PRESENTATION_STYLE_ASSIGNMENT((#2269));
#1109=ADVANCED_FACE('NONE',(#2270),#2271,.T.);
#1110=PRESENTATION_STYLE_ASSIGNMENT((#2272));
#1111=ADVANCED_FACE('NONE',(#2273),#2274,.T.);
#1112=PRESENTATION_STYLE_ASSIGNMENT((#2275));
#1113=ADVANCED_FACE('NONE',(#2276),#2277,.F.);
#1114=PRESENTATION_STYLE_ASSIGNMENT((#2278));
#1115=ADVANCED_FACE('NONE',(#2279),#2280,.F.);
#1116=PRESENTATION_STYLE_ASSIGNMENT((#2281));
#1117=ADVANCED_FACE('NONE',(#2282),#2283,.F.);
#1118=PRESENTATION_STYLE_ASSIGNMENT((#2284));
#1119=ADVANCED_FACE('NONE',(#2285),#2286,.F.);
#1120=PRESENTATION_STYLE_ASSIGNMENT((#2287));
#1121=ADVANCED_FACE('NONE',(#2288),#2289,.F.);
#1122=PRESENTATION_STYLE_ASSIGNMENT((#2290));
#1123=ADVANCED_FACE('NONE',(#2291),#2292,.F.);
#1124=PRESENTATION_STYLE_ASSIGNMENT((#2293));
#1125=ADVANCED_FACE('NONE',(#2294),#2295,.T.);
#1126=PRESENTATION_STYLE_ASSIGNMENT((#2296));
#1127=ADVANCED_FACE('NONE',(#2297),#2298,.F.);
#1128=PRESENTATION_STYLE_ASSIGNMENT((#2299));
#1129=ADVANCED_FACE('NONE',(#2300,#2301),#2302,.T.);
#1130=PRESENTATION_STYLE_ASSIGNMENT((#2303));
#1131=ADVANCED_FACE('NONE',(#2304),#2305,.F.);
#1132=PRESENTATION_STYLE_ASSIGNMENT((#2306));
#1133=ADVANCED_FACE('NONE',(#2307),#2308,.F.);
#1134=PRESENTATION_STYLE_ASSIGNMENT((#2309));
#1135=ADVANCED_FACE('NONE',(#2310),#2311,.T.);
#1136=PRESENTATION_STYLE_ASSIGNMENT((#2312));
#1137=ADVANCED_FACE('NONE',(#2313),#2314,.F.);
#1138=PRESENTATION_STYLE_ASSIGNMENT((#2315));
#1139=ADVANCED_FACE('NONE',(#2316),#2317,.F.);
#1140=PRESENTATION_STYLE_ASSIGNMENT((#2318));
#1141=ADVANCED_FACE('NONE',(#2319),#2320,.F.);
#1142=PRESENTATION_STYLE_ASSIGNMENT((#2321));
#1143=ADVANCED_FACE('NONE',(#2322),#2323,.F.);
#1144=PRESENTATION_STYLE_ASSIGNMENT((#2324));
#1145=ADVANCED_FACE('NONE',(#2325),#2326,.T.);
#1146=PRESENTATION_STYLE_ASSIGNMENT((#2327));
#1147=ADVANCED_FACE('NONE',(#2328),#2329,.F.);
#1148=PRESENTATION_STYLE_ASSIGNMENT((#2330));
#1149=ADVANCED_FACE('NONE',(#2331),#2332,.F.);
#1150=PRESENTATION_STYLE_ASSIGNMENT((#2333));
#1151=ADVANCED_FACE('NONE',(#2334),#2335,.F.);
#1152=PRESENTATION_STYLE_ASSIGNMENT((#2336));
#1153=ADVANCED_FACE('NONE',(#2337),#2338,.T.);
#1154=PRESENTATION_STYLE_ASSIGNMENT((#2339));
#1155=ADVANCED_FACE('NONE',(#2340),#2341,.T.);
#1156=PRESENTATION_STYLE_ASSIGNMENT((#2342));
#1157=ADVANCED_FACE('NONE',(#2343),#2344,.T.);
#1158=PRESENTATION_STYLE_ASSIGNMENT((#2345));
#1159=ADVANCED_FACE('NONE',(#2346),#2347,.F.);
#1160=PRESENTATION_STYLE_ASSIGNMENT((#2348));
#1161=ADVANCED_FACE('NONE',(#2349),#2350,.F.);
#1162=PRESENTATION_STYLE_ASSIGNMENT((#2351));
#1163=ADVANCED_FACE('NONE',(#2352),#2353,.F.);
#1164=PRESENTATION_STYLE_ASSIGNMENT((#2354));
#1165=ADVANCED_FACE('NONE',(#2355),#2356,.F.);
#1166=PRESENTATION_STYLE_ASSIGNMENT((#2357));
#1167=ADVANCED_FACE('NONE',(#2358),#2359,.F.);
#1168=PRESENTATION_STYLE_ASSIGNMENT((#2360));
#1169=ADVANCED_FACE('NONE',(#2361),#2362,.F.);
#1170=PRESENTATION_STYLE_ASSIGNMENT((#2363));
#1171=ADVANCED_FACE('NONE',(#2364),#2365,.T.);
#1172=PRESENTATION_STYLE_ASSIGNMENT((#2366));
#1173=ADVANCED_FACE('NONE',(#2367,#2368),#2369,.F.);
#1174=PRESENTATION_STYLE_ASSIGNMENT((#2370));
#1175=ADVANCED_FACE('NONE',(#2371),#2372,.T.);
#1176=PRESENTATION_STYLE_ASSIGNMENT((#2373));
#1177=ADVANCED_FACE('NONE',(#2374),#2375,.F.);
#1178=PRESENTATION_STYLE_ASSIGNMENT((#2376));
#1179=ADVANCED_FACE('NONE',(#2377),#2378,.T.);
#1180=PRESENTATION_STYLE_ASSIGNMENT((#2379));
#1181=ADVANCED_FACE('NONE',(#2380),#2381,.F.);
#1182=PRESENTATION_STYLE_ASSIGNMENT((#2382));
#1183=MANIFOLD_SOLID_BREP('1',#2383);
#1184=PRODUCT('1','','PART--DESC',(#2384));
#1185=PRODUCT_DEFINITION('','NONE',#2385,#2);
#1186=AXIS2_PLACEMENT_3D('',#2386,#2387,#2388);
#1189=LENGTH_MEASURE_WITH_UNIT(LENGTH_MEASURE(1.0),#2389);
#1192=DIMENSIONAL_EXPONENTS(1.0,0.0,0.0,0.0,0.0,0.0,0.0);
#1194=DIMENSIONAL_EXPONENTS(0.0,0.0,0.0,0.0,0.0,0.0,0.0);
#1200=SURFACE_STYLE_USAGE(.BOTH.,#2390);
#1201=FACE_OUTER_BOUND('',#2391,.T.);
#1202=SPHERICAL_SURFACE('',#2392,0.208333333333332);
#1203=SURFACE_STYLE_USAGE(.BOTH.,#2393);
#1204=FACE_OUTER_BOUND('',#2394,.T.);
#1205=SPHERICAL_SURFACE('',#2395,0.208333333333332);
#1206=SURFACE_STYLE_USAGE(.BOTH.,#2396);
#1207=FACE_OUTER_BOUND('',#2397,.T.);
#1208=SPHERICAL_SURFACE('',#2398,0.208333333333332);
#1209=SURFACE_STYLE_USAGE(.BOTH.,#2399);
#1210=FACE_OUTER_BOUND('',#2400,.T.);
#1211=SPHERICAL_SURFACE('',#2401,0.208333333333332);
#1212=SURFACE_STYLE_USAGE(.BOTH.,#2402);
#1213=FACE_OUTER_BOUND('',#2403,.T.);
#1214=SPHERICAL_SURFACE('',#2404,0.208333333333332);
#1215=SURFACE_STYLE_USAGE(.BOTH.,#2405);
#1216=FACE_OUTER_BOUND('',#2406,.T.);
#1217=SPHERICAL_SURFACE('',#2407,0.208333333333332);
#1218=SURFACE_STYLE_USAGE(.BOTH.,#2408);
#1219=FACE_OUTER_BOUND('',#2409,.T.);
#1220=CYLINDRICAL_SURFACE('',#2410,0.6);
#1221=SURFACE_STYLE_USAGE(.BOTH.,#2411);
#1222=FACE_OUTER_BOUND('',#2412,.T.);
#1223=CYLINDRICAL_SURFACE('',#2413,0.2);
#1224=SURFACE_STYLE_USAGE(.BOTH.,#2414);
#1225=FACE_OUTER_BOUND('',#2415,.T.);
#1226=CYLINDRICAL_SURFACE('',#2416,1.0);
#1227=SURFACE_STYLE_USAGE(.BOTH.,#2417);
#1228=FACE_OUTER_BOUND('',#2418,.T.);
#1229=CYLINDRICAL_SURFACE('',#2419,0.3);
#1230=SURFACE_STYLE_USAGE(.BOTH.,#2420);
#1231=FACE_OUTER_BOUND('',#2421,.T.);
#1232=CYLINDRICAL_SURFACE('',#2422,0.208333333333332);
#1233=SURFACE_STYLE_USAGE(.BOTH.,#2423);
#1234=FACE_OUTER_BOUND('',#2424,.T.);
#1235=CYLINDRICAL_SURFACE('',#2425,0.300000000000002);
#1236=SURFACE_STYLE_USAGE(.BOTH.,#2426);
#1237=FACE_OUTER_BOUND('',#2427,.T.);
#1238=CYLINDRICAL_SURFACE('',#2428,0.208333333333332);
#1239=SURFACE_STYLE_USAGE(.BOTH.,#2429);
#1240=FACE_OUTER_BOUND('',#2430,.T.);
#1241=CYLINDRICAL_SURFACE('',#2431,0.3);
#1242=SURFACE_STYLE_USAGE(.BOTH.,#2432);
#1243=FACE_OUTER_BOUND('',#2433,.T.);
#1244=CYLINDRICAL_SURFACE('',#2434,0.208333333333332);
#1245=SURFACE_STYLE_USAGE(.BOTH.,#2435);
#1246=FACE_OUTER_BOUND('',#2436,.T.);
#1247=SPHERICAL_SURFACE('',#2437,0.856666666666667);
#1248=SURFACE_STYLE_USAGE(.BOTH.,#2438);
#1249=FACE_OUTER_BOUND('',#2439,.T.);
#1250=CYLINDRICAL_SURFACE('',#2440,0.595);
#1251=SURFACE_STYLE_USAGE(.BOTH.,#2441);
#1252=FACE_OUTER_BOUND('',#2442,.T.);
#1253=CONICAL_SURFACE('',#2443,0.395,0.785398163397446);
#1254=SURFACE_STYLE_USAGE(.BOTH.,#2444);
#1255=FACE_OUTER_BOUND('',#2445,.T.);
#1256=SPHERICAL_SURFACE('',#2446,0.856666666666667);
#1257=SURFACE_STYLE_USAGE(.BOTH.,#2447);
#1258=FACE_OUTER_BOUND('',#2448,.T.);
#1259=SPHERICAL_SURFACE('',#2449,0.856666666666667);
#1260=SURFACE_STYLE_USAGE(.BOTH.,#2450);
#1261=FACE_OUTER_BOUND('',#2451,.T.);
#1262=SPHERICAL_SURFACE('',#2452,0.856666666666667);
#1263=SURFACE_STYLE_USAGE(.BOTH.,#2453);
#1264=FACE_OUTER_BOUND('',#2454,.T.);
#1265=CYLINDRICAL_SURFACE('',#2455,3.46);
#1266=SURFACE_STYLE_USAGE(.BOTH.,#2456);
#1267=FACE_OUTER_BOUND('',#2457,.T.);
#1268=CYLINDRICAL_SURFACE('',#2458,1.0);
#1269=SURFACE_STYLE_USAGE(.BOTH.,#2459);
#1270=FACE_OUTER_BOUND('',#2460,.T.);
#1271=CYLINDRICAL_SURFACE('',#2461,0.6);
#1272=SURFACE_STYLE_USAGE(.BOTH.,#2462);
#1273=FACE_OUTER_BOUND('',#2463,.T.);
#1274=CYLINDRICAL_SURFACE('',#2464,0.2);
#1275=SURFACE_STYLE_USAGE(.BOTH.,#2465);
#1276=FACE_OUTER_BOUND('',#2466,.T.);
#1277=CYLINDRICAL_SURFACE('',#2467,3.025);
#1278=SURFACE_STYLE_USAGE(.BOTH.,#2468);
#1279=FACE_OUTER_BOUND('',#2469,.T.);
#1280=CONICAL_SURFACE('',#2470,3.025,0.148889947609497);
#1281=SURFACE_STYLE_USAGE(.BOTH.,#2471);
#1282=FACE_OUTER_BOUND('',#2472,.T.);
#1283=CYLINDRICAL_SURFACE('',#2473,3.055);
#1284=SURFACE_STYLE_USAGE(.BOTH.,#2474);
#1285=FACE_OUTER_BOUND('',#2475,.T.);
#1286=CONICAL_SURFACE('',#2476,3.0,0.78539816339745);
#1287=SURFACE_STYLE_USAGE(.BOTH.,#2477);
#1288=FACE_OUTER_BOUND('',#2478,.T.);
#1289=CONICAL_SURFACE('',#2479,3.0,0.78539816339745);
#1290=SURFACE_STYLE_USAGE(.BOTH.,#2480);
#1291=FACE_OUTER_BOUND('',#2481,.T.);
#1292=CYLINDRICAL_SURFACE('',#2482,0.65);
#1293=SURFACE_STYLE_USAGE(.BOTH.,#2483);
#1294=FACE_OUTER_BOUND('',#2484,.T.);
#1295=CONICAL_SURFACE('',#2485,0.65,0.26179938779915);
#1296=SURFACE_STYLE_USAGE(.BOTH.,#2486);
#1297=FACE_OUTER_BOUND('',#2487,.T.);
#1298=CYLINDRICAL_SURFACE('',#2488,0.8);
#1299=SURFACE_STYLE_USAGE(.BOTH.,#2489);
#1300=FACE_OUTER_BOUND('',#2490,.T.);
#1301=CONICAL_SURFACE('',#2491,0.8,0.218668945873942);
#1302=SURFACE_STYLE_USAGE(.BOTH.,#2492);
#1303=FACE_OUTER_BOUND('',#2493,.T.);
#1304=CONICAL_SURFACE('',#2494,0.499999999999998,0.785398163397446);
#1305=SURFACE_STYLE_USAGE(.BOTH.,#2495);
#1306=FACE_OUTER_BOUND('',#2496,.T.);
#1307=CYLINDRICAL_SURFACE('',#2497,0.82);
#1308=SURFACE_STYLE_USAGE(.BOTH.,#2498);
#1309=FACE_OUTER_BOUND('',#2499,.T.);
#1310=CONICAL_SURFACE('',#2500,0.82,0.239743108870457);
#1311=SURFACE_STYLE_USAGE(.BOTH.,#2501);
#1312=FACE_OUTER_BOUND('',#2502,.T.);
#1313=CONICAL_SURFACE('',#2503,0.499999999999999,0.785398163397447);
#1314=SURFACE_STYLE_USAGE(.BOTH.,#2504);
#1315=FACE_OUTER_BOUND('',#2505,.T.);
#1316=CYLINDRICAL_SURFACE('',#2506,0.65);
#1317=SURFACE_STYLE_USAGE(.BOTH.,#2507);
#1318=FACE_OUTER_BOUND('',#2508,.T.);
#1319=CONICAL_SURFACE('',#2509,0.65,0.26179938779915);
#1320=SURFACE_STYLE_USAGE(.BOTH.,#2510);
#1321=FACE_OUTER_BOUND('',#2511,.T.);
#1322=CYLINDRICAL_SURFACE('',#2512,0.8);
#1323=SURFACE_STYLE_USAGE(.BOTH.,#2513);
#1324=FACE_OUTER_BOUND('',#2514,.T.);
#1325=CONICAL_SURFACE('',#2515,0.8,0.218668945873942);
#1326=SURFACE_STYLE_USAGE(.BOTH.,#2516);
#1327=FACE_OUTER_BOUND('',#2517,.T.);
#1328=CONICAL_SURFACE('',#2518,0.499999999999998,0.785398163397446);
#1329=SURFACE_STYLE_USAGE(.BOTH.,#2519);
#1330=FACE_OUTER_BOUND('',#2520,.T.);
#1331=CYLINDRICAL_SURFACE('',#2521,0.82);
#1332=SURFACE_STYLE_USAGE(.BOTH.,#2522);
#1333=FACE_OUTER_BOUND('',#2523,.T.);
#1334=CONICAL_SURFACE('',#2524,0.82,0.239743108870457);
#1335=SURFACE_STYLE_USAGE(.BOTH.,#2525);
#1336=FACE_OUTER_BOUND('',#2526,.T.);
#1337=CONICAL_SURFACE('',#2527,0.499999999999999,0.785398163397447);
#1338=SURFACE_STYLE_USAGE(.BOTH.,#2528);
#1339=FACE_OUTER_BOUND('',#2529,.T.);
#1340=PLANE('',#2530);
#1341=SURFACE_STYLE_USAGE(.BOTH.,#2531);
#1342=FACE_OUTER_BOUND('',#2532,.T.);
#1343=PLANE('',#2533);
#1344=SURFACE_STYLE_USAGE(.BOTH.,#2534);
#1345=FACE_OUTER_BOUND('',#2535,.T.);
#1346=PLANE('',#2536);
#1347=SURFACE_STYLE_USAGE(.BOTH.,#2537);
#1348=FACE_OUTER_BOUND('',#2538,.T.);
#1349=FACE_BOUND('',#2539,.T.);
#1350=FACE_BOUND('',#2540,.T.);
#1351=FACE_BOUND('',#2541,.T.);
#1352=PLANE('',#2542);
#1353=SURFACE_STYLE_USAGE(.BOTH.,#2543);
#1354=FACE_OUTER_BOUND('',#2544,.T.);
#1355=FACE_BOUND('',#2545,.T.);
#1356=FACE_BOUND('',#2546,.T.);
#1357=FACE_BOUND('',#2547,.T.);
#1358=FACE_BOUND('',#2548,.T.);
#1359=FACE_BOUND('',#2549,.T.);
#1360=FACE_BOUND('',#2550,.T.);
#1361=FACE_BOUND('',#2551,.T.);
#1362=PLANE('',#2552);
#1363=SURFACE_STYLE_USAGE(.BOTH.,#2553);
#1364=FACE_OUTER_BOUND('',#2554,.T.);
#1365=CYLINDRICAL_SURFACE('',#2555,1.2);
#1366=SURFACE_STYLE_USAGE(.BOTH.,#2556);
#1367=FACE_OUTER_BOUND('',#2557,.T.);
#1368=PLANE('',#2558);
#1369=SURFACE_STYLE_USAGE(.BOTH.,#2559);
#1370=FACE_OUTER_BOUND('',#2560,.T.);
#1371=CYLINDRICAL_SURFACE('',#2561,1.0);
#1372=SURFACE_STYLE_USAGE(.BOTH.,#2562);
#1373=FACE_OUTER_BOUND('',#2563,.T.);
#1374=CYLINDRICAL_SURFACE('',#2564,1.0);
#1375=SURFACE_STYLE_USAGE(.BOTH.,#2565);
#1376=FACE_OUTER_BOUND('',#2566,.T.);
#1377=PLANE('',#2567);
#1378=SURFACE_STYLE_USAGE(.BOTH.,#2568);
#1379=FACE_OUTER_BOUND('',#2569,.T.);
#1380=CYLINDRICAL_SURFACE('',#2570,1.2);
#1381=SURFACE_STYLE_USAGE(.BOTH.,#2571);
#1382=FACE_OUTER_BOUND('',#2572,.T.);
#1383=PLANE('',#2573);
#1384=SURFACE_STYLE_USAGE(.BOTH.,#2574);
#1385=FACE_OUTER_BOUND('',#2575,.T.);
#1386=PLANE('',#2576);
#1387=SURFACE_STYLE_USAGE(.BOTH.,#2577);
#1388=FACE_OUTER_BOUND('',#2578,.T.);
#1389=PLANE('',#2579);
#1390=SURFACE_STYLE_USAGE(.BOTH.,#2580);
#1391=FACE_OUTER_BOUND('',#2581,.T.);
#1392=PLANE('',#2582);
#1393=SURFACE_STYLE_USAGE(.BOTH.,#2583);
#1394=FACE_OUTER_BOUND('',#2584,.T.);
#1395=PLANE('',#2585);
#1396=SURFACE_STYLE_USAGE(.BOTH.,#2586);
#1397=FACE_OUTER_BOUND('',#2587,.T.);
#1398=PLANE('',#2588);
#1399=SURFACE_STYLE_USAGE(.BOTH.,#2589);
#1400=FACE_OUTER_BOUND('',#2590,.T.);
#1401=PLANE('',#2591);
#1402=SURFACE_STYLE_USAGE(.BOTH.,#2592);
#1403=FACE_OUTER_BOUND('',#2593,.T.);
#1404=PLANE('',#2594);
#1405=SURFACE_STYLE_USAGE(.BOTH.,#2595);
#1406=FACE_OUTER_BOUND('',#2596,.T.);
#1407=PLANE('',#2597);
#1408=SURFACE_STYLE_USAGE(.BOTH.,#2598);
#1409=FACE_OUTER_BOUND('',#2599,.T.);
#1410=PLANE('',#2600);
#1411=SURFACE_STYLE_USAGE(.BOTH.,#2601);
#1412=FACE_OUTER_BOUND('',#2602,.T.);
#1413=PLANE('',#2603);
#1414=SURFACE_STYLE_USAGE(.BOTH.,#2604);
#1415=FACE_OUTER_BOUND('',#2605,.T.);
#1416=PLANE('',#2606);
#1417=SURFACE_STYLE_USAGE(.BOTH.,#2607);
#1418=FACE_OUTER_BOUND('',#2608,.T.);
#1419=CONICAL_SURFACE('',#2609,0.499999999999999,0.785398163397447);
#1420=SURFACE_STYLE_USAGE(.BOTH.,#2610);
#1421=FACE_OUTER_BOUND('',#2611,.T.);
#1422=FACE_BOUND('',#2612,.T.);
#1423=PLANE('',#2613);
#1424=SURFACE_STYLE_USAGE(.BOTH.,#2614);
#1425=FACE_OUTER_BOUND('',#2615,.T.);
#1426=CONICAL_SURFACE('',#2616,0.82,0.239743108870457);
#1427=SURFACE_STYLE_USAGE(.BOTH.,#2617);
#1428=FACE_OUTER_BOUND('',#2618,.T.);
#1429=CYLINDRICAL_SURFACE('',#2619,0.82);
#1430=SURFACE_STYLE_USAGE(.BOTH.,#2620);
#1431=FACE_OUTER_BOUND('',#2621,.T.);
#1432=CONICAL_SURFACE('',#2622,0.499999999999998,0.785398163397446);
#1433=SURFACE_STYLE_USAGE(.BOTH.,#2623);
#1434=FACE_OUTER_BOUND('',#2624,.T.);
#1435=FACE_BOUND('',#2625,.T.);
#1436=PLANE('',#2626);
#1437=SURFACE_STYLE_USAGE(.BOTH.,#2627);
#1438=FACE_OUTER_BOUND('',#2628,.T.);
#1439=CONICAL_SURFACE('',#2629,0.8,0.218668945873942);
#1440=SURFACE_STYLE_USAGE(.BOTH.,#2630);
#1441=FACE_OUTER_BOUND('',#2631,.T.);
#1442=CYLINDRICAL_SURFACE('',#2632,0.8);
#1443=SURFACE_STYLE_USAGE(.BOTH.,#2633);
#1444=FACE_OUTER_BOUND('',#2634,.T.);
#1445=PLANE('',#2635);
#1446=SURFACE_STYLE_USAGE(.BOTH.,#2636);
#1447=FACE_OUTER_BOUND('',#2637,.T.);
#1448=CONICAL_SURFACE('',#2638,0.65,0.26179938779915);
#1449=SURFACE_STYLE_USAGE(.BOTH.,#2639);
#1450=FACE_OUTER_BOUND('',#2640,.T.);
#1451=CYLINDRICAL_SURFACE('',#2641,0.65);
#1452=SURFACE_STYLE_USAGE(.BOTH.,#2642);
#1453=FACE_OUTER_BOUND('',#2643,.T.);
#1454=CONICAL_SURFACE('',#2644,0.499999999999999,0.785398163397447);
#1455=SURFACE_STYLE_USAGE(.BOTH.,#2645);
#1456=FACE_OUTER_BOUND('',#2646,.T.);
#1457=FACE_BOUND('',#2647,.T.);
#1458=PLANE('',#2648);
#1459=SURFACE_STYLE_USAGE(.BOTH.,#2649);
#1460=FACE_OUTER_BOUND('',#2650,.T.);
#1461=CONICAL_SURFACE('',#2651,0.82,0.239743108870457);
#1462=SURFACE_STYLE_USAGE(.BOTH.,#2652);
#1463=FACE_OUTER_BOUND('',#2653,.T.);
#1464=CYLINDRICAL_SURFACE('',#2654,0.82);
#1465=SURFACE_STYLE_USAGE(.BOTH.,#2655);
#1466=FACE_OUTER_BOUND('',#2656,.T.);
#1467=CONICAL_SURFACE('',#2657,0.499999999999998,0.785398163397446);
#1468=SURFACE_STYLE_USAGE(.BOTH.,#2658);
#1469=FACE_OUTER_BOUND('',#2659,.T.);
#1470=FACE_BOUND('',#2660,.T.);
#1471=PLANE('',#2661);
#1472=SURFACE_STYLE_USAGE(.BOTH.,#2662);
#1473=FACE_OUTER_BOUND('',#2663,.T.);
#1474=CONICAL_SURFACE('',#2664,0.8,0.218668945873942);
#1475=SURFACE_STYLE_USAGE(.BOTH.,#2665);
#1476=FACE_OUTER_BOUND('',#2666,.T.);
#1477=CYLINDRICAL_SURFACE('',#2667,0.8);
#1478=SURFACE_STYLE_USAGE(.BOTH.,#2668);
#1479=FACE_OUTER_BOUND('',#2669,.T.);
#1480=PLANE('',#2670);
#1481=SURFACE_STYLE_USAGE(.BOTH.,#2671);
#1482=FACE_OUTER_BOUND('',#2672,.T.);
#1483=CONICAL_SURFACE('',#2673,0.65,0.26179938779915);
#1484=SURFACE_STYLE_USAGE(.BOTH.,#2674);
#1485=FACE_OUTER_BOUND('',#2675,.T.);
#1486=CYLINDRICAL_SURFACE('',#2676,0.65);
#1487=SURFACE_STYLE_USAGE(.BOTH.,#2677);
#1488=FACE_OUTER_BOUND('',#2678,.T.);
#1489=CYLINDRICAL_SURFACE('',#2679,0.8);
#1490=SURFACE_STYLE_USAGE(.BOTH.,#2680);
#1491=FACE_OUTER_BOUND('',#2681,.T.);
#1492=CYLINDRICAL_SURFACE('',#2682,0.8);
#1493=SURFACE_STYLE_USAGE(.BOTH.,#2683);
#1494=FACE_OUTER_BOUND('',#2684,.T.);
#1495=CYLINDRICAL_SURFACE('',#2685,3.0);
#1496=SURFACE_STYLE_USAGE(.BOTH.,#2686);
#1497=FACE_OUTER_BOUND('',#2687,.T.);
#1498=CYLINDRICAL_SURFACE('',#2688,3.0);
#1499=SURFACE_STYLE_USAGE(.BOTH.,#2689);
#1500=FACE_OUTER_BOUND('',#2690,.T.);
#1501=CONICAL_SURFACE('',#2691,3.0,0.78539816339745);
#1502=SURFACE_STYLE_USAGE(.BOTH.,#2692);
#1503=FACE_OUTER_BOUND('',#2693,.T.);
#1504=CYLINDRICAL_SURFACE('',#2694,3.0);
#1505=SURFACE_STYLE_USAGE(.BOTH.,#2695);
#1506=FACE_OUTER_BOUND('',#2696,.T.);
#1507=CYLINDRICAL_SURFACE('',#2697,3.0);
#1508=SURFACE_STYLE_USAGE(.BOTH.,#2698);
#1509=FACE_OUTER_BOUND('',#2699,.T.);
#1510=CYLINDRICAL_SURFACE('',#2700,3.0);
#1511=SURFACE_STYLE_USAGE(.BOTH.,#2701);
#1512=FACE_OUTER_BOUND('',#2702,.T.);
#1513=CYLINDRICAL_SURFACE('',#2703,3.0);
#1514=SURFACE_STYLE_USAGE(.BOTH.,#2704);
#1515=FACE_OUTER_BOUND('',#2705,.T.);
#1516=CYLINDRICAL_SURFACE('',#2706,3.0);
#1517=SURFACE_STYLE_USAGE(.BOTH.,#2707);
#1518=FACE_OUTER_BOUND('',#2708,.T.);
#1519=CYLINDRICAL_SURFACE('',#2709,3.0);
#1520=SURFACE_STYLE_USAGE(.BOTH.,#2710);
#1521=FACE_OUTER_BOUND('',#2711,.T.);
#1522=CYLINDRICAL_SURFACE('',#2712,3.0);
#1523=SURFACE_STYLE_USAGE(.BOTH.,#2713);
#1524=FACE_OUTER_BOUND('',#2714,.T.);
#1525=CYLINDRICAL_SURFACE('',#2715,3.0);
#1526=SURFACE_STYLE_USAGE(.BOTH.,#2716);
#1527=FACE_OUTER_BOUND('',#2717,.T.);
#1528=CYLINDRICAL_SURFACE('',#2718,3.0);
#1529=SURFACE_STYLE_USAGE(.BOTH.,#2719);
#1530=FACE_OUTER_BOUND('',#2720,.T.);
#1531=CYLINDRICAL_SURFACE('',#2721,3.0);
#1532=SURFACE_STYLE_USAGE(.BOTH.,#2722);
#1533=FACE_OUTER_BOUND('',#2723,.T.);
#1534=CYLINDRICAL_SURFACE('',#2724,3.0);
#1535=SURFACE_STYLE_USAGE(.BOTH.,#2725);
#1536=FACE_OUTER_BOUND('',#2726,.T.);
#1537=CYLINDRICAL_SURFACE('',#2727,3.0);
#1538=SURFACE_STYLE_USAGE(.BOTH.,#2728);
#1539=FACE_OUTER_BOUND('',#2729,.T.);
#1540=CYLINDRICAL_SURFACE('',#2730,3.0);
#1541=SURFACE_STYLE_USAGE(.BOTH.,#2731);
#1542=FACE_OUTER_BOUND('',#2732,.T.);
#1543=CYLINDRICAL_SURFACE('',#2733,3.0);
#1544=SURFACE_STYLE_USAGE(.BOTH.,#2734);
#1545=FACE_OUTER_BOUND('',#2735,.T.);
#1546=CYLINDRICAL_SURFACE('',#2736,3.0);
#1547=SURFACE_STYLE_USAGE(.BOTH.,#2737);
#1548=FACE_OUTER_BOUND('',#2738,.T.);
#1549=CYLINDRICAL_SURFACE('',#2739,3.0);
#1550=SURFACE_STYLE_USAGE(.BOTH.,#2740);
#1551=FACE_OUTER_BOUND('',#2741,.T.);
#1552=CYLINDRICAL_SURFACE('',#2742,3.0);
#1553=SURFACE_STYLE_USAGE(.BOTH.,#2743);
#1554=FACE_OUTER_BOUND('',#2744,.T.);
#1555=CYLINDRICAL_SURFACE('',#2745,3.0);
#1556=SURFACE_STYLE_USAGE(.BOTH.,#2746);
#1557=FACE_OUTER_BOUND('',#2747,.T.);
#1558=CYLINDRICAL_SURFACE('',#2748,3.0);
#1559=SURFACE_STYLE_USAGE(.BOTH.,#2749);
#1560=FACE_OUTER_BOUND('',#2750,.T.);
#1561=CYLINDRICAL_SURFACE('',#2751,3.0);
#1562=SURFACE_STYLE_USAGE(.BOTH.,#2752);
#1563=FACE_OUTER_BOUND('',#2753,.T.);
#1564=CYLINDRICAL_SURFACE('',#2754,3.0);
#1565=SURFACE_STYLE_USAGE(.BOTH.,#2755);
#1566=FACE_OUTER_BOUND('',#2756,.T.);
#1567=CYLINDRICAL_SURFACE('',#2757,3.0);
#1568=SURFACE_STYLE_USAGE(.BOTH.,#2758);
#1569=FACE_OUTER_BOUND('',#2759,.T.);
#1570=CYLINDRICAL_SURFACE('',#2760,3.0);
#1571=SURFACE_STYLE_USAGE(.BOTH.,#2761);
#1572=FACE_OUTER_BOUND('',#2762,.T.);
#1573=CYLINDRICAL_SURFACE('',#2763,3.0);
#1574=SURFACE_STYLE_USAGE(.BOTH.,#2764);
#1575=FACE_OUTER_BOUND('',#2765,.T.);
#1576=CYLINDRICAL_SURFACE('',#2766,3.0);
#1577=SURFACE_STYLE_USAGE(.BOTH.,#2767);
#1578=FACE_OUTER_BOUND('',#2768,.T.);
#1579=CYLINDRICAL_SURFACE('',#2769,3.0);
#1580=SURFACE_STYLE_USAGE(.BOTH.,#2770);
#1581=FACE_OUTER_BOUND('',#2771,.T.);
#1582=CYLINDRICAL_SURFACE('',#2772,3.0);
#1583=SURFACE_STYLE_USAGE(.BOTH.,#2773);
#1584=FACE_OUTER_BOUND('',#2774,.T.);
#1585=CYLINDRICAL_SURFACE('',#2775,3.0);
#1586=SURFACE_STYLE_USAGE(.BOTH.,#2776);
#1587=FACE_OUTER_BOUND('',#2777,.T.);
#1588=CYLINDRICAL_SURFACE('',#2778,3.0);
#1589=SURFACE_STYLE_USAGE(.BOTH.,#2779);
#1590=FACE_OUTER_BOUND('',#2780,.T.);
#1591=CYLINDRICAL_SURFACE('',#2781,3.0);
#1592=SURFACE_STYLE_USAGE(.BOTH.,#2782);
#1593=FACE_OUTER_BOUND('',#2783,.T.);
#1594=CYLINDRICAL_SURFACE('',#2784,3.0);
#1595=SURFACE_STYLE_USAGE(.BOTH.,#2785);
#1596=FACE_OUTER_BOUND('',#2786,.T.);
#1597=CYLINDRICAL_SURFACE('',#2787,3.0);
#1598=SURFACE_STYLE_USAGE(.BOTH.,#2788);
#1599=FACE_OUTER_BOUND('',#2789,.T.);
#1600=CYLINDRICAL_SURFACE('',#2790,3.0);
#1601=SURFACE_STYLE_USAGE(.BOTH.,#2791);
#1602=FACE_OUTER_BOUND('',#2792,.T.);
#1603=CYLINDRICAL_SURFACE('',#2793,3.0);
#1604=SURFACE_STYLE_USAGE(.BOTH.,#2794);
#1605=FACE_OUTER_BOUND('',#2795,.T.);
#1606=CYLINDRICAL_SURFACE('',#2796,3.0);
#1607=SURFACE_STYLE_USAGE(.BOTH.,#2797);
#1608=FACE_OUTER_BOUND('',#2798,.T.);
#1609=CYLINDRICAL_SURFACE('',#2799,3.0);
#1610=SURFACE_STYLE_USAGE(.BOTH.,#2800);
#1611=FACE_OUTER_BOUND('',#2801,.T.);
#1612=CYLINDRICAL_SURFACE('',#2802,3.0);
#1613=SURFACE_STYLE_USAGE(.BOTH.,#2803);
#1614=FACE_OUTER_BOUND('',#2804,.T.);
#1615=CYLINDRICAL_SURFACE('',#2805,3.0);
#1616=SURFACE_STYLE_USAGE(.BOTH.,#2806);
#1617=FACE_OUTER_BOUND('',#2807,.T.);
#1618=CYLINDRICAL_SURFACE('',#2808,3.055);
#1619=SURFACE_STYLE_USAGE(.BOTH.,#2809);
#1620=FACE_OUTER_BOUND('',#2810,.T.);
#1621=CONICAL_SURFACE('',#2811,3.025,0.148889947609497);
#1622=SURFACE_STYLE_USAGE(.BOTH.,#2812);
#1623=FACE_OUTER_BOUND('',#2813,.T.);
#1624=CYLINDRICAL_SURFACE('',#2814,3.025);
#1625=SURFACE_STYLE_USAGE(.BOTH.,#2815);
#1626=FACE_OUTER_BOUND('',#2816,.T.);
#1627=FACE_BOUND('',#2817,.T.);
#1628=PLANE('',#2818);
#1629=SURFACE_STYLE_USAGE(.BOTH.,#2819);
#1630=FACE_OUTER_BOUND('',#2820,.T.);
#1631=PLANE('',#2821);
#1632=SURFACE_STYLE_USAGE(.BOTH.,#2822);
#1633=FACE_OUTER_BOUND('',#2823,.T.);
#1634=PLANE('',#2824);
#1635=SURFACE_STYLE_USAGE(.BOTH.,#2825);
#1636=FACE_OUTER_BOUND('',#2826,.T.);
#1637=PLANE('',#2827);
#1638=SURFACE_STYLE_USAGE(.BOTH.,#2828);
#1639=FACE_OUTER_BOUND('',#2829,.T.);
#1640=PLANE('',#2830);
#1641=SURFACE_STYLE_USAGE(.BOTH.,#2831);
#1642=FACE_OUTER_BOUND('',#2832,.T.);
#1643=PLANE('',#2833);
#1644=SURFACE_STYLE_USAGE(.BOTH.,#2834);
#1645=FACE_OUTER_BOUND('',#2835,.T.);
#1646=PLANE('',#2836);
#1647=SURFACE_STYLE_USAGE(.BOTH.,#2837);
#1648=FACE_OUTER_BOUND('',#2838,.T.);
#1649=PLANE('',#2839);
#1650=SURFACE_STYLE_USAGE(.BOTH.,#2840);
#1651=FACE_OUTER_BOUND('',#2841,.T.);
#1652=PLANE('',#2842);
#1653=SURFACE_STYLE_USAGE(.BOTH.,#2843);
#1654=FACE_OUTER_BOUND('',#2844,.T.);
#1655=PLANE('',#2845);
#1656=SURFACE_STYLE_USAGE(.BOTH.,#2846);
#1657=FACE_OUTER_BOUND('',#2847,.T.);
#1658=PLANE('',#2848);
#1659=SURFACE_STYLE_USAGE(.BOTH.,#2849);
#1660=FACE_OUTER_BOUND('',#2850,.T.);
#1661=PLANE('',#2851);
#1662=SURFACE_STYLE_USAGE(.BOTH.,#2852);
#1663=FACE_OUTER_BOUND('',#2853,.T.);
#1664=PLANE('',#2854);
#1665=SURFACE_STYLE_USAGE(.BOTH.,#2855);
#1666=FACE_OUTER_BOUND('',#2856,.T.);
#1667=PLANE('',#2857);
#1668=SURFACE_STYLE_USAGE(.BOTH.,#2858);
#1669=FACE_OUTER_BOUND('',#2859,.T.);
#1670=PLANE('',#2860);
#1671=SURFACE_STYLE_USAGE(.BOTH.,#2861);
#1672=FACE_OUTER_BOUND('',#2862,.T.);
#1673=PLANE('',#2863);
#1674=SURFACE_STYLE_USAGE(.BOTH.,#2864);
#1675=FACE_OUTER_BOUND('',#2865,.T.);
#1676=PLANE('',#2866);
#1677=SURFACE_STYLE_USAGE(.BOTH.,#2867);
#1678=FACE_OUTER_BOUND('',#2868,.T.);
#1679=PLANE('',#2869);
#1680=SURFACE_STYLE_USAGE(.BOTH.,#2870);
#1681=FACE_OUTER_BOUND('',#2871,.T.);
#1682=PLANE('',#2872);
#1683=SURFACE_STYLE_USAGE(.BOTH.,#2873);
#1684=FACE_OUTER_BOUND('',#2874,.T.);
#1685=PLANE('',#2875);
#1686=SURFACE_STYLE_USAGE(.BOTH.,#2876);
#1687=FACE_OUTER_BOUND('',#2877,.T.);
#1688=PLANE('',#2878);
#1689=SURFACE_STYLE_USAGE(.BOTH.,#2879);
#1690=FACE_OUTER_BOUND('',#2880,.T.);
#1691=PLANE('',#2881);
#1692=SURFACE_STYLE_USAGE(.BOTH.,#2882);
#1693=FACE_OUTER_BOUND('',#2883,.T.);
#1694=PLANE('',#2884);
#1695=SURFACE_STYLE_USAGE(.BOTH.,#2885);
#1696=FACE_OUTER_BOUND('',#2886,.T.);
#1697=PLANE('',#2887);
#1698=SURFACE_STYLE_USAGE(.BOTH.,#2888);
#1699=FACE_OUTER_BOUND('',#2889,.T.);
#1700=PLANE('',#2890);
#1701=SURFACE_STYLE_USAGE(.BOTH.,#2891);
#1702=FACE_OUTER_BOUND('',#2892,.T.);
#1703=PLANE('',#2893);
#1704=SURFACE_STYLE_USAGE(.BOTH.,#2894);
#1705=FACE_OUTER_BOUND('',#2895,.T.);
#1706=PLANE('',#2896);
#1707=SURFACE_STYLE_USAGE(.BOTH.,#2897);
#1708=FACE_OUTER_BOUND('',#2898,.T.);
#1709=PLANE('',#2899);
#1710=SURFACE_STYLE_USAGE(.BOTH.,#2900);
#1711=FACE_OUTER_BOUND('',#2901,.T.);
#1712=PLANE('',#2902);
#1713=SURFACE_STYLE_USAGE(.BOTH.,#2903);
#1714=FACE_OUTER_BOUND('',#2904,.T.);
#1715=PLANE('',#2905);
#1716=SURFACE_STYLE_USAGE(.BOTH.,#2906);
#1717=FACE_OUTER_BOUND('',#2907,.T.);
#1718=PLANE('',#2908);
#1719=SURFACE_STYLE_USAGE(.BOTH.,#2909);
#1720=FACE_OUTER_BOUND('',#2910,.T.);
#1721=PLANE('',#2911);
#1722=SURFACE_STYLE_USAGE(.BOTH.,#2912);
#1723=FACE_OUTER_BOUND('',#2913,.T.);
#1724=PLANE('',#2914);
#1725=SURFACE_STYLE_USAGE(.BOTH.,#2915);
#1726=FACE_OUTER_BOUND('',#2916,.T.);
#1727=PLANE('',#2917);
#1728=SURFACE_STYLE_USAGE(.BOTH.,#2918);
#1729=FACE_OUTER_BOUND('',#2919,.T.);
#1730=PLANE('',#2920);
#1731=SURFACE_STYLE_USAGE(.BOTH.,#2921);
#1732=FACE_OUTER_BOUND('',#2922,.T.);
#1733=PLANE('',#2923);
#1734=SURFACE_STYLE_USAGE(.BOTH.,#2924);
#1735=FACE_OUTER_BOUND('',#2925,.T.);
#1736=PLANE('',#2926);
#1737=SURFACE_STYLE_USAGE(.BOTH.,#2927);
#1738=FACE_OUTER_BOUND('',#2928,.T.);
#1739=PLANE('',#2929);
#1740=SURFACE_STYLE_USAGE(.BOTH.,#2930);
#1741=FACE_OUTER_BOUND('',#2931,.T.);
#1742=PLANE('',#2932);
#1743=SURFACE_STYLE_USAGE(.BOTH.,#2933);
#1744=FACE_OUTER_BOUND('',#2934,.T.);
#1745=PLANE('',#2935);
#1746=SURFACE_STYLE_USAGE(.BOTH.,#2936);
#1747=FACE_OUTER_BOUND('',#2937,.T.);
#1748=PLANE('',#2938);
#1749=SURFACE_STYLE_USAGE(.BOTH.,#2939);
#1750=FACE_OUTER_BOUND('',#2940,.T.);
#1751=PLANE('',#2941);
#1752=SURFACE_STYLE_USAGE(.BOTH.,#2942);
#1753=FACE_OUTER_BOUND('',#2943,.T.);
#1754=PLANE('',#2944);
#1755=SURFACE_STYLE_USAGE(.BOTH.,#2945);
#1756=FACE_OUTER_BOUND('',#2946,.T.);
#1757=PLANE('',#2947);
#1758=SURFACE_STYLE_USAGE(.BOTH.,#2948);
#1759=FACE_OUTER_BOUND('',#2949,.T.);
#1760=PLANE('',#2950);
#1761=SURFACE_STYLE_USAGE(.BOTH.,#2951);
#1762=FACE_OUTER_BOUND('',#2952,.T.);
#1763=PLANE('',#2953);
#1764=SURFACE_STYLE_USAGE(.BOTH.,#2954);
#1765=FACE_OUTER_BOUND('',#2955,.T.);
#1766=PLANE('',#2956);
#1767=SURFACE_STYLE_USAGE(.BOTH.,#2957);
#1768=FACE_OUTER_BOUND('',#2958,.T.);
#1769=PLANE('',#2959);
#1770=SURFACE_STYLE_USAGE(.BOTH.,#2960);
#1771=FACE_OUTER_BOUND('',#2961,.T.);
#1772=PLANE('',#2962);
#1773=SURFACE_STYLE_USAGE(.BOTH.,#2963);
#1774=FACE_OUTER_BOUND('',#2964,.T.);
#1775=PLANE('',#2965);
#1776=SURFACE_STYLE_USAGE(.BOTH.,#2966);
#1777=FACE_OUTER_BOUND('',#2967,.T.);
#1778=PLANE('',#2968);
#1779=SURFACE_STYLE_USAGE(.BOTH.,#2969);
#1780=FACE_OUTER_BOUND('',#2970,.T.);
#1781=PLANE('',#2971);
#1782=SURFACE_STYLE_USAGE(.BOTH.,#2972);
#1783=FACE_OUTER_BOUND('',#2973,.T.);
#1784=PLANE('',#2974);
#1785=SURFACE_STYLE_USAGE(.BOTH.,#2975);
#1786=FACE_OUTER_BOUND('',#2976,.T.);
#1787=PLANE('',#2977);
#1788=SURFACE_STYLE_USAGE(.BOTH.,#2978);
#1789=FACE_OUTER_BOUND('',#2979,.T.);
#1790=PLANE('',#2980);
#1791=SURFACE_STYLE_USAGE(.BOTH.,#2981);
#1792=FACE_OUTER_BOUND('',#2982,.T.);
#1793=PLANE('',#2983);
#1794=SURFACE_STYLE_USAGE(.BOTH.,#2984);
#1795=FACE_OUTER_BOUND('',#2985,.T.);
#1796=PLANE('',#2986);
#1797=SURFACE_STYLE_USAGE(.BOTH.,#2987);
#1798=FACE_OUTER_BOUND('',#2988,.T.);
#1799=PLANE('',#2989);
#1800=SURFACE_STYLE_USAGE(.BOTH.,#2990);
#1801=FACE_OUTER_BOUND('',#2991,.T.);
#1802=PLANE('',#2992);
#1803=SURFACE_STYLE_USAGE(.BOTH.,#2993);
#1804=FACE_OUTER_BOUND('',#2994,.T.);
#1805=PLANE('',#2995);
#1806=SURFACE_STYLE_USAGE(.BOTH.,#2996);
#1807=FACE_OUTER_BOUND('',#2997,.T.);
#1808=PLANE('',#2998);
#1809=SURFACE_STYLE_USAGE(.BOTH.,#2999);
#1810=FACE_OUTER_BOUND('',#3000,.T.);
#1811=PLANE('',#3001);
#1812=SURFACE_STYLE_USAGE(.BOTH.,#3002);
#1813=FACE_OUTER_BOUND('',#3003,.T.);
#1814=PLANE('',#3004);
#1815=SURFACE_STYLE_USAGE(.BOTH.,#3005);
#1816=FACE_OUTER_BOUND('',#3006,.T.);
#1817=PLANE('',#3007);
#1818=SURFACE_STYLE_USAGE(.BOTH.,#3008);
#1819=FACE_OUTER_BOUND('',#3009,.T.);
#1820=PLANE('',#3010);
#1821=SURFACE_STYLE_USAGE(.BOTH.,#3011);
#1822=FACE_OUTER_BOUND('',#3012,.T.);
#1823=PLANE('',#3013);
#1824=SURFACE_STYLE_USAGE(.BOTH.,#3014);
#1825=FACE_OUTER_BOUND('',#3015,.T.);
#1826=PLANE('',#3016);
#1827=SURFACE_STYLE_USAGE(.BOTH.,#3017);
#1828=FACE_OUTER_BOUND('',#3018,.T.);
#1829=PLANE('',#3019);
#1830=SURFACE_STYLE_USAGE(.BOTH.,#3020);
#1831=FACE_OUTER_BOUND('',#3021,.T.);
#1832=PLANE('',#3022);
#1833=SURFACE_STYLE_USAGE(.BOTH.,#3023);
#1834=FACE_OUTER_BOUND('',#3024,.T.);
#1835=PLANE('',#3025);
#1836=SURFACE_STYLE_USAGE(.BOTH.,#3026);
#1837=FACE_OUTER_BOUND('',#3027,.T.);
#1838=PLANE('',#3028);
#1839=SURFACE_STYLE_USAGE(.BOTH.,#3029);
#1840=FACE_OUTER_BOUND('',#3030,.T.);
#1841=PLANE('',#3031);
#1842=SURFACE_STYLE_USAGE(.BOTH.,#3032);
#1843=FACE_OUTER_BOUND('',#3033,.T.);
#1844=PLANE('',#3034);
#1845=SURFACE_STYLE_USAGE(.BOTH.,#3035);
#1846=FACE_OUTER_BOUND('',#3036,.T.);
#1847=PLANE('',#3037);
#1848=SURFACE_STYLE_USAGE(.BOTH.,#3038);
#1849=FACE_OUTER_BOUND('',#3039,.T.);
#1850=PLANE('',#3040);
#1851=SURFACE_STYLE_USAGE(.BOTH.,#3041);
#1852=FACE_OUTER_BOUND('',#3042,.T.);
#1853=PLANE('',#3043);
#1854=SURFACE_STYLE_USAGE(.BOTH.,#3044);
#1855=FACE_OUTER_BOUND('',#3045,.T.);
#1856=PLANE('',#3046);
#1857=SURFACE_STYLE_USAGE(.BOTH.,#3047);
#1858=FACE_OUTER_BOUND('',#3048,.T.);
#1859=PLANE('',#3049);
#1860=SURFACE_STYLE_USAGE(.BOTH.,#3050);
#1861=FACE_OUTER_BOUND('',#3051,.T.);
#1862=PLANE('',#3052);
#1863=SURFACE_STYLE_USAGE(.BOTH.,#3053);
#1864=FACE_OUTER_BOUND('',#3054,.T.);
#1865=PLANE('',#3055);
#1866=SURFACE_STYLE_USAGE(.BOTH.,#3056);
#1867=FACE_OUTER_BOUND('',#3057,.T.);
#1868=PLANE('',#3058);
#1869=SURFACE_STYLE_USAGE(.BOTH.,#3059);
#1870=FACE_OUTER_BOUND('',#3060,.T.);
#1871=PLANE('',#3061);
#1872=SURFACE_STYLE_USAGE(.BOTH.,#3062);
#1873=FACE_OUTER_BOUND('',#3063,.T.);
#1874=PLANE('',#3064);
#1875=SURFACE_STYLE_USAGE(.BOTH.,#3065);
#1876=FACE_OUTER_BOUND('',#3066,.T.);
#1877=PLANE('',#3067);
#1878=SURFACE_STYLE_USAGE(.BOTH.,#3068);
#1879=FACE_OUTER_BOUND('',#3069,.T.);
#1880=PLANE('',#3070);
#1881=SURFACE_STYLE_USAGE(.BOTH.,#3071);
#1882=FACE_OUTER_BOUND('',#3072,.T.);
#1883=PLANE('',#3073);
#1884=SURFACE_STYLE_USAGE(.BOTH.,#3074);
#1885=FACE_OUTER_BOUND('',#3075,.T.);
#1886=PLANE('',#3076);
#1887=SURFACE_STYLE_USAGE(.BOTH.,#3077);
#1888=FACE_OUTER_BOUND('',#3078,.T.);
#1889=PLANE('',#3079);
#1890=SURFACE_STYLE_USAGE(.BOTH.,#3080);
#1891=FACE_OUTER_BOUND('',#3081,.T.);
#1892=FACE_BOUND('',#3082,.T.);
#1893=FACE_BOUND('',#3083,.T.);
#1894=FACE_BOUND('',#3084,.T.);
#1895=FACE_BOUND('',#3085,.T.);
#1896=FACE_BOUND('',#3086,.T.);
#1897=PLANE('',#3087);
#1898=SURFACE_STYLE_USAGE(.BOTH.,#3088);
#1899=FACE_OUTER_BOUND('',#3089,.T.);
#1900=CYLINDRICAL_SURFACE('',#3090,0.1);
#1901=SURFACE_STYLE_USAGE(.BOTH.,#3091);
#1902=FACE_OUTER_BOUND('',#3092,.T.);
#1903=PLANE('',#3093);
#1904=SURFACE_STYLE_USAGE(.BOTH.,#3094);
#1905=FACE_OUTER_BOUND('',#3095,.T.);
#1906=PLANE('',#3096);
#1907=SURFACE_STYLE_USAGE(.BOTH.,#3097);
#1908=FACE_OUTER_BOUND('',#3098,.T.);
#1909=CYLINDRICAL_SURFACE('',#3099,1.2);
#1910=SURFACE_STYLE_USAGE(.BOTH.,#3100);
#1911=FACE_OUTER_BOUND('',#3101,.T.);
#1912=PLANE('',#3102);
#1913=SURFACE_STYLE_USAGE(.BOTH.,#3103);
#1914=FACE_OUTER_BOUND('',#3104,.T.);
#1915=PLANE('',#3105);
#1916=SURFACE_STYLE_USAGE(.BOTH.,#3106);
#1917=FACE_OUTER_BOUND('',#3107,.T.);
#1918=PLANE('',#3108);
#1919=SURFACE_STYLE_USAGE(.BOTH.,#3109);
#1920=FACE_OUTER_BOUND('',#3110,.T.);
#1921=PLANE('',#3111);
#1922=SURFACE_STYLE_USAGE(.BOTH.,#3112);
#1923=FACE_OUTER_BOUND('',#3113,.T.);
#1924=PLANE('',#3114);
#1925=SURFACE_STYLE_USAGE(.BOTH.,#3115);
#1926=FACE_OUTER_BOUND('',#3116,.T.);
#1927=CYLINDRICAL_SURFACE('',#3117,1.2);
#1928=SURFACE_STYLE_USAGE(.BOTH.,#3118);
#1929=FACE_OUTER_BOUND('',#3119,.T.);
#1930=PLANE('',#3120);
#1931=SURFACE_STYLE_USAGE(.BOTH.,#3121);
#1932=FACE_OUTER_BOUND('',#3122,.T.);
#1933=PLANE('',#3123);
#1934=SURFACE_STYLE_USAGE(.BOTH.,#3124);
#1935=FACE_OUTER_BOUND('',#3125,.T.);
#1936=CYLINDRICAL_SURFACE('',#3126,0.1);
#1937=SURFACE_STYLE_USAGE(.BOTH.,#3127);
#1938=FACE_OUTER_BOUND('',#3128,.T.);
#1939=PLANE('',#3129);
#1940=SURFACE_STYLE_USAGE(.BOTH.,#3130);
#1941=FACE_OUTER_BOUND('',#3131,.T.);
#1942=PLANE('',#3132);
#1943=SURFACE_STYLE_USAGE(.BOTH.,#3133);
#1944=FACE_OUTER_BOUND('',#3134,.T.);
#1945=CYLINDRICAL_SURFACE('',#3135,1.2);
#1946=SURFACE_STYLE_USAGE(.BOTH.,#3136);
#1947=FACE_OUTER_BOUND('',#3137,.T.);
#1948=PLANE('',#3138);
#1949=SURFACE_STYLE_USAGE(.BOTH.,#3139);
#1950=FACE_OUTER_BOUND('',#3140,.T.);
#1951=PLANE('',#3141);
#1952=SURFACE_STYLE_USAGE(.BOTH.,#3142);
#1953=FACE_OUTER_BOUND('',#3143,.T.);
#1954=PLANE('',#3144);
#1955=SURFACE_STYLE_USAGE(.BOTH.,#3145);
#1956=FACE_OUTER_BOUND('',#3146,.T.);
#1957=PLANE('',#3147);
#1958=SURFACE_STYLE_USAGE(.BOTH.,#3148);
#1959=FACE_OUTER_BOUND('',#3149,.T.);
#1960=PLANE('',#3150);
#1961=SURFACE_STYLE_USAGE(.BOTH.,#3151);
#1962=FACE_OUTER_BOUND('',#3152,.T.);
#1963=CYLINDRICAL_SURFACE('',#3153,1.2);
#1964=SURFACE_STYLE_USAGE(.BOTH.,#3154);
#1965=FACE_OUTER_BOUND('',#3155,.T.);
#1966=PLANE('',#3156);
#1967=SURFACE_STYLE_USAGE(.BOTH.,#3157);
#1968=FACE_OUTER_BOUND('',#3158,.T.);
#1969=CYLINDRICAL_SURFACE('',#3159,0.5);
#1970=SURFACE_STYLE_USAGE(.BOTH.,#3160);
#1971=FACE_OUTER_BOUND('',#3161,.T.);
#1972=CYLINDRICAL_SURFACE('',#3162,0.5);
#1973=SURFACE_STYLE_USAGE(.BOTH.,#3163);
#1974=FACE_OUTER_BOUND('',#3164,.T.);
#1975=PLANE('',#3165);
#1976=SURFACE_STYLE_USAGE(.BOTH.,#3166);
#1977=FACE_OUTER_BOUND('',#3167,.T.);
#1978=CYLINDRICAL_SURFACE('',#3168,0.2);
#1979=SURFACE_STYLE_USAGE(.BOTH.,#3169);
#1980=FACE_OUTER_BOUND('',#3170,.T.);
#1981=PLANE('',#3171);
#1982=SURFACE_STYLE_USAGE(.BOTH.,#3172);
#1983=FACE_OUTER_BOUND('',#3173,.T.);
#1984=CYLINDRICAL_SURFACE('',#3174,0.2);
#1985=SURFACE_STYLE_USAGE(.BOTH.,#3175);
#1986=FACE_OUTER_BOUND('',#3176,.T.);
#1987=PLANE('',#3177);
#1988=SURFACE_STYLE_USAGE(.BOTH.,#3178);
#1989=FACE_OUTER_BOUND('',#3179,.T.);
#1990=CYLINDRICAL_SURFACE('',#3180,0.2);
#1991=SURFACE_STYLE_USAGE(.BOTH.,#3181);
#1992=FACE_OUTER_BOUND('',#3182,.T.);
#1993=PLANE('',#3183);
#1994=SURFACE_STYLE_USAGE(.BOTH.,#3184);
#1995=FACE_OUTER_BOUND('',#3185,.T.);
#1996=CYLINDRICAL_SURFACE('',#3186,0.2);
#1997=SURFACE_STYLE_USAGE(.BOTH.,#3187);
#1998=FACE_OUTER_BOUND('',#3188,.T.);
#1999=PLANE('',#3189);
#2000=SURFACE_STYLE_USAGE(.BOTH.,#3190);
#2001=FACE_OUTER_BOUND('',#3191,.T.);
#2002=PLANE('',#3192);
#2003=SURFACE_STYLE_USAGE(.BOTH.,#3193);
#2004=FACE_OUTER_BOUND('',#3194,.T.);
#2005=CYLINDRICAL_SURFACE('',#3195,0.2);
#2006=SURFACE_STYLE_USAGE(.BOTH.,#3196);
#2007=FACE_OUTER_BOUND('',#3197,.T.);
#2008=PLANE('',#3198);
#2009=SURFACE_STYLE_USAGE(.BOTH.,#3199);
#2010=FACE_OUTER_BOUND('',#3200,.T.);
#2011=CYLINDRICAL_SURFACE('',#3201,0.2);
#2012=SURFACE_STYLE_USAGE(.BOTH.,#3202);
#2013=FACE_OUTER_BOUND('',#3203,.T.);
#2014=PLANE('',#3204);
#2015=SURFACE_STYLE_USAGE(.BOTH.,#3205);
#2016=FACE_OUTER_BOUND('',#3206,.T.);
#2017=PLANE('',#3207);
#2018=SURFACE_STYLE_USAGE(.BOTH.,#3208);
#2019=FACE_OUTER_BOUND('',#3209,.T.);
#2020=PLANE('',#3210);
#2021=SURFACE_STYLE_USAGE(.BOTH.,#3211);
#2022=FACE_OUTER_BOUND('',#3212,.T.);
#2023=PLANE('',#3213);
#2024=SURFACE_STYLE_USAGE(.BOTH.,#3214);
#2025=FACE_OUTER_BOUND('',#3215,.T.);
#2026=PLANE('',#3216);
#2027=SURFACE_STYLE_USAGE(.BOTH.,#3217);
#2028=FACE_OUTER_BOUND('',#3218,.T.);
#2029=PLANE('',#3219);
#2030=SURFACE_STYLE_USAGE(.BOTH.,#3220);
#2031=FACE_OUTER_BOUND('',#3221,.T.);
#2032=CYLINDRICAL_SURFACE('',#3222,0.2);
#2033=SURFACE_STYLE_USAGE(.BOTH.,#3223);
#2034=FACE_OUTER_BOUND('',#3224,.T.);
#2035=PLANE('',#3225);
#2036=SURFACE_STYLE_USAGE(.BOTH.,#3226);
#2037=FACE_OUTER_BOUND('',#3227,.T.);
#2038=CYLINDRICAL_SURFACE('',#3228,0.2);
#2039=SURFACE_STYLE_USAGE(.BOTH.,#3229);
#2040=FACE_OUTER_BOUND('',#3230,.T.);
#2041=PLANE('',#3231);
#2042=SURFACE_STYLE_USAGE(.BOTH.,#3232);
#2043=FACE_OUTER_BOUND('',#3233,.T.);
#2044=PLANE('',#3234);
#2045=SURFACE_STYLE_USAGE(.BOTH.,#3235);
#2046=FACE_OUTER_BOUND('',#3236,.T.);
#2047=CYLINDRICAL_SURFACE('',#3237,0.4);
#2048=SURFACE_STYLE_USAGE(.BOTH.,#3238);
#2049=FACE_OUTER_BOUND('',#3239,.T.);
#2050=PLANE('',#3240);
#2051=SURFACE_STYLE_USAGE(.BOTH.,#3241);
#2052=FACE_OUTER_BOUND('',#3242,.T.);
#2053=PLANE('',#3243);
#2054=SURFACE_STYLE_USAGE(.BOTH.,#3244);
#2055=FACE_OUTER_BOUND('',#3245,.T.);
#2056=CYLINDRICAL_SURFACE('',#3246,0.2);
#2057=SURFACE_STYLE_USAGE(.BOTH.,#3247);
#2058=FACE_OUTER_BOUND('',#3248,.T.);
#2059=PLANE('',#3249);
#2060=SURFACE_STYLE_USAGE(.BOTH.,#3250);
#2061=FACE_OUTER_BOUND('',#3251,.T.);
#2062=CYLINDRICAL_SURFACE('',#3252,0.2);
#2063=SURFACE_STYLE_USAGE(.BOTH.,#3253);
#2064=FACE_OUTER_BOUND('',#3254,.T.);
#2065=PLANE('',#3255);
#2066=SURFACE_STYLE_USAGE(.BOTH.,#3256);
#2067=FACE_OUTER_BOUND('',#3257,.T.);
#2068=PLANE('',#3258);
#2069=SURFACE_STYLE_USAGE(.BOTH.,#3259);
#2070=FACE_OUTER_BOUND('',#3260,.T.);
#2071=PLANE('',#3261);
#2072=SURFACE_STYLE_USAGE(.BOTH.,#3262);
#2073=FACE_OUTER_BOUND('',#3263,.T.);
#2074=PLANE('',#3264);
#2075=SURFACE_STYLE_USAGE(.BOTH.,#3265);
#2076=FACE_OUTER_BOUND('',#3266,.T.);
#2077=PLANE('',#3267);
#2078=SURFACE_STYLE_USAGE(.BOTH.,#3268);
#2079=FACE_OUTER_BOUND('',#3269,.T.);
#2080=PLANE('',#3270);
#2081=SURFACE_STYLE_USAGE(.BOTH.,#3271);
#2082=FACE_OUTER_BOUND('',#3272,.T.);
#2083=PLANE('',#3273);
#2084=SURFACE_STYLE_USAGE(.BOTH.,#3274);
#2085=FACE_OUTER_BOUND('',#3275,.T.);
#2086=CYLINDRICAL_SURFACE('',#3276,0.2);
#2087=SURFACE_STYLE_USAGE(.BOTH.,#3277);
#2088=FACE_OUTER_BOUND('',#3278,.T.);
#2089=PLANE('',#3279);
#2090=SURFACE_STYLE_USAGE(.BOTH.,#3280);
#2091=FACE_OUTER_BOUND('',#3281,.T.);
#2092=CYLINDRICAL_SURFACE('',#3282,0.2);
#2093=SURFACE_STYLE_USAGE(.BOTH.,#3283);
#2094=FACE_OUTER_BOUND('',#3284,.T.);
#2095=PLANE('',#3285);
#2096=SURFACE_STYLE_USAGE(.BOTH.,#3286);
#2097=FACE_OUTER_BOUND('',#3287,.T.);
#2098=PLANE('',#3288);
#2099=SURFACE_STYLE_USAGE(.BOTH.,#3289);
#2100=FACE_OUTER_BOUND('',#3290,.T.);
#2101=CYLINDRICAL_SURFACE('',#3291,0.4);
#2102=SURFACE_STYLE_USAGE(.BOTH.,#3292);
#2103=FACE_OUTER_BOUND('',#3293,.T.);
#2104=PLANE('',#3294);
#2105=SURFACE_STYLE_USAGE(.BOTH.,#3295);
#2106=FACE_OUTER_BOUND('',#3296,.T.);
#2107=CYLINDRICAL_SURFACE('',#3297,0.2);
#2108=SURFACE_STYLE_USAGE(.BOTH.,#3298);
#2109=FACE_OUTER_BOUND('',#3299,.T.);
#2110=PLANE('',#3300);
#2111=SURFACE_STYLE_USAGE(.BOTH.,#3301);
#2112=FACE_OUTER_BOUND('',#3302,.T.);
#2113=CYLINDRICAL_SURFACE('',#3303,1.0);
#2114=SURFACE_STYLE_USAGE(.BOTH.,#3304);
#2115=FACE_OUTER_BOUND('',#3305,.T.);
#2116=PLANE('',#3306);
#2117=SURFACE_STYLE_USAGE(.BOTH.,#3307);
#2118=FACE_OUTER_BOUND('',#3308,.T.);
#2119=CYLINDRICAL_SURFACE('',#3309,0.6);
#2120=SURFACE_STYLE_USAGE(.BOTH.,#3310);
#2121=FACE_OUTER_BOUND('',#3311,.T.);
#2122=PLANE('',#3312);
#2123=SURFACE_STYLE_USAGE(.BOTH.,#3313);
#2124=FACE_OUTER_BOUND('',#3314,.T.);
#2125=CYLINDRICAL_SURFACE('',#3315,0.2);
#2126=SURFACE_STYLE_USAGE(.BOTH.,#3316);
#2127=FACE_OUTER_BOUND('',#3317,.T.);
#2128=PLANE('',#3318);
#2129=SURFACE_STYLE_USAGE(.BOTH.,#3319);
#2130=FACE_OUTER_BOUND('',#3320,.T.);
#2131=CYLINDRICAL_SURFACE('',#3321,1.0);
#2132=SURFACE_STYLE_USAGE(.BOTH.,#3322);
#2133=FACE_OUTER_BOUND('',#3323,.T.);
#2134=PLANE('',#3324);
#2135=SURFACE_STYLE_USAGE(.BOTH.,#3325);
#2136=FACE_OUTER_BOUND('',#3326,.T.);
#2137=CYLINDRICAL_SURFACE('',#3327,0.6);
#2138=SURFACE_STYLE_USAGE(.BOTH.,#3328);
#2139=FACE_OUTER_BOUND('',#3329,.T.);
#2140=CYLINDRICAL_SURFACE('',#3330,3.46);
#2141=SURFACE_STYLE_USAGE(.BOTH.,#3331);
#2142=FACE_OUTER_BOUND('',#3332,.T.);
#2143=FACE_BOUND('',#3333,.T.);
#2144=PLANE('',#3334);
#2145=SURFACE_STYLE_USAGE(.BOTH.,#3335);
#2146=FACE_OUTER_BOUND('',#3336,.T.);
#2147=PLANE('',#3337);
#2148=SURFACE_STYLE_USAGE(.BOTH.,#3338);
#2149=FACE_OUTER_BOUND('',#3339,.T.);
#2150=PLANE('',#3340);
#2151=SURFACE_STYLE_USAGE(.BOTH.,#3341);
#2152=FACE_OUTER_BOUND('',#3342,.T.);
#2153=PLANE('',#3343);
#2154=SURFACE_STYLE_USAGE(.BOTH.,#3344);
#2155=FACE_OUTER_BOUND('',#3345,.T.);
#2156=SPHERICAL_SURFACE('',#3346,0.856666666666667);
#2157=SURFACE_STYLE_USAGE(.BOTH.,#3347);
#2158=FACE_OUTER_BOUND('',#3348,.T.);
#2159=SPHERICAL_SURFACE('',#3349,0.856666666666667);
#2160=SURFACE_STYLE_USAGE(.BOTH.,#3350);
#2161=FACE_OUTER_BOUND('',#3351,.T.);
#2162=SPHERICAL_SURFACE('',#3352,0.856666666666667);
#2163=SURFACE_STYLE_USAGE(.BOTH.,#3353);
#2164=FACE_OUTER_BOUND('',#3354,.T.);
#2165=PLANE('',#3355);
#2166=SURFACE_STYLE_USAGE(.BOTH.,#3356);
#2167=FACE_OUTER_BOUND('',#3357,.T.);
#2168=CONICAL_SURFACE('',#3358,0.395,0.785398163397446);
#2169=SURFACE_STYLE_USAGE(.BOTH.,#3359);
#2170=FACE_OUTER_BOUND('',#3360,.T.);
#2171=CYLINDRICAL_SURFACE('',#3361,0.595);
#2172=SURFACE_STYLE_USAGE(.BOTH.,#3362);
#2173=FACE_OUTER_BOUND('',#3363,.T.);
#2174=SPHERICAL_SURFACE('',#3364,0.856666666666667);
#2175=SURFACE_STYLE_USAGE(.BOTH.,#3365);
#2176=FACE_OUTER_BOUND('',#3366,.T.);
#2177=PLANE('',#3367);
#2178=SURFACE_STYLE_USAGE(.BOTH.,#3368);
#2179=FACE_OUTER_BOUND('',#3369,.T.);
#2180=PLANE('',#3370);
#2181=SURFACE_STYLE_USAGE(.BOTH.,#3371);
#2182=FACE_OUTER_BOUND('',#3372,.T.);
#2183=PLANE('',#3373);
#2184=SURFACE_STYLE_USAGE(.BOTH.,#3374);
#2185=FACE_OUTER_BOUND('',#3375,.T.);
#2186=PLANE('',#3376);
#2187=SURFACE_STYLE_USAGE(.BOTH.,#3377);
#2188=FACE_OUTER_BOUND('',#3378,.T.);
#2189=PLANE('',#3379);
#2190=SURFACE_STYLE_USAGE(.BOTH.,#3380);
#2191=FACE_OUTER_BOUND('',#3381,.T.);
#2192=PLANE('',#3382);
#2193=SURFACE_STYLE_USAGE(.BOTH.,#3383);
#2194=FACE_OUTER_BOUND('',#3384,.T.);
#2195=PLANE('',#3385);
#2196=SURFACE_STYLE_USAGE(.BOTH.,#3386);
#2197=FACE_OUTER_BOUND('',#3387,.T.);
#2198=PLANE('',#3388);
#2199=SURFACE_STYLE_USAGE(.BOTH.,#3389);
#2200=FACE_OUTER_BOUND('',#3390,.T.);
#2201=PLANE('',#3391);
#2202=SURFACE_STYLE_USAGE(.BOTH.,#3392);
#2203=FACE_OUTER_BOUND('',#3393,.T.);
#2204=FACE_BOUND('',#3394,.T.);
#2205=PLANE('',#3395);
#2206=SURFACE_STYLE_USAGE(.BOTH.,#3396);
#2207=FACE_OUTER_BOUND('',#3397,.T.);
#2208=CYLINDRICAL_SURFACE('',#3398,0.208333333333332);
#2209=SURFACE_STYLE_USAGE(.BOTH.,#3399);
#2210=FACE_OUTER_BOUND('',#3400,.T.);
#2211=PLANE('',#3401);
#2212=SURFACE_STYLE_USAGE(.BOTH.,#3402);
#2213=FACE_OUTER_BOUND('',#3403,.T.);
#2214=PLANE('',#3404);
#2215=SURFACE_STYLE_USAGE(.BOTH.,#3405);
#2216=FACE_OUTER_BOUND('',#3406,.T.);
#2217=PLANE('',#3407);
#2218=SURFACE_STYLE_USAGE(.BOTH.,#3408);
#2219=FACE_OUTER_BOUND('',#3409,.T.);
#2220=PLANE('',#3410);
#2221=SURFACE_STYLE_USAGE(.BOTH.,#3411);
#2222=FACE_OUTER_BOUND('',#3412,.T.);
#2223=SPHERICAL_SURFACE('',#3413,0.208333333333332);
#2224=SURFACE_STYLE_USAGE(.BOTH.,#3414);
#2225=FACE_OUTER_BOUND('',#3415,.T.);
#2226=SPHERICAL_SURFACE('',#3416,0.208333333333332);
#2227=SURFACE_STYLE_USAGE(.BOTH.,#3417);
#2228=FACE_OUTER_BOUND('',#3418,.T.);
#2229=PLANE('',#3419);
#2230=SURFACE_STYLE_USAGE(.BOTH.,#3420);
#2231=FACE_OUTER_BOUND('',#3421,.T.);
#2232=PLANE('',#3422);
#2233=SURFACE_STYLE_USAGE(.BOTH.,#3423);
#2234=FACE_OUTER_BOUND('',#3424,.T.);
#2235=CYLINDRICAL_SURFACE('',#3425,0.2);
#2236=SURFACE_STYLE_USAGE(.BOTH.,#3426);
#2237=FACE_OUTER_BOUND('',#3427,.T.);
#2238=CYLINDRICAL_SURFACE('',#3428,0.5);
#2239=SURFACE_STYLE_USAGE(.BOTH.,#3429);
#2240=FACE_OUTER_BOUND('',#3430,.T.);
#2241=CYLINDRICAL_SURFACE('',#3431,0.3);
#2242=SURFACE_STYLE_USAGE(.BOTH.,#3432);
#2243=FACE_OUTER_BOUND('',#3433,.T.);
#2244=PLANE('',#3434);
#2245=SURFACE_STYLE_USAGE(.BOTH.,#3435);
#2246=FACE_OUTER_BOUND('',#3436,.T.);
#2247=PLANE('',#3437);
#2248=SURFACE_STYLE_USAGE(.BOTH.,#3438);
#2249=FACE_OUTER_BOUND('',#3439,.T.);
#2250=PLANE('',#3440);
#2251=SURFACE_STYLE_USAGE(.BOTH.,#3441);
#2252=FACE_OUTER_BOUND('',#3442,.T.);
#2253=PLANE('',#3443);
#2254=SURFACE_STYLE_USAGE(.BOTH.,#3444);
#2255=FACE_OUTER_BOUND('',#3445,.T.);
#2256=PLANE('',#3446);
#2257=SURFACE_STYLE_USAGE(.BOTH.,#3447);
#2258=FACE_OUTER_BOUND('',#3448,.T.);
#2259=PLANE('',#3449);
#2260=SURFACE_STYLE_USAGE(.BOTH.,#3450);
#2261=FACE_OUTER_BOUND('',#3451,.T.);
#2262=PLANE('',#3452);
#2263=SURFACE_STYLE_USAGE(.BOTH.,#3453);
#2264=FACE_OUTER_BOUND('',#3454,.T.);
#2265=PLANE('',#3455);
#2266=SURFACE_STYLE_USAGE(.BOTH.,#3456);
#2267=FACE_OUTER_BOUND('',#3457,.T.);
#2268=SPHERICAL_SURFACE('',#3458,0.208333333333332);
#2269=SURFACE_STYLE_USAGE(.BOTH.,#3459);
#2270=FACE_OUTER_BOUND('',#3460,.T.);
#2271=SPHERICAL_SURFACE('',#3461,0.208333333333332);
#2272=SURFACE_STYLE_USAGE(.BOTH.,#3462);
#2273=FACE_OUTER_BOUND('',#3463,.T.);
#2274=CYLINDRICAL_SURFACE('',#3464,0.208333333333332);
#2275=SURFACE_STYLE_USAGE(.BOTH.,#3465);
#2276=FACE_OUTER_BOUND('',#3466,.T.);
#2277=CYLINDRICAL_SURFACE('',#3467,0.2);
#2278=SURFACE_STYLE_USAGE(.BOTH.,#3468);
#2279=FACE_OUTER_BOUND('',#3469,.T.);
#2280=PLANE('',#3470);
#2281=SURFACE_STYLE_USAGE(.BOTH.,#3471);
#2282=FACE_OUTER_BOUND('',#3472,.T.);
#2283=PLANE('',#3473);
#2284=SURFACE_STYLE_USAGE(.BOTH.,#3474);
#2285=FACE_OUTER_BOUND('',#3475,.T.);
#2286=PLANE('',#3476);
#2287=SURFACE_STYLE_USAGE(.BOTH.,#3477);
#2288=FACE_OUTER_BOUND('',#3478,.T.);
#2289=PLANE('',#3479);
#2290=SURFACE_STYLE_USAGE(.BOTH.,#3480);
#2291=FACE_OUTER_BOUND('',#3481,.T.);
#2292=PLANE('',#3482);
#2293=SURFACE_STYLE_USAGE(.BOTH.,#3483);
#2294=FACE_OUTER_BOUND('',#3484,.T.);
#2295=CYLINDRICAL_SURFACE('',#3485,0.5);
#2296=SURFACE_STYLE_USAGE(.BOTH.,#3486);
#2297=FACE_OUTER_BOUND('',#3487,.T.);
#2298=PLANE('',#3488);
#2299=SURFACE_STYLE_USAGE(.BOTH.,#3489);
#2300=FACE_OUTER_BOUND('',#3490,.T.);
#2301=FACE_BOUND('',#3491,.T.);
#2302=PLANE('',#3492);
#2303=SURFACE_STYLE_USAGE(.BOTH.,#3493);
#2304=FACE_OUTER_BOUND('',#3494,.T.);
#2305=PLANE('',#3495);
#2306=SURFACE_STYLE_USAGE(.BOTH.,#3496);
#2307=FACE_OUTER_BOUND('',#3497,.T.);
#2308=PLANE('',#3498);
#2309=SURFACE_STYLE_USAGE(.BOTH.,#3499);
#2310=FACE_OUTER_BOUND('',#3500,.T.);
#2311=CYLINDRICAL_SURFACE('',#3501,0.300000000000002);
#2312=SURFACE_STYLE_USAGE(.BOTH.,#3502);
#2313=FACE_OUTER_BOUND('',#3503,.T.);
#2314=PLANE('',#3504);
#2315=SURFACE_STYLE_USAGE(.BOTH.,#3505);
#2316=FACE_OUTER_BOUND('',#3506,.T.);
#2317=PLANE('',#3507);
#2318=SURFACE_STYLE_USAGE(.BOTH.,#3508);
#2319=FACE_OUTER_BOUND('',#3509,.T.);
#2320=PLANE('',#3510);
#2321=SURFACE_STYLE_USAGE(.BOTH.,#3511);
#2322=FACE_OUTER_BOUND('',#3512,.T.);
#2323=PLANE('',#3513);
#2324=SURFACE_STYLE_USAGE(.BOTH.,#3514);
#2325=FACE_OUTER_BOUND('',#3515,.T.);
#2326=PLANE('',#3516);
#2327=SURFACE_STYLE_USAGE(.BOTH.,#3517);
#2328=FACE_OUTER_BOUND('',#3518,.T.);
#2329=PLANE('',#3519);
#2330=SURFACE_STYLE_USAGE(.BOTH.,#3520);
#2331=FACE_OUTER_BOUND('',#3521,.T.);
#2332=PLANE('',#3522);
#2333=SURFACE_STYLE_USAGE(.BOTH.,#3523);
#2334=FACE_OUTER_BOUND('',#3524,.T.);
#2335=CYLINDRICAL_SURFACE('',#3525,0.2);
#2336=SURFACE_STYLE_USAGE(.BOTH.,#3526);
#2337=FACE_OUTER_BOUND('',#3527,.T.);
#2338=SPHERICAL_SURFACE('',#3528,0.208333333333332);
#2339=SURFACE_STYLE_USAGE(.BOTH.,#3529);
#2340=FACE_OUTER_BOUND('',#3530,.T.);
#2341=CYLINDRICAL_SURFACE('',#3531,0.208333333333332);
#2342=SURFACE_STYLE_USAGE(.BOTH.,#3532);
#2343=FACE_OUTER_BOUND('',#3533,.T.);
#2344=SPHERICAL_SURFACE('',#3534,0.208333333333332);
#2345=SURFACE_STYLE_USAGE(.BOTH.,#3535);
#2346=FACE_OUTER_BOUND('',#3536,.T.);
#2347=PLANE('',#3537);
#2348=SURFACE_STYLE_USAGE(.BOTH.,#3538);
#2349=FACE_OUTER_BOUND('',#3539,.T.);
#2350=PLANE('',#3540);
#2351=SURFACE_STYLE_USAGE(.BOTH.,#3541);
#2352=FACE_OUTER_BOUND('',#3542,.T.);
#2353=PLANE('',#3543);
#2354=SURFACE_STYLE_USAGE(.BOTH.,#3544);
#2355=FACE_OUTER_BOUND('',#3545,.T.);
#2356=PLANE('',#3546);
#2357=SURFACE_STYLE_USAGE(.BOTH.,#3547);
#2358=FACE_OUTER_BOUND('',#3548,.T.);
#2359=PLANE('',#3549);
#2360=SURFACE_STYLE_USAGE(.BOTH.,#3550);
#2361=FACE_OUTER_BOUND('',#3551,.T.);
#2362=PLANE('',#3552);
#2363=SURFACE_STYLE_USAGE(.BOTH.,#3553);
#2364=FACE_OUTER_BOUND('',#3554,.T.);
#2365=CYLINDRICAL_SURFACE('',#3555,0.5);
#2366=SURFACE_STYLE_USAGE(.BOTH.,#3556);
#2367=FACE_OUTER_BOUND('',#3557,.T.);
#2368=FACE_BOUND('',#3558,.T.);
#2369=PLANE('',#3559);
#2370=SURFACE_STYLE_USAGE(.BOTH.,#3560);
#2371=FACE_OUTER_BOUND('',#3561,.T.);
#2372=PLANE('',#3562);
#2373=SURFACE_STYLE_USAGE(.BOTH.,#3563);
#2374=FACE_OUTER_BOUND('',#3564,.T.);
#2375=PLANE('',#3565);
#2376=SURFACE_STYLE_USAGE(.BOTH.,#3566);
#2377=FACE_OUTER_BOUND('',#3567,.T.);
#2378=CYLINDRICAL_SURFACE('',#3568,0.3);
#2379=SURFACE_STYLE_USAGE(.BOTH.,#3569);
#2380=FACE_OUTER_BOUND('',#3570,.T.);
#2381=PLANE('',#3571);
#2382=SURFACE_STYLE_USAGE(.BOTH.,#3572);
#2383=CLOSED_SHELL('',(#411,#413,#415,#417,#419,#421,#423,#425,#427,#429,#431,#433,#435,#437,#439,#441,#443,#445,#447,#449,#451,#453,#455,#457,#459,#461,#463,#465,#467,#469,#471,#473,#475,#477,#479,#481,#483,#485,#487,#489,#491,#493,#495,#497,#499,#501,#503,#505,#507,#509,#511,#513,#515,#517,#519,#521,#523,#525,#527,#529,#531,#533,#535,#537,#539,#541,#543,#545,#547,#549,#551,#553,#555,#557,#559,#561,#563,#565,#567,#569,#571,#573,#575,#577,#579,#581,#583,#585,#587,#589,#591,#593,#595,#597,#599,#601,#603,#605,#607,#609,#611,#613,#615,#617,#619,#621,#623,#625,#627,#629,#631,#633,#635,#637,#639,#641,#643,#645,#647,#649,#651,#653,#655,#657,#659,#661,#663,#665,#667,#669,#671,#673,#675,#677,#679,#681,#683,#685,#687,#689,#691,#693,#695,#697,#699,#701,#703,#705,#707,#709,#711,#713,#715,#717,#719,#721,#723,#725,#727,#729,#731,#733,#735,#737,#739,#741,#743,#745,#747,#749,#751,#753,#755,#757,#759,#761,#763,#765,#767,#769,#771,#773,#775,#777,#779,#781,#783,#785,#787,#789,#791,#793,#795,#797,#799,#801,#803,#805,#807,#809,#811,#813,#815,#817,#819,#821,#823,#825,#827,#829,#831,#833,#835,#837,#839,#841,#843,#845,#847,#849,#851,#853,#855,#857,#859,#861,#863,#865,#867,#869,#871,#873,#875,#877,#879,#881,#883,#885,#887,#889,#891,#893,#895,#897,#899,#901,#903,#905,#907,#909,#911,#913,#915,#917,#919,#921,#923,#925,#927,#929,#931,#933,#935,#937,#939,#941,#943,#945,#947,#949,#3573,#951,#953,#955,#957,#959,#961,#963,#965,#967,#969,#971,#973,#975,#977,#979,#981,#983,#985,#987,#989,#991,#993,#995,#997,#999,#1001,#1003,#1005,#1007,#1009,#1011,#1013,#1015,#1017,#1019,#1021,#1023,#1025,#1027,#1029,#1031,#1033,#1035,#1037,#1039,#1041,#1043,#1045,#1047,#1049,#1051,#1053,#1055,#1057,#1059,#1061,#1063,#1065,#1067,#1069,#1071,#1073,#1075,#1077,#1079,#1081,#1083,#1085,#1087,#1089,#1091,#1093,#1095,#1097,#1099,#1101,#1103,#1105,#1107,#1109,#1111,#1113,#1115,#1117,#1119,#1121,#1123,#1125,#1127,#1129,#1131,#1133,#1135,#1137,#1139,#1141,#1143,#1145,#1147,#1149,#1151,#1153,#1155,#1157,#1159,#1161,#1163,#1165,#1167,#1169,#1171,#1173,#1175,#1177,#1179,#1181));
#2384=PRODUCT_CONTEXT('',#397,'mechanical');
#2385=PRODUCT_DEFINITION_FORMATION_WITH_SPECIFIED_SOURCE(' ','NONE',#1184,.NOT_KNOWN.);
#2386=CARTESIAN_POINT('',(0.0,0.0,0.0));
#2387=DIRECTION('',(0.0,0.0,1.0));
#2388=DIRECTION('',(1.0,0.0,0.0));
#2389= (NAMED_UNIT(#1192)LENGTH_UNIT()SI_UNIT(.MILLI.,.METRE.));
#2390=SURFACE_SIDE_STYLE('',(#3575));
#2391=EDGE_LOOP('',(#3576,#3577,#3578));
#2392=AXIS2_PLACEMENT_3D('',#3579,#3580,#3581);
#2393=SURFACE_SIDE_STYLE('',(#3582));
#2394=EDGE_LOOP('',(#3583,#3584,#3585));
#2395=AXIS2_PLACEMENT_3D('',#3586,#3587,#3588);
#2396=SURFACE_SIDE_STYLE('',(#3589));
#2397=EDGE_LOOP('',(#3590,#3591,#3592));
#2398=AXIS2_PLACEMENT_3D('',#3593,#3594,#3595);
#2399=SURFACE_SIDE_STYLE('',(#3596));
#2400=EDGE_LOOP('',(#3597,#3598,#3599));
#2401=AXIS2_PLACEMENT_3D('',#3600,#3601,#3602);
#2402=SURFACE_SIDE_STYLE('',(#3603));
#2403=EDGE_LOOP('',(#3604,#3605,#3606));
#2404=AXIS2_PLACEMENT_3D('',#3607,#3608,#3609);
#2405=SURFACE_SIDE_STYLE('',(#3610));
#2406=EDGE_LOOP('',(#3611,#3612,#3613));
#2407=AXIS2_PLACEMENT_3D('',#3614,#3615,#3616);
#2408=SURFACE_SIDE_STYLE('',(#3617));
#2409=EDGE_LOOP('',(#3618,#3619,#3620,#3621));
#2410=AXIS2_PLACEMENT_3D('',#3622,#3623,#3624);
#2411=SURFACE_SIDE_STYLE('',(#3625));
#2412=EDGE_LOOP('',(#3626,#3627,#3628,#3629));
#2413=AXIS2_PLACEMENT_3D('',#3630,#3631,#3632);
#2414=SURFACE_SIDE_STYLE('',(#3633));
#2415=EDGE_LOOP('',(#3634,#3635,#3636,#3637));
#2416=AXIS2_PLACEMENT_3D('',#3638,#3639,#3640);
#2417=SURFACE_SIDE_STYLE('',(#3641));
#2418=EDGE_LOOP('',(#3642,#3643,#3644,#3645));
#2419=AXIS2_PLACEMENT_3D('',#3646,#3647,#3648);
#2420=SURFACE_SIDE_STYLE('',(#3649));
#2421=EDGE_LOOP('',(#3650,#3651,#3652,#3653));
#2422=AXIS2_PLACEMENT_3D('',#3654,#3655,#3656);
#2423=SURFACE_SIDE_STYLE('',(#3657));
#2424=EDGE_LOOP('',(#3658,#3659,#3660,#3661));
#2425=AXIS2_PLACEMENT_3D('',#3662,#3663,#3664);
#2426=SURFACE_SIDE_STYLE('',(#3665));
#2427=EDGE_LOOP('',(#3666,#3667,#3668,#3669));
#2428=AXIS2_PLACEMENT_3D('',#3670,#3671,#3672);
#2429=SURFACE_SIDE_STYLE('',(#3673));
#2430=EDGE_LOOP('',(#3674,#3675,#3676,#3677));
#2431=AXIS2_PLACEMENT_3D('',#3678,#3679,#3680);
#2432=SURFACE_SIDE_STYLE('',(#3681));
#2433=EDGE_LOOP('',(#3682,#3683,#3684,#3685));
#2434=AXIS2_PLACEMENT_3D('',#3686,#3687,#3688);
#2435=SURFACE_SIDE_STYLE('',(#3689));
#2436=EDGE_LOOP('',(#3690,#3691,#3692));
#2437=AXIS2_PLACEMENT_3D('',#3693,#3694,#3695);
#2438=SURFACE_SIDE_STYLE('',(#3696));
#2439=EDGE_LOOP('',(#3697,#3698,#3699,#3700));
#2440=AXIS2_PLACEMENT_3D('',#3701,#3702,#3703);
#2441=SURFACE_SIDE_STYLE('',(#3704));
#2442=EDGE_LOOP('',(#3705,#3706,#3707,#3708));
#2443=AXIS2_PLACEMENT_3D('',#3709,#3710,#3711);
#2444=SURFACE_SIDE_STYLE('',(#3712));
#2445=EDGE_LOOP('',(#3713,#3714,#3715));
#2446=AXIS2_PLACEMENT_3D('',#3716,#3717,#3718);
#2447=SURFACE_SIDE_STYLE('',(#3719));
#2448=EDGE_LOOP('',(#3720,#3721,#3722));
#2449=AXIS2_PLACEMENT_3D('',#3723,#3724,#3725);
#2450=SURFACE_SIDE_STYLE('',(#3726));
#2451=EDGE_LOOP('',(#3727,#3728,#3729));
#2452=AXIS2_PLACEMENT_3D('',#3730,#3731,#3732);
#2453=SURFACE_SIDE_STYLE('',(#3733));
#2454=EDGE_LOOP('',(#3734,#3735,#3736,#3737));
#2455=AXIS2_PLACEMENT_3D('',#3738,#3739,#3740);
#2456=SURFACE_SIDE_STYLE('',(#3741));
#2457=EDGE_LOOP('',(#3742,#3743,#3744,#3745));
#2458=AXIS2_PLACEMENT_3D('',#3746,#3747,#3748);
#2459=SURFACE_SIDE_STYLE('',(#3749));
#2460=EDGE_LOOP('',(#3750,#3751,#3752,#3753));
#2461=AXIS2_PLACEMENT_3D('',#3754,#3755,#3756);
#2462=SURFACE_SIDE_STYLE('',(#3757));
#2463=EDGE_LOOP('',(#3758,#3759,#3760,#3761));
#2464=AXIS2_PLACEMENT_3D('',#3762,#3763,#3764);
#2465=SURFACE_SIDE_STYLE('',(#3765));
#2466=EDGE_LOOP('',(#3766,#3767,#3768,#3769));
#2467=AXIS2_PLACEMENT_3D('',#3770,#3771,#3772);
#2468=SURFACE_SIDE_STYLE('',(#3773));
#2469=EDGE_LOOP('',(#3774,#3775,#3776,#3777));
#2470=AXIS2_PLACEMENT_3D('',#3778,#3779,#3780);
#2471=SURFACE_SIDE_STYLE('',(#3781));
#2472=EDGE_LOOP('',(#3782,#3783,#3784,#3785));
#2473=AXIS2_PLACEMENT_3D('',#3786,#3787,#3788);
#2474=SURFACE_SIDE_STYLE('',(#3789));
#2475=EDGE_LOOP('',(#3790,#3791,#3792,#3793,#3794,#3795,#3796,#3797,#3798,#3799,#3800,#3801,#3802,#3803,#3804,#3805,#3806,#3807,#3808,#3809,#3810,#3811,#3812,#3813,#3814,#3815,#3816,#3817,#3818,#3819,#3820,#3821,#3822,#3823,#3824,#3825,#3826,#3827,#3828,#3829,#3830,#3831,#3832,#3833,#3834,#3835,#3836,#3837,#3838,#3839,#3840,#3841,#3842,#3843,#3844,#3845,#3846,#3847,#3848,#3849,#3850,#3851,#3852));
#2476=AXIS2_PLACEMENT_3D('',#3853,#3854,#3855);
#2477=SURFACE_SIDE_STYLE('',(#3856));
#2478=EDGE_LOOP('',(#3857,#3858,#3859,#3860,#3861,#3862,#3863,#3864,#3865,#3866,#3867,#3868,#3869,#3870,#3871,#3872,#3873,#3874,#3875,#3876,#3877,#3878,#3879,#3880,#3881,#3882,#3883,#3884,#3885,#3886,#3887));
#2479=AXIS2_PLACEMENT_3D('',#3888,#3889,#3890);
#2480=SURFACE_SIDE_STYLE('',(#3891));
#2481=EDGE_LOOP('',(#3892,#3893,#3894,#3895));
#2482=AXIS2_PLACEMENT_3D('',#3896,#3897,#3898);
#2483=SURFACE_SIDE_STYLE('',(#3899));
#2484=EDGE_LOOP('',(#3900,#3901,#3902,#3903));
#2485=AXIS2_PLACEMENT_3D('',#3904,#3905,#3906);
#2486=SURFACE_SIDE_STYLE('',(#3907));
#2487=EDGE_LOOP('',(#3908,#3909,#3910,#3911));
#2488=AXIS2_PLACEMENT_3D('',#3912,#3913,#3914);
#2489=SURFACE_SIDE_STYLE('',(#3915));
#2490=EDGE_LOOP('',(#3916,#3917,#3918,#3919));
#2491=AXIS2_PLACEMENT_3D('',#3920,#3921,#3922);
#2492=SURFACE_SIDE_STYLE('',(#3923));
#2493=EDGE_LOOP('',(#3924,#3925,#3926));
#2494=AXIS2_PLACEMENT_3D('',#3927,#3928,#3929);
#2495=SURFACE_SIDE_STYLE('',(#3930));
#2496=EDGE_LOOP('',(#3931,#3932,#3933,#3934));
#2497=AXIS2_PLACEMENT_3D('',#3935,#3936,#3937);
#2498=SURFACE_SIDE_STYLE('',(#3938));
#2499=EDGE_LOOP('',(#3939,#3940,#3941,#3942));
#2500=AXIS2_PLACEMENT_3D('',#3943,#3944,#3945);
#2501=SURFACE_SIDE_STYLE('',(#3946));
#2502=EDGE_LOOP('',(#3947,#3948,#3949));
#2503=AXIS2_PLACEMENT_3D('',#3950,#3951,#3952);
#2504=SURFACE_SIDE_STYLE('',(#3953));
#2505=EDGE_LOOP('',(#3954,#3955,#3956,#3957));
#2506=AXIS2_PLACEMENT_3D('',#3958,#3959,#3960);
#2507=SURFACE_SIDE_STYLE('',(#3961));
#2508=EDGE_LOOP('',(#3962,#3963,#3964,#3965));
#2509=AXIS2_PLACEMENT_3D('',#3966,#3967,#3968);
#2510=SURFACE_SIDE_STYLE('',(#3969));
#2511=EDGE_LOOP('',(#3970,#3971,#3972,#3973));
#2512=AXIS2_PLACEMENT_3D('',#3974,#3975,#3976);
#2513=SURFACE_SIDE_STYLE('',(#3977));
#2514=EDGE_LOOP('',(#3978,#3979,#3980,#3981));
#2515=AXIS2_PLACEMENT_3D('',#3982,#3983,#3984);
#2516=SURFACE_SIDE_STYLE('',(#3985));
#2517=EDGE_LOOP('',(#3986,#3987,#3988));
#2518=AXIS2_PLACEMENT_3D('',#3989,#3990,#3991);
#2519=SURFACE_SIDE_STYLE('',(#3992));
#2520=EDGE_LOOP('',(#3993,#3994,#3995,#3996));
#2521=AXIS2_PLACEMENT_3D('',#3997,#3998,#3999);
#2522=SURFACE_SIDE_STYLE('',(#4000));
#2523=EDGE_LOOP('',(#4001,#4002,#4003,#4004));
#2524=AXIS2_PLACEMENT_3D('',#4005,#4006,#4007);
#2525=SURFACE_SIDE_STYLE('',(#4008));
#2526=EDGE_LOOP('',(#4009,#4010,#4011));
#2527=AXIS2_PLACEMENT_3D('',#4012,#4013,#4014);
#2528=SURFACE_SIDE_STYLE('',(#4015));
#2529=EDGE_LOOP('',(#4016,#4017,#4018,#4019,#4020,#4021));
#2530=AXIS2_PLACEMENT_3D('',#4022,#4023,#4024);
#2531=SURFACE_SIDE_STYLE('',(#4025));
#2532=EDGE_LOOP('',(#4026,#4027,#4028,#4029,#4030,#4031));
#2533=AXIS2_PLACEMENT_3D('',#4032,#4033,#4034);
#2534=SURFACE_SIDE_STYLE('',(#4035));
#2535=EDGE_LOOP('',(#4036,#4037,#4038,#4039,#4040,#4041));
#2536=AXIS2_PLACEMENT_3D('',#4042,#4043,#4044);
#2537=SURFACE_SIDE_STYLE('',(#4045));
#2538=EDGE_LOOP('',(#4046,#4047,#4048,#4049,#4050,#4051,#4052,#4053,#4054,#4055,#4056,#4057,#4058,#4059,#4060,#4061));
#2539=EDGE_LOOP('',(#4062,#4063,#4064,#4065));
#2540=EDGE_LOOP('',(#4066,#4067,#4068,#4069));
#2541=EDGE_LOOP('',(#4070,#4071,#4072,#4073));
#2542=AXIS2_PLACEMENT_3D('',#4074,#4075,#4076);
#2543=SURFACE_SIDE_STYLE('',(#4077));
#2544=EDGE_LOOP('',(#4078,#4079,#4080,#4081,#4082,#4083,#4084,#4085,#4086,#4087,#4088,#4089));
#2545=EDGE_LOOP('',(#4090,#4091));
#2546=EDGE_LOOP('',(#4092,#4093));
#2547=EDGE_LOOP('',(#4094,#4095));
#2548=EDGE_LOOP('',(#4096,#4097));
#2549=EDGE_LOOP('',(#4098,#4099));
#2550=EDGE_LOOP('',(#4100,#4101));
#2551=EDGE_LOOP('',(#4102,#4103));
#2552=AXIS2_PLACEMENT_3D('',#4104,#4105,#4106);
#2553=SURFACE_SIDE_STYLE('',(#4107));
#2554=EDGE_LOOP('',(#4108,#4109,#4110,#4111,#4112));
#2555=AXIS2_PLACEMENT_3D('',#4113,#4114,#4115);
#2556=SURFACE_SIDE_STYLE('',(#4116));
#2557=EDGE_LOOP('',(#4117,#4118,#4119,#4120));
#2558=AXIS2_PLACEMENT_3D('',#4121,#4122,#4123);
#2559=SURFACE_SIDE_STYLE('',(#4124));
#2560=EDGE_LOOP('',(#4125,#4126,#4127,#4128,#4129));
#2561=AXIS2_PLACEMENT_3D('',#4130,#4131,#4132);
#2562=SURFACE_SIDE_STYLE('',(#4133));
#2563=EDGE_LOOP('',(#4134,#4135,#4136,#4137,#4138));
#2564=AXIS2_PLACEMENT_3D('',#4139,#4140,#4141);
#2565=SURFACE_SIDE_STYLE('',(#4142));
#2566=EDGE_LOOP('',(#4143,#4144,#4145,#4146));
#2567=AXIS2_PLACEMENT_3D('',#4147,#4148,#4149);
#2568=SURFACE_SIDE_STYLE('',(#4150));
#2569=EDGE_LOOP('',(#4151,#4152,#4153,#4154,#4155));
#2570=AXIS2_PLACEMENT_3D('',#4156,#4157,#4158);
#2571=SURFACE_SIDE_STYLE('',(#4159));
#2572=EDGE_LOOP('',(#4160,#4161,#4162,#4163,#4164,#4165,#4166,#4167));
#2573=AXIS2_PLACEMENT_3D('',#4168,#4169,#4170);
#2574=SURFACE_SIDE_STYLE('',(#4171));
#2575=EDGE_LOOP('',(#4172,#4173,#4174,#4175,#4176,#4177));
#2576=AXIS2_PLACEMENT_3D('',#4178,#4179,#4180);
#2577=SURFACE_SIDE_STYLE('',(#4181));
#2578=EDGE_LOOP('',(#4182,#4183,#4184,#4185,#4186));
#2579=AXIS2_PLACEMENT_3D('',#4187,#4188,#4189);
#2580=SURFACE_SIDE_STYLE('',(#4190));
#2581=EDGE_LOOP('',(#4191,#4192,#4193,#4194,#4195));
#2582=AXIS2_PLACEMENT_3D('',#4196,#4197,#4198);
#2583=SURFACE_SIDE_STYLE('',(#4199));
#2584=EDGE_LOOP('',(#4200,#4201,#4202,#4203));
#2585=AXIS2_PLACEMENT_3D('',#4204,#4205,#4206);
#2586=SURFACE_SIDE_STYLE('',(#4207));
#2587=EDGE_LOOP('',(#4208,#4209,#4210,#4211));
#2588=AXIS2_PLACEMENT_3D('',#4212,#4213,#4214);
#2589=SURFACE_SIDE_STYLE('',(#4215));
#2590=EDGE_LOOP('',(#4216,#4217,#4218,#4219,#4220));
#2591=AXIS2_PLACEMENT_3D('',#4221,#4222,#4223);
#2592=SURFACE_SIDE_STYLE('',(#4224));
#2593=EDGE_LOOP('',(#4225,#4226,#4227,#4228));
#2594=AXIS2_PLACEMENT_3D('',#4229,#4230,#4231);
#2595=SURFACE_SIDE_STYLE('',(#4232));
#2596=EDGE_LOOP('',(#4233,#4234,#4235,#4236,#4237));
#2597=AXIS2_PLACEMENT_3D('',#4238,#4239,#4240);
#2598=SURFACE_SIDE_STYLE('',(#4241));
#2599=EDGE_LOOP('',(#4242,#4243,#4244,#4245));
#2600=AXIS2_PLACEMENT_3D('',#4246,#4247,#4248);
#2601=SURFACE_SIDE_STYLE('',(#4249));
#2602=EDGE_LOOP('',(#4250,#4251,#4252,#4253,#4254,#4255));
#2603=AXIS2_PLACEMENT_3D('',#4256,#4257,#4258);
#2604=SURFACE_SIDE_STYLE('',(#4259));
#2605=EDGE_LOOP('',(#4260,#4261,#4262,#4263,#4264,#4265));
#2606=AXIS2_PLACEMENT_3D('',#4266,#4267,#4268);
#2607=SURFACE_SIDE_STYLE('',(#4269));
#2608=EDGE_LOOP('',(#4270,#4271,#4272));
#2609=AXIS2_PLACEMENT_3D('',#4273,#4274,#4275);
#2610=SURFACE_SIDE_STYLE('',(#4276));
#2611=EDGE_LOOP('',(#4277,#4278));
#2612=EDGE_LOOP('',(#4279,#4280));
#2613=AXIS2_PLACEMENT_3D('',#4281,#4282,#4283);
#2614=SURFACE_SIDE_STYLE('',(#4284));
#2615=EDGE_LOOP('',(#4285,#4286,#4287,#4288));
#2616=AXIS2_PLACEMENT_3D('',#4289,#4290,#4291);
#2617=SURFACE_SIDE_STYLE('',(#4292));
#2618=EDGE_LOOP('',(#4293,#4294,#4295,#4296));
#2619=AXIS2_PLACEMENT_3D('',#4297,#4298,#4299);
#2620=SURFACE_SIDE_STYLE('',(#4300));
#2621=EDGE_LOOP('',(#4301,#4302,#4303));
#2622=AXIS2_PLACEMENT_3D('',#4304,#4305,#4306);
#2623=SURFACE_SIDE_STYLE('',(#4307));
#2624=EDGE_LOOP('',(#4308,#4309));
#2625=EDGE_LOOP('',(#4310,#4311));
#2626=AXIS2_PLACEMENT_3D('',#4312,#4313,#4314);
#2627=SURFACE_SIDE_STYLE('',(#4315));
#2628=EDGE_LOOP('',(#4316,#4317,#4318,#4319));
#2629=AXIS2_PLACEMENT_3D('',#4320,#4321,#4322);
#2630=SURFACE_SIDE_STYLE('',(#4323));
#2631=EDGE_LOOP('',(#4324,#4325,#4326,#4327));
#2632=AXIS2_PLACEMENT_3D('',#4328,#4329,#4330);
#2633=SURFACE_SIDE_STYLE('',(#4331));
#2634=EDGE_LOOP('',(#4332,#4333));
#2635=AXIS2_PLACEMENT_3D('',#4334,#4335,#4336);
#2636=SURFACE_SIDE_STYLE('',(#4337));
#2637=EDGE_LOOP('',(#4338,#4339,#4340,#4341));
#2638=AXIS2_PLACEMENT_3D('',#4342,#4343,#4344);
#2639=SURFACE_SIDE_STYLE('',(#4345));
#2640=EDGE_LOOP('',(#4346,#4347,#4348,#4349));
#2641=AXIS2_PLACEMENT_3D('',#4350,#4351,#4352);
#2642=SURFACE_SIDE_STYLE('',(#4353));
#2643=EDGE_LOOP('',(#4354,#4355,#4356));
#2644=AXIS2_PLACEMENT_3D('',#4357,#4358,#4359);
#2645=SURFACE_SIDE_STYLE('',(#4360));
#2646=EDGE_LOOP('',(#4361,#4362));
#2647=EDGE_LOOP('',(#4363,#4364));
#2648=AXIS2_PLACEMENT_3D('',#4365,#4366,#4367);
#2649=SURFACE_SIDE_STYLE('',(#4368));
#2650=EDGE_LOOP('',(#4369,#4370,#4371,#4372));
#2651=AXIS2_PLACEMENT_3D('',#4373,#4374,#4375);
#2652=SURFACE_SIDE_STYLE('',(#4376));
#2653=EDGE_LOOP('',(#4377,#4378,#4379,#4380));
#2654=AXIS2_PLACEMENT_3D('',#4381,#4382,#4383);
#2655=SURFACE_SIDE_STYLE('',(#4384));
#2656=EDGE_LOOP('',(#4385,#4386,#4387));
#2657=AXIS2_PLACEMENT_3D('',#4388,#4389,#4390);
#2658=SURFACE_SIDE_STYLE('',(#4391));
#2659=EDGE_LOOP('',(#4392,#4393));
#2660=EDGE_LOOP('',(#4394,#4395));
#2661=AXIS2_PLACEMENT_3D('',#4396,#4397,#4398);
#2662=SURFACE_SIDE_STYLE('',(#4399));
#2663=EDGE_LOOP('',(#4400,#4401,#4402,#4403));
#2664=AXIS2_PLACEMENT_3D('',#4404,#4405,#4406);
#2665=SURFACE_SIDE_STYLE('',(#4407));
#2666=EDGE_LOOP('',(#4408,#4409,#4410,#4411));
#2667=AXIS2_PLACEMENT_3D('',#4412,#4413,#4414);
#2668=SURFACE_SIDE_STYLE('',(#4415));
#2669=EDGE_LOOP('',(#4416,#4417));
#2670=AXIS2_PLACEMENT_3D('',#4418,#4419,#4420);
#2671=SURFACE_SIDE_STYLE('',(#4421));
#2672=EDGE_LOOP('',(#4422,#4423,#4424,#4425));
#2673=AXIS2_PLACEMENT_3D('',#4426,#4427,#4428);
#2674=SURFACE_SIDE_STYLE('',(#4429));
#2675=EDGE_LOOP('',(#4430,#4431,#4432,#4433));
#2676=AXIS2_PLACEMENT_3D('',#4434,#4435,#4436);
#2677=SURFACE_SIDE_STYLE('',(#4437));
#2678=EDGE_LOOP('',(#4438,#4439,#4440,#4441));
#2679=AXIS2_PLACEMENT_3D('',#4442,#4443,#4444);
#2680=SURFACE_SIDE_STYLE('',(#4445));
#2681=EDGE_LOOP('',(#4446,#4447,#4448,#4449));
#2682=AXIS2_PLACEMENT_3D('',#4450,#4451,#4452);
#2683=SURFACE_SIDE_STYLE('',(#4453));
#2684=EDGE_LOOP('',(#4454,#4455,#4456,#4457));
#2685=AXIS2_PLACEMENT_3D('',#4458,#4459,#4460);
#2686=SURFACE_SIDE_STYLE('',(#4461));
#2687=EDGE_LOOP('',(#4462,#4463,#4464,#4465));
#2688=AXIS2_PLACEMENT_3D('',#4466,#4467,#4468);
#2689=SURFACE_SIDE_STYLE('',(#4469));
#2690=EDGE_LOOP('',(#4470,#4471,#4472,#4473,#4474,#4475,#4476,#4477,#4478,#4479,#4480,#4481,#4482,#4483,#4484,#4485,#4486,#4487,#4488,#4489,#4490,#4491,#4492,#4493,#4494,#4495,#4496,#4497,#4498,#4499,#4500));
#2691=AXIS2_PLACEMENT_3D('',#4501,#4502,#4503);
#2692=SURFACE_SIDE_STYLE('',(#4504));
#2693=EDGE_LOOP('',(#4505,#4506,#4507,#4508));
#2694=AXIS2_PLACEMENT_3D('',#4509,#4510,#4511);
#2695=SURFACE_SIDE_STYLE('',(#4512));
#2696=EDGE_LOOP('',(#4513,#4514,#4515,#4516));
#2697=AXIS2_PLACEMENT_3D('',#4517,#4518,#4519);
#2698=SURFACE_SIDE_STYLE('',(#4520));
#2699=EDGE_LOOP('',(#4521,#4522,#4523,#4524));
#2700=AXIS2_PLACEMENT_3D('',#4525,#4526,#4527);
#2701=SURFACE_SIDE_STYLE('',(#4528));
#2702=EDGE_LOOP('',(#4529,#4530,#4531,#4532));
#2703=AXIS2_PLACEMENT_3D('',#4533,#4534,#4535);
#2704=SURFACE_SIDE_STYLE('',(#4536));
#2705=EDGE_LOOP('',(#4537,#4538,#4539,#4540));
#2706=AXIS2_PLACEMENT_3D('',#4541,#4542,#4543);
#2707=SURFACE_SIDE_STYLE('',(#4544));
#2708=EDGE_LOOP('',(#4545,#4546,#4547,#4548));
#2709=AXIS2_PLACEMENT_3D('',#4549,#4550,#4551);
#2710=SURFACE_SIDE_STYLE('',(#4552));
#2711=EDGE_LOOP('',(#4553,#4554,#4555,#4556));
#2712=AXIS2_PLACEMENT_3D('',#4557,#4558,#4559);
#2713=SURFACE_SIDE_STYLE('',(#4560));
#2714=EDGE_LOOP('',(#4561,#4562,#4563,#4564));
#2715=AXIS2_PLACEMENT_3D('',#4565,#4566,#4567);
#2716=SURFACE_SIDE_STYLE('',(#4568));
#2717=EDGE_LOOP('',(#4569,#4570,#4571,#4572));
#2718=AXIS2_PLACEMENT_3D('',#4573,#4574,#4575);
#2719=SURFACE_SIDE_STYLE('',(#4576));
#2720=EDGE_LOOP('',(#4577,#4578,#4579,#4580));
#2721=AXIS2_PLACEMENT_3D('',#4581,#4582,#4583);
#2722=SURFACE_SIDE_STYLE('',(#4584));
#2723=EDGE_LOOP('',(#4585,#4586,#4587,#4588));
#2724=AXIS2_PLACEMENT_3D('',#4589,#4590,#4591);
#2725=SURFACE_SIDE_STYLE('',(#4592));
#2726=EDGE_LOOP('',(#4593,#4594,#4595,#4596));
#2727=AXIS2_PLACEMENT_3D('',#4597,#4598,#4599);
#2728=SURFACE_SIDE_STYLE('',(#4600));
#2729=EDGE_LOOP('',(#4601,#4602,#4603,#4604));
#2730=AXIS2_PLACEMENT_3D('',#4605,#4606,#4607);
#2731=SURFACE_SIDE_STYLE('',(#4608));
#2732=EDGE_LOOP('',(#4609,#4610,#4611,#4612));
#2733=AXIS2_PLACEMENT_3D('',#4613,#4614,#4615);
#2734=SURFACE_SIDE_STYLE('',(#4616));
#2735=EDGE_LOOP('',(#4617,#4618,#4619,#4620));
#2736=AXIS2_PLACEMENT_3D('',#4621,#4622,#4623);
#2737=SURFACE_SIDE_STYLE('',(#4624));
#2738=EDGE_LOOP('',(#4625,#4626,#4627,#4628));
#2739=AXIS2_PLACEMENT_3D('',#4629,#4630,#4631);
#2740=SURFACE_SIDE_STYLE('',(#4632));
#2741=EDGE_LOOP('',(#4633,#4634,#4635,#4636));
#2742=AXIS2_PLACEMENT_3D('',#4637,#4638,#4639);
#2743=SURFACE_SIDE_STYLE('',(#4640));
#2744=EDGE_LOOP('',(#4641,#4642,#4643,#4644));
#2745=AXIS2_PLACEMENT_3D('',#4645,#4646,#4647);
#2746=SURFACE_SIDE_STYLE('',(#4648));
#2747=EDGE_LOOP('',(#4649,#4650,#4651,#4652));
#2748=AXIS2_PLACEMENT_3D('',#4653,#4654,#4655);
#2749=SURFACE_SIDE_STYLE('',(#4656));
#2750=EDGE_LOOP('',(#4657,#4658,#4659,#4660));
#2751=AXIS2_PLACEMENT_3D('',#4661,#4662,#4663);
#2752=SURFACE_SIDE_STYLE('',(#4664));
#2753=EDGE_LOOP('',(#4665,#4666,#4667,#4668));
#2754=AXIS2_PLACEMENT_3D('',#4669,#4670,#4671);
#2755=SURFACE_SIDE_STYLE('',(#4672));
#2756=EDGE_LOOP('',(#4673,#4674,#4675,#4676));
#2757=AXIS2_PLACEMENT_3D('',#4677,#4678,#4679);
#2758=SURFACE_SIDE_STYLE('',(#4680));
#2759=EDGE_LOOP('',(#4681,#4682,#4683,#4684));
#2760=AXIS2_PLACEMENT_3D('',#4685,#4686,#4687);
#2761=SURFACE_SIDE_STYLE('',(#4688));
#2762=EDGE_LOOP('',(#4689,#4690,#4691,#4692));
#2763=AXIS2_PLACEMENT_3D('',#4693,#4694,#4695);
#2764=SURFACE_SIDE_STYLE('',(#4696));
#2765=EDGE_LOOP('',(#4697,#4698,#4699,#4700));
#2766=AXIS2_PLACEMENT_3D('',#4701,#4702,#4703);
#2767=SURFACE_SIDE_STYLE('',(#4704));
#2768=EDGE_LOOP('',(#4705,#4706,#4707,#4708));
#2769=AXIS2_PLACEMENT_3D('',#4709,#4710,#4711);
#2770=SURFACE_SIDE_STYLE('',(#4712));
#2771=EDGE_LOOP('',(#4713,#4714,#4715,#4716));
#2772=AXIS2_PLACEMENT_3D('',#4717,#4718,#4719);
#2773=SURFACE_SIDE_STYLE('',(#4720));
#2774=EDGE_LOOP('',(#4721,#4722,#4723,#4724));
#2775=AXIS2_PLACEMENT_3D('',#4725,#4726,#4727);
#2776=SURFACE_SIDE_STYLE('',(#4728));
#2777=EDGE_LOOP('',(#4729,#4730,#4731,#4732));
#2778=AXIS2_PLACEMENT_3D('',#4733,#4734,#4735);
#2779=SURFACE_SIDE_STYLE('',(#4736));
#2780=EDGE_LOOP('',(#4737,#4738,#4739,#4740));
#2781=AXIS2_PLACEMENT_3D('',#4741,#4742,#4743);
#2782=SURFACE_SIDE_STYLE('',(#4744));
#2783=EDGE_LOOP('',(#4745,#4746,#4747,#4748));
#2784=AXIS2_PLACEMENT_3D('',#4749,#4750,#4751);
#2785=SURFACE_SIDE_STYLE('',(#4752));
#2786=EDGE_LOOP('',(#4753,#4754,#4755,#4756));
#2787=AXIS2_PLACEMENT_3D('',#4757,#4758,#4759);
#2788=SURFACE_SIDE_STYLE('',(#4760));
#2789=EDGE_LOOP('',(#4761,#4762,#4763,#4764));
#2790=AXIS2_PLACEMENT_3D('',#4765,#4766,#4767);
#2791=SURFACE_SIDE_STYLE('',(#4768));
#2792=EDGE_LOOP('',(#4769,#4770,#4771,#4772));
#2793=AXIS2_PLACEMENT_3D('',#4773,#4774,#4775);
#2794=SURFACE_SIDE_STYLE('',(#4776));
#2795=EDGE_LOOP('',(#4777,#4778,#4779,#4780));
#2796=AXIS2_PLACEMENT_3D('',#4781,#4782,#4783);
#2797=SURFACE_SIDE_STYLE('',(#4784));
#2798=EDGE_LOOP('',(#4785,#4786,#4787,#4788));
#2799=AXIS2_PLACEMENT_3D('',#4789,#4790,#4791);
#2800=SURFACE_SIDE_STYLE('',(#4792));
#2801=EDGE_LOOP('',(#4793,#4794,#4795,#4796));
#2802=AXIS2_PLACEMENT_3D('',#4797,#4798,#4799);
#2803=SURFACE_SIDE_STYLE('',(#4800));
#2804=EDGE_LOOP('',(#4801,#4802,#4803,#4804));
#2805=AXIS2_PLACEMENT_3D('',#4805,#4806,#4807);
#2806=SURFACE_SIDE_STYLE('',(#4808));
#2807=EDGE_LOOP('',(#4809,#4810,#4811,#4812));
#2808=AXIS2_PLACEMENT_3D('',#4813,#4814,#4815);
#2809=SURFACE_SIDE_STYLE('',(#4816));
#2810=EDGE_LOOP('',(#4817,#4818,#4819,#4820));
#2811=AXIS2_PLACEMENT_3D('',#4821,#4822,#4823);
#2812=SURFACE_SIDE_STYLE('',(#4824));
#2813=EDGE_LOOP('',(#4825,#4826,#4827,#4828));
#2814=AXIS2_PLACEMENT_3D('',#4829,#4830,#4831);
#2815=SURFACE_SIDE_STYLE('',(#4832));
#2816=EDGE_LOOP('',(#4833,#4834));
#2817=EDGE_LOOP('',(#4835,#4836,#4837,#4838,#4839,#4840,#4841,#4842,#4843,#4844,#4845,#4846,#4847,#4848,#4849,#4850,#4851,#4852,#4853,#4854,#4855,#4856,#4857,#4858,#4859,#4860,#4861,#4862,#4863,#4864,#4865,#4866,#4867,#4868,#4869,#4870,#4871,#4872,#4873,#4874,#4875,#4876,#4877,#4878,#4879,#4880,#4881,#4882,#4883,#4884,#4885,#4886,#4887,#4888,#4889,#4890,#4891,#4892,#4893,#4894,#4895,#4896,#4897,#4898,#4899,#4900,#4901,#4902,#4903,#4904,#4905,#4906,#4907,#4908,#4909,#4910,#4911,#4912,#4913,#4914,#4915,#4916,#4917,#4918,#4919,#4920,#4921,#4922,#4923,#4924,#4925,#4926,#4927,#4928,#4929,#4930,#4931,#4932,#4933,#4934,#4935,#4936,#4937,#4938,#4939,#4940,#4941,#4942,#4943,#4944,#4945,#4946,#4947,#4948,#4949,#4950,#4951,#4952,#4953,#4954));
#2818=AXIS2_PLACEMENT_3D('',#4955,#4956,#4957);
#2819=SURFACE_SIDE_STYLE('',(#4958));
#2820=EDGE_LOOP('',(#4959,#4960,#4961,#4962,#4963,#4964));
#2821=AXIS2_PLACEMENT_3D('',#4965,#4966,#4967);
#2822=SURFACE_SIDE_STYLE('',(#4968));
#2823=EDGE_LOOP('',(#4969,#4970,#4971,#4972));
#2824=AXIS2_PLACEMENT_3D('',#4973,#4974,#4975);
#2825=SURFACE_SIDE_STYLE('',(#4976));
#2826=EDGE_LOOP('',(#4977,#4978,#4979,#4980));
#2827=AXIS2_PLACEMENT_3D('',#4981,#4982,#4983);
#2828=SURFACE_SIDE_STYLE('',(#4984));
#2829=EDGE_LOOP('',(#4985,#4986,#4987,#4988));
#2830=AXIS2_PLACEMENT_3D('',#4989,#4990,#4991);
#2831=SURFACE_SIDE_STYLE('',(#4992));
#2832=EDGE_LOOP('',(#4993,#4994,#4995,#4996));
#2833=AXIS2_PLACEMENT_3D('',#4997,#4998,#4999);
#2834=SURFACE_SIDE_STYLE('',(#5000));
#2835=EDGE_LOOP('',(#5001,#5002,#5003,#5004));
#2836=AXIS2_PLACEMENT_3D('',#5005,#5006,#5007);
#2837=SURFACE_SIDE_STYLE('',(#5008));
#2838=EDGE_LOOP('',(#5009,#5010,#5011,#5012));
#2839=AXIS2_PLACEMENT_3D('',#5013,#5014,#5015);
#2840=SURFACE_SIDE_STYLE('',(#5016));
#2841=EDGE_LOOP('',(#5017,#5018,#5019,#5020));
#2842=AXIS2_PLACEMENT_3D('',#5021,#5022,#5023);
#2843=SURFACE_SIDE_STYLE('',(#5024));
#2844=EDGE_LOOP('',(#5025,#5026,#5027,#5028));
#2845=AXIS2_PLACEMENT_3D('',#5029,#5030,#5031);
#2846=SURFACE_SIDE_STYLE('',(#5032));
#2847=EDGE_LOOP('',(#5033,#5034,#5035,#5036));
#2848=AXIS2_PLACEMENT_3D('',#5037,#5038,#5039);
#2849=SURFACE_SIDE_STYLE('',(#5040));
#2850=EDGE_LOOP('',(#5041,#5042,#5043,#5044));
#2851=AXIS2_PLACEMENT_3D('',#5045,#5046,#5047);
#2852=SURFACE_SIDE_STYLE('',(#5048));
#2853=EDGE_LOOP('',(#5049,#5050,#5051,#5052));
#2854=AXIS2_PLACEMENT_3D('',#5053,#5054,#5055);
#2855=SURFACE_SIDE_STYLE('',(#5056));
#2856=EDGE_LOOP('',(#5057,#5058,#5059,#5060));
#2857=AXIS2_PLACEMENT_3D('',#5061,#5062,#5063);
#2858=SURFACE_SIDE_STYLE('',(#5064));
#2859=EDGE_LOOP('',(#5065,#5066,#5067,#5068));
#2860=AXIS2_PLACEMENT_3D('',#5069,#5070,#5071);
#2861=SURFACE_SIDE_STYLE('',(#5072));
#2862=EDGE_LOOP('',(#5073,#5074,#5075,#5076));
#2863=AXIS2_PLACEMENT_3D('',#5077,#5078,#5079);
#2864=SURFACE_SIDE_STYLE('',(#5080));
#2865=EDGE_LOOP('',(#5081,#5082,#5083,#5084));
#2866=AXIS2_PLACEMENT_3D('',#5085,#5086,#5087);
#2867=SURFACE_SIDE_STYLE('',(#5088));
#2868=EDGE_LOOP('',(#5089,#5090,#5091,#5092));
#2869=AXIS2_PLACEMENT_3D('',#5093,#5094,#5095);
#2870=SURFACE_SIDE_STYLE('',(#5096));
#2871=EDGE_LOOP('',(#5097,#5098,#5099,#5100));
#2872=AXIS2_PLACEMENT_3D('',#5101,#5102,#5103);
#2873=SURFACE_SIDE_STYLE('',(#5104));
#2874=EDGE_LOOP('',(#5105,#5106,#5107,#5108));
#2875=AXIS2_PLACEMENT_3D('',#5109,#5110,#5111);
#2876=SURFACE_SIDE_STYLE('',(#5112));
#2877=EDGE_LOOP('',(#5113,#5114,#5115,#5116));
#2878=AXIS2_PLACEMENT_3D('',#5117,#5118,#5119);
#2879=SURFACE_SIDE_STYLE('',(#5120));
#2880=EDGE_LOOP('',(#5121,#5122,#5123,#5124));
#2881=AXIS2_PLACEMENT_3D('',#5125,#5126,#5127);
#2882=SURFACE_SIDE_STYLE('',(#5128));
#2883=EDGE_LOOP('',(#5129,#5130,#5131,#5132));
#2884=AXIS2_PLACEMENT_3D('',#5133,#5134,#5135);
#2885=SURFACE_SIDE_STYLE('',(#5136));
#2886=EDGE_LOOP('',(#5137,#5138,#5139,#5140));
#2887=AXIS2_PLACEMENT_3D('',#5141,#5142,#5143);
#2888=SURFACE_SIDE_STYLE('',(#5144));
#2889=EDGE_LOOP('',(#5145,#5146,#5147,#5148));
#2890=AXIS2_PLACEMENT_3D('',#5149,#5150,#5151);
#2891=SURFACE_SIDE_STYLE('',(#5152));
#2892=EDGE_LOOP('',(#5153,#5154,#5155,#5156));
#2893=AXIS2_PLACEMENT_3D('',#5157,#5158,#5159);
#2894=SURFACE_SIDE_STYLE('',(#5160));
#2895=EDGE_LOOP('',(#5161,#5162,#5163,#5164));
#2896=AXIS2_PLACEMENT_3D('',#5165,#5166,#5167);
#2897=SURFACE_SIDE_STYLE('',(#5168));
#2898=EDGE_LOOP('',(#5169,#5170,#5171,#5172));
#2899=AXIS2_PLACEMENT_3D('',#5173,#5174,#5175);
#2900=SURFACE_SIDE_STYLE('',(#5176));
#2901=EDGE_LOOP('',(#5177,#5178,#5179,#5180));
#2902=AXIS2_PLACEMENT_3D('',#5181,#5182,#5183);
#2903=SURFACE_SIDE_STYLE('',(#5184));
#2904=EDGE_LOOP('',(#5185,#5186,#5187,#5188));
#2905=AXIS2_PLACEMENT_3D('',#5189,#5190,#5191);
#2906=SURFACE_SIDE_STYLE('',(#5192));
#2907=EDGE_LOOP('',(#5193,#5194,#5195,#5196));
#2908=AXIS2_PLACEMENT_3D('',#5197,#5198,#5199);
#2909=SURFACE_SIDE_STYLE('',(#5200));
#2910=EDGE_LOOP('',(#5201,#5202,#5203,#5204));
#2911=AXIS2_PLACEMENT_3D('',#5205,#5206,#5207);
#2912=SURFACE_SIDE_STYLE('',(#5208));
#2913=EDGE_LOOP('',(#5209,#5210,#5211,#5212));
#2914=AXIS2_PLACEMENT_3D('',#5213,#5214,#5215);
#2915=SURFACE_SIDE_STYLE('',(#5216));
#2916=EDGE_LOOP('',(#5217,#5218,#5219,#5220));
#2917=AXIS2_PLACEMENT_3D('',#5221,#5222,#5223);
#2918=SURFACE_SIDE_STYLE('',(#5224));
#2919=EDGE_LOOP('',(#5225,#5226,#5227,#5228));
#2920=AXIS2_PLACEMENT_3D('',#5229,#5230,#5231);
#2921=SURFACE_SIDE_STYLE('',(#5232));
#2922=EDGE_LOOP('',(#5233,#5234,#5235,#5236));
#2923=AXIS2_PLACEMENT_3D('',#5237,#5238,#5239);
#2924=SURFACE_SIDE_STYLE('',(#5240));
#2925=EDGE_LOOP('',(#5241,#5242,#5243,#5244));
#2926=AXIS2_PLACEMENT_3D('',#5245,#5246,#5247);
#2927=SURFACE_SIDE_STYLE('',(#5248));
#2928=EDGE_LOOP('',(#5249,#5250,#5251,#5252));
#2929=AXIS2_PLACEMENT_3D('',#5253,#5254,#5255);
#2930=SURFACE_SIDE_STYLE('',(#5256));
#2931=EDGE_LOOP('',(#5257,#5258,#5259,#5260));
#2932=AXIS2_PLACEMENT_3D('',#5261,#5262,#5263);
#2933=SURFACE_SIDE_STYLE('',(#5264));
#2934=EDGE_LOOP('',(#5265,#5266,#5267,#5268));
#2935=AXIS2_PLACEMENT_3D('',#5269,#5270,#5271);
#2936=SURFACE_SIDE_STYLE('',(#5272));
#2937=EDGE_LOOP('',(#5273,#5274,#5275,#5276));
#2938=AXIS2_PLACEMENT_3D('',#5277,#5278,#5279);
#2939=SURFACE_SIDE_STYLE('',(#5280));
#2940=EDGE_LOOP('',(#5281,#5282,#5283,#5284,#5285,#5286));
#2941=AXIS2_PLACEMENT_3D('',#5287,#5288,#5289);
#2942=SURFACE_SIDE_STYLE('',(#5290));
#2943=EDGE_LOOP('',(#5291,#5292,#5293,#5294));
#2944=AXIS2_PLACEMENT_3D('',#5295,#5296,#5297);
#2945=SURFACE_SIDE_STYLE('',(#5298));
#2946=EDGE_LOOP('',(#5299,#5300,#5301,#5302));
#2947=AXIS2_PLACEMENT_3D('',#5303,#5304,#5305);
#2948=SURFACE_SIDE_STYLE('',(#5306));
#2949=EDGE_LOOP('',(#5307,#5308,#5309,#5310,#5311,#5312));
#2950=AXIS2_PLACEMENT_3D('',#5313,#5314,#5315);
#2951=SURFACE_SIDE_STYLE('',(#5316));
#2952=EDGE_LOOP('',(#5317,#5318,#5319,#5320));
#2953=AXIS2_PLACEMENT_3D('',#5321,#5322,#5323);
#2954=SURFACE_SIDE_STYLE('',(#5324));
#2955=EDGE_LOOP('',(#5325,#5326,#5327,#5328));
#2956=AXIS2_PLACEMENT_3D('',#5329,#5330,#5331);
#2957=SURFACE_SIDE_STYLE('',(#5332));
#2958=EDGE_LOOP('',(#5333,#5334,#5335,#5336));
#2959=AXIS2_PLACEMENT_3D('',#5337,#5338,#5339);
#2960=SURFACE_SIDE_STYLE('',(#5340));
#2961=EDGE_LOOP('',(#5341,#5342,#5343,#5344));
#2962=AXIS2_PLACEMENT_3D('',#5345,#5346,#5347);
#2963=SURFACE_SIDE_STYLE('',(#5348));
#2964=EDGE_LOOP('',(#5349,#5350,#5351,#5352));
#2965=AXIS2_PLACEMENT_3D('',#5353,#5354,#5355);
#2966=SURFACE_SIDE_STYLE('',(#5356));
#2967=EDGE_LOOP('',(#5357,#5358,#5359,#5360));
#2968=AXIS2_PLACEMENT_3D('',#5361,#5362,#5363);
#2969=SURFACE_SIDE_STYLE('',(#5364));
#2970=EDGE_LOOP('',(#5365,#5366,#5367,#5368));
#2971=AXIS2_PLACEMENT_3D('',#5369,#5370,#5371);
#2972=SURFACE_SIDE_STYLE('',(#5372));
#2973=EDGE_LOOP('',(#5373,#5374,#5375,#5376));
#2974=AXIS2_PLACEMENT_3D('',#5377,#5378,#5379);
#2975=SURFACE_SIDE_STYLE('',(#5380));
#2976=EDGE_LOOP('',(#5381,#5382,#5383,#5384));
#2977=AXIS2_PLACEMENT_3D('',#5385,#5386,#5387);
#2978=SURFACE_SIDE_STYLE('',(#5388));
#2979=EDGE_LOOP('',(#5389,#5390,#5391,#5392));
#2980=AXIS2_PLACEMENT_3D('',#5393,#5394,#5395);
#2981=SURFACE_SIDE_STYLE('',(#5396));
#2982=EDGE_LOOP('',(#5397,#5398,#5399,#5400));
#2983=AXIS2_PLACEMENT_3D('',#5401,#5402,#5403);
#2984=SURFACE_SIDE_STYLE('',(#5404));
#2985=EDGE_LOOP('',(#5405,#5406,#5407,#5408));
#2986=AXIS2_PLACEMENT_3D('',#5409,#5410,#5411);
#2987=SURFACE_SIDE_STYLE('',(#5412));
#2988=EDGE_LOOP('',(#5413,#5414,#5415,#5416));
#2989=AXIS2_PLACEMENT_3D('',#5417,#5418,#5419);
#2990=SURFACE_SIDE_STYLE('',(#5420));
#2991=EDGE_LOOP('',(#5421,#5422,#5423,#5424));
#2992=AXIS2_PLACEMENT_3D('',#5425,#5426,#5427);
#2993=SURFACE_SIDE_STYLE('',(#5428));
#2994=EDGE_LOOP('',(#5429,#5430,#5431,#5432));
#2995=AXIS2_PLACEMENT_3D('',#5433,#5434,#5435);
#2996=SURFACE_SIDE_STYLE('',(#5436));
#2997=EDGE_LOOP('',(#5437,#5438,#5439,#5440));
#2998=AXIS2_PLACEMENT_3D('',#5441,#5442,#5443);
#2999=SURFACE_SIDE_STYLE('',(#5444));
#3000=EDGE_LOOP('',(#5445,#5446,#5447,#5448));
#3001=AXIS2_PLACEMENT_3D('',#5449,#5450,#5451);
#3002=SURFACE_SIDE_STYLE('',(#5452));
#3003=EDGE_LOOP('',(#5453,#5454,#5455,#5456));
#3004=AXIS2_PLACEMENT_3D('',#5457,#5458,#5459);
#3005=SURFACE_SIDE_STYLE('',(#5460));
#3006=EDGE_LOOP('',(#5461,#5462,#5463,#5464));
#3007=AXIS2_PLACEMENT_3D('',#5465,#5466,#5467);
#3008=SURFACE_SIDE_STYLE('',(#5468));
#3009=EDGE_LOOP('',(#5469,#5470,#5471,#5472));
#3010=AXIS2_PLACEMENT_3D('',#5473,#5474,#5475);
#3011=SURFACE_SIDE_STYLE('',(#5476));
#3012=EDGE_LOOP('',(#5477,#5478,#5479,#5480));
#3013=AXIS2_PLACEMENT_3D('',#5481,#5482,#5483);
#3014=SURFACE_SIDE_STYLE('',(#5484));
#3015=EDGE_LOOP('',(#5485,#5486,#5487,#5488));
#3016=AXIS2_PLACEMENT_3D('',#5489,#5490,#5491);
#3017=SURFACE_SIDE_STYLE('',(#5492));
#3018=EDGE_LOOP('',(#5493,#5494,#5495,#5496));
#3019=AXIS2_PLACEMENT_3D('',#5497,#5498,#5499);
#3020=SURFACE_SIDE_STYLE('',(#5500));
#3021=EDGE_LOOP('',(#5501,#5502,#5503,#5504));
#3022=AXIS2_PLACEMENT_3D('',#5505,#5506,#5507);
#3023=SURFACE_SIDE_STYLE('',(#5508));
#3024=EDGE_LOOP('',(#5509,#5510,#5511,#5512));
#3025=AXIS2_PLACEMENT_3D('',#5513,#5514,#5515);
#3026=SURFACE_SIDE_STYLE('',(#5516));
#3027=EDGE_LOOP('',(#5517,#5518,#5519,#5520));
#3028=AXIS2_PLACEMENT_3D('',#5521,#5522,#5523);
#3029=SURFACE_SIDE_STYLE('',(#5524));
#3030=EDGE_LOOP('',(#5525,#5526,#5527,#5528));
#3031=AXIS2_PLACEMENT_3D('',#5529,#5530,#5531);
#3032=SURFACE_SIDE_STYLE('',(#5532));
#3033=EDGE_LOOP('',(#5533,#5534,#5535,#5536));
#3034=AXIS2_PLACEMENT_3D('',#5537,#5538,#5539);
#3035=SURFACE_SIDE_STYLE('',(#5540));
#3036=EDGE_LOOP('',(#5541,#5542,#5543,#5544));
#3037=AXIS2_PLACEMENT_3D('',#5545,#5546,#5547);
#3038=SURFACE_SIDE_STYLE('',(#5548));
#3039=EDGE_LOOP('',(#5549,#5550,#5551,#5552));
#3040=AXIS2_PLACEMENT_3D('',#5553,#5554,#5555);
#3041=SURFACE_SIDE_STYLE('',(#5556));
#3042=EDGE_LOOP('',(#5557,#5558,#5559,#5560));
#3043=AXIS2_PLACEMENT_3D('',#5561,#5562,#5563);
#3044=SURFACE_SIDE_STYLE('',(#5564));
#3045=EDGE_LOOP('',(#5565,#5566,#5567,#5568));
#3046=AXIS2_PLACEMENT_3D('',#5569,#5570,#5571);
#3047=SURFACE_SIDE_STYLE('',(#5572));
#3048=EDGE_LOOP('',(#5573,#5574,#5575,#5576));
#3049=AXIS2_PLACEMENT_3D('',#5577,#5578,#5579);
#3050=SURFACE_SIDE_STYLE('',(#5580));
#3051=EDGE_LOOP('',(#5581,#5582,#5583,#5584));
#3052=AXIS2_PLACEMENT_3D('',#5585,#5586,#5587);
#3053=SURFACE_SIDE_STYLE('',(#5588));
#3054=EDGE_LOOP('',(#5589,#5590,#5591,#5592));
#3055=AXIS2_PLACEMENT_3D('',#5593,#5594,#5595);
#3056=SURFACE_SIDE_STYLE('',(#5596));
#3057=EDGE_LOOP('',(#5597,#5598,#5599,#5600));
#3058=AXIS2_PLACEMENT_3D('',#5601,#5602,#5603);
#3059=SURFACE_SIDE_STYLE('',(#5604));
#3060=EDGE_LOOP('',(#5605,#5606,#5607,#5608));
#3061=AXIS2_PLACEMENT_3D('',#5609,#5610,#5611);
#3062=SURFACE_SIDE_STYLE('',(#5612));
#3063=EDGE_LOOP('',(#5613,#5614,#5615,#5616,#5617));
#3064=AXIS2_PLACEMENT_3D('',#5618,#5619,#5620);
#3065=SURFACE_SIDE_STYLE('',(#5621));
#3066=EDGE_LOOP('',(#5622,#5623,#5624,#5625));
#3067=AXIS2_PLACEMENT_3D('',#5626,#5627,#5628);
#3068=SURFACE_SIDE_STYLE('',(#5629));
#3069=EDGE_LOOP('',(#5630,#5631,#5632,#5633,#5634));
#3070=AXIS2_PLACEMENT_3D('',#5635,#5636,#5637);
#3071=SURFACE_SIDE_STYLE('',(#5638));
#3072=EDGE_LOOP('',(#5639,#5640,#5641,#5642,#5643,#5644,#5645,#5646,#5647));
#3073=AXIS2_PLACEMENT_3D('',#5648,#5649,#5650);
#3074=SURFACE_SIDE_STYLE('',(#5651));
#3075=EDGE_LOOP('',(#5652,#5653,#5654,#5655,#5656,#5657,#5658,#5659));
#3076=AXIS2_PLACEMENT_3D('',#5660,#5661,#5662);
#3077=SURFACE_SIDE_STYLE('',(#5663));
#3078=EDGE_LOOP('',(#5664,#5665,#5666,#5667,#5668,#5669,#5670,#5671));
#3079=AXIS2_PLACEMENT_3D('',#5672,#5673,#5674);
#3080=SURFACE_SIDE_STYLE('',(#5675));
#3081=EDGE_LOOP('',(#5676,#5677,#5678,#5679,#5680,#5681,#5682,#5683,#5684,#5685,#5686,#5687,#5688,#5689,#5690,#5691,#5692,#5693,#5694,#5695,#5696,#5697,#5698,#5699));
#3082=EDGE_LOOP('',(#5700,#5701));
#3083=EDGE_LOOP('',(#5702,#5703));
#3084=EDGE_LOOP('',(#5704,#5705));
#3085=EDGE_LOOP('',(#5706,#5707));
#3086=EDGE_LOOP('',(#5708,#5709));
#3087=AXIS2_PLACEMENT_3D('',#5710,#5711,#5712);
#3088=SURFACE_SIDE_STYLE('',(#5713));
#3089=EDGE_LOOP('',(#5714,#5715,#5716,#5717));
#3090=AXIS2_PLACEMENT_3D('',#5718,#5719,#5720);
#3091=SURFACE_SIDE_STYLE('',(#5721));
#3092=EDGE_LOOP('',(#5722,#5723,#5724,#5725,#5726,#5727,#5728,#5729));
#3093=AXIS2_PLACEMENT_3D('',#5730,#5731,#5732);
#3094=SURFACE_SIDE_STYLE('',(#5733));
#3095=EDGE_LOOP('',(#5734,#5735,#5736,#5737));
#3096=AXIS2_PLACEMENT_3D('',#5738,#5739,#5740);
#3097=SURFACE_SIDE_STYLE('',(#5741));
#3098=EDGE_LOOP('',(#5742,#5743,#5744,#5745,#5746));
#3099=AXIS2_PLACEMENT_3D('',#5747,#5748,#5749);
#3100=SURFACE_SIDE_STYLE('',(#5750));
#3101=EDGE_LOOP('',(#5751,#5752,#5753,#5754,#5755));
#3102=AXIS2_PLACEMENT_3D('',#5756,#5757,#5758);
#3103=SURFACE_SIDE_STYLE('',(#5759));
#3104=EDGE_LOOP('',(#5760,#5761,#5762,#5763));
#3105=AXIS2_PLACEMENT_3D('',#5764,#5765,#5766);
#3106=SURFACE_SIDE_STYLE('',(#5767));
#3107=EDGE_LOOP('',(#5768,#5769,#5770,#5771));
#3108=AXIS2_PLACEMENT_3D('',#5772,#5773,#5774);
#3109=SURFACE_SIDE_STYLE('',(#5775));
#3110=EDGE_LOOP('',(#5776,#5777,#5778,#5779));
#3111=AXIS2_PLACEMENT_3D('',#5780,#5781,#5782);
#3112=SURFACE_SIDE_STYLE('',(#5783));
#3113=EDGE_LOOP('',(#5784,#5785,#5786,#5787,#5788));
#3114=AXIS2_PLACEMENT_3D('',#5789,#5790,#5791);
#3115=SURFACE_SIDE_STYLE('',(#5792));
#3116=EDGE_LOOP('',(#5793,#5794,#5795,#5796,#5797));
#3117=AXIS2_PLACEMENT_3D('',#5798,#5799,#5800);
#3118=SURFACE_SIDE_STYLE('',(#5801));
#3119=EDGE_LOOP('',(#5802,#5803,#5804,#5805));
#3120=AXIS2_PLACEMENT_3D('',#5806,#5807,#5808);
#3121=SURFACE_SIDE_STYLE('',(#5809));
#3122=EDGE_LOOP('',(#5810,#5811,#5812,#5813,#5814,#5815,#5816,#5817));
#3123=AXIS2_PLACEMENT_3D('',#5818,#5819,#5820);
#3124=SURFACE_SIDE_STYLE('',(#5821));
#3125=EDGE_LOOP('',(#5822,#5823,#5824,#5825));
#3126=AXIS2_PLACEMENT_3D('',#5826,#5827,#5828);
#3127=SURFACE_SIDE_STYLE('',(#5829));
#3128=EDGE_LOOP('',(#5830,#5831,#5832,#5833,#5834,#5835,#5836,#5837));
#3129=AXIS2_PLACEMENT_3D('',#5838,#5839,#5840);
#3130=SURFACE_SIDE_STYLE('',(#5841));
#3131=EDGE_LOOP('',(#5842,#5843,#5844,#5845));
#3132=AXIS2_PLACEMENT_3D('',#5846,#5847,#5848);
#3133=SURFACE_SIDE_STYLE('',(#5849));
#3134=EDGE_LOOP('',(#5850,#5851,#5852,#5853,#5854));
#3135=AXIS2_PLACEMENT_3D('',#5855,#5856,#5857);
#3136=SURFACE_SIDE_STYLE('',(#5858));
#3137=EDGE_LOOP('',(#5859,#5860,#5861,#5862,#5863));
#3138=AXIS2_PLACEMENT_3D('',#5864,#5865,#5866);
#3139=SURFACE_SIDE_STYLE('',(#5867));
#3140=EDGE_LOOP('',(#5868,#5869,#5870,#5871));
#3141=AXIS2_PLACEMENT_3D('',#5872,#5873,#5874);
#3142=SURFACE_SIDE_STYLE('',(#5875));
#3143=EDGE_LOOP('',(#5876,#5877,#5878,#5879));
#3144=AXIS2_PLACEMENT_3D('',#5880,#5881,#5882);
#3145=SURFACE_SIDE_STYLE('',(#5883));
#3146=EDGE_LOOP('',(#5884,#5885,#5886,#5887));
#3147=AXIS2_PLACEMENT_3D('',#5888,#5889,#5890);
#3148=SURFACE_SIDE_STYLE('',(#5891));
#3149=EDGE_LOOP('',(#5892,#5893,#5894,#5895,#5896));
#3150=AXIS2_PLACEMENT_3D('',#5897,#5898,#5899);
#3151=SURFACE_SIDE_STYLE('',(#5900));
#3152=EDGE_LOOP('',(#5901,#5902,#5903,#5904,#5905));
#3153=AXIS2_PLACEMENT_3D('',#5906,#5907,#5908);
#3154=SURFACE_SIDE_STYLE('',(#5909));
#3155=EDGE_LOOP('',(#5910,#5911,#5912,#5913));
#3156=AXIS2_PLACEMENT_3D('',#5914,#5915,#5916);
#3157=SURFACE_SIDE_STYLE('',(#5917));
#3158=EDGE_LOOP('',(#5918,#5919,#5920,#5921));
#3159=AXIS2_PLACEMENT_3D('',#5922,#5923,#5924);
#3160=SURFACE_SIDE_STYLE('',(#5925));
#3161=EDGE_LOOP('',(#5926,#5927,#5928,#5929));
#3162=AXIS2_PLACEMENT_3D('',#5930,#5931,#5932);
#3163=SURFACE_SIDE_STYLE('',(#5933));
#3164=EDGE_LOOP('',(#5934,#5935,#5936,#5937,#5938,#5939,#5940,#5941,#5942,#5943,#5944,#5945,#5946,#5947,#5948,#5949,#5950,#5951,#5952,#5953,#5954,#5955));
#3165=AXIS2_PLACEMENT_3D('',#5956,#5957,#5958);
#3166=SURFACE_SIDE_STYLE('',(#5959));
#3167=EDGE_LOOP('',(#5960,#5961,#5962,#5963));
#3168=AXIS2_PLACEMENT_3D('',#5964,#5965,#5966);
#3169=SURFACE_SIDE_STYLE('',(#5967));
#3170=EDGE_LOOP('',(#5968,#5969,#5970,#5971,#5972,#5973,#5974,#5975,#5976,#5977,#5978,#5979,#5980,#5981,#5982,#5983,#5984,#5985,#5986,#5987,#5988,#5989));
#3171=AXIS2_PLACEMENT_3D('',#5990,#5991,#5992);
#3172=SURFACE_SIDE_STYLE('',(#5993));
#3173=EDGE_LOOP('',(#5994,#5995,#5996,#5997));
#3174=AXIS2_PLACEMENT_3D('',#5998,#5999,#6000);
#3175=SURFACE_SIDE_STYLE('',(#6001));
#3176=EDGE_LOOP('',(#6002,#6003,#6004,#6005,#6006,#6007,#6008,#6009,#6010,#6011,#6012,#6013,#6014,#6015,#6016,#6017,#6018,#6019,#6020,#6021,#6022,#6023));
#3177=AXIS2_PLACEMENT_3D('',#6024,#6025,#6026);
#3178=SURFACE_SIDE_STYLE('',(#6027));
#3179=EDGE_LOOP('',(#6028,#6029,#6030,#6031));
#3180=AXIS2_PLACEMENT_3D('',#6032,#6033,#6034);
#3181=SURFACE_SIDE_STYLE('',(#6035));
#3182=EDGE_LOOP('',(#6036,#6037,#6038,#6039,#6040,#6041,#6042,#6043,#6044,#6045,#6046,#6047,#6048,#6049,#6050,#6051,#6052,#6053,#6054,#6055,#6056,#6057));
#3183=AXIS2_PLACEMENT_3D('',#6058,#6059,#6060);
#3184=SURFACE_SIDE_STYLE('',(#6061));
#3185=EDGE_LOOP('',(#6062,#6063,#6064,#6065));
#3186=AXIS2_PLACEMENT_3D('',#6066,#6067,#6068);
#3187=SURFACE_SIDE_STYLE('',(#6069));
#3188=EDGE_LOOP('',(#6070,#6071,#6072,#6073));
#3189=AXIS2_PLACEMENT_3D('',#6074,#6075,#6076);
#3190=SURFACE_SIDE_STYLE('',(#6077));
#3191=EDGE_LOOP('',(#6078,#6079,#6080,#6081));
#3192=AXIS2_PLACEMENT_3D('',#6082,#6083,#6084);
#3193=SURFACE_SIDE_STYLE('',(#6085));
#3194=EDGE_LOOP('',(#6086,#6087,#6088,#6089));
#3195=AXIS2_PLACEMENT_3D('',#6090,#6091,#6092);
#3196=SURFACE_SIDE_STYLE('',(#6093));
#3197=EDGE_LOOP('',(#6094,#6095,#6096,#6097));
#3198=AXIS2_PLACEMENT_3D('',#6098,#6099,#6100);
#3199=SURFACE_SIDE_STYLE('',(#6101));
#3200=EDGE_LOOP('',(#6102,#6103,#6104,#6105));
#3201=AXIS2_PLACEMENT_3D('',#6106,#6107,#6108);
#3202=SURFACE_SIDE_STYLE('',(#6109));
#3203=EDGE_LOOP('',(#6110,#6111,#6112,#6113));
#3204=AXIS2_PLACEMENT_3D('',#6114,#6115,#6116);
#3205=SURFACE_SIDE_STYLE('',(#6117));
#3206=EDGE_LOOP('',(#6118,#6119,#6120,#6121));
#3207=AXIS2_PLACEMENT_3D('',#6122,#6123,#6124);
#3208=SURFACE_SIDE_STYLE('',(#6125));
#3209=EDGE_LOOP('',(#6126,#6127,#6128,#6129,#6130,#6131,#6132,#6133,#6134,#6135,#6136,#6137,#6138));
#3210=AXIS2_PLACEMENT_3D('',#6139,#6140,#6141);
#3211=SURFACE_SIDE_STYLE('',(#6142));
#3212=EDGE_LOOP('',(#6143,#6144,#6145,#6146));
#3213=AXIS2_PLACEMENT_3D('',#6147,#6148,#6149);
#3214=SURFACE_SIDE_STYLE('',(#6150));
#3215=EDGE_LOOP('',(#6151,#6152,#6153,#6154,#6155,#6156,#6157,#6158,#6159,#6160,#6161,#6162,#6163));
#3216=AXIS2_PLACEMENT_3D('',#6164,#6165,#6166);
#3217=SURFACE_SIDE_STYLE('',(#6167));
#3218=EDGE_LOOP('',(#6168,#6169,#6170,#6171));
#3219=AXIS2_PLACEMENT_3D('',#6172,#6173,#6174);
#3220=SURFACE_SIDE_STYLE('',(#6175));
#3221=EDGE_LOOP('',(#6176,#6177,#6178,#6179));
#3222=AXIS2_PLACEMENT_3D('',#6180,#6181,#6182);
#3223=SURFACE_SIDE_STYLE('',(#6183));
#3224=EDGE_LOOP('',(#6184,#6185,#6186,#6187));
#3225=AXIS2_PLACEMENT_3D('',#6188,#6189,#6190);
#3226=SURFACE_SIDE_STYLE('',(#6191));
#3227=EDGE_LOOP('',(#6192,#6193,#6194,#6195));
#3228=AXIS2_PLACEMENT_3D('',#6196,#6197,#6198);
#3229=SURFACE_SIDE_STYLE('',(#6199));
#3230=EDGE_LOOP('',(#6200,#6201,#6202,#6203));
#3231=AXIS2_PLACEMENT_3D('',#6204,#6205,#6206);
#3232=SURFACE_SIDE_STYLE('',(#6207));
#3233=EDGE_LOOP('',(#6208,#6209,#6210,#6211));
#3234=AXIS2_PLACEMENT_3D('',#6212,#6213,#6214);
#3235=SURFACE_SIDE_STYLE('',(#6215));
#3236=EDGE_LOOP('',(#6216,#6217,#6218,#6219));
#3237=AXIS2_PLACEMENT_3D('',#6220,#6221,#6222);
#3238=SURFACE_SIDE_STYLE('',(#6223));
#3239=EDGE_LOOP('',(#6224,#6225,#6226,#6227));
#3240=AXIS2_PLACEMENT_3D('',#6228,#6229,#6230);
#3241=SURFACE_SIDE_STYLE('',(#6231));
#3242=EDGE_LOOP('',(#6232,#6233,#6234,#6235));
#3243=AXIS2_PLACEMENT_3D('',#6236,#6237,#6238);
#3244=SURFACE_SIDE_STYLE('',(#6239));
#3245=EDGE_LOOP('',(#6240,#6241,#6242,#6243));
#3246=AXIS2_PLACEMENT_3D('',#6244,#6245,#6246);
#3247=SURFACE_SIDE_STYLE('',(#6247));
#3248=EDGE_LOOP('',(#6248,#6249,#6250,#6251));
#3249=AXIS2_PLACEMENT_3D('',#6252,#6253,#6254);
#3250=SURFACE_SIDE_STYLE('',(#6255));
#3251=EDGE_LOOP('',(#6256,#6257,#6258,#6259));
#3252=AXIS2_PLACEMENT_3D('',#6260,#6261,#6262);
#3253=SURFACE_SIDE_STYLE('',(#6263));
#3254=EDGE_LOOP('',(#6264,#6265,#6266,#6267));
#3255=AXIS2_PLACEMENT_3D('',#6268,#6269,#6270);
#3256=SURFACE_SIDE_STYLE('',(#6271));
#3257=EDGE_LOOP('',(#6272,#6273,#6274,#6275));
#3258=AXIS2_PLACEMENT_3D('',#6276,#6277,#6278);
#3259=SURFACE_SIDE_STYLE('',(#6279));
#3260=EDGE_LOOP('',(#6280,#6281,#6282,#6283,#6284,#6285,#6286,#6287,#6288,#6289,#6290,#6291,#6292));
#3261=AXIS2_PLACEMENT_3D('',#6293,#6294,#6295);
#3262=SURFACE_SIDE_STYLE('',(#6296));
#3263=EDGE_LOOP('',(#6297,#6298,#6299,#6300));
#3264=AXIS2_PLACEMENT_3D('',#6301,#6302,#6303);
#3265=SURFACE_SIDE_STYLE('',(#6304));
#3266=EDGE_LOOP('',(#6305,#6306,#6307,#6308,#6309,#6310,#6311,#6312,#6313,#6314,#6315,#6316,#6317));
#3267=AXIS2_PLACEMENT_3D('',#6318,#6319,#6320);
#3268=SURFACE_SIDE_STYLE('',(#6321));
#3269=EDGE_LOOP('',(#6322,#6323,#6324,#6325));
#3270=AXIS2_PLACEMENT_3D('',#6326,#6327,#6328);
#3271=SURFACE_SIDE_STYLE('',(#6329));
#3272=EDGE_LOOP('',(#6330,#6331,#6332,#6333));
#3273=AXIS2_PLACEMENT_3D('',#6334,#6335,#6336);
#3274=SURFACE_SIDE_STYLE('',(#6337));
#3275=EDGE_LOOP('',(#6338,#6339,#6340,#6341));
#3276=AXIS2_PLACEMENT_3D('',#6342,#6343,#6344);
#3277=SURFACE_SIDE_STYLE('',(#6345));
#3278=EDGE_LOOP('',(#6346,#6347,#6348,#6349));
#3279=AXIS2_PLACEMENT_3D('',#6350,#6351,#6352);
#3280=SURFACE_SIDE_STYLE('',(#6353));
#3281=EDGE_LOOP('',(#6354,#6355,#6356,#6357));
#3282=AXIS2_PLACEMENT_3D('',#6358,#6359,#6360);
#3283=SURFACE_SIDE_STYLE('',(#6361));
#3284=EDGE_LOOP('',(#6362,#6363,#6364,#6365));
#3285=AXIS2_PLACEMENT_3D('',#6366,#6367,#6368);
#3286=SURFACE_SIDE_STYLE('',(#6369));
#3287=EDGE_LOOP('',(#6370,#6371,#6372,#6373));
#3288=AXIS2_PLACEMENT_3D('',#6374,#6375,#6376);
#3289=SURFACE_SIDE_STYLE('',(#6377));
#3290=EDGE_LOOP('',(#6378,#6379,#6380,#6381));
#3291=AXIS2_PLACEMENT_3D('',#6382,#6383,#6384);
#3292=SURFACE_SIDE_STYLE('',(#6385));
#3293=EDGE_LOOP('',(#6386,#6387,#6388,#6389));
#3294=AXIS2_PLACEMENT_3D('',#6390,#6391,#6392);
#3295=SURFACE_SIDE_STYLE('',(#6393));
#3296=EDGE_LOOP('',(#6394,#6395,#6396,#6397));
#3297=AXIS2_PLACEMENT_3D('',#6398,#6399,#6400);
#3298=SURFACE_SIDE_STYLE('',(#6401));
#3299=EDGE_LOOP('',(#6402,#6403,#6404,#6405,#6406));
#3300=AXIS2_PLACEMENT_3D('',#6407,#6408,#6409);
#3301=SURFACE_SIDE_STYLE('',(#6410));
#3302=EDGE_LOOP('',(#6411,#6412,#6413,#6414));
#3303=AXIS2_PLACEMENT_3D('',#6415,#6416,#6417);
#3304=SURFACE_SIDE_STYLE('',(#6418));
#3305=EDGE_LOOP('',(#6419,#6420,#6421,#6422,#6423));
#3306=AXIS2_PLACEMENT_3D('',#6424,#6425,#6426);
#3307=SURFACE_SIDE_STYLE('',(#6427));
#3308=EDGE_LOOP('',(#6428,#6429,#6430,#6431));
#3309=AXIS2_PLACEMENT_3D('',#6432,#6433,#6434);
#3310=SURFACE_SIDE_STYLE('',(#6435));
#3311=EDGE_LOOP('',(#6436,#6437,#6438,#6439));
#3312=AXIS2_PLACEMENT_3D('',#6440,#6441,#6442);
#3313=SURFACE_SIDE_STYLE('',(#6443));
#3314=EDGE_LOOP('',(#6444,#6445,#6446,#6447));
#3315=AXIS2_PLACEMENT_3D('',#6448,#6449,#6450);
#3316=SURFACE_SIDE_STYLE('',(#6451));
#3317=EDGE_LOOP('',(#6452,#6453,#6454,#6455,#6456));
#3318=AXIS2_PLACEMENT_3D('',#6457,#6458,#6459);
#3319=SURFACE_SIDE_STYLE('',(#6460));
#3320=EDGE_LOOP('',(#6461,#6462,#6463,#6464));
#3321=AXIS2_PLACEMENT_3D('',#6465,#6466,#6467);
#3322=SURFACE_SIDE_STYLE('',(#6468));
#3323=EDGE_LOOP('',(#6469,#6470,#6471,#6472,#6473));
#3324=AXIS2_PLACEMENT_3D('',#6474,#6475,#6476);
#3325=SURFACE_SIDE_STYLE('',(#6477));
#3326=EDGE_LOOP('',(#6478,#6479,#6480,#6481));
#3327=AXIS2_PLACEMENT_3D('',#6482,#6483,#6484);
#3328=SURFACE_SIDE_STYLE('',(#6485));
#3329=EDGE_LOOP('',(#6486,#6487,#6488,#6489));
#3330=AXIS2_PLACEMENT_3D('',#6490,#6491,#6492);
#3331=SURFACE_SIDE_STYLE('',(#6493));
#3332=EDGE_LOOP('',(#6494,#6495));
#3333=EDGE_LOOP('',(#6496,#6497));
#3334=AXIS2_PLACEMENT_3D('',#6498,#6499,#6500);
#3335=SURFACE_SIDE_STYLE('',(#6501));
#3336=EDGE_LOOP('',(#6502,#6503,#6504,#6505,#6506,#6507,#6508,#6509));
#3337=AXIS2_PLACEMENT_3D('',#6510,#6511,#6512);
#3338=SURFACE_SIDE_STYLE('',(#6513));
#3339=EDGE_LOOP('',(#6514,#6515,#6516,#6517,#6518,#6519,#6520,#6521));
#3340=AXIS2_PLACEMENT_3D('',#6522,#6523,#6524);
#3341=SURFACE_SIDE_STYLE('',(#6525));
#3342=EDGE_LOOP('',(#6526,#6527,#6528,#6529,#6530,#6531,#6532,#6533));
#3343=AXIS2_PLACEMENT_3D('',#6534,#6535,#6536);
#3344=SURFACE_SIDE_STYLE('',(#6537));
#3345=EDGE_LOOP('',(#6538,#6539,#6540));
#3346=AXIS2_PLACEMENT_3D('',#6541,#6542,#6543);
#3347=SURFACE_SIDE_STYLE('',(#6544));
#3348=EDGE_LOOP('',(#6545,#6546,#6547));
#3349=AXIS2_PLACEMENT_3D('',#6548,#6549,#6550);
#3350=SURFACE_SIDE_STYLE('',(#6551));
#3351=EDGE_LOOP('',(#6552,#6553,#6554));
#3352=AXIS2_PLACEMENT_3D('',#6555,#6556,#6557);
#3353=SURFACE_SIDE_STYLE('',(#6558));
#3354=EDGE_LOOP('',(#6559,#6560));
#3355=AXIS2_PLACEMENT_3D('',#6561,#6562,#6563);
#3356=SURFACE_SIDE_STYLE('',(#6564));
#3357=EDGE_LOOP('',(#6565,#6566,#6567,#6568));
#3358=AXIS2_PLACEMENT_3D('',#6569,#6570,#6571);
#3359=SURFACE_SIDE_STYLE('',(#6572));
#3360=EDGE_LOOP('',(#6573,#6574,#6575,#6576));
#3361=AXIS2_PLACEMENT_3D('',#6577,#6578,#6579);
#3362=SURFACE_SIDE_STYLE('',(#6580));
#3363=EDGE_LOOP('',(#6581,#6582,#6583));
#3364=AXIS2_PLACEMENT_3D('',#6584,#6585,#6586);
#3365=SURFACE_SIDE_STYLE('',(#6587));
#3366=EDGE_LOOP('',(#6588,#6589));
#3367=AXIS2_PLACEMENT_3D('',#6590,#6591,#6592);
#3368=SURFACE_SIDE_STYLE('',(#6593));
#3369=EDGE_LOOP('',(#6594,#6595));
#3370=AXIS2_PLACEMENT_3D('',#6596,#6597,#6598);
#3371=SURFACE_SIDE_STYLE('',(#6599));
#3372=EDGE_LOOP('',(#6600,#6601,#6602,#6603));
#3373=AXIS2_PLACEMENT_3D('',#6604,#6605,#6606);
#3374=SURFACE_SIDE_STYLE('',(#6607));
#3375=EDGE_LOOP('',(#6608,#6609,#6610,#6611));
#3376=AXIS2_PLACEMENT_3D('',#6612,#6613,#6614);
#3377=SURFACE_SIDE_STYLE('',(#6615));
#3378=EDGE_LOOP('',(#6616,#6617,#6618,#6619));
#3379=AXIS2_PLACEMENT_3D('',#6620,#6621,#6622);
#3380=SURFACE_SIDE_STYLE('',(#6623));
#3381=EDGE_LOOP('',(#6624,#6625,#6626,#6627));
#3382=AXIS2_PLACEMENT_3D('',#6628,#6629,#6630);
#3383=SURFACE_SIDE_STYLE('',(#6631));
#3384=EDGE_LOOP('',(#6632,#6633,#6634,#6635));
#3385=AXIS2_PLACEMENT_3D('',#6636,#6637,#6638);
#3386=SURFACE_SIDE_STYLE('',(#6639));
#3387=EDGE_LOOP('',(#6640,#6641,#6642,#6643));
#3388=AXIS2_PLACEMENT_3D('',#6644,#6645,#6646);
#3389=SURFACE_SIDE_STYLE('',(#6647));
#3390=EDGE_LOOP('',(#6648,#6649,#6650,#6651,#6652,#6653,#6654,#6655,#6656,#6657,#6658));
#3391=AXIS2_PLACEMENT_3D('',#6659,#6660,#6661);
#3392=SURFACE_SIDE_STYLE('',(#6662));
#3393=EDGE_LOOP('',(#6663,#6664,#6665,#6666,#6667,#6668,#6669,#6670,#6671,#6672,#6673));
#3394=EDGE_LOOP('',(#6674,#6675,#6676,#6677,#6678,#6679));
#3395=AXIS2_PLACEMENT_3D('',#6680,#6681,#6682);
#3396=SURFACE_SIDE_STYLE('',(#6683));
#3397=EDGE_LOOP('',(#6684,#6685,#6686,#6687));
#3398=AXIS2_PLACEMENT_3D('',#6688,#6689,#6690);
#3399=SURFACE_SIDE_STYLE('',(#6691));
#3400=EDGE_LOOP('',(#6692,#6693,#6694,#6695));
#3401=AXIS2_PLACEMENT_3D('',#6696,#6697,#6698);
#3402=SURFACE_SIDE_STYLE('',(#6699));
#3403=EDGE_LOOP('',(#6700,#6701,#6702,#6703));
#3404=AXIS2_PLACEMENT_3D('',#6704,#6705,#6706);
#3405=SURFACE_SIDE_STYLE('',(#6707));
#3406=EDGE_LOOP('',(#6708,#6709,#6710,#6711));
#3407=AXIS2_PLACEMENT_3D('',#6712,#6713,#6714);
#3408=SURFACE_SIDE_STYLE('',(#6715));
#3409=EDGE_LOOP('',(#6716,#6717,#6718,#6719));
#3410=AXIS2_PLACEMENT_3D('',#6720,#6721,#6722);
#3411=SURFACE_SIDE_STYLE('',(#6723));
#3412=EDGE_LOOP('',(#6724,#6725,#6726));
#3413=AXIS2_PLACEMENT_3D('',#6727,#6728,#6729);
#3414=SURFACE_SIDE_STYLE('',(#6730));
#3415=EDGE_LOOP('',(#6731,#6732,#6733));
#3416=AXIS2_PLACEMENT_3D('',#6734,#6735,#6736);
#3417=SURFACE_SIDE_STYLE('',(#6737));
#3418=EDGE_LOOP('',(#6738,#6739,#6740,#6741));
#3419=AXIS2_PLACEMENT_3D('',#6742,#6743,#6744);
#3420=SURFACE_SIDE_STYLE('',(#6745));
#3421=EDGE_LOOP('',(#6746,#6747,#6748,#6749));
#3422=AXIS2_PLACEMENT_3D('',#6750,#6751,#6752);
#3423=SURFACE_SIDE_STYLE('',(#6753));
#3424=EDGE_LOOP('',(#6754,#6755,#6756,#6757));
#3425=AXIS2_PLACEMENT_3D('',#6758,#6759,#6760);
#3426=SURFACE_SIDE_STYLE('',(#6761));
#3427=EDGE_LOOP('',(#6762,#6763,#6764,#6765));
#3428=AXIS2_PLACEMENT_3D('',#6766,#6767,#6768);
#3429=SURFACE_SIDE_STYLE('',(#6769));
#3430=EDGE_LOOP('',(#6770,#6771,#6772,#6773));
#3431=AXIS2_PLACEMENT_3D('',#6774,#6775,#6776);
#3432=SURFACE_SIDE_STYLE('',(#6777));
#3433=EDGE_LOOP('',(#6778,#6779,#6780,#6781));
#3434=AXIS2_PLACEMENT_3D('',#6782,#6783,#6784);
#3435=SURFACE_SIDE_STYLE('',(#6785));
#3436=EDGE_LOOP('',(#6786,#6787,#6788,#6789));
#3437=AXIS2_PLACEMENT_3D('',#6790,#6791,#6792);
#3438=SURFACE_SIDE_STYLE('',(#6793));
#3439=EDGE_LOOP('',(#6794,#6795,#6796,#6797));
#3440=AXIS2_PLACEMENT_3D('',#6798,#6799,#6800);
#3441=SURFACE_SIDE_STYLE('',(#6801));
#3442=EDGE_LOOP('',(#6802,#6803,#6804,#6805));
#3443=AXIS2_PLACEMENT_3D('',#6806,#6807,#6808);
#3444=SURFACE_SIDE_STYLE('',(#6809));
#3445=EDGE_LOOP('',(#6810,#6811,#6812,#6813));
#3446=AXIS2_PLACEMENT_3D('',#6814,#6815,#6816);
#3447=SURFACE_SIDE_STYLE('',(#6817));
#3448=EDGE_LOOP('',(#6818,#6819,#6820,#6821));
#3449=AXIS2_PLACEMENT_3D('',#6822,#6823,#6824);
#3450=SURFACE_SIDE_STYLE('',(#6825));
#3451=EDGE_LOOP('',(#6826,#6827,#6828,#6829));
#3452=AXIS2_PLACEMENT_3D('',#6830,#6831,#6832);
#3453=SURFACE_SIDE_STYLE('',(#6833));
#3454=EDGE_LOOP('',(#6834,#6835,#6836,#6837));
#3455=AXIS2_PLACEMENT_3D('',#6838,#6839,#6840);
#3456=SURFACE_SIDE_STYLE('',(#6841));
#3457=EDGE_LOOP('',(#6842,#6843,#6844));
#3458=AXIS2_PLACEMENT_3D('',#6845,#6846,#6847);
#3459=SURFACE_SIDE_STYLE('',(#6848));
#3460=EDGE_LOOP('',(#6849,#6850,#6851));
#3461=AXIS2_PLACEMENT_3D('',#6852,#6853,#6854);
#3462=SURFACE_SIDE_STYLE('',(#6855));
#3463=EDGE_LOOP('',(#6856,#6857,#6858,#6859));
#3464=AXIS2_PLACEMENT_3D('',#6860,#6861,#6862);
#3465=SURFACE_SIDE_STYLE('',(#6863));
#3466=EDGE_LOOP('',(#6864,#6865,#6866,#6867));
#3467=AXIS2_PLACEMENT_3D('',#6868,#6869,#6870);
#3468=SURFACE_SIDE_STYLE('',(#6871));
#3469=EDGE_LOOP('',(#6872,#6873,#6874,#6875));
#3470=AXIS2_PLACEMENT_3D('',#6876,#6877,#6878);
#3471=SURFACE_SIDE_STYLE('',(#6879));
#3472=EDGE_LOOP('',(#6880,#6881,#6882,#6883));
#3473=AXIS2_PLACEMENT_3D('',#6884,#6885,#6886);
#3474=SURFACE_SIDE_STYLE('',(#6887));
#3475=EDGE_LOOP('',(#6888,#6889,#6890,#6891));
#3476=AXIS2_PLACEMENT_3D('',#6892,#6893,#6894);
#3477=SURFACE_SIDE_STYLE('',(#6895));
#3478=EDGE_LOOP('',(#6896,#6897,#6898,#6899));
#3479=AXIS2_PLACEMENT_3D('',#6900,#6901,#6902);
#3480=SURFACE_SIDE_STYLE('',(#6903));
#3481=EDGE_LOOP('',(#6904,#6905,#6906,#6907));
#3482=AXIS2_PLACEMENT_3D('',#6908,#6909,#6910);
#3483=SURFACE_SIDE_STYLE('',(#6911));
#3484=EDGE_LOOP('',(#6912,#6913,#6914,#6915));
#3485=AXIS2_PLACEMENT_3D('',#6916,#6917,#6918);
#3486=SURFACE_SIDE_STYLE('',(#6919));
#3487=EDGE_LOOP('',(#6920,#6921,#6922,#6923));
#3488=AXIS2_PLACEMENT_3D('',#6924,#6925,#6926);
#3489=SURFACE_SIDE_STYLE('',(#6927));
#3490=EDGE_LOOP('',(#6928,#6929,#6930,#6931,#6932,#6933,#6934,#6935,#6936,#6937,#6938));
#3491=EDGE_LOOP('',(#6939,#6940,#6941,#6942,#6943,#6944));
#3492=AXIS2_PLACEMENT_3D('',#6945,#6946,#6947);
#3493=SURFACE_SIDE_STYLE('',(#6948));
#3494=EDGE_LOOP('',(#6949,#6950,#6951,#6952,#6953,#6954,#6955,#6956,#6957,#6958,#6959));
#3495=AXIS2_PLACEMENT_3D('',#6960,#6961,#6962);
#3496=SURFACE_SIDE_STYLE('',(#6963));
#3497=EDGE_LOOP('',(#6964,#6965,#6966,#6967));
#3498=AXIS2_PLACEMENT_3D('',#6968,#6969,#6970);
#3499=SURFACE_SIDE_STYLE('',(#6971));
#3500=EDGE_LOOP('',(#6972,#6973,#6974,#6975));
#3501=AXIS2_PLACEMENT_3D('',#6976,#6977,#6978);
#3502=SURFACE_SIDE_STYLE('',(#6979));
#3503=EDGE_LOOP('',(#6980,#6981,#6982,#6983));
#3504=AXIS2_PLACEMENT_3D('',#6984,#6985,#6986);
#3505=SURFACE_SIDE_STYLE('',(#6987));
#3506=EDGE_LOOP('',(#6988,#6989,#6990,#6991));
#3507=AXIS2_PLACEMENT_3D('',#6992,#6993,#6994);
#3508=SURFACE_SIDE_STYLE('',(#6995));
#3509=EDGE_LOOP('',(#6996,#6997,#6998,#6999));
#3510=AXIS2_PLACEMENT_3D('',#7000,#7001,#7002);
#3511=SURFACE_SIDE_STYLE('',(#7003));
#3512=EDGE_LOOP('',(#7004,#7005,#7006,#7007));
#3513=AXIS2_PLACEMENT_3D('',#7008,#7009,#7010);
#3514=SURFACE_SIDE_STYLE('',(#7011));
#3515=EDGE_LOOP('',(#7012,#7013,#7014,#7015));
#3516=AXIS2_PLACEMENT_3D('',#7016,#7017,#7018);
#3517=SURFACE_SIDE_STYLE('',(#7019));
#3518=EDGE_LOOP('',(#7020,#7021,#7022,#7023));
#3519=AXIS2_PLACEMENT_3D('',#7024,#7025,#7026);
#3520=SURFACE_SIDE_STYLE('',(#7027));
#3521=EDGE_LOOP('',(#7028,#7029,#7030,#7031));
#3522=AXIS2_PLACEMENT_3D('',#7032,#7033,#7034);
#3523=SURFACE_SIDE_STYLE('',(#7035));
#3524=EDGE_LOOP('',(#7036,#7037,#7038,#7039));
#3525=AXIS2_PLACEMENT_3D('',#7040,#7041,#7042);
#3526=SURFACE_SIDE_STYLE('',(#7043));
#3527=EDGE_LOOP('',(#7044,#7045,#7046));
#3528=AXIS2_PLACEMENT_3D('',#7047,#7048,#7049);
#3529=SURFACE_SIDE_STYLE('',(#7050));
#3530=EDGE_LOOP('',(#7051,#7052,#7053,#7054));
#3531=AXIS2_PLACEMENT_3D('',#7055,#7056,#7057);
#3532=SURFACE_SIDE_STYLE('',(#7058));
#3533=EDGE_LOOP('',(#7059,#7060,#7061));
#3534=AXIS2_PLACEMENT_3D('',#7062,#7063,#7064);
#3535=SURFACE_SIDE_STYLE('',(#7065));
#3536=EDGE_LOOP('',(#7066,#7067,#7068,#7069));
#3537=AXIS2_PLACEMENT_3D('',#7070,#7071,#7072);
#3538=SURFACE_SIDE_STYLE('',(#7073));
#3539=EDGE_LOOP('',(#7074,#7075,#7076,#7077));
#3540=AXIS2_PLACEMENT_3D('',#7078,#7079,#7080);
#3541=SURFACE_SIDE_STYLE('',(#7081));
#3542=EDGE_LOOP('',(#7082,#7083,#7084,#7085));
#3543=AXIS2_PLACEMENT_3D('',#7086,#7087,#7088);
#3544=SURFACE_SIDE_STYLE('',(#7089));
#3545=EDGE_LOOP('',(#7090,#7091,#7092,#7093));
#3546=AXIS2_PLACEMENT_3D('',#7094,#7095,#7096);
#3547=SURFACE_SIDE_STYLE('',(#7097));
#3548=EDGE_LOOP('',(#7098,#7099,#7100,#7101));
#3549=AXIS2_PLACEMENT_3D('',#7102,#7103,#7104);
#3550=SURFACE_SIDE_STYLE('',(#7105));
#3551=EDGE_LOOP('',(#7106,#7107,#7108,#7109));
#3552=AXIS2_PLACEMENT_3D('',#7110,#7111,#7112);
#3553=SURFACE_SIDE_STYLE('',(#7113));
#3554=EDGE_LOOP('',(#7114,#7115,#7116,#7117));
#3555=AXIS2_PLACEMENT_3D('',#7118,#7119,#7120);
#3556=SURFACE_SIDE_STYLE('',(#7121));
#3557=EDGE_LOOP('',(#7122,#7123,#7124,#7125,#7126,#7127,#7128,#7129,#7130,#7131,#7132));
#3558=EDGE_LOOP('',(#7133,#7134,#7135,#7136,#7137,#7138));
#3559=AXIS2_PLACEMENT_3D('',#7139,#7140,#7141);
#3560=SURFACE_SIDE_STYLE('',(#7142));
#3561=EDGE_LOOP('',(#7143,#7144,#7145,#7146,#7147,#7148,#7149,#7150,#7151,#7152,#7153));
#3562=AXIS2_PLACEMENT_3D('',#7154,#7155,#7156);
#3563=SURFACE_SIDE_STYLE('',(#7157));
#3564=EDGE_LOOP('',(#7158,#7159,#7160,#7161));
#3565=AXIS2_PLACEMENT_3D('',#7162,#7163,#7164);
#3566=SURFACE_SIDE_STYLE('',(#7165));
#3567=EDGE_LOOP('',(#7166,#7167,#7168,#7169));
#3568=AXIS2_PLACEMENT_3D('',#7170,#7171,#7172);
#3569=SURFACE_SIDE_STYLE('',(#7173));
#3570=EDGE_LOOP('',(#7174,#7175,#7176,#7177));
#3571=AXIS2_PLACEMENT_3D('',#7178,#7179,#7180);
#3572=SURFACE_SIDE_STYLE('',(#7181));
#3573=ADVANCED_FACE('NONE',(#7182),#7183,.T.);
#3575=SURFACE_STYLE_FILL_AREA(#7184);
#3576=ORIENTED_EDGE('',*,*,#7185,.F.);
#3577=ORIENTED_EDGE('',*,*,#7186,.T.);
#3578=ORIENTED_EDGE('',*,*,#7187,.F.);
#3579=CARTESIAN_POINT('',(4.14307904514105E-17,-6.90833333333331,8.38112834566069));
#3580=DIRECTION('',(-2.56148702550686E-17,1.0,0.0));
#3581=DIRECTION('',(0.0,0.0,1.0));
#3582=SURFACE_STYLE_FILL_AREA(#7188);
#3583=ORIENTED_EDGE('',*,*,#7189,.F.);
#3584=ORIENTED_EDGE('',*,*,#7190,.T.);
#3585=ORIENTED_EDGE('',*,*,#7191,.F.);
#3586=CARTESIAN_POINT('',(4.14307904514107E-17,-6.90833333333332,5.28112834566065));
#3587=DIRECTION('',(-2.56148702550686E-17,1.0,-8.32667268468872E-15));
#3588=DIRECTION('',(1.73333694994852E-31,-8.32667268468872E-15,-1.0));
#3589=SURFACE_STYLE_FILL_AREA(#7192);
#3590=ORIENTED_EDGE('',*,*,#7193,.F.);
#3591=ORIENTED_EDGE('',*,*,#7194,.F.);
#3592=ORIENTED_EDGE('',*,*,#7195,.F.);
#3593=CARTESIAN_POINT('',(-2.5,-6.90833333333331,8.38112834566069));
#3594=DIRECTION('',(-2.56148702550686E-17,1.0,0.0));
#3595=DIRECTION('',(0.0,0.0,1.0));
#3596=SURFACE_STYLE_FILL_AREA(#7196);
#3597=ORIENTED_EDGE('',*,*,#7197,.F.);
#3598=ORIENTED_EDGE('',*,*,#7198,.F.);
#3599=ORIENTED_EDGE('',*,*,#7199,.F.);
#3600=CARTESIAN_POINT('',(-2.5,-6.90833333333332,5.28112834566065));
#3601=DIRECTION('',(-2.56148702550686E-17,1.0,-8.32667268468872E-15));
#3602=DIRECTION('',(0.0,-8.32667268468872E-15,-1.0));
#3603=SURFACE_STYLE_FILL_AREA(#7200);
#3604=ORIENTED_EDGE('',*,*,#7201,.F.);
#3605=ORIENTED_EDGE('',*,*,#7202,.F.);
#3606=ORIENTED_EDGE('',*,*,#7203,.F.);
#3607=CARTESIAN_POINT('',(2.5,-6.90833333333331,8.38112834566069));
#3608=DIRECTION('',(-2.56148702550686E-17,1.0,0.0));
#3609=DIRECTION('',(0.0,0.0,1.0));
#3610=SURFACE_STYLE_FILL_AREA(#7204);
#3611=ORIENTED_EDGE('',*,*,#7205,.F.);
#3612=ORIENTED_EDGE('',*,*,#7206,.F.);
#3613=ORIENTED_EDGE('',*,*,#7207,.F.);
#3614=CARTESIAN_POINT('',(2.5,-6.90833333333332,5.28112834566065));
#3615=DIRECTION('',(-2.56148702550686E-17,1.0,-8.32667268468872E-15));
#3616=DIRECTION('',(0.0,-8.32667268468872E-15,-1.0));
#3617=SURFACE_STYLE_FILL_AREA(#7208);
#3618=ORIENTED_EDGE('',*,*,#7209,.F.);
#3619=ORIENTED_EDGE('',*,*,#7210,.T.);
#3620=ORIENTED_EDGE('',*,*,#7211,.F.);
#3621=ORIENTED_EDGE('',*,*,#7212,.F.);
#3622=CARTESIAN_POINT('',(-5.1,-1.0,8.45106429983483));
#3623=DIRECTION('',(0.0,-1.0,0.0));
#3624=DIRECTION('',(1.0,0.0,0.0));
#3625=SURFACE_STYLE_FILL_AREA(#7213);
#3626=ORIENTED_EDGE('',*,*,#7214,.F.);
#3627=ORIENTED_EDGE('',*,*,#7215,.F.);
#3628=ORIENTED_EDGE('',*,*,#7216,.T.);
#3629=ORIENTED_EDGE('',*,*,#7217,.T.);
#3630=CARTESIAN_POINT('',(-5.1,-1.0,8.45106429983483));
#3631=DIRECTION('',(0.0,-1.0,0.0));
#3632=DIRECTION('',(1.0,0.0,0.0));
#3633=SURFACE_STYLE_FILL_AREA(#7218);
#3634=ORIENTED_EDGE('',*,*,#7219,.F.);
#3635=ORIENTED_EDGE('',*,*,#7220,.T.);
#3636=ORIENTED_EDGE('',*,*,#7221,.T.);
#3637=ORIENTED_EDGE('',*,*,#7222,.T.);
#3638=CARTESIAN_POINT('',(4.90133784999717,-4.08118359940021E-16,9.08199217265703));
#3639=DIRECTION('',(-0.897465621280371,7.47290247416241E-17,-0.441084412125205));
#3640=DIRECTION('',(0.441084412125205,-3.67276552608491E-17,-0.897465621280371));
#3641=SURFACE_STYLE_FILL_AREA(#7223);
#3642=ORIENTED_EDGE('',*,*,#7224,.T.);
#3643=ORIENTED_EDGE('',*,*,#7225,.T.);
#3644=ORIENTED_EDGE('',*,*,#7226,.F.);
#3645=ORIENTED_EDGE('',*,*,#7227,.F.);
#3646=CARTESIAN_POINT('',(1.91086932102814E-16,-7.46000000000005,9.30000000000004));
#3647=DIRECTION('',(2.56148702550686E-17,-1.0,2.89120579329468E-15));
#3648=DIRECTION('',(0.0,2.89120579329468E-15,1.0));
#3649=SURFACE_STYLE_FILL_AREA(#7228);
#3650=ORIENTED_EDGE('',*,*,#7229,.T.);
#3651=ORIENTED_EDGE('',*,*,#7230,.T.);
#3652=ORIENTED_EDGE('',*,*,#7191,.T.);
#3653=ORIENTED_EDGE('',*,*,#7231,.F.);
#3654=CARTESIAN_POINT('',(4.14307904514105E-17,-6.90833333333331,8.58112834566064));
#3655=DIRECTION('',(8.08875427208941E-33,2.07192391204702E-49,1.0));
#3656=DIRECTION('',(-2.56148702550686E-17,1.0,0.0));
#3657=SURFACE_STYLE_FILL_AREA(#7232);
#3658=ORIENTED_EDGE('',*,*,#7233,.F.);
#3659=ORIENTED_EDGE('',*,*,#7234,.T.);
#3660=ORIENTED_EDGE('',*,*,#7235,.T.);
#3661=ORIENTED_EDGE('',*,*,#7236,.F.);
#3662=CARTESIAN_POINT('',(-2.5,-7.46000000000005,9.30000000000005));
#3663=DIRECTION('',(2.56148702550686E-17,-1.0,2.89120579329466E-15));
#3664=DIRECTION('',(0.0,2.89120579329466E-15,1.0));
#3665=SURFACE_STYLE_FILL_AREA(#7237);
#3666=ORIENTED_EDGE('',*,*,#7238,.T.);
#3667=ORIENTED_EDGE('',*,*,#7239,.T.);
#3668=ORIENTED_EDGE('',*,*,#7199,.T.);
#3669=ORIENTED_EDGE('',*,*,#7240,.F.);
#3670=CARTESIAN_POINT('',(-2.5,-6.90833333333331,8.58112834566064));
#3671=DIRECTION('',(-7.45762504998368E-32,0.0,1.0));
#3672=DIRECTION('',(0.0,1.0,0.0));
#3673=SURFACE_STYLE_FILL_AREA(#7241);
#3674=ORIENTED_EDGE('',*,*,#7242,.F.);
#3675=ORIENTED_EDGE('',*,*,#7243,.T.);
#3676=ORIENTED_EDGE('',*,*,#7244,.T.);
#3677=ORIENTED_EDGE('',*,*,#7245,.F.);
#3678=CARTESIAN_POINT('',(2.5,-7.46000000000005,9.30000000000004));
#3679=DIRECTION('',(2.56148702550686E-17,-1.0,2.89120579329468E-15));
#3680=DIRECTION('',(0.0,2.89120579329468E-15,1.0));
#3681=SURFACE_STYLE_FILL_AREA(#7246);
#3682=ORIENTED_EDGE('',*,*,#7247,.T.);
#3683=ORIENTED_EDGE('',*,*,#7248,.T.);
#3684=ORIENTED_EDGE('',*,*,#7207,.T.);
#3685=ORIENTED_EDGE('',*,*,#7249,.F.);
#3686=CARTESIAN_POINT('',(2.5,-6.90833333333331,8.58112834566064));
#3687=DIRECTION('',(-7.45762504998368E-32,0.0,1.0));
#3688=DIRECTION('',(0.0,1.0,0.0));
#3689=SURFACE_STYLE_FILL_AREA(#7250);
#3690=ORIENTED_EDGE('',*,*,#7251,.F.);
#3691=ORIENTED_EDGE('',*,*,#7252,.T.);
#3692=ORIENTED_EDGE('',*,*,#7253,.F.);
#3693=CARTESIAN_POINT('',(-3.0,-4.2,-0.293333333333333));
#3694=DIRECTION('',(0.0,1.0,0.0));
#3695=DIRECTION('',(-1.0,0.0,0.0));
#3696=SURFACE_STYLE_FILL_AREA(#7254);
#3697=ORIENTED_EDGE('',*,*,#7255,.T.);
#3698=ORIENTED_EDGE('',*,*,#7256,.T.);
#3699=ORIENTED_EDGE('',*,*,#7257,.F.);
#3700=ORIENTED_EDGE('',*,*,#7258,.F.);
#3701=CARTESIAN_POINT('',(-1.21900718275753E-15,-1.05314000393712E-15,5.4));
#3702=DIRECTION('',(-1.35326421357042E-33,-1.95025926655023E-16,1.0));
#3703=DIRECTION('',(1.0,-6.93889390390737E-18,0.0));
#3704=SURFACE_STYLE_FILL_AREA(#7259);
#3705=ORIENTED_EDGE('',*,*,#7260,.F.);
#3706=ORIENTED_EDGE('',*,*,#7261,.T.);
#3707=ORIENTED_EDGE('',*,*,#7255,.F.);
#3708=ORIENTED_EDGE('',*,*,#7262,.F.);
#3709=CARTESIAN_POINT('',(-1.21900718275753E-15,-1.05314000393712E-15,5.4));
#3710=DIRECTION('',(1.35326421357041E-33,1.95025926655023E-16,-1.0));
#3711=DIRECTION('',(1.0,-6.93889390390733E-18,0.0));
#3712=SURFACE_STYLE_FILL_AREA(#7263);
#3713=ORIENTED_EDGE('',*,*,#7264,.F.);
#3714=ORIENTED_EDGE('',*,*,#7265,.T.);
#3715=ORIENTED_EDGE('',*,*,#7266,.F.);
#3716=CARTESIAN_POINT('',(3.0,4.2,-0.293333333333333));
#3717=DIRECTION('',(0.0,-1.0,-0.0));
#3718=DIRECTION('',(1.0,0.0,0.0));
#3719=SURFACE_STYLE_FILL_AREA(#7267);
#3720=ORIENTED_EDGE('',*,*,#7268,.F.);
#3721=ORIENTED_EDGE('',*,*,#7269,.T.);
#3722=ORIENTED_EDGE('',*,*,#7270,.F.);
#3723=CARTESIAN_POINT('',(-3.0,4.2,-0.293333333333333));
#3724=DIRECTION('',(0.0,1.0,0.0));
#3725=DIRECTION('',(-1.0,0.0,0.0));
#3726=SURFACE_STYLE_FILL_AREA(#7271);
#3727=ORIENTED_EDGE('',*,*,#7272,.F.);
#3728=ORIENTED_EDGE('',*,*,#7273,.T.);
#3729=ORIENTED_EDGE('',*,*,#7274,.F.);
#3730=CARTESIAN_POINT('',(3.0,-4.2,-0.293333333333333));
#3731=DIRECTION('',(0.0,-1.0,-0.0));
#3732=DIRECTION('',(1.0,0.0,0.0));
#3733=SURFACE_STYLE_FILL_AREA(#7275);
#3734=ORIENTED_EDGE('',*,*,#7276,.F.);
#3735=ORIENTED_EDGE('',*,*,#7277,.T.);
#3736=ORIENTED_EDGE('',*,*,#7278,.F.);
#3737=ORIENTED_EDGE('',*,*,#7279,.F.);
#3738=CARTESIAN_POINT('',(0.0,0.0,0.580000000000001));
#3739=DIRECTION('',(0.0,0.0,1.0));
#3740=DIRECTION('',(-0.994001866445591,-0.109363108508683,0.0));
#3741=SURFACE_STYLE_FILL_AREA(#7280);
#3742=ORIENTED_EDGE('',*,*,#7281,.T.);
#3743=ORIENTED_EDGE('',*,*,#7282,.T.);
#3744=ORIENTED_EDGE('',*,*,#7283,.F.);
#3745=ORIENTED_EDGE('',*,*,#7284,.F.);
#3746=CARTESIAN_POINT('',(-4.90133784999717,4.08118359940021E-16,9.08199217265703));
#3747=DIRECTION('',(0.897465621280371,-7.47290247416241E-17,-0.441084412125205));
#3748=DIRECTION('',(0.441084412125205,-3.67276552608491E-17,0.897465621280371));
#3749=SURFACE_STYLE_FILL_AREA(#7285);
#3750=ORIENTED_EDGE('',*,*,#7286,.T.);
#3751=ORIENTED_EDGE('',*,*,#7287,.T.);
#3752=ORIENTED_EDGE('',*,*,#7288,.F.);
#3753=ORIENTED_EDGE('',*,*,#7289,.F.);
#3754=CARTESIAN_POINT('',(5.1,-1.0,8.45106429983483));
#3755=DIRECTION('',(0.0,-1.0,0.0));
#3756=DIRECTION('',(1.0,0.0,0.0));
#3757=SURFACE_STYLE_FILL_AREA(#7290);
#3758=ORIENTED_EDGE('',*,*,#7291,.T.);
#3759=ORIENTED_EDGE('',*,*,#7292,.T.);
#3760=ORIENTED_EDGE('',*,*,#7293,.F.);
#3761=ORIENTED_EDGE('',*,*,#7294,.F.);
#3762=CARTESIAN_POINT('',(5.1,-1.0,8.45106429983483));
#3763=DIRECTION('',(0.0,-1.0,0.0));
#3764=DIRECTION('',(1.0,0.0,0.0));
#3765=SURFACE_STYLE_FILL_AREA(#7295);
#3766=ORIENTED_EDGE('',*,*,#7296,.T.);
#3767=ORIENTED_EDGE('',*,*,#7297,.T.);
#3768=ORIENTED_EDGE('',*,*,#7298,.F.);
#3769=ORIENTED_EDGE('',*,*,#7299,.F.);
#3770=CARTESIAN_POINT('',(-1.44707869355966E-15,-1.25017840960161E-15,6.41031903318695));
#3771=DIRECTION('',(2.86731153054018E-16,1.95025926655023E-16,-1.0));
#3772=DIRECTION('',(-1.0,6.93889390390723E-18,-2.86731153054018E-16));
#3773=SURFACE_STYLE_FILL_AREA(#7300);
#3774=ORIENTED_EDGE('',*,*,#7298,.T.);
#3775=ORIENTED_EDGE('',*,*,#7301,.T.);
#3776=ORIENTED_EDGE('',*,*,#7302,.F.);
#3777=ORIENTED_EDGE('',*,*,#7303,.F.);
#3778=CARTESIAN_POINT('',(3.38613106321535E-16,2.92538889982534E-16,-1.5));
#3779=DIRECTION('',(-2.15048364790513E-16,-1.95025926655023E-16,1.0));
#3780=DIRECTION('',(-1.0,6.93889390390723E-18,-2.15048364790513E-16));
#3781=SURFACE_STYLE_FILL_AREA(#7304);
#3782=ORIENTED_EDGE('',*,*,#7302,.T.);
#3783=ORIENTED_EDGE('',*,*,#7305,.T.);
#3784=ORIENTED_EDGE('',*,*,#7306,.F.);
#3785=ORIENTED_EDGE('',*,*,#7307,.F.);
#3786=CARTESIAN_POINT('',(-1.44707869355966E-15,-1.25017840960161E-15,6.41031903318695));
#3787=DIRECTION('',(2.83915462516662E-16,1.95025926655023E-16,-1.0));
#3788=DIRECTION('',(-1.0,6.93889390390723E-18,-2.83915462516662E-16));
#3789=SURFACE_STYLE_FILL_AREA(#7308);
#3790=ORIENTED_EDGE('',*,*,#7309,.F.);
#3791=ORIENTED_EDGE('',*,*,#7310,.T.);
#3792=ORIENTED_EDGE('',*,*,#7311,.T.);
#3793=ORIENTED_EDGE('',*,*,#7312,.F.);
#3794=ORIENTED_EDGE('',*,*,#7313,.T.);
#3795=ORIENTED_EDGE('',*,*,#7314,.T.);
#3796=ORIENTED_EDGE('',*,*,#7315,.F.);
#3797=ORIENTED_EDGE('',*,*,#7316,.T.);
#3798=ORIENTED_EDGE('',*,*,#7317,.T.);
#3799=ORIENTED_EDGE('',*,*,#7318,.F.);
#3800=ORIENTED_EDGE('',*,*,#7319,.T.);
#3801=ORIENTED_EDGE('',*,*,#7320,.T.);
#3802=ORIENTED_EDGE('',*,*,#7321,.F.);
#3803=ORIENTED_EDGE('',*,*,#7322,.T.);
#3804=ORIENTED_EDGE('',*,*,#7323,.T.);
#3805=ORIENTED_EDGE('',*,*,#7324,.F.);
#3806=ORIENTED_EDGE('',*,*,#7325,.T.);
#3807=ORIENTED_EDGE('',*,*,#7326,.T.);
#3808=ORIENTED_EDGE('',*,*,#7327,.F.);
#3809=ORIENTED_EDGE('',*,*,#7328,.T.);
#3810=ORIENTED_EDGE('',*,*,#7329,.T.);
#3811=ORIENTED_EDGE('',*,*,#7330,.F.);
#3812=ORIENTED_EDGE('',*,*,#7331,.T.);
#3813=ORIENTED_EDGE('',*,*,#7332,.T.);
#3814=ORIENTED_EDGE('',*,*,#7333,.F.);
#3815=ORIENTED_EDGE('',*,*,#7334,.T.);
#3816=ORIENTED_EDGE('',*,*,#7335,.T.);
#3817=ORIENTED_EDGE('',*,*,#7336,.F.);
#3818=ORIENTED_EDGE('',*,*,#7337,.T.);
#3819=ORIENTED_EDGE('',*,*,#7338,.T.);
#3820=ORIENTED_EDGE('',*,*,#7339,.F.);
#3821=ORIENTED_EDGE('',*,*,#7340,.T.);
#3822=ORIENTED_EDGE('',*,*,#7341,.T.);
#3823=ORIENTED_EDGE('',*,*,#7342,.F.);
#3824=ORIENTED_EDGE('',*,*,#7343,.T.);
#3825=ORIENTED_EDGE('',*,*,#7344,.T.);
#3826=ORIENTED_EDGE('',*,*,#7345,.F.);
#3827=ORIENTED_EDGE('',*,*,#7346,.T.);
#3828=ORIENTED_EDGE('',*,*,#7347,.T.);
#3829=ORIENTED_EDGE('',*,*,#7348,.F.);
#3830=ORIENTED_EDGE('',*,*,#7349,.T.);
#3831=ORIENTED_EDGE('',*,*,#7350,.T.);
#3832=ORIENTED_EDGE('',*,*,#7351,.F.);
#3833=ORIENTED_EDGE('',*,*,#7352,.T.);
#3834=ORIENTED_EDGE('',*,*,#7353,.T.);
#3835=ORIENTED_EDGE('',*,*,#7354,.F.);
#3836=ORIENTED_EDGE('',*,*,#7355,.T.);
#3837=ORIENTED_EDGE('',*,*,#7356,.T.);
#3838=ORIENTED_EDGE('',*,*,#7357,.F.);
#3839=ORIENTED_EDGE('',*,*,#7358,.T.);
#3840=ORIENTED_EDGE('',*,*,#7359,.T.);
#3841=ORIENTED_EDGE('',*,*,#7360,.F.);
#3842=ORIENTED_EDGE('',*,*,#7361,.T.);
#3843=ORIENTED_EDGE('',*,*,#7362,.T.);
#3844=ORIENTED_EDGE('',*,*,#7363,.F.);
#3845=ORIENTED_EDGE('',*,*,#7364,.T.);
#3846=ORIENTED_EDGE('',*,*,#7365,.T.);
#3847=ORIENTED_EDGE('',*,*,#7366,.F.);
#3848=ORIENTED_EDGE('',*,*,#7367,.T.);
#3849=ORIENTED_EDGE('',*,*,#7368,.T.);
#3850=ORIENTED_EDGE('',*,*,#7369,.F.);
#3851=ORIENTED_EDGE('',*,*,#7370,.T.);
#3852=ORIENTED_EDGE('',*,*,#7371,.F.);
#3853=CARTESIAN_POINT('',(2.97979533562951E-15,2.5743422318463E-15,-13.2));
#3854=DIRECTION('',(-1.3532642135704E-33,-1.95025926655022E-16,1.0));
#3855=DIRECTION('',(-1.0,6.93889390390723E-18,0.0));
#3856=SURFACE_STYLE_FILL_AREA(#7372);
#3857=ORIENTED_EDGE('',*,*,#7373,.F.);
#3858=ORIENTED_EDGE('',*,*,#7371,.T.);
#3859=ORIENTED_EDGE('',*,*,#7374,.T.);
#3860=ORIENTED_EDGE('',*,*,#7375,.F.);
#3861=ORIENTED_EDGE('',*,*,#7376,.T.);
#3862=ORIENTED_EDGE('',*,*,#7377,.T.);
#3863=ORIENTED_EDGE('',*,*,#7378,.F.);
#3864=ORIENTED_EDGE('',*,*,#7379,.T.);
#3865=ORIENTED_EDGE('',*,*,#7380,.T.);
#3866=ORIENTED_EDGE('',*,*,#7381,.F.);
#3867=ORIENTED_EDGE('',*,*,#7382,.T.);
#3868=ORIENTED_EDGE('',*,*,#7383,.T.);
#3869=ORIENTED_EDGE('',*,*,#7384,.F.);
#3870=ORIENTED_EDGE('',*,*,#7385,.T.);
#3871=ORIENTED_EDGE('',*,*,#7386,.T.);
#3872=ORIENTED_EDGE('',*,*,#7387,.F.);
#3873=ORIENTED_EDGE('',*,*,#7388,.T.);
#3874=ORIENTED_EDGE('',*,*,#7389,.T.);
#3875=ORIENTED_EDGE('',*,*,#7390,.F.);
#3876=ORIENTED_EDGE('',*,*,#7391,.T.);
#3877=ORIENTED_EDGE('',*,*,#7392,.T.);
#3878=ORIENTED_EDGE('',*,*,#7393,.F.);
#3879=ORIENTED_EDGE('',*,*,#7394,.T.);
#3880=ORIENTED_EDGE('',*,*,#7395,.T.);
#3881=ORIENTED_EDGE('',*,*,#7396,.F.);
#3882=ORIENTED_EDGE('',*,*,#7397,.T.);
#3883=ORIENTED_EDGE('',*,*,#7398,.T.);
#3884=ORIENTED_EDGE('',*,*,#7399,.F.);
#3885=ORIENTED_EDGE('',*,*,#7400,.T.);
#3886=ORIENTED_EDGE('',*,*,#7401,.T.);
#3887=ORIENTED_EDGE('',*,*,#7402,.F.);
#3888=CARTESIAN_POINT('',(2.97979533562951E-15,2.5743422318463E-15,-13.2));
#3889=DIRECTION('',(-1.3532642135704E-33,-1.95025926655022E-16,1.0));
#3890=DIRECTION('',(-1.0,6.93889390390723E-18,0.0));
#3891=SURFACE_STYLE_FILL_AREA(#7403);
#3892=ORIENTED_EDGE('',*,*,#7404,.T.);
#3893=ORIENTED_EDGE('',*,*,#7405,.T.);
#3894=ORIENTED_EDGE('',*,*,#7406,.F.);
#3895=ORIENTED_EDGE('',*,*,#7407,.F.);
#3896=CARTESIAN_POINT('',(2.93284602333188E-14,-4.2,8.33498868174353));
#3897=DIRECTION('',(0.0,-0.0,-1.0));
#3898=DIRECTION('',(-1.0,-6.67201336914156E-15,0.0));
#3899=SURFACE_STYLE_FILL_AREA(#7408);
#3900=ORIENTED_EDGE('',*,*,#7409,.F.);
#3901=ORIENTED_EDGE('',*,*,#7410,.T.);
#3902=ORIENTED_EDGE('',*,*,#7406,.T.);
#3903=ORIENTED_EDGE('',*,*,#7411,.F.);
#3904=CARTESIAN_POINT('',(2.93284602333188E-14,-4.2,5.5));
#3905=DIRECTION('',(0.0,-0.0,-1.0));
#3906=DIRECTION('',(1.0,6.67201336914156E-15,0.0));
#3907=SURFACE_STYLE_FILL_AREA(#7412);
#3908=ORIENTED_EDGE('',*,*,#7413,.T.);
#3909=ORIENTED_EDGE('',*,*,#7414,.T.);
#3910=ORIENTED_EDGE('',*,*,#7415,.F.);
#3911=ORIENTED_EDGE('',*,*,#7416,.F.);
#3912=CARTESIAN_POINT('',(3.00000000000003,-4.19999999999998,7.72944915914309));
#3913=DIRECTION('',(-4.54231193257699E-46,6.9825721436004E-32,-1.0));
#3914=DIRECTION('',(-1.0,-6.50521303491302E-15,0.0));
#3915=SURFACE_STYLE_FILL_AREA(#7417);
#3916=ORIENTED_EDGE('',*,*,#7418,.F.);
#3917=ORIENTED_EDGE('',*,*,#7419,.T.);
#3918=ORIENTED_EDGE('',*,*,#7415,.T.);
#3919=ORIENTED_EDGE('',*,*,#7420,.F.);
#3920=CARTESIAN_POINT('',(3.00000000000003,-4.19999999999998,5.08));
#3921=DIRECTION('',(-4.54231193257699E-46,6.9825721436004E-32,-1.0));
#3922=DIRECTION('',(1.0,6.50521303491302E-15,0.0));
#3923=SURFACE_STYLE_FILL_AREA(#7421);
#3924=ORIENTED_EDGE('',*,*,#7422,.F.);
#3925=ORIENTED_EDGE('',*,*,#7423,.T.);
#3926=ORIENTED_EDGE('',*,*,#7424,.T.);
#3927=CARTESIAN_POINT('',(3.00000000000003,-4.19999999999998,5.98));
#3928=DIRECTION('',(4.46963906493669E-47,-6.44142874474542E-33,1.0));
#3929=DIRECTION('',(-1.0,-6.93889390390725E-15,9.72346137165807E-63));
#3930=SURFACE_STYLE_FILL_AREA(#7425);
#3931=ORIENTED_EDGE('',*,*,#7426,.T.);
#3932=ORIENTED_EDGE('',*,*,#7427,.T.);
#3933=ORIENTED_EDGE('',*,*,#7428,.T.);
#3934=ORIENTED_EDGE('',*,*,#7429,.F.);
#3935=CARTESIAN_POINT('',(-2.99999999999997,-4.20000000000002,2.51939944139522));
#3936=DIRECTION('',(-0.0,0.0,1.0));
#3937=DIRECTION('',(1.0,7.4043075194132E-15,0.0));
#3938=SURFACE_STYLE_FILL_AREA(#7430);
#3939=ORIENTED_EDGE('',*,*,#7431,.T.);
#3940=ORIENTED_EDGE('',*,*,#7432,.T.);
#3941=ORIENTED_EDGE('',*,*,#7426,.F.);
#3942=ORIENTED_EDGE('',*,*,#7433,.F.);
#3943=CARTESIAN_POINT('',(-2.99999999999997,-4.20000000000002,5.08));
#3944=DIRECTION('',(0.0,-0.0,-1.0));
#3945=DIRECTION('',(1.0,7.4043075194132E-15,0.0));
#3946=SURFACE_STYLE_FILL_AREA(#7434);
#3947=ORIENTED_EDGE('',*,*,#7435,.F.);
#3948=ORIENTED_EDGE('',*,*,#7436,.T.);
#3949=ORIENTED_EDGE('',*,*,#7437,.F.);
#3950=CARTESIAN_POINT('',(-2.99999999999997,-4.20000000000002,5.98));
#3951=DIRECTION('',(-0.0,0.0,1.0));
#3952=DIRECTION('',(-1.0,-6.93889390390725E-15,0.0));
#3953=SURFACE_STYLE_FILL_AREA(#7438);
#3954=ORIENTED_EDGE('',*,*,#7439,.T.);
#3955=ORIENTED_EDGE('',*,*,#7440,.T.);
#3956=ORIENTED_EDGE('',*,*,#7441,.F.);
#3957=ORIENTED_EDGE('',*,*,#7442,.F.);
#3958=CARTESIAN_POINT('',(0.0,4.2,8.33498868174353));
#3959=DIRECTION('',(0.0,0.0,-1.0));
#3960=DIRECTION('',(1.0,0.0,0.0));
#3961=SURFACE_STYLE_FILL_AREA(#7443);
#3962=ORIENTED_EDGE('',*,*,#7444,.F.);
#3963=ORIENTED_EDGE('',*,*,#7445,.T.);
#3964=ORIENTED_EDGE('',*,*,#7441,.T.);
#3965=ORIENTED_EDGE('',*,*,#7446,.F.);
#3966=CARTESIAN_POINT('',(0.0,4.2,5.5));
#3967=DIRECTION('',(-0.0,-0.0,-1.0));
#3968=DIRECTION('',(-1.0,0.0,0.0));
#3969=SURFACE_STYLE_FILL_AREA(#7447);
#3970=ORIENTED_EDGE('',*,*,#7448,.T.);
#3971=ORIENTED_EDGE('',*,*,#7449,.T.);
#3972=ORIENTED_EDGE('',*,*,#7450,.F.);
#3973=ORIENTED_EDGE('',*,*,#7451,.F.);
#3974=CARTESIAN_POINT('',(-3.0,4.2,7.72944915914309));
#3975=DIRECTION('',(0.0,0.0,-1.0));
#3976=DIRECTION('',(1.0,0.0,0.0));
#3977=SURFACE_STYLE_FILL_AREA(#7452);
#3978=ORIENTED_EDGE('',*,*,#7453,.F.);
#3979=ORIENTED_EDGE('',*,*,#7454,.T.);
#3980=ORIENTED_EDGE('',*,*,#7450,.T.);
#3981=ORIENTED_EDGE('',*,*,#7455,.F.);
#3982=CARTESIAN_POINT('',(-3.0,4.2,5.08));
#3983=DIRECTION('',(-0.0,-0.0,-1.0));
#3984=DIRECTION('',(-1.0,0.0,0.0));
#3985=SURFACE_STYLE_FILL_AREA(#7456);
#3986=ORIENTED_EDGE('',*,*,#7457,.F.);
#3987=ORIENTED_EDGE('',*,*,#7458,.T.);
#3988=ORIENTED_EDGE('',*,*,#7459,.T.);
#3989=CARTESIAN_POINT('',(-3.0,4.2,5.98));
#3990=DIRECTION('',(-0.0,-0.0,1.0));
#3991=DIRECTION('',(1.0,0.0,0.0));
#3992=SURFACE_STYLE_FILL_AREA(#7460);
#3993=ORIENTED_EDGE('',*,*,#7461,.T.);
#3994=ORIENTED_EDGE('',*,*,#7462,.T.);
#3995=ORIENTED_EDGE('',*,*,#7463,.T.);
#3996=ORIENTED_EDGE('',*,*,#7464,.F.);
#3997=CARTESIAN_POINT('',(3.0,4.2,2.51939944139522));
#3998=DIRECTION('',(0.0,0.0,1.0));
#3999=DIRECTION('',(-1.0,0.0,0.0));
#4000=SURFACE_STYLE_FILL_AREA(#7465);
#4001=ORIENTED_EDGE('',*,*,#7466,.T.);
#4002=ORIENTED_EDGE('',*,*,#7467,.T.);
#4003=ORIENTED_EDGE('',*,*,#7461,.F.);
#4004=ORIENTED_EDGE('',*,*,#7468,.F.);
#4005=CARTESIAN_POINT('',(3.0,4.2,5.08));
#4006=DIRECTION('',(-0.0,-0.0,-1.0));
#4007=DIRECTION('',(-1.0,0.0,0.0));
#4008=SURFACE_STYLE_FILL_AREA(#7469);
#4009=ORIENTED_EDGE('',*,*,#7470,.F.);
#4010=ORIENTED_EDGE('',*,*,#7471,.T.);
#4011=ORIENTED_EDGE('',*,*,#7472,.F.);
#4012=CARTESIAN_POINT('',(3.0,4.2,5.98));
#4013=DIRECTION('',(-0.0,-0.0,1.0));
#4014=DIRECTION('',(1.0,0.0,0.0));
#4015=SURFACE_STYLE_FILL_AREA(#7473);
#4016=ORIENTED_EDGE('',*,*,#7474,.F.);
#4017=ORIENTED_EDGE('',*,*,#7475,.T.);
#4018=ORIENTED_EDGE('',*,*,#7476,.T.);
#4019=ORIENTED_EDGE('',*,*,#7477,.F.);
#4020=ORIENTED_EDGE('',*,*,#7478,.F.);
#4021=ORIENTED_EDGE('',*,*,#7479,.F.);
#4022=CARTESIAN_POINT('',(-3.2,4.3,0.0));
#4023=DIRECTION('',(0.0,0.0,1.0));
#4024=DIRECTION('',(1.0,0.0,0.0));
#4025=SURFACE_STYLE_FILL_AREA(#7480);
#4026=ORIENTED_EDGE('',*,*,#7481,.T.);
#4027=ORIENTED_EDGE('',*,*,#7482,.F.);
#4028=ORIENTED_EDGE('',*,*,#7483,.F.);
#4029=ORIENTED_EDGE('',*,*,#7484,.F.);
#4030=ORIENTED_EDGE('',*,*,#7485,.F.);
#4031=ORIENTED_EDGE('',*,*,#7486,.T.);
#4032=CARTESIAN_POINT('',(-3.2,4.3,0.0));
#4033=DIRECTION('',(0.0,0.0,1.0));
#4034=DIRECTION('',(1.0,0.0,0.0));
#4035=SURFACE_STYLE_FILL_AREA(#7487);
#4036=ORIENTED_EDGE('',*,*,#7488,.F.);
#4037=ORIENTED_EDGE('',*,*,#7489,.T.);
#4038=ORIENTED_EDGE('',*,*,#7490,.T.);
#4039=ORIENTED_EDGE('',*,*,#7491,.F.);
#4040=ORIENTED_EDGE('',*,*,#7492,.F.);
#4041=ORIENTED_EDGE('',*,*,#7493,.F.);
#4042=CARTESIAN_POINT('',(-3.2,4.3,0.0));
#4043=DIRECTION('',(0.0,0.0,1.0));
#4044=DIRECTION('',(1.0,0.0,0.0));
#4045=SURFACE_STYLE_FILL_AREA(#7494);
#4046=ORIENTED_EDGE('',*,*,#7495,.T.);
#4047=ORIENTED_EDGE('',*,*,#7496,.T.);
#4048=ORIENTED_EDGE('',*,*,#7497,.F.);
#4049=ORIENTED_EDGE('',*,*,#7498,.F.);
#4050=ORIENTED_EDGE('',*,*,#7499,.T.);
#4051=ORIENTED_EDGE('',*,*,#7500,.T.);
#4052=ORIENTED_EDGE('',*,*,#7501,.F.);
#4053=ORIENTED_EDGE('',*,*,#7502,.T.);
#4054=ORIENTED_EDGE('',*,*,#7484,.T.);
#4055=ORIENTED_EDGE('',*,*,#7503,.F.);
#4056=ORIENTED_EDGE('',*,*,#7504,.F.);
#4057=ORIENTED_EDGE('',*,*,#7505,.T.);
#4058=ORIENTED_EDGE('',*,*,#7478,.T.);
#4059=ORIENTED_EDGE('',*,*,#7506,.F.);
#4060=ORIENTED_EDGE('',*,*,#7507,.F.);
#4061=ORIENTED_EDGE('',*,*,#7508,.F.);
#4062=ORIENTED_EDGE('',*,*,#7509,.F.);
#4063=ORIENTED_EDGE('',*,*,#7510,.T.);
#4064=ORIENTED_EDGE('',*,*,#7511,.F.);
#4065=ORIENTED_EDGE('',*,*,#7512,.F.);
#4066=ORIENTED_EDGE('',*,*,#7513,.F.);
#4067=ORIENTED_EDGE('',*,*,#7514,.T.);
#4068=ORIENTED_EDGE('',*,*,#7515,.F.);
#4069=ORIENTED_EDGE('',*,*,#7516,.F.);
#4070=ORIENTED_EDGE('',*,*,#7517,.F.);
#4071=ORIENTED_EDGE('',*,*,#7518,.F.);
#4072=ORIENTED_EDGE('',*,*,#7519,.T.);
#4073=ORIENTED_EDGE('',*,*,#7520,.F.);
#4074=CARTESIAN_POINT('',(-3.39999999999999,-6.3,4.48));
#4075=DIRECTION('',(-1.27553196763001E-16,1.0,0.0));
#4076=DIRECTION('',(1.0,1.27553196763001E-16,-0.0));
#4077=SURFACE_STYLE_FILL_AREA(#7521);
#4078=ORIENTED_EDGE('',*,*,#7522,.F.);
#4079=ORIENTED_EDGE('',*,*,#7507,.T.);
#4080=ORIENTED_EDGE('',*,*,#7523,.T.);
#4081=ORIENTED_EDGE('',*,*,#7524,.T.);
#4082=ORIENTED_EDGE('',*,*,#7525,.T.);
#4083=ORIENTED_EDGE('',*,*,#7526,.T.);
#4084=ORIENTED_EDGE('',*,*,#7527,.T.);
#4085=ORIENTED_EDGE('',*,*,#7528,.T.);
#4086=ORIENTED_EDGE('',*,*,#7529,.T.);
#4087=ORIENTED_EDGE('',*,*,#7501,.T.);
#4088=ORIENTED_EDGE('',*,*,#7530,.F.);
#4089=ORIENTED_EDGE('',*,*,#7497,.T.);
#4090=ORIENTED_EDGE('',*,*,#7413,.F.);
#4091=ORIENTED_EDGE('',*,*,#7531,.F.);
#4092=ORIENTED_EDGE('',*,*,#7404,.F.);
#4093=ORIENTED_EDGE('',*,*,#7532,.F.);
#4094=ORIENTED_EDGE('',*,*,#7533,.F.);
#4095=ORIENTED_EDGE('',*,*,#7428,.F.);
#4096=ORIENTED_EDGE('',*,*,#7448,.F.);
#4097=ORIENTED_EDGE('',*,*,#7534,.F.);
#4098=ORIENTED_EDGE('',*,*,#7439,.F.);
#4099=ORIENTED_EDGE('',*,*,#7535,.F.);
#4100=ORIENTED_EDGE('',*,*,#7536,.F.);
#4101=ORIENTED_EDGE('',*,*,#7463,.F.);
#4102=ORIENTED_EDGE('',*,*,#7257,.T.);
#4103=ORIENTED_EDGE('',*,*,#7537,.T.);
#4104=CARTESIAN_POINT('',(-3.2,4.3,4.48));
#4105=DIRECTION('',(0.0,0.0,1.0));
#4106=DIRECTION('',(1.0,0.0,0.0));
#4107=SURFACE_STYLE_FILL_AREA(#7538);
#4108=ORIENTED_EDGE('',*,*,#7491,.T.);
#4109=ORIENTED_EDGE('',*,*,#7539,.T.);
#4110=ORIENTED_EDGE('',*,*,#7540,.F.);
#4111=ORIENTED_EDGE('',*,*,#7527,.F.);
#4112=ORIENTED_EDGE('',*,*,#7541,.T.);
#4113=CARTESIAN_POINT('',(-3.2,4.3,4.48));
#4114=DIRECTION('',(0.0,0.0,1.0));
#4115=DIRECTION('',(-1.0,0.0,0.0));
#4116=SURFACE_STYLE_FILL_AREA(#7542);
#4117=ORIENTED_EDGE('',*,*,#7540,.T.);
#4118=ORIENTED_EDGE('',*,*,#7543,.T.);
#4119=ORIENTED_EDGE('',*,*,#7544,.F.);
#4120=ORIENTED_EDGE('',*,*,#7528,.F.);
#4121=CARTESIAN_POINT('',(-4.4,4.29999999999999,4.48));
#4122=DIRECTION('',(1.0,0.0,-0.0));
#4123=DIRECTION('',(-0.0,1.0,0.0));
#4124=SURFACE_STYLE_FILL_AREA(#7545);
#4125=ORIENTED_EDGE('',*,*,#7544,.T.);
#4126=ORIENTED_EDGE('',*,*,#7546,.T.);
#4127=ORIENTED_EDGE('',*,*,#7485,.T.);
#4128=ORIENTED_EDGE('',*,*,#7502,.F.);
#4129=ORIENTED_EDGE('',*,*,#7529,.F.);
#4130=CARTESIAN_POINT('',(-3.4,-5.3,4.48));
#4131=DIRECTION('',(0.0,0.0,1.0));
#4132=DIRECTION('',(-1.0,0.0,0.0));
#4133=SURFACE_STYLE_FILL_AREA(#7547);
#4134=ORIENTED_EDGE('',*,*,#7477,.T.);
#4135=ORIENTED_EDGE('',*,*,#7548,.T.);
#4136=ORIENTED_EDGE('',*,*,#7549,.F.);
#4137=ORIENTED_EDGE('',*,*,#7523,.F.);
#4138=ORIENTED_EDGE('',*,*,#7506,.T.);
#4139=CARTESIAN_POINT('',(3.4,-5.3,4.48));
#4140=DIRECTION('',(0.0,0.0,1.0));
#4141=DIRECTION('',(-1.0,0.0,0.0));
#4142=SURFACE_STYLE_FILL_AREA(#7550);
#4143=ORIENTED_EDGE('',*,*,#7549,.T.);
#4144=ORIENTED_EDGE('',*,*,#7551,.T.);
#4145=ORIENTED_EDGE('',*,*,#7552,.F.);
#4146=ORIENTED_EDGE('',*,*,#7524,.F.);
#4147=CARTESIAN_POINT('',(4.4,4.29999999999999,4.48));
#4148=DIRECTION('',(-1.0,-3.61400724161835E-16,0.0));
#4149=DIRECTION('',(-3.61400724161835E-16,1.0,0.0));
#4150=SURFACE_STYLE_FILL_AREA(#7553);
#4151=ORIENTED_EDGE('',*,*,#7552,.T.);
#4152=ORIENTED_EDGE('',*,*,#7554,.T.);
#4153=ORIENTED_EDGE('',*,*,#7555,.T.);
#4154=ORIENTED_EDGE('',*,*,#7556,.F.);
#4155=ORIENTED_EDGE('',*,*,#7525,.F.);
#4156=CARTESIAN_POINT('',(3.2,4.3,4.48));
#4157=DIRECTION('',(0.0,0.0,1.0));
#4158=DIRECTION('',(-1.0,0.0,0.0));
#4159=SURFACE_STYLE_FILL_AREA(#7557);
#4160=ORIENTED_EDGE('',*,*,#7558,.T.);
#4161=ORIENTED_EDGE('',*,*,#7559,.F.);
#4162=ORIENTED_EDGE('',*,*,#7560,.F.);
#4163=ORIENTED_EDGE('',*,*,#7561,.T.);
#4164=ORIENTED_EDGE('',*,*,#7492,.T.);
#4165=ORIENTED_EDGE('',*,*,#7541,.F.);
#4166=ORIENTED_EDGE('',*,*,#7526,.F.);
#4167=ORIENTED_EDGE('',*,*,#7556,.T.);
#4168=CARTESIAN_POINT('',(-3.19999999999999,5.5,4.48));
#4169=DIRECTION('',(1.35525271560688E-16,-1.0,0.0));
#4170=DIRECTION('',(0.0,0.0,-1.0));
#4171=SURFACE_STYLE_FILL_AREA(#7562);
#4172=ORIENTED_EDGE('',*,*,#7563,.T.);
#4173=ORIENTED_EDGE('',*,*,#7564,.F.);
#4174=ORIENTED_EDGE('',*,*,#7565,.F.);
#4175=ORIENTED_EDGE('',*,*,#7558,.F.);
#4176=ORIENTED_EDGE('',*,*,#7555,.F.);
#4177=ORIENTED_EDGE('',*,*,#7566,.T.);
#4178=CARTESIAN_POINT('',(-3.2,4.3,0.0));
#4179=DIRECTION('',(0.0,0.0,1.0));
#4180=DIRECTION('',(1.0,0.0,0.0));
#4181=SURFACE_STYLE_FILL_AREA(#7567);
#4182=ORIENTED_EDGE('',*,*,#7565,.T.);
#4183=ORIENTED_EDGE('',*,*,#7568,.F.);
#4184=ORIENTED_EDGE('',*,*,#7569,.F.);
#4185=ORIENTED_EDGE('',*,*,#7570,.F.);
#4186=ORIENTED_EDGE('',*,*,#7559,.T.);
#4187=CARTESIAN_POINT('',(1.5,5.5,0.3));
#4188=DIRECTION('',(1.0,0.0,-0.0));
#4189=DIRECTION('',(-0.0,1.0,0.0));
#4190=SURFACE_STYLE_FILL_AREA(#7571);
#4191=ORIENTED_EDGE('',*,*,#7572,.T.);
#4192=ORIENTED_EDGE('',*,*,#7493,.T.);
#4193=ORIENTED_EDGE('',*,*,#7561,.F.);
#4194=ORIENTED_EDGE('',*,*,#7573,.F.);
#4195=ORIENTED_EDGE('',*,*,#7574,.T.);
#4196=CARTESIAN_POINT('',(-1.5,5.5,0.3));
#4197=DIRECTION('',(-1.0,0.0,0.0));
#4198=DIRECTION('',(0.0,0.0,1.0));
#4199=SURFACE_STYLE_FILL_AREA(#7575);
#4200=ORIENTED_EDGE('',*,*,#7576,.T.);
#4201=ORIENTED_EDGE('',*,*,#7574,.F.);
#4202=ORIENTED_EDGE('',*,*,#7577,.F.);
#4203=ORIENTED_EDGE('',*,*,#7569,.T.);
#4204=CARTESIAN_POINT('',(1.5,5.2,0.3));
#4205=DIRECTION('',(0.0,-1.0,0.0));
#4206=DIRECTION('',(0.0,0.0,-1.0));
#4207=SURFACE_STYLE_FILL_AREA(#7578);
#4208=ORIENTED_EDGE('',*,*,#7570,.T.);
#4209=ORIENTED_EDGE('',*,*,#7577,.T.);
#4210=ORIENTED_EDGE('',*,*,#7573,.T.);
#4211=ORIENTED_EDGE('',*,*,#7560,.T.);
#4212=CARTESIAN_POINT('',(1.5,5.2,0.3));
#4213=DIRECTION('',(-0.0,-0.0,-1.0));
#4214=DIRECTION('',(0.0,-1.0,0.0));
#4215=SURFACE_STYLE_FILL_AREA(#7579);
#4216=ORIENTED_EDGE('',*,*,#7580,.T.);
#4217=ORIENTED_EDGE('',*,*,#7479,.T.);
#4218=ORIENTED_EDGE('',*,*,#7505,.F.);
#4219=ORIENTED_EDGE('',*,*,#7581,.F.);
#4220=ORIENTED_EDGE('',*,*,#7582,.T.);
#4221=CARTESIAN_POINT('',(2.0,-4.9,1.5));
#4222=DIRECTION('',(1.0,0.0,-0.0));
#4223=DIRECTION('',(-0.0,1.0,0.0));
#4224=SURFACE_STYLE_FILL_AREA(#7583);
#4225=ORIENTED_EDGE('',*,*,#7584,.T.);
#4226=ORIENTED_EDGE('',*,*,#7582,.F.);
#4227=ORIENTED_EDGE('',*,*,#7585,.F.);
#4228=ORIENTED_EDGE('',*,*,#7586,.T.);
#4229=CARTESIAN_POINT('',(2.0,-4.9,1.5));
#4230=DIRECTION('',(2.16840434497101E-16,1.0,0.0));
#4231=DIRECTION('',(1.0,-2.16840434497101E-16,0.0));
#4232=SURFACE_STYLE_FILL_AREA(#7587);
#4233=ORIENTED_EDGE('',*,*,#7483,.T.);
#4234=ORIENTED_EDGE('',*,*,#7588,.F.);
#4235=ORIENTED_EDGE('',*,*,#7586,.F.);
#4236=ORIENTED_EDGE('',*,*,#7589,.F.);
#4237=ORIENTED_EDGE('',*,*,#7503,.T.);
#4238=CARTESIAN_POINT('',(-2.0,-4.9,1.5));
#4239=DIRECTION('',(-1.0,0.0,0.0));
#4240=DIRECTION('',(0.0,0.0,1.0));
#4241=SURFACE_STYLE_FILL_AREA(#7590);
#4242=ORIENTED_EDGE('',*,*,#7581,.T.);
#4243=ORIENTED_EDGE('',*,*,#7504,.T.);
#4244=ORIENTED_EDGE('',*,*,#7589,.T.);
#4245=ORIENTED_EDGE('',*,*,#7585,.T.);
#4246=CARTESIAN_POINT('',(2.0,-6.3,1.5));
#4247=DIRECTION('',(-0.0,-0.0,-1.0));
#4248=DIRECTION('',(0.0,-1.0,0.0));
#4249=SURFACE_STYLE_FILL_AREA(#7591);
#4250=ORIENTED_EDGE('',*,*,#7539,.F.);
#4251=ORIENTED_EDGE('',*,*,#7490,.F.);
#4252=ORIENTED_EDGE('',*,*,#7592,.T.);
#4253=ORIENTED_EDGE('',*,*,#7486,.F.);
#4254=ORIENTED_EDGE('',*,*,#7546,.F.);
#4255=ORIENTED_EDGE('',*,*,#7543,.F.);
#4256=CARTESIAN_POINT('',(-4.4,4.29999999999999,0.2));
#4257=DIRECTION('',(0.707106781186546,0.0,0.707106781186549));
#4258=DIRECTION('',(0.0,-1.0,0.0));
#4259=SURFACE_STYLE_FILL_AREA(#7593);
#4260=ORIENTED_EDGE('',*,*,#7548,.F.);
#4261=ORIENTED_EDGE('',*,*,#7476,.F.);
#4262=ORIENTED_EDGE('',*,*,#7594,.T.);
#4263=ORIENTED_EDGE('',*,*,#7566,.F.);
#4264=ORIENTED_EDGE('',*,*,#7554,.F.);
#4265=ORIENTED_EDGE('',*,*,#7551,.F.);
#4266=CARTESIAN_POINT('',(4.4,4.29999999999999,0.2));
#4267=DIRECTION('',(-0.707106781186548,-2.55548902780563E-16,0.707106781186548));
#4268=DIRECTION('',(-3.61400724161835E-16,1.0,0.0));
#4269=SURFACE_STYLE_FILL_AREA(#7595);
#4270=ORIENTED_EDGE('',*,*,#7471,.F.);
#4271=ORIENTED_EDGE('',*,*,#7470,.T.);
#4272=ORIENTED_EDGE('',*,*,#7596,.F.);
#4273=CARTESIAN_POINT('',(3.0,4.2,5.98));
#4274=DIRECTION('',(-0.0,-0.0,1.0));
#4275=DIRECTION('',(1.0,0.0,0.0));
#4276=SURFACE_STYLE_FILL_AREA(#7597);
#4277=ORIENTED_EDGE('',*,*,#7466,.F.);
#4278=ORIENTED_EDGE('',*,*,#7598,.F.);
#4279=ORIENTED_EDGE('',*,*,#7472,.T.);
#4280=ORIENTED_EDGE('',*,*,#7596,.T.);
#4281=CARTESIAN_POINT('',(2.5,4.2,5.98));
#4282=DIRECTION('',(0.0,0.0,1.0));
#4283=DIRECTION('',(1.0,0.0,0.0));
#4284=SURFACE_STYLE_FILL_AREA(#7599);
#4285=ORIENTED_EDGE('',*,*,#7467,.F.);
#4286=ORIENTED_EDGE('',*,*,#7598,.T.);
#4287=ORIENTED_EDGE('',*,*,#7468,.T.);
#4288=ORIENTED_EDGE('',*,*,#7600,.F.);
#4289=CARTESIAN_POINT('',(3.0,4.2,5.08));
#4290=DIRECTION('',(-0.0,-0.0,-1.0));
#4291=DIRECTION('',(-1.0,0.0,0.0));
#4292=SURFACE_STYLE_FILL_AREA(#7601);
#4293=ORIENTED_EDGE('',*,*,#7462,.F.);
#4294=ORIENTED_EDGE('',*,*,#7600,.T.);
#4295=ORIENTED_EDGE('',*,*,#7464,.T.);
#4296=ORIENTED_EDGE('',*,*,#7536,.T.);
#4297=CARTESIAN_POINT('',(3.0,4.2,2.51939944139522));
#4298=DIRECTION('',(0.0,0.0,1.0));
#4299=DIRECTION('',(-1.0,0.0,0.0));
#4300=SURFACE_STYLE_FILL_AREA(#7602);
#4301=ORIENTED_EDGE('',*,*,#7458,.F.);
#4302=ORIENTED_EDGE('',*,*,#7457,.T.);
#4303=ORIENTED_EDGE('',*,*,#7603,.T.);
#4304=CARTESIAN_POINT('',(-3.0,4.2,5.98));
#4305=DIRECTION('',(-0.0,-0.0,1.0));
#4306=DIRECTION('',(1.0,0.0,0.0));
#4307=SURFACE_STYLE_FILL_AREA(#7604);
#4308=ORIENTED_EDGE('',*,*,#7605,.T.);
#4309=ORIENTED_EDGE('',*,*,#7453,.T.);
#4310=ORIENTED_EDGE('',*,*,#7603,.F.);
#4311=ORIENTED_EDGE('',*,*,#7459,.F.);
#4312=CARTESIAN_POINT('',(-3.5,4.2,5.98));
#4313=DIRECTION('',(-1.46154228196084E-16,0.0,-1.0));
#4314=DIRECTION('',(-1.0,0.0,1.46154228196084E-16));
#4315=SURFACE_STYLE_FILL_AREA(#7606);
#4316=ORIENTED_EDGE('',*,*,#7454,.F.);
#4317=ORIENTED_EDGE('',*,*,#7605,.F.);
#4318=ORIENTED_EDGE('',*,*,#7455,.T.);
#4319=ORIENTED_EDGE('',*,*,#7607,.T.);
#4320=CARTESIAN_POINT('',(-3.0,4.2,5.08));
#4321=DIRECTION('',(-0.0,-0.0,-1.0));
#4322=DIRECTION('',(-1.0,0.0,0.0));
#4323=SURFACE_STYLE_FILL_AREA(#7608);
#4324=ORIENTED_EDGE('',*,*,#7449,.F.);
#4325=ORIENTED_EDGE('',*,*,#7534,.T.);
#4326=ORIENTED_EDGE('',*,*,#7451,.T.);
#4327=ORIENTED_EDGE('',*,*,#7607,.F.);
#4328=CARTESIAN_POINT('',(-3.0,4.2,7.72944915914309));
#4329=DIRECTION('',(0.0,0.0,-1.0));
#4330=DIRECTION('',(1.0,0.0,0.0));
#4331=SURFACE_STYLE_FILL_AREA(#7609);
#4332=ORIENTED_EDGE('',*,*,#7610,.T.);
#4333=ORIENTED_EDGE('',*,*,#7444,.T.);
#4334=CARTESIAN_POINT('',(-4.72084363357647E-16,4.2,6.3));
#4335=DIRECTION('',(0.0,0.0,-1.0));
#4336=DIRECTION('',(0.0,-1.0,0.0));
#4337=SURFACE_STYLE_FILL_AREA(#7611);
#4338=ORIENTED_EDGE('',*,*,#7445,.F.);
#4339=ORIENTED_EDGE('',*,*,#7610,.F.);
#4340=ORIENTED_EDGE('',*,*,#7446,.T.);
#4341=ORIENTED_EDGE('',*,*,#7612,.T.);
#4342=CARTESIAN_POINT('',(0.0,4.2,5.5));
#4343=DIRECTION('',(-0.0,-0.0,-1.0));
#4344=DIRECTION('',(-1.0,0.0,0.0));
#4345=SURFACE_STYLE_FILL_AREA(#7613);
#4346=ORIENTED_EDGE('',*,*,#7440,.F.);
#4347=ORIENTED_EDGE('',*,*,#7535,.T.);
#4348=ORIENTED_EDGE('',*,*,#7442,.T.);
#4349=ORIENTED_EDGE('',*,*,#7612,.F.);
#4350=CARTESIAN_POINT('',(0.0,4.2,8.33498868174353));
#4351=DIRECTION('',(0.0,0.0,-1.0));
#4352=DIRECTION('',(1.0,0.0,0.0));
#4353=SURFACE_STYLE_FILL_AREA(#7614);
#4354=ORIENTED_EDGE('',*,*,#7436,.F.);
#4355=ORIENTED_EDGE('',*,*,#7435,.T.);
#4356=ORIENTED_EDGE('',*,*,#7615,.F.);
#4357=CARTESIAN_POINT('',(-2.99999999999997,-4.20000000000002,5.98));
#4358=DIRECTION('',(-0.0,0.0,1.0));
#4359=DIRECTION('',(-1.0,-6.93889390390725E-15,0.0));
#4360=SURFACE_STYLE_FILL_AREA(#7616);
#4361=ORIENTED_EDGE('',*,*,#7431,.F.);
#4362=ORIENTED_EDGE('',*,*,#7617,.F.);
#4363=ORIENTED_EDGE('',*,*,#7437,.T.);
#4364=ORIENTED_EDGE('',*,*,#7615,.T.);
#4365=CARTESIAN_POINT('',(-2.49999999999997,-4.20000000000002,5.98));
#4366=DIRECTION('',(0.0,0.0,1.0));
#4367=DIRECTION('',(1.0,0.0,0.0));
#4368=SURFACE_STYLE_FILL_AREA(#7618);
#4369=ORIENTED_EDGE('',*,*,#7432,.F.);
#4370=ORIENTED_EDGE('',*,*,#7617,.T.);
#4371=ORIENTED_EDGE('',*,*,#7433,.T.);
#4372=ORIENTED_EDGE('',*,*,#7619,.F.);
#4373=CARTESIAN_POINT('',(-2.99999999999997,-4.20000000000002,5.08));
#4374=DIRECTION('',(0.0,-0.0,-1.0));
#4375=DIRECTION('',(1.0,7.4043075194132E-15,0.0));
#4376=SURFACE_STYLE_FILL_AREA(#7620);
#4377=ORIENTED_EDGE('',*,*,#7427,.F.);
#4378=ORIENTED_EDGE('',*,*,#7619,.T.);
#4379=ORIENTED_EDGE('',*,*,#7429,.T.);
#4380=ORIENTED_EDGE('',*,*,#7533,.T.);
#4381=CARTESIAN_POINT('',(-2.99999999999997,-4.20000000000002,2.51939944139522));
#4382=DIRECTION('',(-0.0,0.0,1.0));
#4383=DIRECTION('',(1.0,7.4043075194132E-15,0.0));
#4384=SURFACE_STYLE_FILL_AREA(#7621);
#4385=ORIENTED_EDGE('',*,*,#7423,.F.);
#4386=ORIENTED_EDGE('',*,*,#7422,.T.);
#4387=ORIENTED_EDGE('',*,*,#7622,.T.);
#4388=CARTESIAN_POINT('',(3.00000000000003,-4.19999999999998,5.98));
#4389=DIRECTION('',(4.46963906493669E-47,-6.44142874474542E-33,1.0));
#4390=DIRECTION('',(-1.0,-6.93889390390725E-15,9.72346137165807E-63));
#4391=SURFACE_STYLE_FILL_AREA(#7623);
#4392=ORIENTED_EDGE('',*,*,#7624,.T.);
#4393=ORIENTED_EDGE('',*,*,#7418,.T.);
#4394=ORIENTED_EDGE('',*,*,#7622,.F.);
#4395=ORIENTED_EDGE('',*,*,#7424,.F.);
#4396=CARTESIAN_POINT('',(3.50000000000003,-4.19999999999998,5.98));
#4397=DIRECTION('',(1.46154228196084E-16,1.02059011180482E-30,-1.0));
#4398=DIRECTION('',(0.0,-1.0,-1.02059011180482E-30));
#4399=SURFACE_STYLE_FILL_AREA(#7625);
#4400=ORIENTED_EDGE('',*,*,#7419,.F.);
#4401=ORIENTED_EDGE('',*,*,#7624,.F.);
#4402=ORIENTED_EDGE('',*,*,#7420,.T.);
#4403=ORIENTED_EDGE('',*,*,#7626,.T.);
#4404=CARTESIAN_POINT('',(3.00000000000003,-4.19999999999998,5.08));
#4405=DIRECTION('',(-4.54231193257699E-46,6.9825721436004E-32,-1.0));
#4406=DIRECTION('',(1.0,6.50521303491302E-15,0.0));
#4407=SURFACE_STYLE_FILL_AREA(#7627);
#4408=ORIENTED_EDGE('',*,*,#7414,.F.);
#4409=ORIENTED_EDGE('',*,*,#7531,.T.);
#4410=ORIENTED_EDGE('',*,*,#7416,.T.);
#4411=ORIENTED_EDGE('',*,*,#7626,.F.);
#4412=CARTESIAN_POINT('',(3.00000000000003,-4.19999999999998,7.72944915914309));
#4413=DIRECTION('',(-4.54231193257699E-46,6.9825721436004E-32,-1.0));
#4414=DIRECTION('',(-1.0,-6.50521303491302E-15,0.0));
#4415=SURFACE_STYLE_FILL_AREA(#7628);
#4416=ORIENTED_EDGE('',*,*,#7629,.T.);
#4417=ORIENTED_EDGE('',*,*,#7409,.T.);
#4418=CARTESIAN_POINT('',(2.98005445966765E-14,-4.2,6.3));
#4419=DIRECTION('',(0.0,0.0,-1.0));
#4420=DIRECTION('',(0.0,-1.0,0.0));
#4421=SURFACE_STYLE_FILL_AREA(#7630);
#4422=ORIENTED_EDGE('',*,*,#7410,.F.);
#4423=ORIENTED_EDGE('',*,*,#7629,.F.);
#4424=ORIENTED_EDGE('',*,*,#7411,.T.);
#4425=ORIENTED_EDGE('',*,*,#7631,.T.);
#4426=CARTESIAN_POINT('',(2.93284602333188E-14,-4.2,5.5));
#4427=DIRECTION('',(0.0,-0.0,-1.0));
#4428=DIRECTION('',(1.0,6.67201336914156E-15,0.0));
#4429=SURFACE_STYLE_FILL_AREA(#7632);
#4430=ORIENTED_EDGE('',*,*,#7405,.F.);
#4431=ORIENTED_EDGE('',*,*,#7532,.T.);
#4432=ORIENTED_EDGE('',*,*,#7407,.T.);
#4433=ORIENTED_EDGE('',*,*,#7631,.F.);
#4434=CARTESIAN_POINT('',(2.93284602333188E-14,-4.2,8.33498868174353));
#4435=DIRECTION('',(0.0,-0.0,-1.0));
#4436=DIRECTION('',(-1.0,-6.67201336914156E-15,0.0));
#4437=SURFACE_STYLE_FILL_AREA(#7633);
#4438=ORIENTED_EDGE('',*,*,#7634,.T.);
#4439=ORIENTED_EDGE('',*,*,#7498,.T.);
#4440=ORIENTED_EDGE('',*,*,#7530,.T.);
#4441=ORIENTED_EDGE('',*,*,#7500,.F.);
#4442=CARTESIAN_POINT('',(-1.25,-6.3,-0.22784992724149));
#4443=DIRECTION('',(0.0,0.0,-1.0));
#4444=DIRECTION('',(1.0,0.0,0.0));
#4445=SURFACE_STYLE_FILL_AREA(#7635);
#4446=ORIENTED_EDGE('',*,*,#7636,.T.);
#4447=ORIENTED_EDGE('',*,*,#7508,.T.);
#4448=ORIENTED_EDGE('',*,*,#7522,.T.);
#4449=ORIENTED_EDGE('',*,*,#7496,.F.);
#4450=CARTESIAN_POINT('',(1.25,-6.3,-0.22784992724149));
#4451=DIRECTION('',(0.0,0.0,-1.0));
#4452=DIRECTION('',(1.0,0.0,0.0));
#4453=SURFACE_STYLE_FILL_AREA(#7637);
#4454=ORIENTED_EDGE('',*,*,#7638,.T.);
#4455=ORIENTED_EDGE('',*,*,#7639,.F.);
#4456=ORIENTED_EDGE('',*,*,#7640,.F.);
#4457=ORIENTED_EDGE('',*,*,#7345,.T.);
#4458=CARTESIAN_POINT('',(-1.44707869355966E-15,-1.25017840960161E-15,6.41031903318695));
#4459=DIRECTION('',(2.89120579329468E-16,1.95025926655022E-16,-1.0));
#4460=DIRECTION('',(-1.0,6.93889390390723E-18,-2.89120579329468E-16));
#4461=SURFACE_STYLE_FILL_AREA(#7641);
#4462=ORIENTED_EDGE('',*,*,#7642,.F.);
#4463=ORIENTED_EDGE('',*,*,#7342,.T.);
#4464=ORIENTED_EDGE('',*,*,#7643,.T.);
#4465=ORIENTED_EDGE('',*,*,#7644,.F.);
#4466=CARTESIAN_POINT('',(-1.44707869355966E-15,-1.25017840960161E-15,6.41031903318695));
#4467=DIRECTION('',(2.89120579329468E-16,1.95025926655022E-16,-1.0));
#4468=DIRECTION('',(-1.0,6.93889390390723E-18,-2.89120579329468E-16));
#4469=SURFACE_STYLE_FILL_AREA(#7645);
#4470=ORIENTED_EDGE('',*,*,#7310,.F.);
#4471=ORIENTED_EDGE('',*,*,#7646,.F.);
#4472=ORIENTED_EDGE('',*,*,#7647,.F.);
#4473=ORIENTED_EDGE('',*,*,#7648,.T.);
#4474=ORIENTED_EDGE('',*,*,#7649,.T.);
#4475=ORIENTED_EDGE('',*,*,#7650,.F.);
#4476=ORIENTED_EDGE('',*,*,#7651,.T.);
#4477=ORIENTED_EDGE('',*,*,#7652,.T.);
#4478=ORIENTED_EDGE('',*,*,#7653,.F.);
#4479=ORIENTED_EDGE('',*,*,#7654,.T.);
#4480=ORIENTED_EDGE('',*,*,#7655,.T.);
#4481=ORIENTED_EDGE('',*,*,#7656,.F.);
#4482=ORIENTED_EDGE('',*,*,#7657,.T.);
#4483=ORIENTED_EDGE('',*,*,#7658,.T.);
#4484=ORIENTED_EDGE('',*,*,#7659,.F.);
#4485=ORIENTED_EDGE('',*,*,#7660,.T.);
#4486=ORIENTED_EDGE('',*,*,#7661,.T.);
#4487=ORIENTED_EDGE('',*,*,#7662,.F.);
#4488=ORIENTED_EDGE('',*,*,#7663,.T.);
#4489=ORIENTED_EDGE('',*,*,#7664,.T.);
#4490=ORIENTED_EDGE('',*,*,#7665,.F.);
#4491=ORIENTED_EDGE('',*,*,#7666,.T.);
#4492=ORIENTED_EDGE('',*,*,#7667,.T.);
#4493=ORIENTED_EDGE('',*,*,#7668,.F.);
#4494=ORIENTED_EDGE('',*,*,#7669,.T.);
#4495=ORIENTED_EDGE('',*,*,#7670,.T.);
#4496=ORIENTED_EDGE('',*,*,#7671,.F.);
#4497=ORIENTED_EDGE('',*,*,#7672,.T.);
#4498=ORIENTED_EDGE('',*,*,#7673,.T.);
#4499=ORIENTED_EDGE('',*,*,#7674,.F.);
#4500=ORIENTED_EDGE('',*,*,#7675,.T.);
#4501=CARTESIAN_POINT('',(2.97979533562951E-15,2.5743422318463E-15,-13.2));
#4502=DIRECTION('',(-1.3532642135704E-33,-1.95025926655022E-16,1.0));
#4503=DIRECTION('',(-1.0,6.93889390390723E-18,0.0));
#4504=SURFACE_STYLE_FILL_AREA(#7676);
#4505=ORIENTED_EDGE('',*,*,#7677,.T.);
#4506=ORIENTED_EDGE('',*,*,#7678,.F.);
#4507=ORIENTED_EDGE('',*,*,#7679,.F.);
#4508=ORIENTED_EDGE('',*,*,#7348,.T.);
#4509=CARTESIAN_POINT('',(-1.44707869355966E-15,-1.25017840960161E-15,6.41031903318695));
#4510=DIRECTION('',(2.89120579329468E-16,1.95025926655022E-16,-1.0));
#4511=DIRECTION('',(-1.0,6.93889390390723E-18,-2.89120579329468E-16));
#4512=SURFACE_STYLE_FILL_AREA(#7680);
#4513=ORIENTED_EDGE('',*,*,#7681,.T.);
#4514=ORIENTED_EDGE('',*,*,#7682,.F.);
#4515=ORIENTED_EDGE('',*,*,#7683,.F.);
#4516=ORIENTED_EDGE('',*,*,#7351,.T.);
#4517=CARTESIAN_POINT('',(-1.44707869355966E-15,-1.25017840960161E-15,6.41031903318695));
#4518=DIRECTION('',(2.89120579329468E-16,1.95025926655022E-16,-1.0));
#4519=DIRECTION('',(-1.0,6.93889390390723E-18,-2.89120579329468E-16));
#4520=SURFACE_STYLE_FILL_AREA(#7684);
#4521=ORIENTED_EDGE('',*,*,#7685,.T.);
#4522=ORIENTED_EDGE('',*,*,#7686,.F.);
#4523=ORIENTED_EDGE('',*,*,#7687,.F.);
#4524=ORIENTED_EDGE('',*,*,#7354,.T.);
#4525=CARTESIAN_POINT('',(-1.44707869355966E-15,-1.25017840960161E-15,6.41031903318695));
#4526=DIRECTION('',(2.89120579329468E-16,1.95025926655022E-16,-1.0));
#4527=DIRECTION('',(-1.0,6.93889390390723E-18,-2.89120579329468E-16));
#4528=SURFACE_STYLE_FILL_AREA(#7688);
#4529=ORIENTED_EDGE('',*,*,#7689,.T.);
#4530=ORIENTED_EDGE('',*,*,#7690,.F.);
#4531=ORIENTED_EDGE('',*,*,#7691,.F.);
#4532=ORIENTED_EDGE('',*,*,#7357,.T.);
#4533=CARTESIAN_POINT('',(-1.44707869355966E-15,-1.25017840960161E-15,6.41031903318695));
#4534=DIRECTION('',(2.89120579329468E-16,1.95025926655022E-16,-1.0));
#4535=DIRECTION('',(-1.0,6.93889390390723E-18,-2.89120579329468E-16));
#4536=SURFACE_STYLE_FILL_AREA(#7692);
#4537=ORIENTED_EDGE('',*,*,#7693,.T.);
#4538=ORIENTED_EDGE('',*,*,#7694,.F.);
#4539=ORIENTED_EDGE('',*,*,#7695,.F.);
#4540=ORIENTED_EDGE('',*,*,#7360,.T.);
#4541=CARTESIAN_POINT('',(-1.44707869355966E-15,-1.25017840960161E-15,6.41031903318695));
#4542=DIRECTION('',(2.89120579329468E-16,1.95025926655022E-16,-1.0));
#4543=DIRECTION('',(-1.0,6.93889390390723E-18,-2.89120579329468E-16));
#4544=SURFACE_STYLE_FILL_AREA(#7696);
#4545=ORIENTED_EDGE('',*,*,#7697,.T.);
#4546=ORIENTED_EDGE('',*,*,#7698,.F.);
#4547=ORIENTED_EDGE('',*,*,#7699,.F.);
#4548=ORIENTED_EDGE('',*,*,#7363,.T.);
#4549=CARTESIAN_POINT('',(-1.44707869355966E-15,-1.25017840960161E-15,6.41031903318695));
#4550=DIRECTION('',(2.89120579329468E-16,1.95025926655022E-16,-1.0));
#4551=DIRECTION('',(-1.0,6.93889390390723E-18,-2.89120579329468E-16));
#4552=SURFACE_STYLE_FILL_AREA(#7700);
#4553=ORIENTED_EDGE('',*,*,#7701,.T.);
#4554=ORIENTED_EDGE('',*,*,#7702,.F.);
#4555=ORIENTED_EDGE('',*,*,#7703,.F.);
#4556=ORIENTED_EDGE('',*,*,#7366,.T.);
#4557=CARTESIAN_POINT('',(-1.44707869355966E-15,-1.25017840960161E-15,6.41031903318695));
#4558=DIRECTION('',(2.89120579329468E-16,1.95025926655022E-16,-1.0));
#4559=DIRECTION('',(-1.0,6.93889390390723E-18,-2.89120579329468E-16));
#4560=SURFACE_STYLE_FILL_AREA(#7704);
#4561=ORIENTED_EDGE('',*,*,#7705,.T.);
#4562=ORIENTED_EDGE('',*,*,#7706,.F.);
#4563=ORIENTED_EDGE('',*,*,#7707,.F.);
#4564=ORIENTED_EDGE('',*,*,#7369,.T.);
#4565=CARTESIAN_POINT('',(-1.44707869355966E-15,-1.25017840960161E-15,6.41031903318695));
#4566=DIRECTION('',(2.89120579329468E-16,1.95025926655022E-16,-1.0));
#4567=DIRECTION('',(-1.0,6.93889390390723E-18,-2.89120579329468E-16));
#4568=SURFACE_STYLE_FILL_AREA(#7708);
#4569=ORIENTED_EDGE('',*,*,#7709,.T.);
#4570=ORIENTED_EDGE('',*,*,#7710,.F.);
#4571=ORIENTED_EDGE('',*,*,#7711,.F.);
#4572=ORIENTED_EDGE('',*,*,#7375,.T.);
#4573=CARTESIAN_POINT('',(-1.44707869355966E-15,-1.25017840960161E-15,6.41031903318695));
#4574=DIRECTION('',(2.89120579329468E-16,1.95025926655022E-16,-1.0));
#4575=DIRECTION('',(-1.0,6.93889390390723E-18,-2.89120579329468E-16));
#4576=SURFACE_STYLE_FILL_AREA(#7712);
#4577=ORIENTED_EDGE('',*,*,#7713,.T.);
#4578=ORIENTED_EDGE('',*,*,#7714,.F.);
#4579=ORIENTED_EDGE('',*,*,#7715,.F.);
#4580=ORIENTED_EDGE('',*,*,#7378,.T.);
#4581=CARTESIAN_POINT('',(-1.44707869355966E-15,-1.25017840960161E-15,6.41031903318695));
#4582=DIRECTION('',(2.89120579329468E-16,1.95025926655022E-16,-1.0));
#4583=DIRECTION('',(-1.0,6.93889390390723E-18,-2.89120579329468E-16));
#4584=SURFACE_STYLE_FILL_AREA(#7716);
#4585=ORIENTED_EDGE('',*,*,#7717,.T.);
#4586=ORIENTED_EDGE('',*,*,#7718,.F.);
#4587=ORIENTED_EDGE('',*,*,#7719,.F.);
#4588=ORIENTED_EDGE('',*,*,#7381,.T.);
#4589=CARTESIAN_POINT('',(-1.44707869355966E-15,-1.25017840960161E-15,6.41031903318695));
#4590=DIRECTION('',(2.89120579329468E-16,1.95025926655022E-16,-1.0));
#4591=DIRECTION('',(-1.0,6.93889390390723E-18,-2.89120579329468E-16));
#4592=SURFACE_STYLE_FILL_AREA(#7720);
#4593=ORIENTED_EDGE('',*,*,#7721,.T.);
#4594=ORIENTED_EDGE('',*,*,#7722,.F.);
#4595=ORIENTED_EDGE('',*,*,#7723,.F.);
#4596=ORIENTED_EDGE('',*,*,#7384,.T.);
#4597=CARTESIAN_POINT('',(-1.44707869355966E-15,-1.25017840960161E-15,6.41031903318695));
#4598=DIRECTION('',(2.89120579329468E-16,1.95025926655022E-16,-1.0));
#4599=DIRECTION('',(-1.0,6.93889390390723E-18,-2.89120579329468E-16));
#4600=SURFACE_STYLE_FILL_AREA(#7724);
#4601=ORIENTED_EDGE('',*,*,#7725,.T.);
#4602=ORIENTED_EDGE('',*,*,#7726,.F.);
#4603=ORIENTED_EDGE('',*,*,#7727,.F.);
#4604=ORIENTED_EDGE('',*,*,#7387,.T.);
#4605=CARTESIAN_POINT('',(-1.44707869355966E-15,-1.25017840960161E-15,6.41031903318695));
#4606=DIRECTION('',(2.89120579329468E-16,1.95025926655022E-16,-1.0));
#4607=DIRECTION('',(-1.0,6.93889390390723E-18,-2.89120579329468E-16));
#4608=SURFACE_STYLE_FILL_AREA(#7728);
#4609=ORIENTED_EDGE('',*,*,#7729,.T.);
#4610=ORIENTED_EDGE('',*,*,#7730,.F.);
#4611=ORIENTED_EDGE('',*,*,#7731,.F.);
#4612=ORIENTED_EDGE('',*,*,#7390,.T.);
#4613=CARTESIAN_POINT('',(-1.44707869355966E-15,-1.25017840960161E-15,6.41031903318695));
#4614=DIRECTION('',(2.89120579329468E-16,1.95025926655022E-16,-1.0));
#4615=DIRECTION('',(-1.0,6.93889390390723E-18,-2.89120579329468E-16));
#4616=SURFACE_STYLE_FILL_AREA(#7732);
#4617=ORIENTED_EDGE('',*,*,#7733,.T.);
#4618=ORIENTED_EDGE('',*,*,#7734,.F.);
#4619=ORIENTED_EDGE('',*,*,#7735,.F.);
#4620=ORIENTED_EDGE('',*,*,#7393,.T.);
#4621=CARTESIAN_POINT('',(-1.44707869355966E-15,-1.25017840960161E-15,6.41031903318695));
#4622=DIRECTION('',(2.89120579329468E-16,1.95025926655022E-16,-1.0));
#4623=DIRECTION('',(-1.0,6.93889390390723E-18,-2.89120579329468E-16));
#4624=SURFACE_STYLE_FILL_AREA(#7736);
#4625=ORIENTED_EDGE('',*,*,#7737,.T.);
#4626=ORIENTED_EDGE('',*,*,#7738,.F.);
#4627=ORIENTED_EDGE('',*,*,#7739,.F.);
#4628=ORIENTED_EDGE('',*,*,#7396,.T.);
#4629=CARTESIAN_POINT('',(-1.44707869355966E-15,-1.25017840960161E-15,6.41031903318695));
#4630=DIRECTION('',(2.89120579329468E-16,1.95025926655022E-16,-1.0));
#4631=DIRECTION('',(-1.0,6.93889390390723E-18,-2.89120579329468E-16));
#4632=SURFACE_STYLE_FILL_AREA(#7740);
#4633=ORIENTED_EDGE('',*,*,#7741,.T.);
#4634=ORIENTED_EDGE('',*,*,#7742,.F.);
#4635=ORIENTED_EDGE('',*,*,#7743,.F.);
#4636=ORIENTED_EDGE('',*,*,#7399,.T.);
#4637=CARTESIAN_POINT('',(-1.44707869355966E-15,-1.25017840960161E-15,6.41031903318695));
#4638=DIRECTION('',(2.89120579329468E-16,1.95025926655022E-16,-1.0));
#4639=DIRECTION('',(-1.0,6.93889390390723E-18,-2.89120579329468E-16));
#4640=SURFACE_STYLE_FILL_AREA(#7744);
#4641=ORIENTED_EDGE('',*,*,#7745,.F.);
#4642=ORIENTED_EDGE('',*,*,#7746,.T.);
#4643=ORIENTED_EDGE('',*,*,#7747,.T.);
#4644=ORIENTED_EDGE('',*,*,#7748,.F.);
#4645=CARTESIAN_POINT('',(-1.44707869355966E-15,-1.25017840960161E-15,6.41031903318695));
#4646=DIRECTION('',(2.89120579329468E-16,1.95025926655022E-16,-1.0));
#4647=DIRECTION('',(-1.0,6.93889390390723E-18,-2.89120579329468E-16));
#4648=SURFACE_STYLE_FILL_AREA(#7749);
#4649=ORIENTED_EDGE('',*,*,#7750,.F.);
#4650=ORIENTED_EDGE('',*,*,#7751,.T.);
#4651=ORIENTED_EDGE('',*,*,#7752,.T.);
#4652=ORIENTED_EDGE('',*,*,#7753,.F.);
#4653=CARTESIAN_POINT('',(-1.44707869355966E-15,-1.25017840960161E-15,6.41031903318695));
#4654=DIRECTION('',(2.89120579329468E-16,1.95025926655022E-16,-1.0));
#4655=DIRECTION('',(-1.0,6.93889390390723E-18,-2.89120579329468E-16));
#4656=SURFACE_STYLE_FILL_AREA(#7754);
#4657=ORIENTED_EDGE('',*,*,#7755,.T.);
#4658=ORIENTED_EDGE('',*,*,#7756,.F.);
#4659=ORIENTED_EDGE('',*,*,#7757,.F.);
#4660=ORIENTED_EDGE('',*,*,#7650,.T.);
#4661=CARTESIAN_POINT('',(-1.44707869355966E-15,-1.25017840960161E-15,6.41031903318695));
#4662=DIRECTION('',(2.89120579329468E-16,1.95025926655022E-16,-1.0));
#4663=DIRECTION('',(-1.0,6.93889390390723E-18,-2.89120579329468E-16));
#4664=SURFACE_STYLE_FILL_AREA(#7758);
#4665=ORIENTED_EDGE('',*,*,#7759,.T.);
#4666=ORIENTED_EDGE('',*,*,#7760,.F.);
#4667=ORIENTED_EDGE('',*,*,#7761,.F.);
#4668=ORIENTED_EDGE('',*,*,#7653,.T.);
#4669=CARTESIAN_POINT('',(-1.44707869355966E-15,-1.25017840960161E-15,6.41031903318695));
#4670=DIRECTION('',(2.89120579329468E-16,1.95025926655022E-16,-1.0));
#4671=DIRECTION('',(-1.0,6.93889390390723E-18,-2.89120579329468E-16));
#4672=SURFACE_STYLE_FILL_AREA(#7762);
#4673=ORIENTED_EDGE('',*,*,#7763,.T.);
#4674=ORIENTED_EDGE('',*,*,#7764,.F.);
#4675=ORIENTED_EDGE('',*,*,#7765,.F.);
#4676=ORIENTED_EDGE('',*,*,#7656,.T.);
#4677=CARTESIAN_POINT('',(-1.44707869355966E-15,-1.25017840960161E-15,6.41031903318695));
#4678=DIRECTION('',(2.89120579329468E-16,1.95025926655022E-16,-1.0));
#4679=DIRECTION('',(-1.0,6.93889390390723E-18,-2.89120579329468E-16));
#4680=SURFACE_STYLE_FILL_AREA(#7766);
#4681=ORIENTED_EDGE('',*,*,#7767,.T.);
#4682=ORIENTED_EDGE('',*,*,#7768,.F.);
#4683=ORIENTED_EDGE('',*,*,#7769,.F.);
#4684=ORIENTED_EDGE('',*,*,#7659,.T.);
#4685=CARTESIAN_POINT('',(-1.44707869355966E-15,-1.25017840960161E-15,6.41031903318695));
#4686=DIRECTION('',(2.89120579329468E-16,1.95025926655022E-16,-1.0));
#4687=DIRECTION('',(-1.0,6.93889390390723E-18,-2.89120579329468E-16));
#4688=SURFACE_STYLE_FILL_AREA(#7770);
#4689=ORIENTED_EDGE('',*,*,#7771,.T.);
#4690=ORIENTED_EDGE('',*,*,#7772,.F.);
#4691=ORIENTED_EDGE('',*,*,#7773,.F.);
#4692=ORIENTED_EDGE('',*,*,#7662,.T.);
#4693=CARTESIAN_POINT('',(-1.44707869355966E-15,-1.25017840960161E-15,6.41031903318695));
#4694=DIRECTION('',(2.89120579329468E-16,1.95025926655022E-16,-1.0));
#4695=DIRECTION('',(-1.0,6.93889390390723E-18,-2.89120579329468E-16));
#4696=SURFACE_STYLE_FILL_AREA(#7774);
#4697=ORIENTED_EDGE('',*,*,#7775,.T.);
#4698=ORIENTED_EDGE('',*,*,#7776,.F.);
#4699=ORIENTED_EDGE('',*,*,#7777,.F.);
#4700=ORIENTED_EDGE('',*,*,#7665,.T.);
#4701=CARTESIAN_POINT('',(-1.44707869355966E-15,-1.25017840960161E-15,6.41031903318695));
#4702=DIRECTION('',(2.89120579329468E-16,1.95025926655022E-16,-1.0));
#4703=DIRECTION('',(-1.0,6.93889390390723E-18,-2.89120579329468E-16));
#4704=SURFACE_STYLE_FILL_AREA(#7778);
#4705=ORIENTED_EDGE('',*,*,#7779,.T.);
#4706=ORIENTED_EDGE('',*,*,#7780,.F.);
#4707=ORIENTED_EDGE('',*,*,#7781,.F.);
#4708=ORIENTED_EDGE('',*,*,#7668,.T.);
#4709=CARTESIAN_POINT('',(-1.44707869355966E-15,-1.25017840960161E-15,6.41031903318695));
#4710=DIRECTION('',(2.89120579329468E-16,1.95025926655022E-16,-1.0));
#4711=DIRECTION('',(-1.0,6.93889390390723E-18,-2.89120579329468E-16));
#4712=SURFACE_STYLE_FILL_AREA(#7782);
#4713=ORIENTED_EDGE('',*,*,#7783,.T.);
#4714=ORIENTED_EDGE('',*,*,#7784,.F.);
#4715=ORIENTED_EDGE('',*,*,#7785,.F.);
#4716=ORIENTED_EDGE('',*,*,#7671,.T.);
#4717=CARTESIAN_POINT('',(-1.44707869355966E-15,-1.25017840960161E-15,6.41031903318695));
#4718=DIRECTION('',(2.89120579329468E-16,1.95025926655022E-16,-1.0));
#4719=DIRECTION('',(-1.0,6.93889390390723E-18,-2.89120579329468E-16));
#4720=SURFACE_STYLE_FILL_AREA(#7786);
#4721=ORIENTED_EDGE('',*,*,#7787,.T.);
#4722=ORIENTED_EDGE('',*,*,#7788,.F.);
#4723=ORIENTED_EDGE('',*,*,#7789,.F.);
#4724=ORIENTED_EDGE('',*,*,#7674,.T.);
#4725=CARTESIAN_POINT('',(-1.44707869355966E-15,-1.25017840960161E-15,6.41031903318695));
#4726=DIRECTION('',(2.89120579329468E-16,1.95025926655022E-16,-1.0));
#4727=DIRECTION('',(-1.0,6.93889390390723E-18,-2.89120579329468E-16));
#4728=SURFACE_STYLE_FILL_AREA(#7790);
#4729=ORIENTED_EDGE('',*,*,#7791,.T.);
#4730=ORIENTED_EDGE('',*,*,#7792,.F.);
#4731=ORIENTED_EDGE('',*,*,#7793,.F.);
#4732=ORIENTED_EDGE('',*,*,#7312,.T.);
#4733=CARTESIAN_POINT('',(-1.44707869355966E-15,-1.25017840960161E-15,6.41031903318695));
#4734=DIRECTION('',(2.89120579329468E-16,1.95025926655022E-16,-1.0));
#4735=DIRECTION('',(-1.0,6.93889390390723E-18,-2.89120579329468E-16));
#4736=SURFACE_STYLE_FILL_AREA(#7794);
#4737=ORIENTED_EDGE('',*,*,#7795,.T.);
#4738=ORIENTED_EDGE('',*,*,#7796,.F.);
#4739=ORIENTED_EDGE('',*,*,#7797,.F.);
#4740=ORIENTED_EDGE('',*,*,#7315,.T.);
#4741=CARTESIAN_POINT('',(-1.44707869355966E-15,-1.25017840960161E-15,6.41031903318695));
#4742=DIRECTION('',(2.89120579329468E-16,1.95025926655022E-16,-1.0));
#4743=DIRECTION('',(-1.0,6.93889390390723E-18,-2.89120579329468E-16));
#4744=SURFACE_STYLE_FILL_AREA(#7798);
#4745=ORIENTED_EDGE('',*,*,#7799,.T.);
#4746=ORIENTED_EDGE('',*,*,#7800,.F.);
#4747=ORIENTED_EDGE('',*,*,#7801,.F.);
#4748=ORIENTED_EDGE('',*,*,#7318,.T.);
#4749=CARTESIAN_POINT('',(-1.44707869355966E-15,-1.25017840960161E-15,6.41031903318695));
#4750=DIRECTION('',(2.89120579329468E-16,1.95025926655022E-16,-1.0));
#4751=DIRECTION('',(-1.0,6.93889390390723E-18,-2.89120579329468E-16));
#4752=SURFACE_STYLE_FILL_AREA(#7802);
#4753=ORIENTED_EDGE('',*,*,#7803,.T.);
#4754=ORIENTED_EDGE('',*,*,#7804,.F.);
#4755=ORIENTED_EDGE('',*,*,#7805,.F.);
#4756=ORIENTED_EDGE('',*,*,#7321,.T.);
#4757=CARTESIAN_POINT('',(-1.44707869355966E-15,-1.25017840960161E-15,6.41031903318695));
#4758=DIRECTION('',(2.89120579329468E-16,1.95025926655022E-16,-1.0));
#4759=DIRECTION('',(-1.0,6.93889390390723E-18,-2.89120579329468E-16));
#4760=SURFACE_STYLE_FILL_AREA(#7806);
#4761=ORIENTED_EDGE('',*,*,#7807,.T.);
#4762=ORIENTED_EDGE('',*,*,#7808,.F.);
#4763=ORIENTED_EDGE('',*,*,#7809,.F.);
#4764=ORIENTED_EDGE('',*,*,#7324,.T.);
#4765=CARTESIAN_POINT('',(-1.44707869355966E-15,-1.25017840960161E-15,6.41031903318695));
#4766=DIRECTION('',(2.89120579329468E-16,1.95025926655022E-16,-1.0));
#4767=DIRECTION('',(-1.0,6.93889390390723E-18,-2.89120579329468E-16));
#4768=SURFACE_STYLE_FILL_AREA(#7810);
#4769=ORIENTED_EDGE('',*,*,#7811,.T.);
#4770=ORIENTED_EDGE('',*,*,#7812,.F.);
#4771=ORIENTED_EDGE('',*,*,#7813,.F.);
#4772=ORIENTED_EDGE('',*,*,#7327,.T.);
#4773=CARTESIAN_POINT('',(-1.44707869355966E-15,-1.25017840960161E-15,6.41031903318695));
#4774=DIRECTION('',(2.89120579329468E-16,1.95025926655022E-16,-1.0));
#4775=DIRECTION('',(-1.0,6.93889390390723E-18,-2.89120579329468E-16));
#4776=SURFACE_STYLE_FILL_AREA(#7814);
#4777=ORIENTED_EDGE('',*,*,#7815,.T.);
#4778=ORIENTED_EDGE('',*,*,#7816,.F.);
#4779=ORIENTED_EDGE('',*,*,#7817,.F.);
#4780=ORIENTED_EDGE('',*,*,#7330,.T.);
#4781=CARTESIAN_POINT('',(-1.44707869355966E-15,-1.25017840960161E-15,6.41031903318695));
#4782=DIRECTION('',(2.89120579329468E-16,1.95025926655022E-16,-1.0));
#4783=DIRECTION('',(-1.0,6.93889390390723E-18,-2.89120579329468E-16));
#4784=SURFACE_STYLE_FILL_AREA(#7818);
#4785=ORIENTED_EDGE('',*,*,#7819,.T.);
#4786=ORIENTED_EDGE('',*,*,#7820,.F.);
#4787=ORIENTED_EDGE('',*,*,#7821,.F.);
#4788=ORIENTED_EDGE('',*,*,#7333,.T.);
#4789=CARTESIAN_POINT('',(-1.44707869355966E-15,-1.25017840960161E-15,6.41031903318695));
#4790=DIRECTION('',(2.89120579329468E-16,1.95025926655022E-16,-1.0));
#4791=DIRECTION('',(-1.0,6.93889390390723E-18,-2.89120579329468E-16));
#4792=SURFACE_STYLE_FILL_AREA(#7822);
#4793=ORIENTED_EDGE('',*,*,#7823,.T.);
#4794=ORIENTED_EDGE('',*,*,#7824,.F.);
#4795=ORIENTED_EDGE('',*,*,#7825,.F.);
#4796=ORIENTED_EDGE('',*,*,#7336,.T.);
#4797=CARTESIAN_POINT('',(-1.44707869355966E-15,-1.25017840960161E-15,6.41031903318695));
#4798=DIRECTION('',(2.89120579329468E-16,1.95025926655022E-16,-1.0));
#4799=DIRECTION('',(-1.0,6.93889390390723E-18,-2.89120579329468E-16));
#4800=SURFACE_STYLE_FILL_AREA(#7826);
#4801=ORIENTED_EDGE('',*,*,#7827,.T.);
#4802=ORIENTED_EDGE('',*,*,#7828,.F.);
#4803=ORIENTED_EDGE('',*,*,#7829,.F.);
#4804=ORIENTED_EDGE('',*,*,#7339,.T.);
#4805=CARTESIAN_POINT('',(-1.44707869355966E-15,-1.25017840960161E-15,6.41031903318695));
#4806=DIRECTION('',(2.89120579329468E-16,1.95025926655022E-16,-1.0));
#4807=DIRECTION('',(-1.0,6.93889390390723E-18,-2.89120579329468E-16));
#4808=SURFACE_STYLE_FILL_AREA(#7830);
#4809=ORIENTED_EDGE('',*,*,#7305,.F.);
#4810=ORIENTED_EDGE('',*,*,#7831,.T.);
#4811=ORIENTED_EDGE('',*,*,#7307,.T.);
#4812=ORIENTED_EDGE('',*,*,#7832,.F.);
#4813=CARTESIAN_POINT('',(-1.44707869355966E-15,-1.25017840960161E-15,6.41031903318695));
#4814=DIRECTION('',(2.83915462516662E-16,1.95025926655023E-16,-1.0));
#4815=DIRECTION('',(-1.0,6.93889390390723E-18,-2.83915462516662E-16));
#4816=SURFACE_STYLE_FILL_AREA(#7833);
#4817=ORIENTED_EDGE('',*,*,#7301,.F.);
#4818=ORIENTED_EDGE('',*,*,#7834,.T.);
#4819=ORIENTED_EDGE('',*,*,#7303,.T.);
#4820=ORIENTED_EDGE('',*,*,#7831,.F.);
#4821=CARTESIAN_POINT('',(3.38613106321535E-16,2.92538889982534E-16,-1.5));
#4822=DIRECTION('',(-2.15048364790513E-16,-1.95025926655023E-16,1.0));
#4823=DIRECTION('',(-1.0,6.93889390390723E-18,-2.15048364790513E-16));
#4824=SURFACE_STYLE_FILL_AREA(#7835);
#4825=ORIENTED_EDGE('',*,*,#7297,.F.);
#4826=ORIENTED_EDGE('',*,*,#7836,.T.);
#4827=ORIENTED_EDGE('',*,*,#7299,.T.);
#4828=ORIENTED_EDGE('',*,*,#7834,.F.);
#4829=CARTESIAN_POINT('',(-1.44707869355966E-15,-1.25017840960161E-15,6.41031903318695));
#4830=DIRECTION('',(2.86731153054018E-16,1.95025926655023E-16,-1.0));
#4831=DIRECTION('',(-1.0,6.93889390390723E-18,-2.86731153054018E-16));
#4832=SURFACE_STYLE_FILL_AREA(#7837);
#4833=ORIENTED_EDGE('',*,*,#7296,.F.);
#4834=ORIENTED_EDGE('',*,*,#7836,.F.);
#4835=ORIENTED_EDGE('',*,*,#7828,.T.);
#4836=ORIENTED_EDGE('',*,*,#7838,.T.);
#4837=ORIENTED_EDGE('',*,*,#7839,.T.);
#4838=ORIENTED_EDGE('',*,*,#7824,.T.);
#4839=ORIENTED_EDGE('',*,*,#7840,.T.);
#4840=ORIENTED_EDGE('',*,*,#7841,.T.);
#4841=ORIENTED_EDGE('',*,*,#7820,.T.);
#4842=ORIENTED_EDGE('',*,*,#7842,.T.);
#4843=ORIENTED_EDGE('',*,*,#7843,.T.);
#4844=ORIENTED_EDGE('',*,*,#7816,.T.);
#4845=ORIENTED_EDGE('',*,*,#7844,.T.);
#4846=ORIENTED_EDGE('',*,*,#7845,.T.);
#4847=ORIENTED_EDGE('',*,*,#7812,.T.);
#4848=ORIENTED_EDGE('',*,*,#7846,.T.);
#4849=ORIENTED_EDGE('',*,*,#7847,.T.);
#4850=ORIENTED_EDGE('',*,*,#7808,.T.);
#4851=ORIENTED_EDGE('',*,*,#7848,.T.);
#4852=ORIENTED_EDGE('',*,*,#7849,.T.);
#4853=ORIENTED_EDGE('',*,*,#7804,.T.);
#4854=ORIENTED_EDGE('',*,*,#7850,.T.);
#4855=ORIENTED_EDGE('',*,*,#7851,.T.);
#4856=ORIENTED_EDGE('',*,*,#7800,.T.);
#4857=ORIENTED_EDGE('',*,*,#7852,.T.);
#4858=ORIENTED_EDGE('',*,*,#7853,.T.);
#4859=ORIENTED_EDGE('',*,*,#7796,.T.);
#4860=ORIENTED_EDGE('',*,*,#7854,.T.);
#4861=ORIENTED_EDGE('',*,*,#7855,.T.);
#4862=ORIENTED_EDGE('',*,*,#7792,.T.);
#4863=ORIENTED_EDGE('',*,*,#7856,.T.);
#4864=ORIENTED_EDGE('',*,*,#7857,.T.);
#4865=ORIENTED_EDGE('',*,*,#7788,.T.);
#4866=ORIENTED_EDGE('',*,*,#7858,.T.);
#4867=ORIENTED_EDGE('',*,*,#7859,.T.);
#4868=ORIENTED_EDGE('',*,*,#7784,.T.);
#4869=ORIENTED_EDGE('',*,*,#7860,.T.);
#4870=ORIENTED_EDGE('',*,*,#7861,.T.);
#4871=ORIENTED_EDGE('',*,*,#7780,.T.);
#4872=ORIENTED_EDGE('',*,*,#7862,.T.);
#4873=ORIENTED_EDGE('',*,*,#7863,.T.);
#4874=ORIENTED_EDGE('',*,*,#7776,.T.);
#4875=ORIENTED_EDGE('',*,*,#7864,.T.);
#4876=ORIENTED_EDGE('',*,*,#7865,.T.);
#4877=ORIENTED_EDGE('',*,*,#7772,.T.);
#4878=ORIENTED_EDGE('',*,*,#7866,.T.);
#4879=ORIENTED_EDGE('',*,*,#7867,.T.);
#4880=ORIENTED_EDGE('',*,*,#7768,.T.);
#4881=ORIENTED_EDGE('',*,*,#7868,.T.);
#4882=ORIENTED_EDGE('',*,*,#7869,.T.);
#4883=ORIENTED_EDGE('',*,*,#7764,.T.);
#4884=ORIENTED_EDGE('',*,*,#7870,.T.);
#4885=ORIENTED_EDGE('',*,*,#7871,.T.);
#4886=ORIENTED_EDGE('',*,*,#7760,.T.);
#4887=ORIENTED_EDGE('',*,*,#7872,.T.);
#4888=ORIENTED_EDGE('',*,*,#7873,.T.);
#4889=ORIENTED_EDGE('',*,*,#7756,.T.);
#4890=ORIENTED_EDGE('',*,*,#7874,.T.);
#4891=ORIENTED_EDGE('',*,*,#7875,.T.);
#4892=ORIENTED_EDGE('',*,*,#7753,.T.);
#4893=ORIENTED_EDGE('',*,*,#7876,.T.);
#4894=ORIENTED_EDGE('',*,*,#7877,.T.);
#4895=ORIENTED_EDGE('',*,*,#7748,.T.);
#4896=ORIENTED_EDGE('',*,*,#7878,.T.);
#4897=ORIENTED_EDGE('',*,*,#7879,.T.);
#4898=ORIENTED_EDGE('',*,*,#7742,.T.);
#4899=ORIENTED_EDGE('',*,*,#7880,.T.);
#4900=ORIENTED_EDGE('',*,*,#7881,.T.);
#4901=ORIENTED_EDGE('',*,*,#7738,.T.);
#4902=ORIENTED_EDGE('',*,*,#7882,.T.);
#4903=ORIENTED_EDGE('',*,*,#7883,.T.);
#4904=ORIENTED_EDGE('',*,*,#7734,.T.);
#4905=ORIENTED_EDGE('',*,*,#7884,.T.);
#4906=ORIENTED_EDGE('',*,*,#7885,.T.);
#4907=ORIENTED_EDGE('',*,*,#7730,.T.);
#4908=ORIENTED_EDGE('',*,*,#7886,.T.);
#4909=ORIENTED_EDGE('',*,*,#7887,.T.);
#4910=ORIENTED_EDGE('',*,*,#7726,.T.);
#4911=ORIENTED_EDGE('',*,*,#7888,.T.);
#4912=ORIENTED_EDGE('',*,*,#7889,.T.);
#4913=ORIENTED_EDGE('',*,*,#7722,.T.);
#4914=ORIENTED_EDGE('',*,*,#7890,.T.);
#4915=ORIENTED_EDGE('',*,*,#7891,.T.);
#4916=ORIENTED_EDGE('',*,*,#7718,.T.);
#4917=ORIENTED_EDGE('',*,*,#7892,.T.);
#4918=ORIENTED_EDGE('',*,*,#7893,.T.);
#4919=ORIENTED_EDGE('',*,*,#7714,.T.);
#4920=ORIENTED_EDGE('',*,*,#7894,.T.);
#4921=ORIENTED_EDGE('',*,*,#7895,.T.);
#4922=ORIENTED_EDGE('',*,*,#7710,.T.);
#4923=ORIENTED_EDGE('',*,*,#7896,.T.);
#4924=ORIENTED_EDGE('',*,*,#7897,.T.);
#4925=ORIENTED_EDGE('',*,*,#7706,.T.);
#4926=ORIENTED_EDGE('',*,*,#7898,.T.);
#4927=ORIENTED_EDGE('',*,*,#7899,.T.);
#4928=ORIENTED_EDGE('',*,*,#7702,.T.);
#4929=ORIENTED_EDGE('',*,*,#7900,.T.);
#4930=ORIENTED_EDGE('',*,*,#7901,.T.);
#4931=ORIENTED_EDGE('',*,*,#7698,.T.);
#4932=ORIENTED_EDGE('',*,*,#7902,.T.);
#4933=ORIENTED_EDGE('',*,*,#7903,.T.);
#4934=ORIENTED_EDGE('',*,*,#7694,.T.);
#4935=ORIENTED_EDGE('',*,*,#7904,.T.);
#4936=ORIENTED_EDGE('',*,*,#7905,.T.);
#4937=ORIENTED_EDGE('',*,*,#7690,.T.);
#4938=ORIENTED_EDGE('',*,*,#7906,.T.);
#4939=ORIENTED_EDGE('',*,*,#7907,.T.);
#4940=ORIENTED_EDGE('',*,*,#7686,.T.);
#4941=ORIENTED_EDGE('',*,*,#7908,.T.);
#4942=ORIENTED_EDGE('',*,*,#7909,.T.);
#4943=ORIENTED_EDGE('',*,*,#7682,.T.);
#4944=ORIENTED_EDGE('',*,*,#7910,.T.);
#4945=ORIENTED_EDGE('',*,*,#7911,.T.);
#4946=ORIENTED_EDGE('',*,*,#7678,.T.);
#4947=ORIENTED_EDGE('',*,*,#7912,.T.);
#4948=ORIENTED_EDGE('',*,*,#7913,.T.);
#4949=ORIENTED_EDGE('',*,*,#7639,.T.);
#4950=ORIENTED_EDGE('',*,*,#7914,.T.);
#4951=ORIENTED_EDGE('',*,*,#7915,.T.);
#4952=ORIENTED_EDGE('',*,*,#7644,.T.);
#4953=ORIENTED_EDGE('',*,*,#7916,.T.);
#4954=ORIENTED_EDGE('',*,*,#7917,.T.);
#4955=CARTESIAN_POINT('',(1.44633330666733E-15,-3.025,-6.5));
#4956=DIRECTION('',(-2.25742070881023E-16,-1.95025926655023E-16,1.0));
#4957=DIRECTION('',(1.0,0.0,2.25742070881023E-16));
#4958=SURFACE_STYLE_FILL_AREA(#7918);
#4959=ORIENTED_EDGE('',*,*,#7646,.T.);
#4960=ORIENTED_EDGE('',*,*,#7309,.T.);
#4961=ORIENTED_EDGE('',*,*,#7373,.T.);
#4962=ORIENTED_EDGE('',*,*,#7919,.F.);
#4963=ORIENTED_EDGE('',*,*,#7920,.F.);
#4964=ORIENTED_EDGE('',*,*,#7921,.F.);
#4965=CARTESIAN_POINT('',(3.04751795689382E-15,3.24517340941648E-15,-13.5));
#4966=DIRECTION('',(-2.25742070881023E-16,-1.95025926655023E-16,1.0));
#4967=DIRECTION('',(1.0,0.0,2.25742070881023E-16));
#4968=SURFACE_STYLE_FILL_AREA(#7922);
#4969=ORIENTED_EDGE('',*,*,#7923,.T.);
#4970=ORIENTED_EDGE('',*,*,#7916,.F.);
#4971=ORIENTED_EDGE('',*,*,#7643,.F.);
#4972=ORIENTED_EDGE('',*,*,#7341,.F.);
#4973=CARTESIAN_POINT('',(3.4465567428157E-15,-2.78216345035823,-14.1));
#4974=DIRECTION('',(0.707106781186546,-0.707106781186549,2.17195938741087E-17));
#4975=DIRECTION('',(0.0,-3.0716144226E-17,-1.0));
#4976=SURFACE_STYLE_FILL_AREA(#7924);
#4977=ORIENTED_EDGE('',*,*,#7829,.T.);
#4978=ORIENTED_EDGE('',*,*,#7917,.F.);
#4979=ORIENTED_EDGE('',*,*,#7923,.F.);
#4980=ORIENTED_EDGE('',*,*,#7340,.F.);
#4981=CARTESIAN_POINT('',(3.4465567428157E-15,-2.78216345035823,-14.1));
#4982=DIRECTION('',(-0.707106781186546,-0.707106781186549,-2.97527904364023E-16));
#4983=DIRECTION('',(-0.707106781186549,0.707106781186546,0.0));
#4984=SURFACE_STYLE_FILL_AREA(#7925);
#4985=ORIENTED_EDGE('',*,*,#7926,.T.);
#4986=ORIENTED_EDGE('',*,*,#7838,.F.);
#4987=ORIENTED_EDGE('',*,*,#7827,.F.);
#4988=ORIENTED_EDGE('',*,*,#7338,.F.);
#4989=CARTESIAN_POINT('',(0.435226251011277,-2.74791040154876,-14.1));
#4990=DIRECTION('',(0.809016994374947,-0.587785252292474,6.79958081856457E-17));
#4991=DIRECTION('',(0.0,-1.15681378395339E-16,-1.0));
#4992=SURFACE_STYLE_FILL_AREA(#7927);
#4993=ORIENTED_EDGE('',*,*,#7825,.T.);
#4994=ORIENTED_EDGE('',*,*,#7839,.F.);
#4995=ORIENTED_EDGE('',*,*,#7926,.F.);
#4996=ORIENTED_EDGE('',*,*,#7337,.F.);
#4997=CARTESIAN_POINT('',(0.435226251011277,-2.74791040154876,-14.1));
#4998=DIRECTION('',(-0.587785252292471,-0.809016994374949,-2.90467149093463E-16));
#4999=DIRECTION('',(-0.809016994374949,0.587785252292471,0.0));
#5000=SURFACE_STYLE_FILL_AREA(#7928);
#5001=ORIENTED_EDGE('',*,*,#7929,.T.);
#5002=ORIENTED_EDGE('',*,*,#7840,.F.);
#5003=ORIENTED_EDGE('',*,*,#7823,.F.);
#5004=ORIENTED_EDGE('',*,*,#7335,.F.);
#5005=CARTESIAN_POINT('',(0.859735787289539,-2.6459946788614,-14.1));
#5006=DIRECTION('',(0.891006524188367,-0.453990499739548,1.12597740034503E-16));
#5007=DIRECTION('',(0.0,-2.48017833190561E-16,-1.0));
#5008=SURFACE_STYLE_FILL_AREA(#7930);
#5009=ORIENTED_EDGE('',*,*,#7821,.T.);
#5010=ORIENTED_EDGE('',*,*,#7841,.F.);
#5011=ORIENTED_EDGE('',*,*,#7929,.F.);
#5012=ORIENTED_EDGE('',*,*,#7334,.F.);
#5013=CARTESIAN_POINT('',(0.859735787289539,-2.6459946788614,-14.1));
#5014=DIRECTION('',(-0.453990499739545,-0.891006524188369,-2.76254128607023E-16));
#5015=DIRECTION('',(-0.891006524188369,0.453990499739545,0.0));
#5016=SURFACE_STYLE_FILL_AREA(#7931);
#5017=ORIENTED_EDGE('',*,*,#7932,.T.);
#5018=ORIENTED_EDGE('',*,*,#7842,.F.);
#5019=ORIENTED_EDGE('',*,*,#7819,.F.);
#5020=ORIENTED_EDGE('',*,*,#7332,.F.);
#5021=CARTESIAN_POINT('',(1.26307577518524,-2.4789257856276,-14.1));
#5022=DIRECTION('',(0.951056516295153,-0.309016994374948,1.54427141833236E-16));
#5023=DIRECTION('',(0.0,-4.99736728543351E-16,-1.0));
#5024=SURFACE_STYLE_FILL_AREA(#7933);
#5025=ORIENTED_EDGE('',*,*,#7817,.T.);
#5026=ORIENTED_EDGE('',*,*,#7843,.F.);
#5027=ORIENTED_EDGE('',*,*,#7932,.F.);
#5028=ORIENTED_EDGE('',*,*,#7331,.F.);
#5029=CARTESIAN_POINT('',(1.26307577518524,-2.4789257856276,-14.1));
#5030=DIRECTION('',(-0.309016994374945,-0.951056516295154,-2.5523881463939E-16));
#5031=DIRECTION('',(-0.951056516295154,0.309016994374945,0.0));
#5032=SURFACE_STYLE_FILL_AREA(#7934);
#5033=ORIENTED_EDGE('',*,*,#7935,.T.);
#5034=ORIENTED_EDGE('',*,*,#7844,.F.);
#5035=ORIENTED_EDGE('',*,*,#7815,.F.);
#5036=ORIENTED_EDGE('',*,*,#7329,.F.);
#5037=CARTESIAN_POINT('',(1.63531464558772,-2.25081751246864,-14.1));
#5038=DIRECTION('',(0.987688340595138,-0.156434465040231,1.92454034885734E-16));
#5039=DIRECTION('',(0.0,-1.23025341529591E-15,-1.0));
#5040=SURFACE_STYLE_FILL_AREA(#7936);
#5041=ORIENTED_EDGE('',*,*,#7813,.T.);
#5042=ORIENTED_EDGE('',*,*,#7845,.F.);
#5043=ORIENTED_EDGE('',*,*,#7935,.F.);
#5044=ORIENTED_EDGE('',*,*,#7328,.F.);
#5045=CARTESIAN_POINT('',(1.63531464558772,-2.25081751246864,-14.1));
#5046=DIRECTION('',(-0.156434465040228,-0.987688340595138,-2.27938673966274E-16));
#5047=DIRECTION('',(-0.987688340595138,0.156434465040228,0.0));
#5048=SURFACE_STYLE_FILL_AREA(#7937);
#5049=ORIENTED_EDGE('',*,*,#7938,.T.);
#5050=ORIENTED_EDGE('',*,*,#7846,.F.);
#5051=ORIENTED_EDGE('',*,*,#7811,.F.);
#5052=ORIENTED_EDGE('',*,*,#7326,.F.);
#5053=CARTESIAN_POINT('',(1.96728664211767,-1.96728664211766,-14.1));
#5054=DIRECTION('',(1.0,-2.28983498828939E-16,2.25742070881023E-16));
#5055=DIRECTION('',(-2.28983498828939E-16,-1.0,0.0));
#5056=SURFACE_STYLE_FILL_AREA(#7939);
#5057=ORIENTED_EDGE('',*,*,#7809,.T.);
#5058=ORIENTED_EDGE('',*,*,#7847,.F.);
#5059=ORIENTED_EDGE('',*,*,#7938,.F.);
#5060=ORIENTED_EDGE('',*,*,#7325,.F.);
#5061=CARTESIAN_POINT('',(1.96728664211767,-1.96728664211766,-14.1));
#5062=DIRECTION('',(3.43475248243408E-15,-1.0,-1.95025926655022E-16));
#5063=DIRECTION('',(0.0,1.95025926655022E-16,-1.0));
#5064=SURFACE_STYLE_FILL_AREA(#7940);
#5065=ORIENTED_EDGE('',*,*,#7941,.T.);
#5066=ORIENTED_EDGE('',*,*,#7848,.F.);
#5067=ORIENTED_EDGE('',*,*,#7807,.F.);
#5068=ORIENTED_EDGE('',*,*,#7323,.F.);
#5069=CARTESIAN_POINT('',(2.25081751246865,-1.6353146455877,-14.1));
#5070=DIRECTION('',(0.987688340595138,0.156434465040231,2.53471587896242E-16));
#5071=DIRECTION('',(0.0,1.62030526860596E-15,-1.0));
#5072=SURFACE_STYLE_FILL_AREA(#7942);
#5073=ORIENTED_EDGE('',*,*,#7805,.T.);
#5074=ORIENTED_EDGE('',*,*,#7849,.F.);
#5075=ORIENTED_EDGE('',*,*,#7941,.F.);
#5076=ORIENTED_EDGE('',*,*,#7322,.F.);
#5077=CARTESIAN_POINT('',(2.25081751246865,-1.6353146455877,-14.1));
#5078=DIRECTION('',(0.156434465040235,-0.987688340595137,-1.5731099377558E-16));
#5079=DIRECTION('',(0.0,1.59271895100829E-16,-1.0));
#5080=SURFACE_STYLE_FILL_AREA(#7943);
#5081=ORIENTED_EDGE('',*,*,#7944,.T.);
#5082=ORIENTED_EDGE('',*,*,#7850,.F.);
#5083=ORIENTED_EDGE('',*,*,#7803,.F.);
#5084=ORIENTED_EDGE('',*,*,#7320,.F.);
#5085=CARTESIAN_POINT('',(2.47892578562761,-1.26307577518523,-14.1));
#5086=DIRECTION('',(0.951056516295154,0.309016994374948,2.74959793193484E-16));
#5087=DIRECTION('',(0.0,8.89788581853396E-16,-1.0));
#5088=SURFACE_STYLE_FILL_AREA(#7945);
#5089=ORIENTED_EDGE('',*,*,#7801,.T.);
#5090=ORIENTED_EDGE('',*,*,#7851,.F.);
#5091=ORIENTED_EDGE('',*,*,#7944,.F.);
#5092=ORIENTED_EDGE('',*,*,#7319,.F.);
#5093=CARTESIAN_POINT('',(2.47892578562761,-1.26307577518523,-14.1));
#5094=DIRECTION('',(0.309016994374951,-0.951056516295152,-1.15722542144128E-16));
#5095=DIRECTION('',(0.0,1.21677881557372E-16,-1.0));
#5096=SURFACE_STYLE_FILL_AREA(#7946);
#5097=ORIENTED_EDGE('',*,*,#7947,.T.);
#5098=ORIENTED_EDGE('',*,*,#7852,.F.);
#5099=ORIENTED_EDGE('',*,*,#7799,.F.);
#5100=ORIENTED_EDGE('',*,*,#7317,.F.);
#5101=CARTESIAN_POINT('',(2.64599467886141,-0.859735787289523,-14.1));
#5102=DIRECTION('',(0.891006524188367,0.453990499739548,2.89677575843067E-16));
#5103=DIRECTION('',(0.0,6.38069686500606E-16,-1.0));
#5104=SURFACE_STYLE_FILL_AREA(#7948);
#5105=ORIENTED_EDGE('',*,*,#7797,.T.);
#5106=ORIENTED_EDGE('',*,*,#7853,.F.);
#5107=ORIENTED_EDGE('',*,*,#7947,.F.);
#5108=ORIENTED_EDGE('',*,*,#7316,.F.);
#5109=CARTESIAN_POINT('',(2.64599467886141,-0.859735787289523,-14.1));
#5110=DIRECTION('',(0.453990499739551,-0.891006524188366,-7.12846174639898E-17));
#5111=DIRECTION('',(0.0,8.00045965195645E-17,-1.0));
#5112=SURFACE_STYLE_FILL_AREA(#7949);
#5113=ORIENTED_EDGE('',*,*,#7950,.T.);
#5114=ORIENTED_EDGE('',*,*,#7854,.F.);
#5115=ORIENTED_EDGE('',*,*,#7795,.F.);
#5116=ORIENTED_EDGE('',*,*,#7314,.F.);
#5117=CARTESIAN_POINT('',(2.74791040154877,-0.435226251011261,-14.1));
#5118=DIRECTION('',(0.809016994374947,0.587785252292474,2.97262535190638E-16));
#5119=DIRECTION('',(0.0,5.05733231705384E-16,-1.0));
#5120=SURFACE_STYLE_FILL_AREA(#7951);
#5121=ORIENTED_EDGE('',*,*,#7793,.T.);
#5122=ORIENTED_EDGE('',*,*,#7855,.F.);
#5123=ORIENTED_EDGE('',*,*,#7950,.F.);
#5124=ORIENTED_EDGE('',*,*,#7313,.F.);
#5125=CARTESIAN_POINT('',(2.74791040154877,-0.435226251011261,-14.1));
#5126=DIRECTION('',(0.587785252292477,-0.809016994374944,-2.5091428921806E-17));
#5127=DIRECTION('',(0.0,3.10147117999566E-17,-1.0));
#5128=SURFACE_STYLE_FILL_AREA(#7952);
#5129=ORIENTED_EDGE('',*,*,#7953,.T.);
#5130=ORIENTED_EDGE('',*,*,#7856,.F.);
#5131=ORIENTED_EDGE('',*,*,#7791,.F.);
#5132=ORIENTED_EDGE('',*,*,#7311,.F.);
#5133=CARTESIAN_POINT('',(2.78216345035823,1.27273308777663E-14,-14.1));
#5134=DIRECTION('',(0.707106781186546,0.707106781186549,2.97527904364023E-16));
#5135=DIRECTION('',(4.20767997536047E-16,0.0,-1.0));
#5136=SURFACE_STYLE_FILL_AREA(#7954);
#5137=ORIENTED_EDGE('',*,*,#7789,.T.);
#5138=ORIENTED_EDGE('',*,*,#7857,.F.);
#5139=ORIENTED_EDGE('',*,*,#7953,.F.);
#5140=ORIENTED_EDGE('',*,*,#7675,.F.);
#5141=CARTESIAN_POINT('',(2.78216345035823,1.27273308777663E-14,-14.1));
#5142=DIRECTION('',(0.707106781186551,-0.707106781186544,2.17195938741108E-17));
#5143=DIRECTION('',(0.0,-3.07161442260033E-17,-1.0));
#5144=SURFACE_STYLE_FILL_AREA(#7955);
#5145=ORIENTED_EDGE('',*,*,#7956,.T.);
#5146=ORIENTED_EDGE('',*,*,#7858,.F.);
#5147=ORIENTED_EDGE('',*,*,#7787,.F.);
#5148=ORIENTED_EDGE('',*,*,#7673,.F.);
#5149=CARTESIAN_POINT('',(2.74791040154876,0.435226251011286,-14.1));
#5150=DIRECTION('',(0.587785252292471,0.809016994374949,2.90467149093463E-16));
#5151=DIRECTION('',(4.94172230352135E-16,0.0,-1.0));
#5152=SURFACE_STYLE_FILL_AREA(#7957);
#5153=ORIENTED_EDGE('',*,*,#7785,.T.);
#5154=ORIENTED_EDGE('',*,*,#7859,.F.);
#5155=ORIENTED_EDGE('',*,*,#7956,.F.);
#5156=ORIENTED_EDGE('',*,*,#7672,.F.);
#5157=CARTESIAN_POINT('',(2.74791040154876,0.435226251011286,-14.1));
#5158=DIRECTION('',(0.809016994374951,-0.587785252292469,6.79958081856478E-17));
#5159=DIRECTION('',(0.0,-1.15681378395344E-16,-1.0));
#5160=SURFACE_STYLE_FILL_AREA(#7958);
#5161=ORIENTED_EDGE('',*,*,#7959,.T.);
#5162=ORIENTED_EDGE('',*,*,#7860,.F.);
#5163=ORIENTED_EDGE('',*,*,#7783,.F.);
#5164=ORIENTED_EDGE('',*,*,#7670,.F.);
#5165=CARTESIAN_POINT('',(2.6459946788614,0.859735787289548,-14.1));
#5166=DIRECTION('',(0.453990499739545,0.891006524188369,2.76254128607023E-16));
#5167=DIRECTION('',(6.0850200338005E-16,0.0,-1.0));
#5168=SURFACE_STYLE_FILL_AREA(#7960);
#5169=ORIENTED_EDGE('',*,*,#7781,.T.);
#5170=ORIENTED_EDGE('',*,*,#7861,.F.);
#5171=ORIENTED_EDGE('',*,*,#7959,.F.);
#5172=ORIENTED_EDGE('',*,*,#7669,.F.);
#5173=CARTESIAN_POINT('',(2.6459946788614,0.859735787289548,-14.1));
#5174=DIRECTION('',(0.891006524188371,-0.453990499739541,1.12597740034505E-16));
#5175=DIRECTION('',(0.0,-2.48017833190569E-16,-1.0));
#5176=SURFACE_STYLE_FILL_AREA(#7961);
#5177=ORIENTED_EDGE('',*,*,#7962,.T.);
#5178=ORIENTED_EDGE('',*,*,#7862,.F.);
#5179=ORIENTED_EDGE('',*,*,#7779,.F.);
#5180=ORIENTED_EDGE('',*,*,#7667,.F.);
#5181=CARTESIAN_POINT('',(2.4789257856276,1.26307577518525,-14.1));
#5182=DIRECTION('',(0.309016994374945,0.951056516295154,2.5523881463939E-16));
#5183=DIRECTION('',(8.2597015466954E-16,0.0,-1.0));
#5184=SURFACE_STYLE_FILL_AREA(#7963);
#5185=ORIENTED_EDGE('',*,*,#7777,.T.);
#5186=ORIENTED_EDGE('',*,*,#7863,.F.);
#5187=ORIENTED_EDGE('',*,*,#7962,.F.);
#5188=ORIENTED_EDGE('',*,*,#7666,.F.);
#5189=CARTESIAN_POINT('',(2.4789257856276,1.26307577518525,-14.1));
#5190=DIRECTION('',(0.951056516295156,-0.309016994374941,1.54427141833237E-16));
#5191=DIRECTION('',(0.0,-4.99736728543368E-16,-1.0));
#5192=SURFACE_STYLE_FILL_AREA(#7964);
#5193=ORIENTED_EDGE('',*,*,#7965,.T.);
#5194=ORIENTED_EDGE('',*,*,#7864,.F.);
#5195=ORIENTED_EDGE('',*,*,#7775,.F.);
#5196=ORIENTED_EDGE('',*,*,#7664,.F.);
#5197=CARTESIAN_POINT('',(2.25081751246864,1.63531464558772,-14.1));
#5198=DIRECTION('',(0.156434465040228,0.987688340595138,2.27938673966274E-16));
#5199=DIRECTION('',(1.4570873107001E-15,0.0,-1.0));
#5200=SURFACE_STYLE_FILL_AREA(#7966);
#5201=ORIENTED_EDGE('',*,*,#7773,.T.);
#5202=ORIENTED_EDGE('',*,*,#7865,.F.);
#5203=ORIENTED_EDGE('',*,*,#7965,.F.);
#5204=ORIENTED_EDGE('',*,*,#7663,.F.);
#5205=CARTESIAN_POINT('',(2.25081751246864,1.63531464558772,-14.1));
#5206=DIRECTION('',(0.987688340595139,-0.156434465040224,1.92454034885736E-16));
#5207=DIRECTION('',(0.0,-1.23025341529598E-15,-1.0));
#5208=SURFACE_STYLE_FILL_AREA(#7967);
#5209=ORIENTED_EDGE('',*,*,#7968,.T.);
#5210=ORIENTED_EDGE('',*,*,#7866,.F.);
#5211=ORIENTED_EDGE('',*,*,#7771,.F.);
#5212=ORIENTED_EDGE('',*,*,#7661,.F.);
#5213=CARTESIAN_POINT('',(1.96728664211766,1.96728664211768,-14.1));
#5214=DIRECTION('',(-3.37924133120282E-15,1.0,1.95025926655022E-16));
#5215=DIRECTION('',(1.0,3.37924133120282E-15,-0.0));
#5216=SURFACE_STYLE_FILL_AREA(#7969);
#5217=ORIENTED_EDGE('',*,*,#7769,.T.);
#5218=ORIENTED_EDGE('',*,*,#7867,.F.);
#5219=ORIENTED_EDGE('',*,*,#7968,.F.);
#5220=ORIENTED_EDGE('',*,*,#7660,.F.);
#5221=CARTESIAN_POINT('',(1.96728664211766,1.96728664211768,-14.1));
#5222=DIRECTION('',(1.0,6.98746616123458E-15,2.25742070881025E-16));
#5223=DIRECTION('',(-6.98746616123458E-15,1.0,0.0));
#5224=SURFACE_STYLE_FILL_AREA(#7970);
#5225=ORIENTED_EDGE('',*,*,#7971,.T.);
#5226=ORIENTED_EDGE('',*,*,#7868,.F.);
#5227=ORIENTED_EDGE('',*,*,#7767,.F.);
#5228=ORIENTED_EDGE('',*,*,#7658,.F.);
#5229=CARTESIAN_POINT('',(1.6353146455877,2.25081751246866,-14.1));
#5230=DIRECTION('',(-0.156434465040235,0.987688340595137,1.5731099377558E-16));
#5231=DIRECTION('',(1.005603168938E-15,0.0,1.0));
#5232=SURFACE_STYLE_FILL_AREA(#7972);
#5233=ORIENTED_EDGE('',*,*,#7765,.T.);
#5234=ORIENTED_EDGE('',*,*,#7869,.F.);
#5235=ORIENTED_EDGE('',*,*,#7971,.F.);
#5236=ORIENTED_EDGE('',*,*,#7657,.F.);
#5237=CARTESIAN_POINT('',(1.6353146455877,2.25081751246866,-14.1));
#5238=DIRECTION('',(0.987688340595137,0.156434465040238,2.53471587896243E-16));
#5239=DIRECTION('',(0.0,1.6203052686059E-15,-1.0));
#5240=SURFACE_STYLE_FILL_AREA(#7973);
#5241=ORIENTED_EDGE('',*,*,#7974,.T.);
#5242=ORIENTED_EDGE('',*,*,#7870,.F.);
#5243=ORIENTED_EDGE('',*,*,#7763,.F.);
#5244=ORIENTED_EDGE('',*,*,#7655,.F.);
#5245=CARTESIAN_POINT('',(1.26307577518522,2.47892578562761,-14.1));
#5246=DIRECTION('',(-0.309016994374951,0.951056516295152,1.15722542144128E-16));
#5247=DIRECTION('',(3.74486012907479E-16,0.0,1.0));
#5248=SURFACE_STYLE_FILL_AREA(#7975);
#5249=ORIENTED_EDGE('',*,*,#7761,.T.);
#5250=ORIENTED_EDGE('',*,*,#7871,.F.);
#5251=ORIENTED_EDGE('',*,*,#7974,.F.);
#5252=ORIENTED_EDGE('',*,*,#7654,.F.);
#5253=CARTESIAN_POINT('',(1.26307577518522,2.47892578562761,-14.1));
#5254=DIRECTION('',(0.951056516295151,0.309016994374955,2.74959793193485E-16));
#5255=DIRECTION('',(0.0,8.89788581853379E-16,-1.0));
#5256=SURFACE_STYLE_FILL_AREA(#7976);
#5257=ORIENTED_EDGE('',*,*,#7977,.T.);
#5258=ORIENTED_EDGE('',*,*,#7872,.F.);
#5259=ORIENTED_EDGE('',*,*,#7759,.F.);
#5260=ORIENTED_EDGE('',*,*,#7652,.F.);
#5261=CARTESIAN_POINT('',(0.859735787289519,2.64599467886141,-14.1));
#5262=DIRECTION('',(-0.453990499739551,0.891006524188366,7.12846174639898E-17));
#5263=DIRECTION('',(1.57017861617996E-16,0.0,1.0));
#5264=SURFACE_STYLE_FILL_AREA(#7978);
#5265=ORIENTED_EDGE('',*,*,#7757,.T.);
#5266=ORIENTED_EDGE('',*,*,#7873,.F.);
#5267=ORIENTED_EDGE('',*,*,#7977,.F.);
#5268=ORIENTED_EDGE('',*,*,#7651,.F.);
#5269=CARTESIAN_POINT('',(0.859735787289519,2.64599467886141,-14.1));
#5270=DIRECTION('',(0.891006524188364,0.453990499739554,2.89677575843067E-16));
#5271=DIRECTION('',(0.0,6.38069686500598E-16,-1.0));
#5272=SURFACE_STYLE_FILL_AREA(#7979);
#5273=ORIENTED_EDGE('',*,*,#7980,.T.);
#5274=ORIENTED_EDGE('',*,*,#7874,.F.);
#5275=ORIENTED_EDGE('',*,*,#7755,.F.);
#5276=ORIENTED_EDGE('',*,*,#7649,.F.);
#5277=CARTESIAN_POINT('',(0.435226251011258,2.74791040154877,-14.1));
#5278=DIRECTION('',(-0.587785252292477,0.809016994374945,2.50914289218062E-17));
#5279=DIRECTION('',(4.26880885900841E-17,0.0,1.0));
#5280=SURFACE_STYLE_FILL_AREA(#7981);
#5281=ORIENTED_EDGE('',*,*,#7982,.F.);
#5282=ORIENTED_EDGE('',*,*,#7983,.F.);
#5283=ORIENTED_EDGE('',*,*,#7750,.T.);
#5284=ORIENTED_EDGE('',*,*,#7875,.F.);
#5285=ORIENTED_EDGE('',*,*,#7980,.F.);
#5286=ORIENTED_EDGE('',*,*,#7648,.F.);
#5287=CARTESIAN_POINT('',(0.435226251011258,2.74791040154877,-14.1));
#5288=DIRECTION('',(0.809016994374943,0.58778525229248,2.97262535190638E-16));
#5289=DIRECTION('',(0.0,5.0573323170538E-16,-1.0));
#5290=SURFACE_STYLE_FILL_AREA(#7984);
#5291=ORIENTED_EDGE('',*,*,#7985,.F.);
#5292=ORIENTED_EDGE('',*,*,#7986,.T.);
#5293=ORIENTED_EDGE('',*,*,#7876,.F.);
#5294=ORIENTED_EDGE('',*,*,#7752,.F.);
#5295=CARTESIAN_POINT('',(-1.65083738810452E-14,2.78216345035823,-14.1));
#5296=DIRECTION('',(-0.707106781186551,0.707106781186544,-2.17195938741107E-17));
#5297=DIRECTION('',(-3.07161442260028E-17,0.0,1.0));
#5298=SURFACE_STYLE_FILL_AREA(#7987);
#5299=ORIENTED_EDGE('',*,*,#7988,.F.);
#5300=ORIENTED_EDGE('',*,*,#7745,.T.);
#5301=ORIENTED_EDGE('',*,*,#7877,.F.);
#5302=ORIENTED_EDGE('',*,*,#7986,.F.);
#5303=CARTESIAN_POINT('',(-1.65083738810452E-14,2.78216345035823,-14.1));
#5304=DIRECTION('',(0.707106781186541,0.707106781186554,2.97527904364022E-16));
#5305=DIRECTION('',(4.20767997536049E-16,0.0,-1.0));
#5306=SURFACE_STYLE_FILL_AREA(#7989);
#5307=ORIENTED_EDGE('',*,*,#7990,.F.);
#5308=ORIENTED_EDGE('',*,*,#7401,.F.);
#5309=ORIENTED_EDGE('',*,*,#7991,.T.);
#5310=ORIENTED_EDGE('',*,*,#7878,.F.);
#5311=ORIENTED_EDGE('',*,*,#7747,.F.);
#5312=ORIENTED_EDGE('',*,*,#7992,.F.);
#5313=CARTESIAN_POINT('',(-0.43522625101129,2.74791040154876,-14.1));
#5314=DIRECTION('',(-0.809016994374951,0.587785252292469,-6.79958081856477E-17));
#5315=DIRECTION('',(-8.40474411024969E-17,0.0,1.0));
#5316=SURFACE_STYLE_FILL_AREA(#7993);
#5317=ORIENTED_EDGE('',*,*,#7743,.T.);
#5318=ORIENTED_EDGE('',*,*,#7879,.F.);
#5319=ORIENTED_EDGE('',*,*,#7991,.F.);
#5320=ORIENTED_EDGE('',*,*,#7400,.F.);
#5321=CARTESIAN_POINT('',(-0.43522625101129,2.74791040154876,-14.1));
#5322=DIRECTION('',(0.587785252292466,0.809016994374953,2.90467149093462E-16));
#5323=DIRECTION('',(4.94172230352139E-16,0.0,-1.0));
#5324=SURFACE_STYLE_FILL_AREA(#7994);
#5325=ORIENTED_EDGE('',*,*,#7995,.T.);
#5326=ORIENTED_EDGE('',*,*,#7880,.F.);
#5327=ORIENTED_EDGE('',*,*,#7741,.F.);
#5328=ORIENTED_EDGE('',*,*,#7398,.F.);
#5329=CARTESIAN_POINT('',(-0.859735787289551,2.6459946788614,-14.1));
#5330=DIRECTION('',(-0.891006524188371,0.453990499739542,-1.12597740034505E-16));
#5331=DIRECTION('',(-1.26371397939057E-16,0.0,1.0));
#5332=SURFACE_STYLE_FILL_AREA(#7996);
#5333=ORIENTED_EDGE('',*,*,#7739,.T.);
#5334=ORIENTED_EDGE('',*,*,#7881,.F.);
#5335=ORIENTED_EDGE('',*,*,#7995,.F.);
#5336=ORIENTED_EDGE('',*,*,#7397,.F.);
#5337=CARTESIAN_POINT('',(-0.859735787289551,2.6459946788614,-14.1));
#5338=DIRECTION('',(0.453990499739538,0.891006524188372,2.76254128607022E-16));
#5339=DIRECTION('',(6.08502003380057E-16,0.0,-1.0));
#5340=SURFACE_STYLE_FILL_AREA(#7997);
#5341=ORIENTED_EDGE('',*,*,#7998,.T.);
#5342=ORIENTED_EDGE('',*,*,#7882,.F.);
#5343=ORIENTED_EDGE('',*,*,#7737,.F.);
#5344=ORIENTED_EDGE('',*,*,#7395,.F.);
#5345=CARTESIAN_POINT('',(-1.26307577518525,2.47892578562759,-14.1));
#5346=DIRECTION('',(-0.951056516295156,0.309016994374941,-1.54427141833237E-16));
#5347=DIRECTION('',(-1.62374306034734E-16,0.0,1.0));
#5348=SURFACE_STYLE_FILL_AREA(#7999);
#5349=ORIENTED_EDGE('',*,*,#7735,.T.);
#5350=ORIENTED_EDGE('',*,*,#7883,.F.);
#5351=ORIENTED_EDGE('',*,*,#7998,.F.);
#5352=ORIENTED_EDGE('',*,*,#7394,.F.);
#5353=CARTESIAN_POINT('',(-1.26307577518525,2.47892578562759,-14.1));
#5354=DIRECTION('',(0.309016994374938,0.951056516295157,2.55238814639388E-16));
#5355=DIRECTION('',(8.25970154669555E-16,0.0,-1.0));
#5356=SURFACE_STYLE_FILL_AREA(#8000);
#5357=ORIENTED_EDGE('',*,*,#8001,.T.);
#5358=ORIENTED_EDGE('',*,*,#7884,.F.);
#5359=ORIENTED_EDGE('',*,*,#7733,.F.);
#5360=ORIENTED_EDGE('',*,*,#7392,.F.);
#5361=CARTESIAN_POINT('',(-1.63531464558773,2.25081751246864,-14.1));
#5362=DIRECTION('',(-0.987688340595139,0.156434465040224,-1.92454034885736E-16));
#5363=DIRECTION('',(-1.94852998638995E-16,0.0,1.0));
#5364=SURFACE_STYLE_FILL_AREA(#8002);
#5365=ORIENTED_EDGE('',*,*,#7731,.T.);
#5366=ORIENTED_EDGE('',*,*,#7885,.F.);
#5367=ORIENTED_EDGE('',*,*,#8001,.F.);
#5368=ORIENTED_EDGE('',*,*,#7391,.F.);
#5369=CARTESIAN_POINT('',(-1.63531464558773,2.25081751246864,-14.1));
#5370=DIRECTION('',(0.15643446504022,0.987688340595139,2.27938673966273E-16));
#5371=DIRECTION('',(1.45708731070016E-15,0.0,-1.0));
#5372=SURFACE_STYLE_FILL_AREA(#8003);
#5373=ORIENTED_EDGE('',*,*,#8004,.T.);
#5374=ORIENTED_EDGE('',*,*,#7886,.F.);
#5375=ORIENTED_EDGE('',*,*,#7729,.F.);
#5376=ORIENTED_EDGE('',*,*,#7389,.F.);
#5377=CARTESIAN_POINT('',(-1.96728664211768,1.96728664211765,-14.1));
#5378=DIRECTION('',(-1.0,-6.76542155630955E-15,-2.25742070881025E-16));
#5379=DIRECTION('',(-6.76542155630955E-15,1.0,0.0));
#5380=SURFACE_STYLE_FILL_AREA(#8005);
#5381=ORIENTED_EDGE('',*,*,#7727,.T.);
#5382=ORIENTED_EDGE('',*,*,#7887,.F.);
#5383=ORIENTED_EDGE('',*,*,#8004,.F.);
#5384=ORIENTED_EDGE('',*,*,#7388,.F.);
#5385=CARTESIAN_POINT('',(-1.96728664211768,1.96728664211765,-14.1));
#5386=DIRECTION('',(-1.04291575375726E-14,1.0,1.9502592665502E-16));
#5387=DIRECTION('',(1.0,1.04291575375726E-14,-0.0));
#5388=SURFACE_STYLE_FILL_AREA(#8006);
#5389=ORIENTED_EDGE('',*,*,#8007,.T.);
#5390=ORIENTED_EDGE('',*,*,#7888,.F.);
#5391=ORIENTED_EDGE('',*,*,#7725,.F.);
#5392=ORIENTED_EDGE('',*,*,#7386,.F.);
#5393=CARTESIAN_POINT('',(-2.25081751246866,1.63531464558769,-14.1));
#5394=DIRECTION('',(-0.987688340595137,-0.156434465040239,-2.53471587896243E-16));
#5395=DIRECTION('',(-0.156434465040239,0.987688340595137,0.0));
#5396=SURFACE_STYLE_FILL_AREA(#8008);
#5397=ORIENTED_EDGE('',*,*,#7723,.T.);
#5398=ORIENTED_EDGE('',*,*,#7889,.F.);
#5399=ORIENTED_EDGE('',*,*,#8007,.F.);
#5400=ORIENTED_EDGE('',*,*,#7385,.F.);
#5401=CARTESIAN_POINT('',(-2.25081751246866,1.63531464558769,-14.1));
#5402=DIRECTION('',(-0.156434465040242,0.987688340595136,1.57310993775579E-16));
#5403=DIRECTION('',(1.00560316893794E-15,0.0,1.0));
#5404=SURFACE_STYLE_FILL_AREA(#8009);
#5405=ORIENTED_EDGE('',*,*,#8010,.T.);
#5406=ORIENTED_EDGE('',*,*,#7890,.F.);
#5407=ORIENTED_EDGE('',*,*,#7721,.F.);
#5408=ORIENTED_EDGE('',*,*,#7383,.F.);
#5409=CARTESIAN_POINT('',(-2.47892578562761,1.26307577518521,-14.1));
#5410=DIRECTION('',(-0.951056516295151,-0.309016994374955,-2.74959793193485E-16));
#5411=DIRECTION('',(-0.309016994374955,0.951056516295151,0.0));
#5412=SURFACE_STYLE_FILL_AREA(#8011);
#5413=ORIENTED_EDGE('',*,*,#7719,.T.);
#5414=ORIENTED_EDGE('',*,*,#7891,.F.);
#5415=ORIENTED_EDGE('',*,*,#8010,.F.);
#5416=ORIENTED_EDGE('',*,*,#7382,.F.);
#5417=CARTESIAN_POINT('',(-2.47892578562761,1.26307577518521,-14.1));
#5418=DIRECTION('',(-0.309016994374958,0.95105651629515,1.15722542144127E-16));
#5419=DIRECTION('',(3.74486012907464E-16,0.0,1.0));
#5420=SURFACE_STYLE_FILL_AREA(#8012);
#5421=ORIENTED_EDGE('',*,*,#8013,.T.);
#5422=ORIENTED_EDGE('',*,*,#7892,.F.);
#5423=ORIENTED_EDGE('',*,*,#7717,.F.);
#5424=ORIENTED_EDGE('',*,*,#7380,.F.);
#5425=CARTESIAN_POINT('',(-2.64599467886141,0.85973578728951,-14.1));
#5426=DIRECTION('',(-0.891006524188364,-0.453990499739554,-2.89677575843067E-16));
#5427=DIRECTION('',(-0.453990499739554,0.891006524188364,0.0));
#5428=SURFACE_STYLE_FILL_AREA(#8014);
#5429=ORIENTED_EDGE('',*,*,#7715,.T.);
#5430=ORIENTED_EDGE('',*,*,#7893,.F.);
#5431=ORIENTED_EDGE('',*,*,#8013,.F.);
#5432=ORIENTED_EDGE('',*,*,#7379,.F.);
#5433=CARTESIAN_POINT('',(-2.64599467886141,0.85973578728951,-14.1));
#5434=DIRECTION('',(-0.453990499739557,0.891006524188363,7.12846174639879E-17));
#5435=DIRECTION('',(1.5701786161799E-16,0.0,1.0));
#5436=SURFACE_STYLE_FILL_AREA(#8015);
#5437=ORIENTED_EDGE('',*,*,#8016,.T.);
#5438=ORIENTED_EDGE('',*,*,#7894,.F.);
#5439=ORIENTED_EDGE('',*,*,#7713,.F.);
#5440=ORIENTED_EDGE('',*,*,#7377,.F.);
#5441=CARTESIAN_POINT('',(-2.74791040154876,0.435226251011246,-14.1));
#5442=DIRECTION('',(-0.809016994374942,-0.58778525229248,-2.97262535190638E-16));
#5443=DIRECTION('',(-0.58778525229248,0.809016994374942,0.0));
#5444=SURFACE_STYLE_FILL_AREA(#8017);
#5445=ORIENTED_EDGE('',*,*,#7711,.T.);
#5446=ORIENTED_EDGE('',*,*,#7895,.F.);
#5447=ORIENTED_EDGE('',*,*,#8016,.F.);
#5448=ORIENTED_EDGE('',*,*,#7376,.F.);
#5449=CARTESIAN_POINT('',(-2.74791040154876,0.435226251011246,-14.1));
#5450=DIRECTION('',(-0.587785252292483,0.80901699437494,2.50914289218039E-17));
#5451=DIRECTION('',(4.26880885900798E-17,0.0,1.0));
#5452=SURFACE_STYLE_FILL_AREA(#8018);
#5453=ORIENTED_EDGE('',*,*,#8019,.T.);
#5454=ORIENTED_EDGE('',*,*,#7896,.F.);
#5455=ORIENTED_EDGE('',*,*,#7709,.F.);
#5456=ORIENTED_EDGE('',*,*,#7374,.F.);
#5457=CARTESIAN_POINT('',(-2.78216345035823,-2.6655343283169E-14,-14.1));
#5458=DIRECTION('',(-0.707106781186541,-0.707106781186554,-2.97527904364023E-16));
#5459=DIRECTION('',(-0.707106781186554,0.707106781186541,0.0));
#5460=SURFACE_STYLE_FILL_AREA(#8020);
#5461=ORIENTED_EDGE('',*,*,#7707,.T.);
#5462=ORIENTED_EDGE('',*,*,#7897,.F.);
#5463=ORIENTED_EDGE('',*,*,#8019,.F.);
#5464=ORIENTED_EDGE('',*,*,#7370,.F.);
#5465=CARTESIAN_POINT('',(-2.78216345035823,-2.6655343283169E-14,-14.1));
#5466=DIRECTION('',(-0.707106781186556,0.707106781186539,-2.17195938741129E-17));
#5467=DIRECTION('',(-3.07161442260057E-17,0.0,1.0));
#5468=SURFACE_STYLE_FILL_AREA(#8021);
#5469=ORIENTED_EDGE('',*,*,#8022,.T.);
#5470=ORIENTED_EDGE('',*,*,#7898,.F.);
#5471=ORIENTED_EDGE('',*,*,#7705,.F.);
#5472=ORIENTED_EDGE('',*,*,#7368,.F.);
#5473=CARTESIAN_POINT('',(-2.74791040154875,-0.435226251011301,-14.1));
#5474=DIRECTION('',(-0.587785252292465,-0.809016994374953,-2.90467149093462E-16));
#5475=DIRECTION('',(-0.809016994374953,0.587785252292465,0.0));
#5476=SURFACE_STYLE_FILL_AREA(#8023);
#5477=ORIENTED_EDGE('',*,*,#7703,.T.);
#5478=ORIENTED_EDGE('',*,*,#7899,.F.);
#5479=ORIENTED_EDGE('',*,*,#8022,.F.);
#5480=ORIENTED_EDGE('',*,*,#7367,.F.);
#5481=CARTESIAN_POINT('',(-2.74791040154875,-0.435226251011301,-14.1));
#5482=DIRECTION('',(-0.809016994374955,0.587785252292463,-6.79958081856499E-17));
#5483=DIRECTION('',(-8.40474411024992E-17,0.0,1.0));
#5484=SURFACE_STYLE_FILL_AREA(#8024);
#5485=ORIENTED_EDGE('',*,*,#8025,.T.);
#5486=ORIENTED_EDGE('',*,*,#7900,.F.);
#5487=ORIENTED_EDGE('',*,*,#7701,.F.);
#5488=ORIENTED_EDGE('',*,*,#7365,.F.);
#5489=CARTESIAN_POINT('',(-2.64599467886139,-0.859735787289561,-14.1));
#5490=DIRECTION('',(-0.453990499739538,-0.891006524188372,-2.76254128607022E-16));
#5491=DIRECTION('',(-0.891006524188372,0.453990499739538,0.0));
#5492=SURFACE_STYLE_FILL_AREA(#8026);
#5493=ORIENTED_EDGE('',*,*,#7699,.T.);
#5494=ORIENTED_EDGE('',*,*,#7901,.F.);
#5495=ORIENTED_EDGE('',*,*,#8025,.F.);
#5496=ORIENTED_EDGE('',*,*,#7364,.F.);
#5497=CARTESIAN_POINT('',(-2.64599467886139,-0.859735787289561,-14.1));
#5498=DIRECTION('',(-0.891006524188374,0.453990499739535,-1.12597740034507E-16));
#5499=DIRECTION('',(-1.26371397939059E-16,0.0,1.0));
#5500=SURFACE_STYLE_FILL_AREA(#8027);
#5501=ORIENTED_EDGE('',*,*,#8028,.T.);
#5502=ORIENTED_EDGE('',*,*,#7902,.F.);
#5503=ORIENTED_EDGE('',*,*,#7697,.F.);
#5504=ORIENTED_EDGE('',*,*,#7362,.F.);
#5505=CARTESIAN_POINT('',(-2.47892578562759,-1.26307577518526,-14.1));
#5506=DIRECTION('',(-0.309016994374939,-0.951056516295157,-2.55238814639389E-16));
#5507=DIRECTION('',(-0.951056516295157,0.309016994374939,0.0));
#5508=SURFACE_STYLE_FILL_AREA(#8029);
#5509=ORIENTED_EDGE('',*,*,#7695,.T.);
#5510=ORIENTED_EDGE('',*,*,#7903,.F.);
#5511=ORIENTED_EDGE('',*,*,#8028,.F.);
#5512=ORIENTED_EDGE('',*,*,#7361,.F.);
#5513=CARTESIAN_POINT('',(-2.47892578562759,-1.26307577518526,-14.1));
#5514=DIRECTION('',(-0.951056516295158,0.309016994374935,-1.54427141833239E-16));
#5515=DIRECTION('',(-1.62374306034735E-16,0.0,1.0));
#5516=SURFACE_STYLE_FILL_AREA(#8030);
#5517=ORIENTED_EDGE('',*,*,#8031,.T.);
#5518=ORIENTED_EDGE('',*,*,#7904,.F.);
#5519=ORIENTED_EDGE('',*,*,#7693,.F.);
#5520=ORIENTED_EDGE('',*,*,#7359,.F.);
#5521=CARTESIAN_POINT('',(-2.25081751246863,-1.63531464558773,-14.1));
#5522=DIRECTION('',(-0.156434465040221,-0.987688340595139,-2.27938673966273E-16));
#5523=DIRECTION('',(-0.987688340595139,0.156434465040221,0.0));
#5524=SURFACE_STYLE_FILL_AREA(#8032);
#5525=ORIENTED_EDGE('',*,*,#7691,.T.);
#5526=ORIENTED_EDGE('',*,*,#7905,.F.);
#5527=ORIENTED_EDGE('',*,*,#8031,.F.);
#5528=ORIENTED_EDGE('',*,*,#7358,.F.);
#5529=CARTESIAN_POINT('',(-2.25081751246863,-1.63531464558773,-14.1));
#5530=DIRECTION('',(-0.98768834059514,0.156434465040217,-1.92454034885737E-16));
#5531=DIRECTION('',(-1.94852998638996E-16,0.0,1.0));
#5532=SURFACE_STYLE_FILL_AREA(#8033);
#5533=ORIENTED_EDGE('',*,*,#8034,.T.);
#5534=ORIENTED_EDGE('',*,*,#7906,.F.);
#5535=ORIENTED_EDGE('',*,*,#7689,.F.);
#5536=ORIENTED_EDGE('',*,*,#7356,.F.);
#5537=CARTESIAN_POINT('',(-1.96728664211764,-1.96728664211769,-14.1));
#5538=DIRECTION('',(1.031813523511E-14,-1.0,-1.9502592665502E-16));
#5539=DIRECTION('',(0.0,1.9502592665502E-16,-1.0));
#5540=SURFACE_STYLE_FILL_AREA(#8035);
#5541=ORIENTED_EDGE('',*,*,#7687,.T.);
#5542=ORIENTED_EDGE('',*,*,#7907,.F.);
#5543=ORIENTED_EDGE('',*,*,#8034,.F.);
#5544=ORIENTED_EDGE('',*,*,#7355,.F.);
#5545=CARTESIAN_POINT('',(-1.96728664211764,-1.96728664211769,-14.1));
#5546=DIRECTION('',(-1.0,-1.39263600651418E-14,-2.25742070881026E-16));
#5547=DIRECTION('',(-1.39263600651418E-14,1.0,0.0));
#5548=SURFACE_STYLE_FILL_AREA(#8036);
#5549=ORIENTED_EDGE('',*,*,#8037,.T.);
#5550=ORIENTED_EDGE('',*,*,#7908,.F.);
#5551=ORIENTED_EDGE('',*,*,#7685,.F.);
#5552=ORIENTED_EDGE('',*,*,#7353,.F.);
#5553=CARTESIAN_POINT('',(-1.63531464558768,-2.25081751246867,-14.1));
#5554=DIRECTION('',(0.156434465040242,-0.987688340595136,-1.57310993775579E-16));
#5555=DIRECTION('',(0.0,1.59271895100827E-16,-1.0));
#5556=SURFACE_STYLE_FILL_AREA(#8038);
#5557=ORIENTED_EDGE('',*,*,#7683,.T.);
#5558=ORIENTED_EDGE('',*,*,#7909,.F.);
#5559=ORIENTED_EDGE('',*,*,#8037,.F.);
#5560=ORIENTED_EDGE('',*,*,#7352,.F.);
#5561=CARTESIAN_POINT('',(-1.63531464558768,-2.25081751246867,-14.1));
#5562=DIRECTION('',(-0.987688340595135,-0.156434465040246,-2.53471587896244E-16));
#5563=DIRECTION('',(-0.156434465040246,0.987688340595135,0.0));
#5564=SURFACE_STYLE_FILL_AREA(#8039);
#5565=ORIENTED_EDGE('',*,*,#8040,.T.);
#5566=ORIENTED_EDGE('',*,*,#7910,.F.);
#5567=ORIENTED_EDGE('',*,*,#7681,.F.);
#5568=ORIENTED_EDGE('',*,*,#7350,.F.);
#5569=CARTESIAN_POINT('',(-1.2630757751852,-2.47892578562762,-14.1));
#5570=DIRECTION('',(0.309016994374958,-0.95105651629515,-1.15722542144127E-16));
#5571=DIRECTION('',(0.0,1.2167788155737E-16,-1.0));
#5572=SURFACE_STYLE_FILL_AREA(#8041);
#5573=ORIENTED_EDGE('',*,*,#7679,.T.);
#5574=ORIENTED_EDGE('',*,*,#7911,.F.);
#5575=ORIENTED_EDGE('',*,*,#8040,.F.);
#5576=ORIENTED_EDGE('',*,*,#7349,.F.);
#5577=CARTESIAN_POINT('',(-1.2630757751852,-2.47892578562762,-14.1));
#5578=DIRECTION('',(-0.951056516295149,-0.309016994374962,-2.74959793193486E-16));
#5579=DIRECTION('',(-0.309016994374962,0.951056516295149,0.0));
#5580=SURFACE_STYLE_FILL_AREA(#8042);
#5581=ORIENTED_EDGE('',*,*,#8043,.T.);
#5582=ORIENTED_EDGE('',*,*,#7912,.F.);
#5583=ORIENTED_EDGE('',*,*,#7677,.F.);
#5584=ORIENTED_EDGE('',*,*,#7347,.F.);
#5585=CARTESIAN_POINT('',(-0.859735787289495,-2.64599467886141,-14.1));
#5586=DIRECTION('',(0.453990499739557,-0.891006524188363,-7.12846174639879E-17));
#5587=DIRECTION('',(0.0,8.00045965195627E-17,-1.0));
#5588=SURFACE_STYLE_FILL_AREA(#8044);
#5589=ORIENTED_EDGE('',*,*,#7640,.T.);
#5590=ORIENTED_EDGE('',*,*,#7913,.F.);
#5591=ORIENTED_EDGE('',*,*,#8043,.F.);
#5592=ORIENTED_EDGE('',*,*,#7346,.F.);
#5593=CARTESIAN_POINT('',(-0.859735787289495,-2.64599467886141,-14.1));
#5594=DIRECTION('',(-0.891006524188361,-0.45399049973956,-2.89677575843068E-16));
#5595=DIRECTION('',(-0.45399049973956,0.891006524188361,0.0));
#5596=SURFACE_STYLE_FILL_AREA(#8045);
#5597=ORIENTED_EDGE('',*,*,#8046,.T.);
#5598=ORIENTED_EDGE('',*,*,#7914,.F.);
#5599=ORIENTED_EDGE('',*,*,#7638,.F.);
#5600=ORIENTED_EDGE('',*,*,#7344,.F.);
#5601=CARTESIAN_POINT('',(-0.435226251011231,-2.74791040154877,-14.1));
#5602=DIRECTION('',(0.587785252292483,-0.80901699437494,-2.5091428921804E-17));
#5603=DIRECTION('',(0.0,3.10147117999542E-17,-1.0));
#5604=SURFACE_STYLE_FILL_AREA(#8047);
#5605=ORIENTED_EDGE('',*,*,#7642,.T.);
#5606=ORIENTED_EDGE('',*,*,#7915,.F.);
#5607=ORIENTED_EDGE('',*,*,#8046,.F.);
#5608=ORIENTED_EDGE('',*,*,#7343,.F.);
#5609=CARTESIAN_POINT('',(-0.435226251011231,-2.74791040154877,-14.1));
#5610=DIRECTION('',(-0.809016994374938,-0.587785252292486,-2.97262535190638E-16));
#5611=DIRECTION('',(-0.587785252292486,0.809016994374938,0.0));
#5612=SURFACE_STYLE_FILL_AREA(#8048);
#5613=ORIENTED_EDGE('',*,*,#7402,.T.);
#5614=ORIENTED_EDGE('',*,*,#7990,.T.);
#5615=ORIENTED_EDGE('',*,*,#8049,.F.);
#5616=ORIENTED_EDGE('',*,*,#8050,.T.);
#5617=ORIENTED_EDGE('',*,*,#7919,.T.);
#5618=CARTESIAN_POINT('',(-0.349999999999997,3.55643488198623,-10.5));
#5619=DIRECTION('',(-1.0,2.6140315116904E-16,-2.25742070881023E-16));
#5620=DIRECTION('',(-2.25742070881023E-16,0.0,1.0));
#5621=SURFACE_STYLE_FILL_AREA(#8051);
#5622=ORIENTED_EDGE('',*,*,#7920,.T.);
#5623=ORIENTED_EDGE('',*,*,#8050,.F.);
#5624=ORIENTED_EDGE('',*,*,#8052,.F.);
#5625=ORIENTED_EDGE('',*,*,#8053,.T.);
#5626=CARTESIAN_POINT('',(-0.349999999999997,1.0,-10.5));
#5627=DIRECTION('',(-6.93889390390723E-18,-1.0,-1.95025926655023E-16));
#5628=DIRECTION('',(0.0,1.95025926655023E-16,-1.0));
#5629=SURFACE_STYLE_FILL_AREA(#8054);
#5630=ORIENTED_EDGE('',*,*,#7647,.T.);
#5631=ORIENTED_EDGE('',*,*,#7921,.T.);
#5632=ORIENTED_EDGE('',*,*,#8053,.F.);
#5633=ORIENTED_EDGE('',*,*,#8055,.F.);
#5634=ORIENTED_EDGE('',*,*,#7982,.T.);
#5635=CARTESIAN_POINT('',(0.350000000000003,3.55643488198623,-10.5));
#5636=DIRECTION('',(1.0,-6.93889390390723E-18,2.25742070881023E-16));
#5637=DIRECTION('',(-2.25742070881023E-16,0.0,1.0));
#5638=SURFACE_STYLE_FILL_AREA(#8056);
#5639=ORIENTED_EDGE('',*,*,#7983,.T.);
#5640=ORIENTED_EDGE('',*,*,#8055,.T.);
#5641=ORIENTED_EDGE('',*,*,#8052,.T.);
#5642=ORIENTED_EDGE('',*,*,#8049,.T.);
#5643=ORIENTED_EDGE('',*,*,#7992,.T.);
#5644=ORIENTED_EDGE('',*,*,#7746,.F.);
#5645=ORIENTED_EDGE('',*,*,#7988,.T.);
#5646=ORIENTED_EDGE('',*,*,#7985,.T.);
#5647=ORIENTED_EDGE('',*,*,#7751,.F.);
#5648=CARTESIAN_POINT('',(-0.349999999999997,1.0,-10.5));
#5649=DIRECTION('',(-2.25742070881023E-16,-1.95025926655023E-16,1.0));
#5650=DIRECTION('',(1.0,0.0,2.25742070881023E-16));
#5651=SURFACE_STYLE_FILL_AREA(#8057);
#5652=ORIENTED_EDGE('',*,*,#7594,.F.);
#5653=ORIENTED_EDGE('',*,*,#8058,.T.);
#5654=ORIENTED_EDGE('',*,*,#8059,.F.);
#5655=ORIENTED_EDGE('',*,*,#8060,.F.);
#5656=ORIENTED_EDGE('',*,*,#8061,.T.);
#5657=ORIENTED_EDGE('',*,*,#8062,.F.);
#5658=ORIENTED_EDGE('',*,*,#8063,.F.);
#5659=ORIENTED_EDGE('',*,*,#8064,.T.);
#5660=CARTESIAN_POINT('',(-4.3,3.8,1.62630325872826E-16));
#5661=DIRECTION('',(0.0,0.0,-1.0));
#5662=DIRECTION('',(0.0,-1.0,0.0));
#5663=SURFACE_STYLE_FILL_AREA(#8065);
#5664=ORIENTED_EDGE('',*,*,#8066,.F.);
#5665=ORIENTED_EDGE('',*,*,#8067,.T.);
#5666=ORIENTED_EDGE('',*,*,#8068,.F.);
#5667=ORIENTED_EDGE('',*,*,#8069,.T.);
#5668=ORIENTED_EDGE('',*,*,#8070,.T.);
#5669=ORIENTED_EDGE('',*,*,#8071,.T.);
#5670=ORIENTED_EDGE('',*,*,#8060,.T.);
#5671=ORIENTED_EDGE('',*,*,#8072,.T.);
#5672=CARTESIAN_POINT('',(4.3,-3.8,3.79470760369927E-16));
#5673=DIRECTION('',(6.39534721476781E-16,-1.0,1.7750654320769E-32));
#5674=DIRECTION('',(0.0,-1.7750654320769E-32,-1.0));
#5675=SURFACE_STYLE_FILL_AREA(#8073);
#5676=ORIENTED_EDGE('',*,*,#8074,.T.);
#5677=ORIENTED_EDGE('',*,*,#8075,.T.);
#5678=ORIENTED_EDGE('',*,*,#8076,.T.);
#5679=ORIENTED_EDGE('',*,*,#8077,.T.);
#5680=ORIENTED_EDGE('',*,*,#8078,.T.);
#5681=ORIENTED_EDGE('',*,*,#8079,.T.);
#5682=ORIENTED_EDGE('',*,*,#8080,.T.);
#5683=ORIENTED_EDGE('',*,*,#8081,.T.);
#5684=ORIENTED_EDGE('',*,*,#8082,.T.);
#5685=ORIENTED_EDGE('',*,*,#8083,.T.);
#5686=ORIENTED_EDGE('',*,*,#8084,.T.);
#5687=ORIENTED_EDGE('',*,*,#8085,.T.);
#5688=ORIENTED_EDGE('',*,*,#8086,.T.);
#5689=ORIENTED_EDGE('',*,*,#8087,.T.);
#5690=ORIENTED_EDGE('',*,*,#8066,.T.);
#5691=ORIENTED_EDGE('',*,*,#8088,.T.);
#5692=ORIENTED_EDGE('',*,*,#8089,.T.);
#5693=ORIENTED_EDGE('',*,*,#8090,.T.);
#5694=ORIENTED_EDGE('',*,*,#8091,.T.);
#5695=ORIENTED_EDGE('',*,*,#8092,.T.);
#5696=ORIENTED_EDGE('',*,*,#8093,.T.);
#5697=ORIENTED_EDGE('',*,*,#8094,.T.);
#5698=ORIENTED_EDGE('',*,*,#8095,.T.);
#5699=ORIENTED_EDGE('',*,*,#8096,.T.);
#5700=ORIENTED_EDGE('',*,*,#8097,.T.);
#5701=ORIENTED_EDGE('',*,*,#7264,.T.);
#5702=ORIENTED_EDGE('',*,*,#8098,.T.);
#5703=ORIENTED_EDGE('',*,*,#7268,.T.);
#5704=ORIENTED_EDGE('',*,*,#8099,.T.);
#5705=ORIENTED_EDGE('',*,*,#7272,.T.);
#5706=ORIENTED_EDGE('',*,*,#8100,.T.);
#5707=ORIENTED_EDGE('',*,*,#7251,.T.);
#5708=ORIENTED_EDGE('',*,*,#8101,.T.);
#5709=ORIENTED_EDGE('',*,*,#7276,.T.);
#5710=CARTESIAN_POINT('',(-4.3,3.8,-0.4));
#5711=DIRECTION('',(0.0,0.0,-1.0));
#5712=DIRECTION('',(0.0,-1.0,0.0));
#5713=SURFACE_STYLE_FILL_AREA(#8102);
#5714=ORIENTED_EDGE('',*,*,#8071,.F.);
#5715=ORIENTED_EDGE('',*,*,#8103,.F.);
#5716=ORIENTED_EDGE('',*,*,#8104,.F.);
#5717=ORIENTED_EDGE('',*,*,#8061,.F.);
#5718=CARTESIAN_POINT('',(4.4,3.8,0.1));
#5719=DIRECTION('',(0.0,1.0,-0.0));
#5720=DIRECTION('',(-1.0,0.0,0.0));
#5721=SURFACE_STYLE_FILL_AREA(#8105);
#5722=ORIENTED_EDGE('',*,*,#8106,.T.);
#5723=ORIENTED_EDGE('',*,*,#8107,.T.);
#5724=ORIENTED_EDGE('',*,*,#8086,.F.);
#5725=ORIENTED_EDGE('',*,*,#8108,.F.);
#5726=ORIENTED_EDGE('',*,*,#8062,.T.);
#5727=ORIENTED_EDGE('',*,*,#8104,.T.);
#5728=ORIENTED_EDGE('',*,*,#8109,.T.);
#5729=ORIENTED_EDGE('',*,*,#8110,.T.);
#5730=CARTESIAN_POINT('',(4.3,3.8,3.79470760369927E-16));
#5731=DIRECTION('',(-6.39534721476783E-16,1.0,-1.7750654320769E-32));
#5732=DIRECTION('',(1.0,6.39534721476783E-16,0.0));
#5733=SURFACE_STYLE_FILL_AREA(#8111);
#5734=ORIENTED_EDGE('',*,*,#8085,.F.);
#5735=ORIENTED_EDGE('',*,*,#8112,.T.);
#5736=ORIENTED_EDGE('',*,*,#8063,.T.);
#5737=ORIENTED_EDGE('',*,*,#8108,.T.);
#5738=CARTESIAN_POINT('',(4.3,3.8,3.79470760369927E-16));
#5739=DIRECTION('',(1.0,0.0,2.77555756156289E-17));
#5740=DIRECTION('',(-2.77555756156289E-17,0.0,1.0));
#5741=SURFACE_STYLE_FILL_AREA(#8113);
#5742=ORIENTED_EDGE('',*,*,#8064,.F.);
#5743=ORIENTED_EDGE('',*,*,#8112,.F.);
#5744=ORIENTED_EDGE('',*,*,#8084,.F.);
#5745=ORIENTED_EDGE('',*,*,#8114,.F.);
#5746=ORIENTED_EDGE('',*,*,#7563,.F.);
#5747=CARTESIAN_POINT('',(3.1,4.1,3.79470760369927E-16));
#5748=DIRECTION('',(-0.0,0.0,1.0));
#5749=DIRECTION('',(0.0,1.0,0.0));
#5750=SURFACE_STYLE_FILL_AREA(#8115);
#5751=ORIENTED_EDGE('',*,*,#8116,.T.);
#5752=ORIENTED_EDGE('',*,*,#7564,.T.);
#5753=ORIENTED_EDGE('',*,*,#8114,.T.);
#5754=ORIENTED_EDGE('',*,*,#8083,.F.);
#5755=ORIENTED_EDGE('',*,*,#8117,.F.);
#5756=CARTESIAN_POINT('',(1.0,5.3,3.25260651745651E-16));
#5757=DIRECTION('',(8.32667268468867E-17,1.0,2.31111593326468E-33));
#5758=DIRECTION('',(1.0,-8.32667268468867E-17,0.0));
#5759=SURFACE_STYLE_FILL_AREA(#8118);
#5760=ORIENTED_EDGE('',*,*,#8082,.F.);
#5761=ORIENTED_EDGE('',*,*,#8119,.F.);
#5762=ORIENTED_EDGE('',*,*,#8120,.T.);
#5763=ORIENTED_EDGE('',*,*,#8117,.T.);
#5764=CARTESIAN_POINT('',(1.0,5.3,3.25260651745651E-16));
#5765=DIRECTION('',(1.0,1.08420217248551E-15,2.77555756156289E-17));
#5766=DIRECTION('',(-1.08420217248551E-15,1.0,0.0));
#5767=SURFACE_STYLE_FILL_AREA(#8121);
#5768=ORIENTED_EDGE('',*,*,#8081,.F.);
#5769=ORIENTED_EDGE('',*,*,#8122,.F.);
#5770=ORIENTED_EDGE('',*,*,#8123,.T.);
#5771=ORIENTED_EDGE('',*,*,#8119,.T.);
#5772=CARTESIAN_POINT('',(-1.0,5.5,2.16840434497101E-16));
#5773=DIRECTION('',(8.32667268468867E-17,1.0,2.31111593326468E-33));
#5774=DIRECTION('',(1.0,-8.32667268468867E-17,0.0));
#5775=SURFACE_STYLE_FILL_AREA(#8124);
#5776=ORIENTED_EDGE('',*,*,#8080,.F.);
#5777=ORIENTED_EDGE('',*,*,#8125,.F.);
#5778=ORIENTED_EDGE('',*,*,#8126,.T.);
#5779=ORIENTED_EDGE('',*,*,#8122,.T.);
#5780=CARTESIAN_POINT('',(-1.0,5.3,2.16840434497101E-16));
#5781=DIRECTION('',(-1.0,1.08420217248551E-15,-2.77555756156289E-17));
#5782=DIRECTION('',(-2.77555756156289E-17,0.0,1.0));
#5783=SURFACE_STYLE_FILL_AREA(#8127);
#5784=ORIENTED_EDGE('',*,*,#8079,.F.);
#5785=ORIENTED_EDGE('',*,*,#8128,.T.);
#5786=ORIENTED_EDGE('',*,*,#7488,.T.);
#5787=ORIENTED_EDGE('',*,*,#8129,.T.);
#5788=ORIENTED_EDGE('',*,*,#8125,.T.);
#5789=CARTESIAN_POINT('',(-4.3,5.3,1.62630325872826E-16));
#5790=DIRECTION('',(8.32667268468867E-17,1.0,2.31111593326468E-33));
#5791=DIRECTION('',(1.0,-8.32667268468867E-17,0.0));
#5792=SURFACE_STYLE_FILL_AREA(#8130);
#5793=ORIENTED_EDGE('',*,*,#7489,.F.);
#5794=ORIENTED_EDGE('',*,*,#8128,.F.);
#5795=ORIENTED_EDGE('',*,*,#8078,.F.);
#5796=ORIENTED_EDGE('',*,*,#8131,.F.);
#5797=ORIENTED_EDGE('',*,*,#8132,.F.);
#5798=CARTESIAN_POINT('',(-3.1,4.1,1.62630325872826E-16));
#5799=DIRECTION('',(-0.0,0.0,1.0));
#5800=DIRECTION('',(0.0,1.0,0.0));
#5801=SURFACE_STYLE_FILL_AREA(#8133);
#5802=ORIENTED_EDGE('',*,*,#8134,.T.);
#5803=ORIENTED_EDGE('',*,*,#8131,.T.);
#5804=ORIENTED_EDGE('',*,*,#8077,.F.);
#5805=ORIENTED_EDGE('',*,*,#8135,.F.);
#5806=CARTESIAN_POINT('',(-4.3,3.8,1.62630325872826E-16));
#5807=DIRECTION('',(-1.0,0.0,-2.77555756156289E-17));
#5808=DIRECTION('',(-2.77555756156289E-17,0.0,1.0));
#5809=SURFACE_STYLE_FILL_AREA(#8136);
#5810=ORIENTED_EDGE('',*,*,#8076,.F.);
#5811=ORIENTED_EDGE('',*,*,#8137,.T.);
#5812=ORIENTED_EDGE('',*,*,#8138,.F.);
#5813=ORIENTED_EDGE('',*,*,#8139,.T.);
#5814=ORIENTED_EDGE('',*,*,#8140,.F.);
#5815=ORIENTED_EDGE('',*,*,#8141,.T.);
#5816=ORIENTED_EDGE('',*,*,#8142,.T.);
#5817=ORIENTED_EDGE('',*,*,#8135,.T.);
#5818=CARTESIAN_POINT('',(-4.9,3.8,1.0842021724855E-16));
#5819=DIRECTION('',(8.32667268468867E-17,1.0,2.31111593326468E-33));
#5820=DIRECTION('',(1.0,-8.32667268468867E-17,0.0));
#5821=SURFACE_STYLE_FILL_AREA(#8143);
#5822=ORIENTED_EDGE('',*,*,#8144,.F.);
#5823=ORIENTED_EDGE('',*,*,#8145,.F.);
#5824=ORIENTED_EDGE('',*,*,#8141,.F.);
#5825=ORIENTED_EDGE('',*,*,#8146,.F.);
#5826=CARTESIAN_POINT('',(-4.4,3.8,0.0999999999999997));
#5827=DIRECTION('',(0.0,1.0,-0.0));
#5828=DIRECTION('',(-1.0,0.0,0.0));
#5829=SURFACE_STYLE_FILL_AREA(#8147);
#5830=ORIENTED_EDGE('',*,*,#8148,.T.);
#5831=ORIENTED_EDGE('',*,*,#8149,.T.);
#5832=ORIENTED_EDGE('',*,*,#8074,.F.);
#5833=ORIENTED_EDGE('',*,*,#8150,.F.);
#5834=ORIENTED_EDGE('',*,*,#8151,.T.);
#5835=ORIENTED_EDGE('',*,*,#8144,.T.);
#5836=ORIENTED_EDGE('',*,*,#8152,.F.);
#5837=ORIENTED_EDGE('',*,*,#8153,.T.);
#5838=CARTESIAN_POINT('',(-4.9,-3.8,1.0842021724855E-16));
#5839=DIRECTION('',(6.39534721476782E-16,-1.0,1.7750654320769E-32));
#5840=DIRECTION('',(0.0,-1.7750654320769E-32,-1.0));
#5841=SURFACE_STYLE_FILL_AREA(#8154);
#5842=ORIENTED_EDGE('',*,*,#8096,.F.);
#5843=ORIENTED_EDGE('',*,*,#8155,.T.);
#5844=ORIENTED_EDGE('',*,*,#8156,.T.);
#5845=ORIENTED_EDGE('',*,*,#8150,.T.);
#5846=CARTESIAN_POINT('',(-4.3,-5.3,1.62630325872826E-16));
#5847=DIRECTION('',(-1.0,0.0,-2.77555756156289E-17));
#5848=DIRECTION('',(-2.77555756156289E-17,0.0,1.0));
#5849=SURFACE_STYLE_FILL_AREA(#8157);
#5850=ORIENTED_EDGE('',*,*,#8158,.F.);
#5851=ORIENTED_EDGE('',*,*,#8155,.F.);
#5852=ORIENTED_EDGE('',*,*,#8095,.F.);
#5853=ORIENTED_EDGE('',*,*,#8159,.F.);
#5854=ORIENTED_EDGE('',*,*,#7481,.F.);
#5855=CARTESIAN_POINT('',(-3.1,-4.1,1.62630325872826E-16));
#5856=DIRECTION('',(-0.0,0.0,1.0));
#5857=DIRECTION('',(0.0,1.0,0.0));
#5858=SURFACE_STYLE_FILL_AREA(#8160);
#5859=ORIENTED_EDGE('',*,*,#8161,.T.);
#5860=ORIENTED_EDGE('',*,*,#7482,.T.);
#5861=ORIENTED_EDGE('',*,*,#8159,.T.);
#5862=ORIENTED_EDGE('',*,*,#8094,.F.);
#5863=ORIENTED_EDGE('',*,*,#8162,.F.);
#5864=CARTESIAN_POINT('',(-4.3,-5.3,1.62630325872826E-16));
#5865=DIRECTION('',(-8.32667268468867E-17,-1.0,-2.31111593326468E-33));
#5866=DIRECTION('',(-1.0,8.32667268468867E-17,0.0));
#5867=SURFACE_STYLE_FILL_AREA(#8163);
#5868=ORIENTED_EDGE('',*,*,#8093,.F.);
#5869=ORIENTED_EDGE('',*,*,#8164,.F.);
#5870=ORIENTED_EDGE('',*,*,#8165,.T.);
#5871=ORIENTED_EDGE('',*,*,#8162,.T.);
#5872=CARTESIAN_POINT('',(-1.0,-5.5,2.16840434497101E-16));
#5873=DIRECTION('',(-1.0,0.0,-2.77555756156289E-17));
#5874=DIRECTION('',(-2.77555756156289E-17,0.0,1.0));
#5875=SURFACE_STYLE_FILL_AREA(#8166);
#5876=ORIENTED_EDGE('',*,*,#8092,.F.);
#5877=ORIENTED_EDGE('',*,*,#8167,.F.);
#5878=ORIENTED_EDGE('',*,*,#8168,.T.);
#5879=ORIENTED_EDGE('',*,*,#8164,.T.);
#5880=CARTESIAN_POINT('',(-1.0,-5.5,2.16840434497101E-16));
#5881=DIRECTION('',(-8.32667268468867E-17,-1.0,-2.31111593326468E-33));
#5882=DIRECTION('',(-1.0,8.32667268468867E-17,0.0));
#5883=SURFACE_STYLE_FILL_AREA(#8169);
#5884=ORIENTED_EDGE('',*,*,#8091,.F.);
#5885=ORIENTED_EDGE('',*,*,#8170,.F.);
#5886=ORIENTED_EDGE('',*,*,#8171,.T.);
#5887=ORIENTED_EDGE('',*,*,#8167,.T.);
#5888=CARTESIAN_POINT('',(0.999999999999999,-5.5,3.25260651745651E-16));
#5889=DIRECTION('',(1.0,0.0,2.77555756156289E-17));
#5890=DIRECTION('',(-2.77555756156289E-17,0.0,1.0));
#5891=SURFACE_STYLE_FILL_AREA(#8172);
#5892=ORIENTED_EDGE('',*,*,#8090,.F.);
#5893=ORIENTED_EDGE('',*,*,#8173,.T.);
#5894=ORIENTED_EDGE('',*,*,#7474,.T.);
#5895=ORIENTED_EDGE('',*,*,#8174,.T.);
#5896=ORIENTED_EDGE('',*,*,#8170,.T.);
#5897=CARTESIAN_POINT('',(0.999999999999999,-5.3,3.25260651745651E-16));
#5898=DIRECTION('',(-3.46103617146403E-16,-1.0,-9.60630511654966E-33));
#5899=DIRECTION('',(-1.0,3.46103617146403E-16,0.0));
#5900=SURFACE_STYLE_FILL_AREA(#8175);
#5901=ORIENTED_EDGE('',*,*,#7475,.F.);
#5902=ORIENTED_EDGE('',*,*,#8173,.F.);
#5903=ORIENTED_EDGE('',*,*,#8089,.F.);
#5904=ORIENTED_EDGE('',*,*,#8176,.F.);
#5905=ORIENTED_EDGE('',*,*,#8058,.F.);
#5906=CARTESIAN_POINT('',(3.1,-4.1,3.79470760369927E-16));
#5907=DIRECTION('',(-0.0,0.0,1.0));
#5908=DIRECTION('',(0.0,1.0,0.0));
#5909=SURFACE_STYLE_FILL_AREA(#8177);
#5910=ORIENTED_EDGE('',*,*,#8059,.T.);
#5911=ORIENTED_EDGE('',*,*,#8176,.T.);
#5912=ORIENTED_EDGE('',*,*,#8088,.F.);
#5913=ORIENTED_EDGE('',*,*,#8072,.F.);
#5914=CARTESIAN_POINT('',(4.3,-5.3,3.79470760369927E-16));
#5915=DIRECTION('',(1.0,0.0,2.77555756156289E-17));
#5916=DIRECTION('',(-2.77555756156289E-17,0.0,1.0));
#5917=SURFACE_STYLE_FILL_AREA(#8178);
#5918=ORIENTED_EDGE('',*,*,#8149,.F.);
#5919=ORIENTED_EDGE('',*,*,#8179,.F.);
#5920=ORIENTED_EDGE('',*,*,#8137,.F.);
#5921=ORIENTED_EDGE('',*,*,#8075,.F.);
#5922=CARTESIAN_POINT('',(-4.4,3.8,0.1));
#5923=DIRECTION('',(4.02465324917672E-51,-1.0,-1.48483496945973E-34));
#5924=DIRECTION('',(1.0,0.0,2.71050543121376E-17));
#5925=SURFACE_STYLE_FILL_AREA(#8180);
#5926=ORIENTED_EDGE('',*,*,#8107,.F.);
#5927=ORIENTED_EDGE('',*,*,#8181,.F.);
#5928=ORIENTED_EDGE('',*,*,#8067,.F.);
#5929=ORIENTED_EDGE('',*,*,#8087,.F.);
#5930=CARTESIAN_POINT('',(4.4,3.8,0.1));
#5931=DIRECTION('',(2.01232662458836E-51,1.0,-7.42417484729866E-35));
#5932=DIRECTION('',(-1.0,0.0,-2.71050543121376E-17));
#5933=SURFACE_STYLE_FILL_AREA(#8182);
#5934=ORIENTED_EDGE('',*,*,#8068,.T.);
#5935=ORIENTED_EDGE('',*,*,#8181,.T.);
#5936=ORIENTED_EDGE('',*,*,#8106,.F.);
#5937=ORIENTED_EDGE('',*,*,#8183,.T.);
#5938=ORIENTED_EDGE('',*,*,#8184,.T.);
#5939=ORIENTED_EDGE('',*,*,#8185,.T.);
#5940=ORIENTED_EDGE('',*,*,#8186,.T.);
#5941=ORIENTED_EDGE('',*,*,#8187,.T.);
#5942=ORIENTED_EDGE('',*,*,#8188,.T.);
#5943=ORIENTED_EDGE('',*,*,#8189,.T.);
#5944=ORIENTED_EDGE('',*,*,#8190,.T.);
#5945=ORIENTED_EDGE('',*,*,#8191,.F.);
#5946=ORIENTED_EDGE('',*,*,#8192,.F.);
#5947=ORIENTED_EDGE('',*,*,#8193,.T.);
#5948=ORIENTED_EDGE('',*,*,#8194,.T.);
#5949=ORIENTED_EDGE('',*,*,#8195,.T.);
#5950=ORIENTED_EDGE('',*,*,#8196,.T.);
#5951=ORIENTED_EDGE('',*,*,#8197,.T.);
#5952=ORIENTED_EDGE('',*,*,#8198,.T.);
#5953=ORIENTED_EDGE('',*,*,#8199,.T.);
#5954=ORIENTED_EDGE('',*,*,#8200,.T.);
#5955=ORIENTED_EDGE('',*,*,#8201,.T.);
#5956=CARTESIAN_POINT('',(4.9,-3.8,4.33680868994202E-16));
#5957=DIRECTION('',(1.0,1.14126544472158E-16,2.77555756156289E-17));
#5958=DIRECTION('',(-1.14126544472158E-16,1.0,0.0));
#5959=SURFACE_STYLE_FILL_AREA(#8202);
#5960=ORIENTED_EDGE('',*,*,#8203,.F.);
#5961=ORIENTED_EDGE('',*,*,#8069,.F.);
#5962=ORIENTED_EDGE('',*,*,#8201,.F.);
#5963=ORIENTED_EDGE('',*,*,#8204,.F.);
#5964=CARTESIAN_POINT('',(4.5,-3.6,3.9));
#5965=DIRECTION('',(-1.0,-0.0,-2.77555756156296E-17));
#5966=DIRECTION('',(0.0,-1.0,0.0));
#5967=SURFACE_STYLE_FILL_AREA(#8205);
#5968=ORIENTED_EDGE('',*,*,#8109,.F.);
#5969=ORIENTED_EDGE('',*,*,#8103,.T.);
#5970=ORIENTED_EDGE('',*,*,#8070,.F.);
#5971=ORIENTED_EDGE('',*,*,#8203,.T.);
#5972=ORIENTED_EDGE('',*,*,#8206,.F.);
#5973=ORIENTED_EDGE('',*,*,#8207,.F.);
#5974=ORIENTED_EDGE('',*,*,#8208,.T.);
#5975=ORIENTED_EDGE('',*,*,#8209,.F.);
#5976=ORIENTED_EDGE('',*,*,#8210,.T.);
#5977=ORIENTED_EDGE('',*,*,#8211,.F.);
#5978=ORIENTED_EDGE('',*,*,#8212,.F.);
#5979=ORIENTED_EDGE('',*,*,#8213,.T.);
#5980=ORIENTED_EDGE('',*,*,#8214,.T.);
#5981=ORIENTED_EDGE('',*,*,#8215,.F.);
#5982=ORIENTED_EDGE('',*,*,#8216,.F.);
#5983=ORIENTED_EDGE('',*,*,#8217,.F.);
#5984=ORIENTED_EDGE('',*,*,#8218,.T.);
#5985=ORIENTED_EDGE('',*,*,#8219,.F.);
#5986=ORIENTED_EDGE('',*,*,#8220,.T.);
#5987=ORIENTED_EDGE('',*,*,#8221,.F.);
#5988=ORIENTED_EDGE('',*,*,#8222,.F.);
#5989=ORIENTED_EDGE('',*,*,#8223,.T.);
#5990=CARTESIAN_POINT('',(4.5,3.8,4.1));
#5991=DIRECTION('',(1.0,0.0,2.77555756156289E-17));
#5992=DIRECTION('',(-2.77555756156289E-17,0.0,1.0));
#5993=SURFACE_STYLE_FILL_AREA(#8224);
#5994=ORIENTED_EDGE('',*,*,#8223,.F.);
#5995=ORIENTED_EDGE('',*,*,#8225,.F.);
#5996=ORIENTED_EDGE('',*,*,#8183,.F.);
#5997=ORIENTED_EDGE('',*,*,#8110,.F.);
#5998=CARTESIAN_POINT('',(4.3,3.6,3.9));
#5999=DIRECTION('',(-1.0,-0.0,-2.77555756156289E-17));
#6000=DIRECTION('',(0.0,-1.0,0.0));
#6001=SURFACE_STYLE_FILL_AREA(#8226);
#6002=ORIENTED_EDGE('',*,*,#8138,.T.);
#6003=ORIENTED_EDGE('',*,*,#8179,.T.);
#6004=ORIENTED_EDGE('',*,*,#8148,.F.);
#6005=ORIENTED_EDGE('',*,*,#8227,.T.);
#6006=ORIENTED_EDGE('',*,*,#8228,.F.);
#6007=ORIENTED_EDGE('',*,*,#8229,.F.);
#6008=ORIENTED_EDGE('',*,*,#8230,.T.);
#6009=ORIENTED_EDGE('',*,*,#8231,.F.);
#6010=ORIENTED_EDGE('',*,*,#8232,.T.);
#6011=ORIENTED_EDGE('',*,*,#8233,.F.);
#6012=ORIENTED_EDGE('',*,*,#8234,.F.);
#6013=ORIENTED_EDGE('',*,*,#8235,.F.);
#6014=ORIENTED_EDGE('',*,*,#8236,.T.);
#6015=ORIENTED_EDGE('',*,*,#8237,.T.);
#6016=ORIENTED_EDGE('',*,*,#8238,.F.);
#6017=ORIENTED_EDGE('',*,*,#8239,.F.);
#6018=ORIENTED_EDGE('',*,*,#8240,.T.);
#6019=ORIENTED_EDGE('',*,*,#8241,.F.);
#6020=ORIENTED_EDGE('',*,*,#8242,.T.);
#6021=ORIENTED_EDGE('',*,*,#8243,.F.);
#6022=ORIENTED_EDGE('',*,*,#8244,.F.);
#6023=ORIENTED_EDGE('',*,*,#8245,.T.);
#6024=CARTESIAN_POINT('',(-4.9,-3.8,1.0842021724855E-16));
#6025=DIRECTION('',(-1.0,2.28253088944317E-16,-2.77555756156289E-17));
#6026=DIRECTION('',(-2.77555756156289E-17,0.0,1.0));
#6027=SURFACE_STYLE_FILL_AREA(#8246);
#6028=ORIENTED_EDGE('',*,*,#8247,.F.);
#6029=ORIENTED_EDGE('',*,*,#8139,.F.);
#6030=ORIENTED_EDGE('',*,*,#8245,.F.);
#6031=ORIENTED_EDGE('',*,*,#8248,.F.);
#6032=CARTESIAN_POINT('',(-4.5,3.6,3.9));
#6033=DIRECTION('',(-1.0,-0.0,-2.77555756156289E-17));
#6034=DIRECTION('',(0.0,-1.0,0.0));
#6035=SURFACE_STYLE_FILL_AREA(#8249);
#6036=ORIENTED_EDGE('',*,*,#8152,.T.);
#6037=ORIENTED_EDGE('',*,*,#8146,.T.);
#6038=ORIENTED_EDGE('',*,*,#8140,.T.);
#6039=ORIENTED_EDGE('',*,*,#8247,.T.);
#6040=ORIENTED_EDGE('',*,*,#8250,.T.);
#6041=ORIENTED_EDGE('',*,*,#8251,.T.);
#6042=ORIENTED_EDGE('',*,*,#8252,.T.);
#6043=ORIENTED_EDGE('',*,*,#8253,.T.);
#6044=ORIENTED_EDGE('',*,*,#8254,.T.);
#6045=ORIENTED_EDGE('',*,*,#8255,.T.);
#6046=ORIENTED_EDGE('',*,*,#8256,.T.);
#6047=ORIENTED_EDGE('',*,*,#8257,.T.);
#6048=ORIENTED_EDGE('',*,*,#8258,.T.);
#6049=ORIENTED_EDGE('',*,*,#8259,.F.);
#6050=ORIENTED_EDGE('',*,*,#8260,.T.);
#6051=ORIENTED_EDGE('',*,*,#8261,.T.);
#6052=ORIENTED_EDGE('',*,*,#8262,.T.);
#6053=ORIENTED_EDGE('',*,*,#8263,.T.);
#6054=ORIENTED_EDGE('',*,*,#8264,.T.);
#6055=ORIENTED_EDGE('',*,*,#8265,.T.);
#6056=ORIENTED_EDGE('',*,*,#8266,.T.);
#6057=ORIENTED_EDGE('',*,*,#8267,.T.);
#6058=CARTESIAN_POINT('',(-4.5,3.8,4.1));
#6059=DIRECTION('',(-1.0,0.0,-2.77555756156289E-17));
#6060=DIRECTION('',(-2.77555756156289E-17,0.0,1.0));
#6061=SURFACE_STYLE_FILL_AREA(#8268);
#6062=ORIENTED_EDGE('',*,*,#8267,.F.);
#6063=ORIENTED_EDGE('',*,*,#8269,.F.);
#6064=ORIENTED_EDGE('',*,*,#8227,.F.);
#6065=ORIENTED_EDGE('',*,*,#8153,.F.);
#6066=CARTESIAN_POINT('',(-4.9,-3.6,3.9));
#6067=DIRECTION('',(-1.0,-0.0,-2.77555756156298E-17));
#6068=DIRECTION('',(0.0,-1.0,0.0));
#6069=SURFACE_STYLE_FILL_AREA(#8270);
#6070=ORIENTED_EDGE('',*,*,#8184,.F.);
#6071=ORIENTED_EDGE('',*,*,#8225,.T.);
#6072=ORIENTED_EDGE('',*,*,#8222,.T.);
#6073=ORIENTED_EDGE('',*,*,#8271,.T.);
#6074=CARTESIAN_POINT('',(4.5,3.8,4.1));
#6075=DIRECTION('',(0.0,0.0,1.0));
#6076=DIRECTION('',(1.0,0.0,0.0));
#6077=SURFACE_STYLE_FILL_AREA(#8272);
#6078=ORIENTED_EDGE('',*,*,#8221,.T.);
#6079=ORIENTED_EDGE('',*,*,#8273,.T.);
#6080=ORIENTED_EDGE('',*,*,#8185,.F.);
#6081=ORIENTED_EDGE('',*,*,#8271,.F.);
#6082=CARTESIAN_POINT('',(4.5,3.0,4.1));
#6083=DIRECTION('',(-1.14126544472158E-16,1.0,1.88556899562696E-16));
#6084=DIRECTION('',(0.0,1.88556899562696E-16,-1.0));
#6085=SURFACE_STYLE_FILL_AREA(#8274);
#6086=ORIENTED_EDGE('',*,*,#8220,.F.);
#6087=ORIENTED_EDGE('',*,*,#8275,.F.);
#6088=ORIENTED_EDGE('',*,*,#8186,.F.);
#6089=ORIENTED_EDGE('',*,*,#8273,.F.);
#6090=CARTESIAN_POINT('',(4.5,2.8,6.2));
#6091=DIRECTION('',(-1.0,-0.0,-2.77555756156289E-17));
#6092=DIRECTION('',(0.0,-1.0,0.0));
#6093=SURFACE_STYLE_FILL_AREA(#8276);
#6094=ORIENTED_EDGE('',*,*,#8187,.F.);
#6095=ORIENTED_EDGE('',*,*,#8275,.T.);
#6096=ORIENTED_EDGE('',*,*,#8219,.T.);
#6097=ORIENTED_EDGE('',*,*,#8277,.T.);
#6098=CARTESIAN_POINT('',(4.5,3.0,6.4));
#6099=DIRECTION('',(0.0,0.0,1.0));
#6100=DIRECTION('',(1.0,0.0,0.0));
#6101=SURFACE_STYLE_FILL_AREA(#8278);
#6102=ORIENTED_EDGE('',*,*,#8218,.F.);
#6103=ORIENTED_EDGE('',*,*,#8279,.F.);
#6104=ORIENTED_EDGE('',*,*,#8188,.F.);
#6105=ORIENTED_EDGE('',*,*,#8277,.F.);
#6106=CARTESIAN_POINT('',(4.5,2.2,6.2));
#6107=DIRECTION('',(-1.0,-0.0,-2.77555756156289E-17));
#6108=DIRECTION('',(0.0,-1.0,0.0));
#6109=SURFACE_STYLE_FILL_AREA(#8280);
#6110=ORIENTED_EDGE('',*,*,#8189,.F.);
#6111=ORIENTED_EDGE('',*,*,#8279,.T.);
#6112=ORIENTED_EDGE('',*,*,#8217,.T.);
#6113=ORIENTED_EDGE('',*,*,#8281,.T.);
#6114=CARTESIAN_POINT('',(4.5,2.0,5.9));
#6115=DIRECTION('',(1.14126544472158E-16,-1.0,-8.67361737988403E-16));
#6116=DIRECTION('',(0.0,8.67361737988403E-16,-1.0));
#6117=SURFACE_STYLE_FILL_AREA(#8282);
#6118=ORIENTED_EDGE('',*,*,#8216,.T.);
#6119=ORIENTED_EDGE('',*,*,#8283,.F.);
#6120=ORIENTED_EDGE('',*,*,#8190,.F.);
#6121=ORIENTED_EDGE('',*,*,#8281,.F.);
#6122=CARTESIAN_POINT('',(4.5,2.0,5.9));
#6123=DIRECTION('',(0.0,0.0,1.0));
#6124=DIRECTION('',(1.0,0.0,0.0));
#6125=SURFACE_STYLE_FILL_AREA(#8284);
#6126=ORIENTED_EDGE('',*,*,#8215,.T.);
#6127=ORIENTED_EDGE('',*,*,#8285,.T.);
#6128=ORIENTED_EDGE('',*,*,#8286,.T.);
#6129=ORIENTED_EDGE('',*,*,#7293,.T.);
#6130=ORIENTED_EDGE('',*,*,#8287,.T.);
#6131=ORIENTED_EDGE('',*,*,#8288,.T.);
#6132=ORIENTED_EDGE('',*,*,#7221,.F.);
#6133=ORIENTED_EDGE('',*,*,#8289,.T.);
#6134=ORIENTED_EDGE('',*,*,#7288,.T.);
#6135=ORIENTED_EDGE('',*,*,#8290,.T.);
#6136=ORIENTED_EDGE('',*,*,#8291,.T.);
#6137=ORIENTED_EDGE('',*,*,#8191,.T.);
#6138=ORIENTED_EDGE('',*,*,#8283,.T.);
#6139=CARTESIAN_POINT('',(5.1,1.0,8.45106429983483));
#6140=DIRECTION('',(-8.32667268468867E-17,-1.0,-2.31111593326468E-33));
#6141=DIRECTION('',(-1.0,8.32667268468867E-17,0.0));
#6142=SURFACE_STYLE_FILL_AREA(#8292);
#6143=ORIENTED_EDGE('',*,*,#8291,.F.);
#6144=ORIENTED_EDGE('',*,*,#8293,.F.);
#6145=ORIENTED_EDGE('',*,*,#8294,.T.);
#6146=ORIENTED_EDGE('',*,*,#8192,.T.);
#6147=CARTESIAN_POINT('',(4.9,-1.0,7.5));
#6148=DIRECTION('',(0.642787609686542,-5.35228203163325E-17,-0.766044443118976));
#6149=DIRECTION('',(0.0,-1.0,6.98690797865624E-17));
#6150=SURFACE_STYLE_FILL_AREA(#8295);
#6151=ORIENTED_EDGE('',*,*,#8296,.F.);
#6152=ORIENTED_EDGE('',*,*,#8297,.T.);
#6153=ORIENTED_EDGE('',*,*,#8213,.F.);
#6154=ORIENTED_EDGE('',*,*,#8298,.F.);
#6155=ORIENTED_EDGE('',*,*,#8193,.F.);
#6156=ORIENTED_EDGE('',*,*,#8294,.F.);
#6157=ORIENTED_EDGE('',*,*,#8299,.F.);
#6158=ORIENTED_EDGE('',*,*,#7286,.F.);
#6159=ORIENTED_EDGE('',*,*,#8300,.F.);
#6160=ORIENTED_EDGE('',*,*,#8301,.F.);
#6161=ORIENTED_EDGE('',*,*,#8302,.F.);
#6162=ORIENTED_EDGE('',*,*,#8303,.F.);
#6163=ORIENTED_EDGE('',*,*,#7291,.F.);
#6164=CARTESIAN_POINT('',(5.1,-1.0,8.45106429983483));
#6165=DIRECTION('',(-8.32667268468867E-17,-1.0,-2.31111593326468E-33));
#6166=DIRECTION('',(-1.0,8.32667268468867E-17,0.0));
#6167=SURFACE_STYLE_FILL_AREA(#8304);
#6168=ORIENTED_EDGE('',*,*,#8298,.T.);
#6169=ORIENTED_EDGE('',*,*,#8212,.T.);
#6170=ORIENTED_EDGE('',*,*,#8305,.T.);
#6171=ORIENTED_EDGE('',*,*,#8194,.F.);
#6172=CARTESIAN_POINT('',(4.5,2.0,5.9));
#6173=DIRECTION('',(0.0,0.0,1.0));
#6174=DIRECTION('',(1.0,0.0,0.0));
#6175=SURFACE_STYLE_FILL_AREA(#8306);
#6176=ORIENTED_EDGE('',*,*,#8210,.F.);
#6177=ORIENTED_EDGE('',*,*,#8307,.F.);
#6178=ORIENTED_EDGE('',*,*,#8196,.F.);
#6179=ORIENTED_EDGE('',*,*,#8308,.F.);
#6180=CARTESIAN_POINT('',(4.5,-2.2,6.2));
#6181=DIRECTION('',(-1.0,-0.0,-2.77555756156289E-17));
#6182=DIRECTION('',(0.0,-1.0,0.0));
#6183=SURFACE_STYLE_FILL_AREA(#8309);
#6184=ORIENTED_EDGE('',*,*,#8197,.F.);
#6185=ORIENTED_EDGE('',*,*,#8307,.T.);
#6186=ORIENTED_EDGE('',*,*,#8209,.T.);
#6187=ORIENTED_EDGE('',*,*,#8310,.T.);
#6188=CARTESIAN_POINT('',(4.5,-2.0,6.4));
#6189=DIRECTION('',(0.0,0.0,1.0));
#6190=DIRECTION('',(1.0,0.0,0.0));
#6191=SURFACE_STYLE_FILL_AREA(#8311);
#6192=ORIENTED_EDGE('',*,*,#8208,.F.);
#6193=ORIENTED_EDGE('',*,*,#8312,.F.);
#6194=ORIENTED_EDGE('',*,*,#8198,.F.);
#6195=ORIENTED_EDGE('',*,*,#8310,.F.);
#6196=CARTESIAN_POINT('',(4.5,-2.8,6.2));
#6197=DIRECTION('',(-1.0,-0.0,-2.77555756156289E-17));
#6198=DIRECTION('',(0.0,-1.0,0.0));
#6199=SURFACE_STYLE_FILL_AREA(#8313);
#6200=ORIENTED_EDGE('',*,*,#8199,.F.);
#6201=ORIENTED_EDGE('',*,*,#8312,.T.);
#6202=ORIENTED_EDGE('',*,*,#8207,.T.);
#6203=ORIENTED_EDGE('',*,*,#8314,.T.);
#6204=CARTESIAN_POINT('',(4.5,-3.0,4.1));
#6205=DIRECTION('',(3.08598176252716E-17,-1.0,8.56532001582744E-34));
#6206=DIRECTION('',(0.0,-8.56532001582744E-34,-1.0));
#6207=SURFACE_STYLE_FILL_AREA(#8315);
#6208=ORIENTED_EDGE('',*,*,#8206,.T.);
#6209=ORIENTED_EDGE('',*,*,#8204,.T.);
#6210=ORIENTED_EDGE('',*,*,#8200,.F.);
#6211=ORIENTED_EDGE('',*,*,#8314,.F.);
#6212=CARTESIAN_POINT('',(4.5,-3.0,4.1));
#6213=DIRECTION('',(1.23736247454978E-31,-1.0842021724855E-15,1.0));
#6214=DIRECTION('',(0.0,-1.0,-1.0842021724855E-15));
#6215=SURFACE_STYLE_FILL_AREA(#8316);
#6216=ORIENTED_EDGE('',*,*,#8297,.F.);
#6217=ORIENTED_EDGE('',*,*,#8317,.F.);
#6218=ORIENTED_EDGE('',*,*,#8285,.F.);
#6219=ORIENTED_EDGE('',*,*,#8214,.F.);
#6220=CARTESIAN_POINT('',(4.9,3.8,7.5));
#6221=DIRECTION('',(0.0,1.0,-0.0));
#6222=DIRECTION('',(-1.0,0.0,0.0));
#6223=SURFACE_STYLE_FILL_AREA(#8318);
#6224=ORIENTED_EDGE('',*,*,#8228,.T.);
#6225=ORIENTED_EDGE('',*,*,#8269,.T.);
#6226=ORIENTED_EDGE('',*,*,#8266,.F.);
#6227=ORIENTED_EDGE('',*,*,#8319,.T.);
#6228=CARTESIAN_POINT('',(-4.5,-3.0,4.1));
#6229=DIRECTION('',(1.23736247454978E-31,1.0842021724855E-15,-1.0));
#6230=DIRECTION('',(-1.0,0.0,-1.23736247454978E-31));
#6231=SURFACE_STYLE_FILL_AREA(#8320);
#6232=ORIENTED_EDGE('',*,*,#8265,.F.);
#6233=ORIENTED_EDGE('',*,*,#8321,.T.);
#6234=ORIENTED_EDGE('',*,*,#8229,.T.);
#6235=ORIENTED_EDGE('',*,*,#8319,.F.);
#6236=CARTESIAN_POINT('',(-4.5,-3.0,4.1));
#6237=DIRECTION('',(1.97393271319045E-16,1.0,5.47876386811211E-33));
#6238=DIRECTION('',(1.0,-1.97393271319045E-16,0.0));
#6239=SURFACE_STYLE_FILL_AREA(#8322);
#6240=ORIENTED_EDGE('',*,*,#8264,.F.);
#6241=ORIENTED_EDGE('',*,*,#8323,.F.);
#6242=ORIENTED_EDGE('',*,*,#8230,.F.);
#6243=ORIENTED_EDGE('',*,*,#8321,.F.);
#6244=CARTESIAN_POINT('',(-4.5,-2.8,6.2));
#6245=DIRECTION('',(1.0,-0.0,2.77555756156289E-17));
#6246=DIRECTION('',(0.0,1.0,0.0));
#6247=SURFACE_STYLE_FILL_AREA(#8324);
#6248=ORIENTED_EDGE('',*,*,#8263,.F.);
#6249=ORIENTED_EDGE('',*,*,#8325,.T.);
#6250=ORIENTED_EDGE('',*,*,#8231,.T.);
#6251=ORIENTED_EDGE('',*,*,#8323,.T.);
#6252=CARTESIAN_POINT('',(-4.5,-2.0,6.4));
#6253=DIRECTION('',(0.0,0.0,-1.0));
#6254=DIRECTION('',(0.0,-1.0,0.0));
#6255=SURFACE_STYLE_FILL_AREA(#8326);
#6256=ORIENTED_EDGE('',*,*,#8262,.F.);
#6257=ORIENTED_EDGE('',*,*,#8327,.F.);
#6258=ORIENTED_EDGE('',*,*,#8232,.F.);
#6259=ORIENTED_EDGE('',*,*,#8325,.F.);
#6260=CARTESIAN_POINT('',(-4.5,-2.2,6.2));
#6261=DIRECTION('',(1.0,-0.0,2.77555756156289E-17));
#6262=DIRECTION('',(0.0,1.0,0.0));
#6263=SURFACE_STYLE_FILL_AREA(#8328);
#6264=ORIENTED_EDGE('',*,*,#8233,.T.);
#6265=ORIENTED_EDGE('',*,*,#8327,.T.);
#6266=ORIENTED_EDGE('',*,*,#8261,.F.);
#6267=ORIENTED_EDGE('',*,*,#8329,.T.);
#6268=CARTESIAN_POINT('',(-4.5,-2.0,5.9));
#6269=DIRECTION('',(-1.97393271319045E-16,-1.0,-5.47876386811211E-33));
#6270=DIRECTION('',(-1.0,1.97393271319045E-16,0.0));
#6271=SURFACE_STYLE_FILL_AREA(#8330);
#6272=ORIENTED_EDGE('',*,*,#8260,.F.);
#6273=ORIENTED_EDGE('',*,*,#8331,.F.);
#6274=ORIENTED_EDGE('',*,*,#8234,.T.);
#6275=ORIENTED_EDGE('',*,*,#8329,.F.);
#6276=CARTESIAN_POINT('',(-4.5,2.0,5.9));
#6277=DIRECTION('',(0.0,0.0,-1.0));
#6278=DIRECTION('',(0.0,-1.0,0.0));
#6279=SURFACE_STYLE_FILL_AREA(#8332);
#6280=ORIENTED_EDGE('',*,*,#8259,.T.);
#6281=ORIENTED_EDGE('',*,*,#8333,.T.);
#6282=ORIENTED_EDGE('',*,*,#8334,.T.);
#6283=ORIENTED_EDGE('',*,*,#7215,.T.);
#6284=ORIENTED_EDGE('',*,*,#8335,.T.);
#6285=ORIENTED_EDGE('',*,*,#8336,.T.);
#6286=ORIENTED_EDGE('',*,*,#7284,.T.);
#6287=ORIENTED_EDGE('',*,*,#8337,.T.);
#6288=ORIENTED_EDGE('',*,*,#8338,.T.);
#6289=ORIENTED_EDGE('',*,*,#7212,.T.);
#6290=ORIENTED_EDGE('',*,*,#8339,.T.);
#6291=ORIENTED_EDGE('',*,*,#8235,.T.);
#6292=ORIENTED_EDGE('',*,*,#8331,.T.);
#6293=CARTESIAN_POINT('',(-5.1,-1.0,8.45106429983483));
#6294=DIRECTION('',(-8.32667268468867E-17,-1.0,-2.31111593326468E-33));
#6295=DIRECTION('',(-1.0,8.32667268468867E-17,0.0));
#6296=SURFACE_STYLE_FILL_AREA(#8340);
#6297=ORIENTED_EDGE('',*,*,#8341,.T.);
#6298=ORIENTED_EDGE('',*,*,#8236,.F.);
#6299=ORIENTED_EDGE('',*,*,#8339,.F.);
#6300=ORIENTED_EDGE('',*,*,#7211,.T.);
#6301=CARTESIAN_POINT('',(-4.9,-1.0,7.5));
#6302=DIRECTION('',(0.642787609686542,-5.35228203163325E-17,0.766044443118976));
#6303=DIRECTION('',(-8.32667268468867E-17,-1.0,0.0));
#6304=SURFACE_STYLE_FILL_AREA(#8342);
#6305=ORIENTED_EDGE('',*,*,#8343,.F.);
#6306=ORIENTED_EDGE('',*,*,#8344,.T.);
#6307=ORIENTED_EDGE('',*,*,#8257,.F.);
#6308=ORIENTED_EDGE('',*,*,#8345,.F.);
#6309=ORIENTED_EDGE('',*,*,#8237,.F.);
#6310=ORIENTED_EDGE('',*,*,#8341,.F.);
#6311=ORIENTED_EDGE('',*,*,#7210,.F.);
#6312=ORIENTED_EDGE('',*,*,#8346,.F.);
#6313=ORIENTED_EDGE('',*,*,#8347,.F.);
#6314=ORIENTED_EDGE('',*,*,#8348,.F.);
#6315=ORIENTED_EDGE('',*,*,#8349,.F.);
#6316=ORIENTED_EDGE('',*,*,#8350,.F.);
#6317=ORIENTED_EDGE('',*,*,#7217,.F.);
#6318=CARTESIAN_POINT('',(-5.1,1.0,8.45106429983483));
#6319=DIRECTION('',(-8.32667268468867E-17,-1.0,-2.31111593326468E-33));
#6320=DIRECTION('',(-1.0,8.32667268468867E-17,0.0));
#6321=SURFACE_STYLE_FILL_AREA(#8351);
#6322=ORIENTED_EDGE('',*,*,#8345,.T.);
#6323=ORIENTED_EDGE('',*,*,#8256,.F.);
#6324=ORIENTED_EDGE('',*,*,#8352,.T.);
#6325=ORIENTED_EDGE('',*,*,#8238,.T.);
#6326=CARTESIAN_POINT('',(-4.5,2.0,5.9));
#6327=DIRECTION('',(0.0,0.0,-1.0));
#6328=DIRECTION('',(0.0,-1.0,0.0));
#6329=SURFACE_STYLE_FILL_AREA(#8353);
#6330=ORIENTED_EDGE('',*,*,#8255,.F.);
#6331=ORIENTED_EDGE('',*,*,#8354,.T.);
#6332=ORIENTED_EDGE('',*,*,#8239,.T.);
#6333=ORIENTED_EDGE('',*,*,#8352,.F.);
#6334=CARTESIAN_POINT('',(-4.5,2.0,5.9));
#6335=DIRECTION('',(1.14126544472158E-16,1.0,8.67361737988403E-16));
#6336=DIRECTION('',(0.0,8.67361737988403E-16,-1.0));
#6337=SURFACE_STYLE_FILL_AREA(#8355);
#6338=ORIENTED_EDGE('',*,*,#8254,.F.);
#6339=ORIENTED_EDGE('',*,*,#8356,.F.);
#6340=ORIENTED_EDGE('',*,*,#8240,.F.);
#6341=ORIENTED_EDGE('',*,*,#8354,.F.);
#6342=CARTESIAN_POINT('',(-4.5,2.2,6.2));
#6343=DIRECTION('',(1.0,-0.0,2.77555756156289E-17));
#6344=DIRECTION('',(0.0,1.0,0.0));
#6345=SURFACE_STYLE_FILL_AREA(#8357);
#6346=ORIENTED_EDGE('',*,*,#8253,.F.);
#6347=ORIENTED_EDGE('',*,*,#8358,.T.);
#6348=ORIENTED_EDGE('',*,*,#8241,.T.);
#6349=ORIENTED_EDGE('',*,*,#8356,.T.);
#6350=CARTESIAN_POINT('',(-4.5,3.0,6.4));
#6351=DIRECTION('',(0.0,0.0,-1.0));
#6352=DIRECTION('',(0.0,-1.0,0.0));
#6353=SURFACE_STYLE_FILL_AREA(#8359);
#6354=ORIENTED_EDGE('',*,*,#8252,.F.);
#6355=ORIENTED_EDGE('',*,*,#8360,.F.);
#6356=ORIENTED_EDGE('',*,*,#8242,.F.);
#6357=ORIENTED_EDGE('',*,*,#8358,.F.);
#6358=CARTESIAN_POINT('',(-4.5,2.8,6.2));
#6359=DIRECTION('',(1.0,-0.0,2.77555756156289E-17));
#6360=DIRECTION('',(0.0,1.0,0.0));
#6361=SURFACE_STYLE_FILL_AREA(#8361);
#6362=ORIENTED_EDGE('',*,*,#8243,.T.);
#6363=ORIENTED_EDGE('',*,*,#8360,.T.);
#6364=ORIENTED_EDGE('',*,*,#8251,.F.);
#6365=ORIENTED_EDGE('',*,*,#8362,.T.);
#6366=CARTESIAN_POINT('',(-4.5,3.0,4.1));
#6367=DIRECTION('',(-1.14126544472158E-16,-1.0,-1.88556899562696E-16));
#6368=DIRECTION('',(0.0,1.88556899562696E-16,-1.0));
#6369=SURFACE_STYLE_FILL_AREA(#8363);
#6370=ORIENTED_EDGE('',*,*,#8250,.F.);
#6371=ORIENTED_EDGE('',*,*,#8248,.T.);
#6372=ORIENTED_EDGE('',*,*,#8244,.T.);
#6373=ORIENTED_EDGE('',*,*,#8362,.F.);
#6374=CARTESIAN_POINT('',(-4.5,3.8,4.1));
#6375=DIRECTION('',(0.0,0.0,-1.0));
#6376=DIRECTION('',(0.0,-1.0,0.0));
#6377=SURFACE_STYLE_FILL_AREA(#8364);
#6378=ORIENTED_EDGE('',*,*,#8333,.F.);
#6379=ORIENTED_EDGE('',*,*,#8258,.F.);
#6380=ORIENTED_EDGE('',*,*,#8344,.F.);
#6381=ORIENTED_EDGE('',*,*,#8365,.F.);
#6382=CARTESIAN_POINT('',(-4.9,-1.0,7.5));
#6383=DIRECTION('',(0.0,-1.0,0.0));
#6384=DIRECTION('',(1.0,0.0,0.0));
#6385=SURFACE_STYLE_FILL_AREA(#8366);
#6386=ORIENTED_EDGE('',*,*,#8286,.F.);
#6387=ORIENTED_EDGE('',*,*,#8317,.T.);
#6388=ORIENTED_EDGE('',*,*,#8296,.T.);
#6389=ORIENTED_EDGE('',*,*,#7294,.T.);
#6390=CARTESIAN_POINT('',(4.5,-1.0,7.686523063262));
#6391=DIRECTION('',(-0.64278760968654,5.35228203163324E-17,0.766044443118977));
#6392=DIRECTION('',(8.32667268468867E-17,1.0,0.0));
#6393=SURFACE_STYLE_FILL_AREA(#8367);
#6394=ORIENTED_EDGE('',*,*,#7292,.F.);
#6395=ORIENTED_EDGE('',*,*,#8303,.T.);
#6396=ORIENTED_EDGE('',*,*,#8368,.T.);
#6397=ORIENTED_EDGE('',*,*,#8287,.F.);
#6398=CARTESIAN_POINT('',(5.1,-1.0,8.45106429983483));
#6399=DIRECTION('',(0.0,-1.0,0.0));
#6400=DIRECTION('',(1.0,0.0,0.0));
#6401=SURFACE_STYLE_FILL_AREA(#8369);
#6402=ORIENTED_EDGE('',*,*,#8302,.T.);
#6403=ORIENTED_EDGE('',*,*,#8370,.F.);
#6404=ORIENTED_EDGE('',*,*,#7222,.F.);
#6405=ORIENTED_EDGE('',*,*,#8288,.F.);
#6406=ORIENTED_EDGE('',*,*,#8368,.F.);
#6407=CARTESIAN_POINT('',(5.27949312425608,-1.0,8.53928118225987));
#6408=DIRECTION('',(-0.897465621280371,7.47290247416241E-17,-0.441084412125205));
#6409=DIRECTION('',(-0.441084412125205,0.0,0.897465621280371));
#6410=SURFACE_STYLE_FILL_AREA(#8371);
#6411=ORIENTED_EDGE('',*,*,#7219,.T.);
#6412=ORIENTED_EDGE('',*,*,#8370,.T.);
#6413=ORIENTED_EDGE('',*,*,#8301,.T.);
#6414=ORIENTED_EDGE('',*,*,#8372,.T.);
#6415=CARTESIAN_POINT('',(4.90133784999717,-4.08118359940021E-16,9.08199217265703));
#6416=DIRECTION('',(-0.897465621280371,7.47290247416241E-17,-0.441084412125205));
#6417=DIRECTION('',(0.441084412125205,-3.67276552608491E-17,-0.897465621280371));
#6418=SURFACE_STYLE_FILL_AREA(#8373);
#6419=ORIENTED_EDGE('',*,*,#8372,.F.);
#6420=ORIENTED_EDGE('',*,*,#8300,.T.);
#6421=ORIENTED_EDGE('',*,*,#7289,.T.);
#6422=ORIENTED_EDGE('',*,*,#8289,.F.);
#6423=ORIENTED_EDGE('',*,*,#7220,.F.);
#6424=CARTESIAN_POINT('',(5.63847937276823,-1.0,8.71571494710995));
#6425=DIRECTION('',(0.897465621280371,-7.47290247416241E-17,0.441084412125205));
#6426=DIRECTION('',(0.0,-1.0,-1.69421141820835E-16));
#6427=SURFACE_STYLE_FILL_AREA(#8374);
#6428=ORIENTED_EDGE('',*,*,#7287,.F.);
#6429=ORIENTED_EDGE('',*,*,#8299,.T.);
#6430=ORIENTED_EDGE('',*,*,#8293,.T.);
#6431=ORIENTED_EDGE('',*,*,#8290,.F.);
#6432=CARTESIAN_POINT('',(5.1,-1.0,8.45106429983483));
#6433=DIRECTION('',(0.0,-1.0,0.0));
#6434=DIRECTION('',(1.0,0.0,0.0));
#6435=SURFACE_STYLE_FILL_AREA(#8375);
#6436=ORIENTED_EDGE('',*,*,#8334,.F.);
#6437=ORIENTED_EDGE('',*,*,#8365,.T.);
#6438=ORIENTED_EDGE('',*,*,#8343,.T.);
#6439=ORIENTED_EDGE('',*,*,#7216,.F.);
#6440=CARTESIAN_POINT('',(-4.5,-1.0,7.686523063262));
#6441=DIRECTION('',(-0.64278760968654,5.35228203163324E-17,-0.766044443118977));
#6442=DIRECTION('',(-0.766044443118977,0.0,0.64278760968654));
#6443=SURFACE_STYLE_FILL_AREA(#8376);
#6444=ORIENTED_EDGE('',*,*,#7214,.T.);
#6445=ORIENTED_EDGE('',*,*,#8350,.T.);
#6446=ORIENTED_EDGE('',*,*,#8377,.F.);
#6447=ORIENTED_EDGE('',*,*,#8335,.F.);
#6448=CARTESIAN_POINT('',(-5.1,-1.0,8.45106429983483));
#6449=DIRECTION('',(0.0,-1.0,0.0));
#6450=DIRECTION('',(1.0,0.0,0.0));
#6451=SURFACE_STYLE_FILL_AREA(#8378);
#6452=ORIENTED_EDGE('',*,*,#8349,.T.);
#6453=ORIENTED_EDGE('',*,*,#8379,.F.);
#6454=ORIENTED_EDGE('',*,*,#7281,.F.);
#6455=ORIENTED_EDGE('',*,*,#8336,.F.);
#6456=ORIENTED_EDGE('',*,*,#8377,.T.);
#6457=CARTESIAN_POINT('',(-5.27949312425608,-1.0,8.53928118225987));
#6458=DIRECTION('',(-0.897465621280371,7.47290247416241E-17,0.441084412125205));
#6459=DIRECTION('',(8.32667268468867E-17,1.0,0.0));
#6460=SURFACE_STYLE_FILL_AREA(#8380);
#6461=ORIENTED_EDGE('',*,*,#7282,.F.);
#6462=ORIENTED_EDGE('',*,*,#8379,.T.);
#6463=ORIENTED_EDGE('',*,*,#8348,.T.);
#6464=ORIENTED_EDGE('',*,*,#8381,.F.);
#6465=CARTESIAN_POINT('',(-4.90133784999717,4.08118359940021E-16,9.08199217265703));
#6466=DIRECTION('',(0.897465621280371,-7.47290247416241E-17,-0.441084412125205));
#6467=DIRECTION('',(0.441084412125205,-3.67276552608491E-17,0.897465621280371));
#6468=SURFACE_STYLE_FILL_AREA(#8382);
#6469=ORIENTED_EDGE('',*,*,#7283,.T.);
#6470=ORIENTED_EDGE('',*,*,#8381,.T.);
#6471=ORIENTED_EDGE('',*,*,#8347,.T.);
#6472=ORIENTED_EDGE('',*,*,#8383,.F.);
#6473=ORIENTED_EDGE('',*,*,#8337,.F.);
#6474=CARTESIAN_POINT('',(-5.63847937276823,-1.0,8.71571494710995));
#6475=DIRECTION('',(0.897465621280371,-7.47290247416241E-17,-0.441084412125205));
#6476=DIRECTION('',(0.0,-1.0,1.69421141820835E-16));
#6477=SURFACE_STYLE_FILL_AREA(#8384);
#6478=ORIENTED_EDGE('',*,*,#7209,.T.);
#6479=ORIENTED_EDGE('',*,*,#8338,.F.);
#6480=ORIENTED_EDGE('',*,*,#8383,.T.);
#6481=ORIENTED_EDGE('',*,*,#8346,.T.);
#6482=CARTESIAN_POINT('',(-5.1,-1.0,8.45106429983483));
#6483=DIRECTION('',(0.0,-1.0,0.0));
#6484=DIRECTION('',(1.0,0.0,0.0));
#6485=SURFACE_STYLE_FILL_AREA(#8385);
#6486=ORIENTED_EDGE('',*,*,#7277,.F.);
#6487=ORIENTED_EDGE('',*,*,#8101,.F.);
#6488=ORIENTED_EDGE('',*,*,#7279,.T.);
#6489=ORIENTED_EDGE('',*,*,#8386,.F.);
#6490=CARTESIAN_POINT('',(0.0,0.0,0.580000000000001));
#6491=DIRECTION('',(0.0,0.0,1.0));
#6492=DIRECTION('',(-0.994001866445591,-0.109363108508683,0.0));
#6493=SURFACE_STYLE_FILL_AREA(#8387);
#6494=ORIENTED_EDGE('',*,*,#7278,.T.);
#6495=ORIENTED_EDGE('',*,*,#8386,.T.);
#6496=ORIENTED_EDGE('',*,*,#7306,.T.);
#6497=ORIENTED_EDGE('',*,*,#7832,.T.);
#6498=CARTESIAN_POINT('',(0.0,0.0,-1.2));
#6499=DIRECTION('',(-0.0,-0.0,-1.0));
#6500=DIRECTION('',(0.0,-1.0,0.0));
#6501=SURFACE_STYLE_FILL_AREA(#8388);
#6502=ORIENTED_EDGE('',*,*,#7592,.F.);
#6503=ORIENTED_EDGE('',*,*,#8132,.T.);
#6504=ORIENTED_EDGE('',*,*,#8134,.F.);
#6505=ORIENTED_EDGE('',*,*,#8142,.F.);
#6506=ORIENTED_EDGE('',*,*,#8145,.T.);
#6507=ORIENTED_EDGE('',*,*,#8151,.F.);
#6508=ORIENTED_EDGE('',*,*,#8156,.F.);
#6509=ORIENTED_EDGE('',*,*,#8158,.T.);
#6510=CARTESIAN_POINT('',(-4.3,3.8,1.62630325872826E-16));
#6511=DIRECTION('',(0.0,0.0,-1.0));
#6512=DIRECTION('',(0.0,-1.0,0.0));
#6513=SURFACE_STYLE_FILL_AREA(#8389);
#6514=ORIENTED_EDGE('',*,*,#8174,.F.);
#6515=ORIENTED_EDGE('',*,*,#7580,.F.);
#6516=ORIENTED_EDGE('',*,*,#7584,.F.);
#6517=ORIENTED_EDGE('',*,*,#7588,.T.);
#6518=ORIENTED_EDGE('',*,*,#8161,.F.);
#6519=ORIENTED_EDGE('',*,*,#8165,.F.);
#6520=ORIENTED_EDGE('',*,*,#8168,.F.);
#6521=ORIENTED_EDGE('',*,*,#8171,.F.);
#6522=CARTESIAN_POINT('',(-4.3,3.8,1.62630325872826E-16));
#6523=DIRECTION('',(0.0,0.0,-1.0));
#6524=DIRECTION('',(0.0,-1.0,0.0));
#6525=SURFACE_STYLE_FILL_AREA(#8390);
#6526=ORIENTED_EDGE('',*,*,#7576,.F.);
#6527=ORIENTED_EDGE('',*,*,#7568,.T.);
#6528=ORIENTED_EDGE('',*,*,#8116,.F.);
#6529=ORIENTED_EDGE('',*,*,#8120,.F.);
#6530=ORIENTED_EDGE('',*,*,#8123,.F.);
#6531=ORIENTED_EDGE('',*,*,#8126,.F.);
#6532=ORIENTED_EDGE('',*,*,#8129,.F.);
#6533=ORIENTED_EDGE('',*,*,#7572,.F.);
#6534=CARTESIAN_POINT('',(-4.3,3.8,1.62630325872826E-16));
#6535=DIRECTION('',(0.0,0.0,-1.0));
#6536=DIRECTION('',(0.0,-1.0,0.0));
#6537=SURFACE_STYLE_FILL_AREA(#8391);
#6538=ORIENTED_EDGE('',*,*,#7273,.F.);
#6539=ORIENTED_EDGE('',*,*,#8099,.F.);
#6540=ORIENTED_EDGE('',*,*,#7274,.T.);
#6541=CARTESIAN_POINT('',(3.0,-4.2,-0.293333333333333));
#6542=DIRECTION('',(0.0,-1.0,-0.0));
#6543=DIRECTION('',(1.0,0.0,0.0));
#6544=SURFACE_STYLE_FILL_AREA(#8392);
#6545=ORIENTED_EDGE('',*,*,#7269,.F.);
#6546=ORIENTED_EDGE('',*,*,#8098,.F.);
#6547=ORIENTED_EDGE('',*,*,#7270,.T.);
#6548=CARTESIAN_POINT('',(-3.0,4.2,-0.293333333333333));
#6549=DIRECTION('',(0.0,1.0,0.0));
#6550=DIRECTION('',(-1.0,0.0,0.0));
#6551=SURFACE_STYLE_FILL_AREA(#8393);
#6552=ORIENTED_EDGE('',*,*,#7265,.F.);
#6553=ORIENTED_EDGE('',*,*,#8097,.F.);
#6554=ORIENTED_EDGE('',*,*,#7266,.T.);
#6555=CARTESIAN_POINT('',(3.0,4.2,-0.293333333333333));
#6556=DIRECTION('',(0.0,-1.0,-0.0));
#6557=DIRECTION('',(1.0,0.0,0.0));
#6558=SURFACE_STYLE_FILL_AREA(#8394);
#6559=ORIENTED_EDGE('',*,*,#8395,.T.);
#6560=ORIENTED_EDGE('',*,*,#7260,.T.);
#6561=CARTESIAN_POINT('',(-1.21900718275753E-15,-1.05314000393712E-15,5.4));
#6562=DIRECTION('',(-2.25742070881023E-16,-1.95025926655023E-16,1.0));
#6563=DIRECTION('',(1.0,0.0,2.25742070881023E-16));
#6564=SURFACE_STYLE_FILL_AREA(#8396);
#6565=ORIENTED_EDGE('',*,*,#7261,.F.);
#6566=ORIENTED_EDGE('',*,*,#8395,.F.);
#6567=ORIENTED_EDGE('',*,*,#7262,.T.);
#6568=ORIENTED_EDGE('',*,*,#8397,.F.);
#6569=CARTESIAN_POINT('',(-1.21900718275753E-15,-1.05314000393712E-15,5.4));
#6570=DIRECTION('',(1.35326421357041E-33,1.95025926655023E-16,-1.0));
#6571=DIRECTION('',(1.0,-6.93889390390733E-18,0.0));
#6572=SURFACE_STYLE_FILL_AREA(#8398);
#6573=ORIENTED_EDGE('',*,*,#7256,.F.);
#6574=ORIENTED_EDGE('',*,*,#8397,.T.);
#6575=ORIENTED_EDGE('',*,*,#7258,.T.);
#6576=ORIENTED_EDGE('',*,*,#7537,.F.);
#6577=CARTESIAN_POINT('',(-1.21900718275753E-15,-1.05314000393712E-15,5.4));
#6578=DIRECTION('',(-1.35326421357042E-33,-1.95025926655023E-16,1.0));
#6579=DIRECTION('',(1.0,-6.93889390390737E-18,0.0));
#6580=SURFACE_STYLE_FILL_AREA(#8399);
#6581=ORIENTED_EDGE('',*,*,#7252,.F.);
#6582=ORIENTED_EDGE('',*,*,#8100,.F.);
#6583=ORIENTED_EDGE('',*,*,#7253,.T.);
#6584=CARTESIAN_POINT('',(-3.0,-4.2,-0.293333333333333));
#6585=DIRECTION('',(0.0,1.0,0.0));
#6586=DIRECTION('',(-1.0,0.0,0.0));
#6587=SURFACE_STYLE_FILL_AREA(#8400);
#6588=ORIENTED_EDGE('',*,*,#7495,.F.);
#6589=ORIENTED_EDGE('',*,*,#7636,.F.);
#6590=CARTESIAN_POINT('',(-2.75119182900607,2.95119182900608,4.05));
#6591=DIRECTION('',(0.0,0.0,1.0));
#6592=DIRECTION('',(1.0,0.0,0.0));
#6593=SURFACE_STYLE_FILL_AREA(#8401);
#6594=ORIENTED_EDGE('',*,*,#7499,.F.);
#6595=ORIENTED_EDGE('',*,*,#7634,.F.);
#6596=CARTESIAN_POINT('',(-2.75119182900607,2.95119182900608,4.05));
#6597=DIRECTION('',(0.0,0.0,1.0));
#6598=DIRECTION('',(1.0,0.0,0.0));
#6599=SURFACE_STYLE_FILL_AREA(#8402);
#6600=ORIENTED_EDGE('',*,*,#8403,.F.);
#6601=ORIENTED_EDGE('',*,*,#7510,.F.);
#6602=ORIENTED_EDGE('',*,*,#8404,.F.);
#6603=ORIENTED_EDGE('',*,*,#8405,.T.);
#6604=CARTESIAN_POINT('',(1.50000000000001,-17.3,3.25));
#6605=DIRECTION('',(-7.88084698693138E-33,9.71445146547011E-17,1.0));
#6606=DIRECTION('',(0.0,-1.0,9.71445146547011E-17));
#6607=SURFACE_STYLE_FILL_AREA(#8406);
#6608=ORIENTED_EDGE('',*,*,#7511,.T.);
#6609=ORIENTED_EDGE('',*,*,#8403,.T.);
#6610=ORIENTED_EDGE('',*,*,#8407,.F.);
#6611=ORIENTED_EDGE('',*,*,#8408,.F.);
#6612=CARTESIAN_POINT('',(3.25,-5.60000000000001,-28.8005850180617));
#6613=DIRECTION('',(-1.0,1.93970379868578E-16,-2.67240053966524E-32));
#6614=DIRECTION('',(-2.67240053966524E-32,0.0,1.0));
#6615=SURFACE_STYLE_FILL_AREA(#8409);
#6616=ORIENTED_EDGE('',*,*,#7512,.T.);
#6617=ORIENTED_EDGE('',*,*,#8408,.T.);
#6618=ORIENTED_EDGE('',*,*,#8410,.F.);
#6619=ORIENTED_EDGE('',*,*,#8411,.T.);
#6620=CARTESIAN_POINT('',(1.50000000000001,-17.3,2.95));
#6621=DIRECTION('',(-7.88084698693138E-33,9.71445146547011E-17,1.0));
#6622=DIRECTION('',(0.0,-1.0,9.71445146547011E-17));
#6623=SURFACE_STYLE_FILL_AREA(#8412);
#6624=ORIENTED_EDGE('',*,*,#7509,.T.);
#6625=ORIENTED_EDGE('',*,*,#8411,.F.);
#6626=ORIENTED_EDGE('',*,*,#8413,.F.);
#6627=ORIENTED_EDGE('',*,*,#8404,.T.);
#6628=CARTESIAN_POINT('',(1.75,-5.60000000000001,-28.8005850180617));
#6629=DIRECTION('',(1.0,2.45200120378715E-16,-1.59389997005332E-32));
#6630=DIRECTION('',(-2.45200120378715E-16,1.0,0.0));
#6631=SURFACE_STYLE_FILL_AREA(#8414);
#6632=ORIENTED_EDGE('',*,*,#8415,.T.);
#6633=ORIENTED_EDGE('',*,*,#8416,.T.);
#6634=ORIENTED_EDGE('',*,*,#8417,.F.);
#6635=ORIENTED_EDGE('',*,*,#8418,.T.);
#6636=CARTESIAN_POINT('',(1.75,-38.9005850180617,2.08112834566075));
#6637=DIRECTION('',(1.0,2.56148702550678E-17,-2.19585250123647E-16));
#6638=DIRECTION('',(-2.19585250123647E-16,0.0,-1.0));
#6639=SURFACE_STYLE_FILL_AREA(#8419);
#6640=ORIENTED_EDGE('',*,*,#8420,.F.);
#6641=ORIENTED_EDGE('',*,*,#8421,.T.);
#6642=ORIENTED_EDGE('',*,*,#8422,.T.);
#6643=ORIENTED_EDGE('',*,*,#8423,.F.);
#6644=CARTESIAN_POINT('',(3.25,-38.9005850180617,2.08112834566075));
#6645=DIRECTION('',(-1.0,-2.56148702550694E-17,-2.19585250123647E-16));
#6646=DIRECTION('',(-2.19585250123647E-16,0.0,1.0));
#6647=SURFACE_STYLE_FILL_AREA(#8424);
#6648=ORIENTED_EDGE('',*,*,#8425,.T.);
#6649=ORIENTED_EDGE('',*,*,#7242,.T.);
#6650=ORIENTED_EDGE('',*,*,#8426,.T.);
#6651=ORIENTED_EDGE('',*,*,#8427,.T.);
#6652=ORIENTED_EDGE('',*,*,#8428,.T.);
#6653=ORIENTED_EDGE('',*,*,#8417,.T.);
#6654=ORIENTED_EDGE('',*,*,#8429,.T.);
#6655=ORIENTED_EDGE('',*,*,#8420,.T.);
#6656=ORIENTED_EDGE('',*,*,#8430,.T.);
#6657=ORIENTED_EDGE('',*,*,#8431,.T.);
#6658=ORIENTED_EDGE('',*,*,#8432,.T.);
#6659=CARTESIAN_POINT('',(1.50000000000001,-7.14999999999996,13.7811283456606));
#6660=DIRECTION('',(-2.56148702550686E-17,1.0,-3.58862787576408E-15));
#6661=DIRECTION('',(0.0,-3.58862787576408E-15,-1.0));
#6662=SURFACE_STYLE_FILL_AREA(#8433);
#6663=ORIENTED_EDGE('',*,*,#8434,.F.);
#6664=ORIENTED_EDGE('',*,*,#7244,.F.);
#6665=ORIENTED_EDGE('',*,*,#8435,.F.);
#6666=ORIENTED_EDGE('',*,*,#8436,.F.);
#6667=ORIENTED_EDGE('',*,*,#8437,.F.);
#6668=ORIENTED_EDGE('',*,*,#8438,.F.);
#6669=ORIENTED_EDGE('',*,*,#8422,.F.);
#6670=ORIENTED_EDGE('',*,*,#8439,.F.);
#6671=ORIENTED_EDGE('',*,*,#8415,.F.);
#6672=ORIENTED_EDGE('',*,*,#8440,.F.);
#6673=ORIENTED_EDGE('',*,*,#8441,.F.);
#6674=ORIENTED_EDGE('',*,*,#8442,.F.);
#6675=ORIENTED_EDGE('',*,*,#7202,.T.);
#6676=ORIENTED_EDGE('',*,*,#8443,.T.);
#6677=ORIENTED_EDGE('',*,*,#7249,.T.);
#6678=ORIENTED_EDGE('',*,*,#7206,.T.);
#6679=ORIENTED_EDGE('',*,*,#8444,.T.);
#6680=CARTESIAN_POINT('',(1.50000000000001,-6.84999999999997,13.7811283456606));
#6681=DIRECTION('',(-2.56148702550686E-17,1.0,-3.58862787576408E-15));
#6682=DIRECTION('',(0.0,-3.58862787576408E-15,-1.0));
#6683=SURFACE_STYLE_FILL_AREA(#8445);
#6684=ORIENTED_EDGE('',*,*,#7248,.F.);
#6685=ORIENTED_EDGE('',*,*,#7203,.T.);
#6686=ORIENTED_EDGE('',*,*,#8442,.T.);
#6687=ORIENTED_EDGE('',*,*,#8446,.T.);
#6688=CARTESIAN_POINT('',(2.5,-6.90833333333331,8.58112834566064));
#6689=DIRECTION('',(-7.45762504998368E-32,0.0,1.0));
#6690=DIRECTION('',(0.0,1.0,0.0));
#6691=SURFACE_STYLE_FILL_AREA(#8447);
#6692=ORIENTED_EDGE('',*,*,#8427,.F.);
#6693=ORIENTED_EDGE('',*,*,#8448,.T.);
#6694=ORIENTED_EDGE('',*,*,#8441,.T.);
#6695=ORIENTED_EDGE('',*,*,#8449,.F.);
#6696=CARTESIAN_POINT('',(2.1,-38.9005850180617,6.03112834566075));
#6697=DIRECTION('',(1.0,2.56148702550686E-17,5.39250284805946E-33));
#6698=DIRECTION('',(-2.56148702550686E-17,1.0,0.0));
#6699=SURFACE_STYLE_FILL_AREA(#8450);
#6700=ORIENTED_EDGE('',*,*,#8440,.T.);
#6701=ORIENTED_EDGE('',*,*,#8418,.F.);
#6702=ORIENTED_EDGE('',*,*,#8428,.F.);
#6703=ORIENTED_EDGE('',*,*,#8449,.T.);
#6704=CARTESIAN_POINT('',(1.75,-38.9005850180617,6.03112834566075));
#6705=DIRECTION('',(9.91270557701031E-15,-3.58862787576408E-15,-1.0));
#6706=DIRECTION('',(0.0,-1.0,3.58862787576408E-15));
#6707=SURFACE_STYLE_FILL_AREA(#8451);
#6708=ORIENTED_EDGE('',*,*,#8438,.T.);
#6709=ORIENTED_EDGE('',*,*,#8452,.F.);
#6710=ORIENTED_EDGE('',*,*,#8430,.F.);
#6711=ORIENTED_EDGE('',*,*,#8423,.T.);
#6712=CARTESIAN_POINT('',(2.9,-38.9005850180617,6.03112834566075));
#6713=DIRECTION('',(-9.91270557701031E-15,-3.58862787576408E-15,-1.0));
#6714=DIRECTION('',(-1.0,0.0,9.91270557701031E-15));
#6715=SURFACE_STYLE_FILL_AREA(#8453);
#6716=ORIENTED_EDGE('',*,*,#8437,.T.);
#6717=ORIENTED_EDGE('',*,*,#8454,.T.);
#6718=ORIENTED_EDGE('',*,*,#8431,.F.);
#6719=ORIENTED_EDGE('',*,*,#8452,.T.);
#6720=CARTESIAN_POINT('',(2.9,-38.9005850180617,6.03112834566075));
#6721=DIRECTION('',(-1.0,-2.56148702550686E-17,-5.39250284805955E-33));
#6722=DIRECTION('',(-2.56148702550686E-17,1.0,0.0));
#6723=SURFACE_STYLE_FILL_AREA(#8455);
#6724=ORIENTED_EDGE('',*,*,#7205,.T.);
#6725=ORIENTED_EDGE('',*,*,#8446,.F.);
#6726=ORIENTED_EDGE('',*,*,#8444,.F.);
#6727=CARTESIAN_POINT('',(2.5,-6.90833333333332,5.28112834566065));
#6728=DIRECTION('',(-2.56148702550686E-17,1.0,-8.32667268468872E-15));
#6729=DIRECTION('',(0.0,-8.32667268468872E-15,-1.0));
#6730=SURFACE_STYLE_FILL_AREA(#8456);
#6731=ORIENTED_EDGE('',*,*,#7201,.T.);
#6732=ORIENTED_EDGE('',*,*,#7247,.F.);
#6733=ORIENTED_EDGE('',*,*,#8443,.F.);
#6734=CARTESIAN_POINT('',(2.5,-6.90833333333331,8.38112834566069));
#6735=DIRECTION('',(-2.56148702550686E-17,1.0,0.0));
#6736=DIRECTION('',(0.0,0.0,1.0));
#6737=SURFACE_STYLE_FILL_AREA(#8457);
#6738=ORIENTED_EDGE('',*,*,#8413,.T.);
#6739=ORIENTED_EDGE('',*,*,#8458,.T.);
#6740=ORIENTED_EDGE('',*,*,#8416,.F.);
#6741=ORIENTED_EDGE('',*,*,#8459,.F.);
#6742=CARTESIAN_POINT('',(1.75,-6.65,3.45));
#6743=DIRECTION('',(1.0,2.56148702550686E-17,-8.0887542720894E-33));
#6744=DIRECTION('',(-2.56148702550686E-17,1.0,0.0));
#6745=SURFACE_STYLE_FILL_AREA(#8460);
#6746=ORIENTED_EDGE('',*,*,#8421,.F.);
#6747=ORIENTED_EDGE('',*,*,#8461,.T.);
#6748=ORIENTED_EDGE('',*,*,#8407,.T.);
#6749=ORIENTED_EDGE('',*,*,#8462,.F.);
#6750=CARTESIAN_POINT('',(3.25,-6.65,3.45));
#6751=DIRECTION('',(-1.0,-2.56148702550686E-17,8.0887542720894E-33));
#6752=DIRECTION('',(-2.56148702550686E-17,1.0,0.0));
#6753=SURFACE_STYLE_FILL_AREA(#8463);
#6754=ORIENTED_EDGE('',*,*,#8462,.T.);
#6755=ORIENTED_EDGE('',*,*,#8405,.F.);
#6756=ORIENTED_EDGE('',*,*,#8459,.T.);
#6757=ORIENTED_EDGE('',*,*,#8439,.T.);
#6758=CARTESIAN_POINT('',(0.937412680218762,-6.65,3.45));
#6759=DIRECTION('',(-1.0,-2.56148702550686E-17,0.0));
#6760=DIRECTION('',(0.0,0.0,1.0));
#6761=SURFACE_STYLE_FILL_AREA(#8464);
#6762=ORIENTED_EDGE('',*,*,#8461,.F.);
#6763=ORIENTED_EDGE('',*,*,#8429,.F.);
#6764=ORIENTED_EDGE('',*,*,#8458,.F.);
#6765=ORIENTED_EDGE('',*,*,#8410,.T.);
#6766=CARTESIAN_POINT('',(0.937412680218762,-6.65,3.45));
#6767=DIRECTION('',(-1.0,-2.56148702550686E-17,0.0));
#6768=DIRECTION('',(0.0,0.0,1.0));
#6769=SURFACE_STYLE_FILL_AREA(#8465);
#6770=ORIENTED_EDGE('',*,*,#7243,.F.);
#6771=ORIENTED_EDGE('',*,*,#8425,.F.);
#6772=ORIENTED_EDGE('',*,*,#8466,.T.);
#6773=ORIENTED_EDGE('',*,*,#8435,.T.);
#6774=CARTESIAN_POINT('',(2.5,-7.46000000000005,9.30000000000004));
#6775=DIRECTION('',(2.56148702550686E-17,-1.0,2.89120579329468E-15));
#6776=DIRECTION('',(0.0,2.89120579329468E-15,1.0));
#6777=SURFACE_STYLE_FILL_AREA(#8467);
#6778=ORIENTED_EDGE('',*,*,#7245,.T.);
#6779=ORIENTED_EDGE('',*,*,#8434,.T.);
#6780=ORIENTED_EDGE('',*,*,#8448,.F.);
#6781=ORIENTED_EDGE('',*,*,#8426,.F.);
#6782=CARTESIAN_POINT('',(2.28786796564404,-7.46000000000005,9.51213203435601));
#6783=DIRECTION('',(0.70710678118655,-2.51943065765128E-15,-0.707106781186545));
#6784=DIRECTION('',(0.0,-1.0,3.56301300550901E-15));
#6785=SURFACE_STYLE_FILL_AREA(#8468);
#6786=ORIENTED_EDGE('',*,*,#8454,.F.);
#6787=ORIENTED_EDGE('',*,*,#8436,.T.);
#6788=ORIENTED_EDGE('',*,*,#8466,.F.);
#6789=ORIENTED_EDGE('',*,*,#8432,.F.);
#6790=CARTESIAN_POINT('',(2.9,-7.46000000000005,9.32426406871197));
#6791=DIRECTION('',(-0.70710678118655,-2.55565555456442E-15,-0.707106781186545));
#6792=DIRECTION('',(-0.707106781186545,0.0,0.70710678118655));
#6793=SURFACE_STYLE_FILL_AREA(#8469);
#6794=ORIENTED_EDGE('',*,*,#7515,.T.);
#6795=ORIENTED_EDGE('',*,*,#8470,.T.);
#6796=ORIENTED_EDGE('',*,*,#8471,.F.);
#6797=ORIENTED_EDGE('',*,*,#8472,.F.);
#6798=CARTESIAN_POINT('',(-1.75,-5.6,-33.4019391574307));
#6799=DIRECTION('',(-1.0,1.39074067337666E-16,-2.13911297595042E-32));
#6800=DIRECTION('',(-2.13911297595042E-32,0.0,1.0));
#6801=SURFACE_STYLE_FILL_AREA(#8473);
#6802=ORIENTED_EDGE('',*,*,#7513,.T.);
#6803=ORIENTED_EDGE('',*,*,#8474,.F.);
#6804=ORIENTED_EDGE('',*,*,#8475,.F.);
#6805=ORIENTED_EDGE('',*,*,#8476,.T.);
#6806=CARTESIAN_POINT('',(-3.25,-5.6,-33.4019391574307));
#6807=DIRECTION('',(1.0,-4.13555629992224E-16,4.80555079452452E-32));
#6808=DIRECTION('',(-4.13555629992224E-16,-1.0,0.0));
#6809=SURFACE_STYLE_FILL_AREA(#8477);
#6810=ORIENTED_EDGE('',*,*,#8470,.F.);
#6811=ORIENTED_EDGE('',*,*,#7514,.F.);
#6812=ORIENTED_EDGE('',*,*,#8476,.F.);
#6813=ORIENTED_EDGE('',*,*,#8478,.T.);
#6814=CARTESIAN_POINT('',(-3.25,-3.7,3.25));
#6815=DIRECTION('',(-7.88084698693138E-33,9.71445146547011E-17,1.0));
#6816=DIRECTION('',(0.0,-1.0,9.71445146547011E-17));
#6817=SURFACE_STYLE_FILL_AREA(#8479);
#6818=ORIENTED_EDGE('',*,*,#7516,.T.);
#6819=ORIENTED_EDGE('',*,*,#8472,.T.);
#6820=ORIENTED_EDGE('',*,*,#8480,.F.);
#6821=ORIENTED_EDGE('',*,*,#8474,.T.);
#6822=CARTESIAN_POINT('',(-3.25,-3.7,2.95));
#6823=DIRECTION('',(-7.88084698693138E-33,9.71445146547011E-17,1.0));
#6824=DIRECTION('',(0.0,-1.0,9.71445146547011E-17));
#6825=SURFACE_STYLE_FILL_AREA(#8481);
#6826=ORIENTED_EDGE('',*,*,#8482,.F.);
#6827=ORIENTED_EDGE('',*,*,#8483,.T.);
#6828=ORIENTED_EDGE('',*,*,#8471,.T.);
#6829=ORIENTED_EDGE('',*,*,#8484,.F.);
#6830=CARTESIAN_POINT('',(-1.75,-6.65,3.45));
#6831=DIRECTION('',(-1.0,-2.56148702550686E-17,8.0887542720894E-33));
#6832=DIRECTION('',(-2.56148702550686E-17,1.0,0.0));
#6833=SURFACE_STYLE_FILL_AREA(#8485);
#6834=ORIENTED_EDGE('',*,*,#8475,.T.);
#6835=ORIENTED_EDGE('',*,*,#8486,.T.);
#6836=ORIENTED_EDGE('',*,*,#8487,.F.);
#6837=ORIENTED_EDGE('',*,*,#8488,.F.);
#6838=CARTESIAN_POINT('',(-3.25,-6.65,3.45));
#6839=DIRECTION('',(1.0,2.56148702550686E-17,-8.0887542720894E-33));
#6840=DIRECTION('',(-2.56148702550686E-17,1.0,0.0));
#6841=SURFACE_STYLE_FILL_AREA(#8489);
#6842=ORIENTED_EDGE('',*,*,#7197,.T.);
#6843=ORIENTED_EDGE('',*,*,#8490,.F.);
#6844=ORIENTED_EDGE('',*,*,#8491,.F.);
#6845=CARTESIAN_POINT('',(-2.5,-6.90833333333332,5.28112834566065));
#6846=DIRECTION('',(-2.56148702550686E-17,1.0,-8.32667268468872E-15));
#6847=DIRECTION('',(0.0,-8.32667268468872E-15,-1.0));
#6848=SURFACE_STYLE_FILL_AREA(#8492);
#6849=ORIENTED_EDGE('',*,*,#7193,.T.);
#6850=ORIENTED_EDGE('',*,*,#7238,.F.);
#6851=ORIENTED_EDGE('',*,*,#8493,.F.);
#6852=CARTESIAN_POINT('',(-2.5,-6.90833333333331,8.38112834566069));
#6853=DIRECTION('',(-2.56148702550686E-17,1.0,0.0));
#6854=DIRECTION('',(0.0,0.0,1.0));
#6855=SURFACE_STYLE_FILL_AREA(#8494);
#6856=ORIENTED_EDGE('',*,*,#7239,.F.);
#6857=ORIENTED_EDGE('',*,*,#7195,.T.);
#6858=ORIENTED_EDGE('',*,*,#8495,.T.);
#6859=ORIENTED_EDGE('',*,*,#8490,.T.);
#6860=CARTESIAN_POINT('',(-2.5,-6.90833333333331,8.58112834566064));
#6861=DIRECTION('',(-7.45762504998368E-32,0.0,1.0));
#6862=DIRECTION('',(0.0,1.0,0.0));
#6863=SURFACE_STYLE_FILL_AREA(#8496);
#6864=ORIENTED_EDGE('',*,*,#8484,.T.);
#6865=ORIENTED_EDGE('',*,*,#8478,.F.);
#6866=ORIENTED_EDGE('',*,*,#8488,.T.);
#6867=ORIENTED_EDGE('',*,*,#8497,.T.);
#6868=CARTESIAN_POINT('',(-4.06258731978124,-6.65,3.45));
#6869=DIRECTION('',(-1.0,-2.56148702550686E-17,0.0));
#6870=DIRECTION('',(0.0,0.0,1.0));
#6871=SURFACE_STYLE_FILL_AREA(#8498);
#6872=ORIENTED_EDGE('',*,*,#8499,.T.);
#6873=ORIENTED_EDGE('',*,*,#8500,.F.);
#6874=ORIENTED_EDGE('',*,*,#8501,.F.);
#6875=ORIENTED_EDGE('',*,*,#8502,.T.);
#6876=CARTESIAN_POINT('',(-3.25,-43.5019391574307,6.03112834566077));
#6877=DIRECTION('',(8.38334831593301E-32,-3.58862787576408E-15,-1.0));
#6878=DIRECTION('',(0.0,-1.0,3.58862787576408E-15));
#6879=SURFACE_STYLE_FILL_AREA(#8503);
#6880=ORIENTED_EDGE('',*,*,#8504,.F.);
#6881=ORIENTED_EDGE('',*,*,#8505,.T.);
#6882=ORIENTED_EDGE('',*,*,#8506,.T.);
#6883=ORIENTED_EDGE('',*,*,#8502,.F.);
#6884=CARTESIAN_POINT('',(-2.9,-43.5019391574307,6.03112834566077));
#6885=DIRECTION('',(1.0,2.56148702550724E-17,1.05937311510034E-15));
#6886=DIRECTION('',(-1.05937311510034E-15,0.0,1.0));
#6887=SURFACE_STYLE_FILL_AREA(#8507);
#6888=ORIENTED_EDGE('',*,*,#8508,.T.);
#6889=ORIENTED_EDGE('',*,*,#8509,.F.);
#6890=ORIENTED_EDGE('',*,*,#8510,.F.);
#6891=ORIENTED_EDGE('',*,*,#8511,.T.);
#6892=CARTESIAN_POINT('',(-2.1,-43.5019391574307,6.03112834566077));
#6893=DIRECTION('',(-1.0,-2.56148702550675E-17,2.9738116731031E-16));
#6894=DIRECTION('',(-2.56148702550675E-17,1.0,0.0));
#6895=SURFACE_STYLE_FILL_AREA(#8512);
#6896=ORIENTED_EDGE('',*,*,#8513,.T.);
#6897=ORIENTED_EDGE('',*,*,#8511,.F.);
#6898=ORIENTED_EDGE('',*,*,#8514,.F.);
#6899=ORIENTED_EDGE('',*,*,#8515,.T.);
#6900=CARTESIAN_POINT('',(-2.1,-43.5019391574307,6.03112834566077));
#6901=DIRECTION('',(8.38334831593301E-32,-3.58862787576408E-15,-1.0));
#6902=DIRECTION('',(0.0,-1.0,3.58862787576408E-15));
#6903=SURFACE_STYLE_FILL_AREA(#8516);
#6904=ORIENTED_EDGE('',*,*,#8517,.F.);
#6905=ORIENTED_EDGE('',*,*,#8482,.T.);
#6906=ORIENTED_EDGE('',*,*,#8518,.T.);
#6907=ORIENTED_EDGE('',*,*,#8515,.F.);
#6908=CARTESIAN_POINT('',(-1.75,-43.5019391574307,2.08112834566077));
#6909=DIRECTION('',(-1.0,-2.56148702550692E-17,-1.64688937592735E-16));
#6910=DIRECTION('',(-1.64688937592735E-16,0.0,1.0));
#6911=SURFACE_STYLE_FILL_AREA(#8519);
#6912=ORIENTED_EDGE('',*,*,#8483,.F.);
#6913=ORIENTED_EDGE('',*,*,#8520,.F.);
#6914=ORIENTED_EDGE('',*,*,#8486,.F.);
#6915=ORIENTED_EDGE('',*,*,#8480,.T.);
#6916=CARTESIAN_POINT('',(-4.06258731978124,-6.65,3.45));
#6917=DIRECTION('',(-1.0,-2.56148702550686E-17,0.0));
#6918=DIRECTION('',(0.0,0.0,1.0));
#6919=SURFACE_STYLE_FILL_AREA(#8521);
#6920=ORIENTED_EDGE('',*,*,#8522,.T.);
#6921=ORIENTED_EDGE('',*,*,#8487,.T.);
#6922=ORIENTED_EDGE('',*,*,#8523,.F.);
#6923=ORIENTED_EDGE('',*,*,#8500,.T.);
#6924=CARTESIAN_POINT('',(-3.25,-43.5019391574307,2.08112834566077));
#6925=DIRECTION('',(1.0,2.56148702550702E-17,4.39170500247293E-16));
#6926=DIRECTION('',(-4.39170500247293E-16,0.0,1.0));
#6927=SURFACE_STYLE_FILL_AREA(#8524);
#6928=ORIENTED_EDGE('',*,*,#8525,.F.);
#6929=ORIENTED_EDGE('',*,*,#7235,.F.);
#6930=ORIENTED_EDGE('',*,*,#8526,.F.);
#6931=ORIENTED_EDGE('',*,*,#8527,.F.);
#6932=ORIENTED_EDGE('',*,*,#8508,.F.);
#6933=ORIENTED_EDGE('',*,*,#8513,.F.);
#6934=ORIENTED_EDGE('',*,*,#8518,.F.);
#6935=ORIENTED_EDGE('',*,*,#8497,.F.);
#6936=ORIENTED_EDGE('',*,*,#8522,.F.);
#6937=ORIENTED_EDGE('',*,*,#8499,.F.);
#6938=ORIENTED_EDGE('',*,*,#8506,.F.);
#6939=ORIENTED_EDGE('',*,*,#8495,.F.);
#6940=ORIENTED_EDGE('',*,*,#7194,.T.);
#6941=ORIENTED_EDGE('',*,*,#8493,.T.);
#6942=ORIENTED_EDGE('',*,*,#7240,.T.);
#6943=ORIENTED_EDGE('',*,*,#7198,.T.);
#6944=ORIENTED_EDGE('',*,*,#8491,.T.);
#6945=CARTESIAN_POINT('',(-3.25,-6.85000000000001,0.181128345660636));
#6946=DIRECTION('',(-2.56148702550686E-17,1.0,-3.58862787576408E-15));
#6947=DIRECTION('',(0.0,-3.58862787576408E-15,-1.0));
#6948=SURFACE_STYLE_FILL_AREA(#8528);
#6949=ORIENTED_EDGE('',*,*,#8529,.T.);
#6950=ORIENTED_EDGE('',*,*,#7233,.T.);
#6951=ORIENTED_EDGE('',*,*,#8530,.T.);
#6952=ORIENTED_EDGE('',*,*,#8504,.T.);
#6953=ORIENTED_EDGE('',*,*,#8501,.T.);
#6954=ORIENTED_EDGE('',*,*,#8523,.T.);
#6955=ORIENTED_EDGE('',*,*,#8520,.T.);
#6956=ORIENTED_EDGE('',*,*,#8517,.T.);
#6957=ORIENTED_EDGE('',*,*,#8514,.T.);
#6958=ORIENTED_EDGE('',*,*,#8510,.T.);
#6959=ORIENTED_EDGE('',*,*,#8531,.T.);
#6960=CARTESIAN_POINT('',(-3.25,-7.15000000000001,0.181128345660637));
#6961=DIRECTION('',(-2.56148702550686E-17,1.0,-3.58862787576408E-15));
#6962=DIRECTION('',(0.0,-3.58862787576408E-15,-1.0));
#6963=SURFACE_STYLE_FILL_AREA(#8532);
#6964=ORIENTED_EDGE('',*,*,#8525,.T.);
#6965=ORIENTED_EDGE('',*,*,#8505,.F.);
#6966=ORIENTED_EDGE('',*,*,#8530,.F.);
#6967=ORIENTED_EDGE('',*,*,#7236,.T.);
#6968=CARTESIAN_POINT('',(-2.90000000000001,-7.46000000000005,9.32426406871197));
#6969=DIRECTION('',(0.707106781186552,-2.51943065765127E-15,-0.707106781186543));
#6970=DIRECTION('',(0.0,-1.0,3.56301300550901E-15));
#6971=SURFACE_STYLE_FILL_AREA(#8533);
#6972=ORIENTED_EDGE('',*,*,#7234,.F.);
#6973=ORIENTED_EDGE('',*,*,#8529,.F.);
#6974=ORIENTED_EDGE('',*,*,#8534,.T.);
#6975=ORIENTED_EDGE('',*,*,#8526,.T.);
#6976=CARTESIAN_POINT('',(-2.5,-7.46000000000005,9.30000000000005));
#6977=DIRECTION('',(2.56148702550686E-17,-1.0,2.89120579329466E-15));
#6978=DIRECTION('',(0.0,2.89120579329466E-15,1.0));
#6979=SURFACE_STYLE_FILL_AREA(#8535);
#6980=ORIENTED_EDGE('',*,*,#8527,.T.);
#6981=ORIENTED_EDGE('',*,*,#8534,.F.);
#6982=ORIENTED_EDGE('',*,*,#8531,.F.);
#6983=ORIENTED_EDGE('',*,*,#8509,.T.);
#6984=CARTESIAN_POINT('',(-2.09999999999999,-7.46000000000005,9.32426406871197));
#6985=DIRECTION('',(-0.707106781186552,-2.55565555456441E-15,-0.707106781186543));
#6986=DIRECTION('',(-0.707106781186543,0.0,0.707106781186552));
#6987=SURFACE_STYLE_FILL_AREA(#8536);
#6988=ORIENTED_EDGE('',*,*,#7520,.T.);
#6989=ORIENTED_EDGE('',*,*,#8537,.F.);
#6990=ORIENTED_EDGE('',*,*,#8538,.F.);
#6991=ORIENTED_EDGE('',*,*,#8539,.T.);
#6992=CARTESIAN_POINT('',(-0.749999999999999,-5.59999999999999,-28.8005850180617));
#6993=DIRECTION('',(1.0,-2.92814422758414E-17,-3.85784280911056E-32));
#6994=DIRECTION('',(-2.92814422758414E-17,-1.0,0.0));
#6995=SURFACE_STYLE_FILL_AREA(#8540);
#6996=ORIENTED_EDGE('',*,*,#7518,.T.);
#6997=ORIENTED_EDGE('',*,*,#8541,.T.);
#6998=ORIENTED_EDGE('',*,*,#8542,.F.);
#6999=ORIENTED_EDGE('',*,*,#8543,.F.);
#7000=CARTESIAN_POINT('',(0.750000000000001,-5.59999999999999,-28.8005850180617));
#7001=DIRECTION('',(-1.0,1.39074067337665E-16,7.72164833931224E-32));
#7002=DIRECTION('',(7.72164833931224E-32,0.0,1.0));
#7003=SURFACE_STYLE_FILL_AREA(#8544);
#7004=ORIENTED_EDGE('',*,*,#7517,.T.);
#7005=ORIENTED_EDGE('',*,*,#8539,.F.);
#7006=ORIENTED_EDGE('',*,*,#8545,.F.);
#7007=ORIENTED_EDGE('',*,*,#8541,.F.);
#7008=CARTESIAN_POINT('',(-1.0,-16.1,3.25000000000001));
#7009=DIRECTION('',(-2.60282889607191E-32,2.64256209507136E-16,-1.0));
#7010=DIRECTION('',(-1.0,0.0,2.60282889607191E-32));
#7011=SURFACE_STYLE_FILL_AREA(#8546);
#7012=ORIENTED_EDGE('',*,*,#8537,.T.);
#7013=ORIENTED_EDGE('',*,*,#7519,.F.);
#7014=ORIENTED_EDGE('',*,*,#8543,.T.);
#7015=ORIENTED_EDGE('',*,*,#8547,.T.);
#7016=CARTESIAN_POINT('',(-0.999999999999999,-16.1,2.95000000000001));
#7017=DIRECTION('',(-2.60282889607191E-32,2.64256209507136E-16,-1.0));
#7018=DIRECTION('',(-1.0,0.0,2.60282889607191E-32));
#7019=SURFACE_STYLE_FILL_AREA(#8548);
#7020=ORIENTED_EDGE('',*,*,#8549,.T.);
#7021=ORIENTED_EDGE('',*,*,#8550,.F.);
#7022=ORIENTED_EDGE('',*,*,#8551,.F.);
#7023=ORIENTED_EDGE('',*,*,#8538,.T.);
#7024=CARTESIAN_POINT('',(-0.749999999999999,-6.65,3.45000000000001));
#7025=DIRECTION('',(1.0,2.56148702550686E-17,-8.0887542720894E-33));
#7026=DIRECTION('',(-2.56148702550686E-17,1.0,0.0));
#7027=SURFACE_STYLE_FILL_AREA(#8552);
#7028=ORIENTED_EDGE('',*,*,#8553,.F.);
#7029=ORIENTED_EDGE('',*,*,#8554,.T.);
#7030=ORIENTED_EDGE('',*,*,#8542,.T.);
#7031=ORIENTED_EDGE('',*,*,#8555,.F.);
#7032=CARTESIAN_POINT('',(0.75,-6.65,3.45000000000001));
#7033=DIRECTION('',(-1.0,-2.56148702550686E-17,8.0887542720894E-33));
#7034=DIRECTION('',(-2.56148702550686E-17,1.0,0.0));
#7035=SURFACE_STYLE_FILL_AREA(#8556);
#7036=ORIENTED_EDGE('',*,*,#8545,.T.);
#7037=ORIENTED_EDGE('',*,*,#8551,.T.);
#7038=ORIENTED_EDGE('',*,*,#8557,.F.);
#7039=ORIENTED_EDGE('',*,*,#8555,.T.);
#7040=CARTESIAN_POINT('',(-1.56258731978124,-6.65,3.45000000000001));
#7041=DIRECTION('',(-1.0,-2.56148702550686E-17,0.0));
#7042=DIRECTION('',(0.0,0.0,1.0));
#7043=SURFACE_STYLE_FILL_AREA(#8558);
#7044=ORIENTED_EDGE('',*,*,#7189,.T.);
#7045=ORIENTED_EDGE('',*,*,#8559,.F.);
#7046=ORIENTED_EDGE('',*,*,#8560,.T.);
#7047=CARTESIAN_POINT('',(4.14307904514107E-17,-6.90833333333332,5.28112834566065));
#7048=DIRECTION('',(-2.56148702550686E-17,1.0,-8.32667268468872E-15));
#7049=DIRECTION('',(1.73333694994852E-31,-8.32667268468872E-15,-1.0));
#7050=SURFACE_STYLE_FILL_AREA(#8561);
#7051=ORIENTED_EDGE('',*,*,#7230,.F.);
#7052=ORIENTED_EDGE('',*,*,#7187,.T.);
#7053=ORIENTED_EDGE('',*,*,#8562,.T.);
#7054=ORIENTED_EDGE('',*,*,#8559,.T.);
#7055=CARTESIAN_POINT('',(4.14307904514105E-17,-6.90833333333331,8.58112834566064));
#7056=DIRECTION('',(8.08875427208941E-33,2.07192391204702E-49,1.0));
#7057=DIRECTION('',(-2.56148702550686E-17,1.0,0.0));
#7058=SURFACE_STYLE_FILL_AREA(#8563);
#7059=ORIENTED_EDGE('',*,*,#7185,.T.);
#7060=ORIENTED_EDGE('',*,*,#7229,.F.);
#7061=ORIENTED_EDGE('',*,*,#8564,.T.);
#7062=CARTESIAN_POINT('',(4.14307904514105E-17,-6.90833333333331,8.38112834566069));
#7063=DIRECTION('',(-2.56148702550686E-17,1.0,0.0));
#7064=DIRECTION('',(0.0,0.0,1.0));
#7065=SURFACE_STYLE_FILL_AREA(#8565);
#7066=ORIENTED_EDGE('',*,*,#8566,.T.);
#7067=ORIENTED_EDGE('',*,*,#8550,.T.);
#7068=ORIENTED_EDGE('',*,*,#8567,.F.);
#7069=ORIENTED_EDGE('',*,*,#8568,.T.);
#7070=CARTESIAN_POINT('',(-0.749999999999999,-38.9005850180617,2.08112834566074));
#7071=DIRECTION('',(1.0,2.56148702550687E-17,5.489631253091E-17));
#7072=DIRECTION('',(-5.489631253091E-17,0.0,1.0));
#7073=SURFACE_STYLE_FILL_AREA(#8569);
#7074=ORIENTED_EDGE('',*,*,#8570,.T.);
#7075=ORIENTED_EDGE('',*,*,#8571,.T.);
#7076=ORIENTED_EDGE('',*,*,#8568,.F.);
#7077=ORIENTED_EDGE('',*,*,#8572,.F.);
#7078=CARTESIAN_POINT('',(-0.749999999999999,-38.9005850180617,6.03112834566074));
#7079=DIRECTION('',(-1.4956821991313E-30,-3.22722715160225E-15,-1.0));
#7080=DIRECTION('',(0.0,-1.0,3.22722715160225E-15));
#7081=SURFACE_STYLE_FILL_AREA(#8573);
#7082=ORIENTED_EDGE('',*,*,#8574,.F.);
#7083=ORIENTED_EDGE('',*,*,#8575,.T.);
#7084=ORIENTED_EDGE('',*,*,#8576,.T.);
#7085=ORIENTED_EDGE('',*,*,#8570,.F.);
#7086=CARTESIAN_POINT('',(-0.399999999999998,-38.9005850180617,6.03112834566074));
#7087=DIRECTION('',(1.0,2.56148702550681E-17,-1.3989705451426E-16));
#7088=DIRECTION('',(-1.3989705451426E-16,0.0,-1.0));
#7089=SURFACE_STYLE_FILL_AREA(#8577);
#7090=ORIENTED_EDGE('',*,*,#8578,.T.);
#7091=ORIENTED_EDGE('',*,*,#8579,.F.);
#7092=ORIENTED_EDGE('',*,*,#8580,.F.);
#7093=ORIENTED_EDGE('',*,*,#8581,.T.);
#7094=CARTESIAN_POINT('',(0.400000000000001,-38.9005850180617,6.03112834566074));
#7095=DIRECTION('',(-1.0,-2.56148702550698E-17,-3.80712213239183E-16));
#7096=DIRECTION('',(-3.80712213239183E-16,0.0,1.0));
#7097=SURFACE_STYLE_FILL_AREA(#8582);
#7098=ORIENTED_EDGE('',*,*,#8583,.T.);
#7099=ORIENTED_EDGE('',*,*,#8584,.T.);
#7100=ORIENTED_EDGE('',*,*,#8581,.F.);
#7101=ORIENTED_EDGE('',*,*,#8585,.F.);
#7102=CARTESIAN_POINT('',(0.400000000000001,-38.9005850180617,6.03112834566074));
#7103=DIRECTION('',(-1.4956821991313E-30,-3.22722715160225E-15,-1.0));
#7104=DIRECTION('',(0.0,-1.0,3.22722715160225E-15));
#7105=SURFACE_STYLE_FILL_AREA(#8586);
#7106=ORIENTED_EDGE('',*,*,#8587,.F.);
#7107=ORIENTED_EDGE('',*,*,#8553,.T.);
#7108=ORIENTED_EDGE('',*,*,#8588,.T.);
#7109=ORIENTED_EDGE('',*,*,#8583,.F.);
#7110=CARTESIAN_POINT('',(0.750000000000002,-38.9005850180617,2.08112834566074));
#7111=DIRECTION('',(-1.0,-2.56148702550691E-17,-1.64688937592733E-16));
#7112=DIRECTION('',(-1.64688937592733E-16,0.0,1.0));
#7113=SURFACE_STYLE_FILL_AREA(#8589);
#7114=ORIENTED_EDGE('',*,*,#8547,.F.);
#7115=ORIENTED_EDGE('',*,*,#8554,.F.);
#7116=ORIENTED_EDGE('',*,*,#8590,.T.);
#7117=ORIENTED_EDGE('',*,*,#8549,.F.);
#7118=CARTESIAN_POINT('',(-1.56258731978124,-6.65,3.45000000000001));
#7119=DIRECTION('',(-1.0,-2.56148702550686E-17,0.0));
#7120=DIRECTION('',(0.0,0.0,1.0));
#7121=SURFACE_STYLE_FILL_AREA(#8591);
#7122=ORIENTED_EDGE('',*,*,#8576,.F.);
#7123=ORIENTED_EDGE('',*,*,#8592,.T.);
#7124=ORIENTED_EDGE('',*,*,#7226,.T.);
#7125=ORIENTED_EDGE('',*,*,#8593,.T.);
#7126=ORIENTED_EDGE('',*,*,#8594,.T.);
#7127=ORIENTED_EDGE('',*,*,#8578,.F.);
#7128=ORIENTED_EDGE('',*,*,#8584,.F.);
#7129=ORIENTED_EDGE('',*,*,#8588,.F.);
#7130=ORIENTED_EDGE('',*,*,#8557,.T.);
#7131=ORIENTED_EDGE('',*,*,#8566,.F.);
#7132=ORIENTED_EDGE('',*,*,#8571,.F.);
#7133=ORIENTED_EDGE('',*,*,#8564,.F.);
#7134=ORIENTED_EDGE('',*,*,#7231,.T.);
#7135=ORIENTED_EDGE('',*,*,#7190,.F.);
#7136=ORIENTED_EDGE('',*,*,#8560,.F.);
#7137=ORIENTED_EDGE('',*,*,#8562,.F.);
#7138=ORIENTED_EDGE('',*,*,#7186,.F.);
#7139=CARTESIAN_POINT('',(-1.0,-6.84999999999997,12.5811283456606));
#7140=DIRECTION('',(2.56148702550686E-17,-1.0,3.22722715160225E-15));
#7141=DIRECTION('',(-1.0,-2.56148702550686E-17,0.0));
#7142=SURFACE_STYLE_FILL_AREA(#8595);
#7143=ORIENTED_EDGE('',*,*,#8596,.F.);
#7144=ORIENTED_EDGE('',*,*,#8574,.T.);
#7145=ORIENTED_EDGE('',*,*,#8572,.T.);
#7146=ORIENTED_EDGE('',*,*,#8567,.T.);
#7147=ORIENTED_EDGE('',*,*,#8590,.F.);
#7148=ORIENTED_EDGE('',*,*,#8587,.T.);
#7149=ORIENTED_EDGE('',*,*,#8585,.T.);
#7150=ORIENTED_EDGE('',*,*,#8580,.T.);
#7151=ORIENTED_EDGE('',*,*,#8597,.F.);
#7152=ORIENTED_EDGE('',*,*,#8598,.F.);
#7153=ORIENTED_EDGE('',*,*,#7224,.F.);
#7154=CARTESIAN_POINT('',(-1.0,-7.14999999999997,12.5811283456606));
#7155=DIRECTION('',(2.56148702550686E-17,-1.0,3.22722715160225E-15));
#7156=DIRECTION('',(-1.0,-2.56148702550686E-17,0.0));
#7157=SURFACE_STYLE_FILL_AREA(#8599);
#7158=ORIENTED_EDGE('',*,*,#8575,.F.);
#7159=ORIENTED_EDGE('',*,*,#8596,.T.);
#7160=ORIENTED_EDGE('',*,*,#7227,.T.);
#7161=ORIENTED_EDGE('',*,*,#8592,.F.);
#7162=CARTESIAN_POINT('',(-0.212132034355964,-7.46000000000005,9.51213203435601));
#7163=DIRECTION('',(0.70710678118655,-2.51943065765128E-15,-0.707106781186546));
#7164=DIRECTION('',(0.0,-1.0,3.56301300550901E-15));
#7165=SURFACE_STYLE_FILL_AREA(#8600);
#7166=ORIENTED_EDGE('',*,*,#7225,.F.);
#7167=ORIENTED_EDGE('',*,*,#8598,.T.);
#7168=ORIENTED_EDGE('',*,*,#8601,.T.);
#7169=ORIENTED_EDGE('',*,*,#8593,.F.);
#7170=CARTESIAN_POINT('',(1.91086932102814E-16,-7.46000000000005,9.30000000000004));
#7171=DIRECTION('',(2.56148702550686E-17,-1.0,2.89120579329468E-15));
#7172=DIRECTION('',(0.0,2.89120579329468E-15,1.0));
#7173=SURFACE_STYLE_FILL_AREA(#8602);
#7174=ORIENTED_EDGE('',*,*,#8601,.F.);
#7175=ORIENTED_EDGE('',*,*,#8597,.T.);
#7176=ORIENTED_EDGE('',*,*,#8579,.T.);
#7177=ORIENTED_EDGE('',*,*,#8594,.F.);
#7178=CARTESIAN_POINT('',(0.399999999999998,-7.46000000000005,9.32426406871197));
#7179=DIRECTION('',(-0.70710678118655,-2.55565555456442E-15,-0.707106781186546));
#7180=DIRECTION('',(-0.707106781186546,0.0,0.70710678118655));
#7181=SURFACE_STYLE_FILL_AREA(#8603);
#7182=FACE_OUTER_BOUND('',#8604,.T.);
#7183=PLANE('',#8605);
#7184=FILL_AREA_STYLE('',(#8606));
#7185=EDGE_CURVE('',#8607,#8608,#8609,.T.);
#7186=EDGE_CURVE('NONE',#8607,#8610,#8611,.T.);
#7187=EDGE_CURVE('NONE',#8608,#8610,#8612,.T.);
#7188=FILL_AREA_STYLE('',(#8613));
#7189=EDGE_CURVE('',#8614,#8615,#8616,.T.);
#7190=EDGE_CURVE('NONE',#8614,#8617,#8618,.T.);
#7191=EDGE_CURVE('NONE',#8615,#8617,#8619,.T.);
#7192=FILL_AREA_STYLE('',(#8620));
#7193=EDGE_CURVE('',#8621,#8622,#8623,.T.);
#7194=EDGE_CURVE('NONE',#8624,#8621,#8625,.T.);
#7195=EDGE_CURVE('NONE',#8622,#8624,#8626,.T.);
#7196=FILL_AREA_STYLE('',(#8627));
#7197=EDGE_CURVE('',#8628,#8629,#8630,.T.);
#7198=EDGE_CURVE('NONE',#8631,#8628,#8632,.T.);
#7199=EDGE_CURVE('NONE',#8629,#8631,#8633,.T.);
#7200=FILL_AREA_STYLE('',(#8634));
#7201=EDGE_CURVE('',#8635,#8636,#8637,.T.);
#7202=EDGE_CURVE('NONE',#8638,#8635,#8639,.T.);
#7203=EDGE_CURVE('NONE',#8636,#8638,#8640,.T.);
#7204=FILL_AREA_STYLE('',(#8641));
#7205=EDGE_CURVE('',#8642,#8643,#8644,.T.);
#7206=EDGE_CURVE('NONE',#8645,#8642,#8646,.T.);
#7207=EDGE_CURVE('NONE',#8643,#8645,#8647,.T.);
#7208=FILL_AREA_STYLE('',(#8648));
#7209=EDGE_CURVE('',#8649,#8650,#8651,.T.);
#7210=EDGE_CURVE('NONE',#8649,#8652,#8653,.T.);
#7211=EDGE_CURVE('NONE',#8654,#8652,#8655,.T.);
#7212=EDGE_CURVE('NONE',#8650,#8654,#8656,.T.);
#7213=FILL_AREA_STYLE('',(#8657));
#7214=EDGE_CURVE('',#8658,#8659,#8660,.T.);
#7215=EDGE_CURVE('NONE',#8661,#8658,#8662,.T.);
#7216=EDGE_CURVE('NONE',#8661,#8663,#8664,.T.);
#7217=EDGE_CURVE('NONE',#8663,#8659,#8665,.T.);
#7218=FILL_AREA_STYLE('',(#8666));
#7219=EDGE_CURVE('',#8667,#8668,#8669,.T.);
#7220=EDGE_CURVE('NONE',#8667,#8670,#8671,.T.);
#7221=EDGE_CURVE('NONE',#8670,#8672,#8673,.T.);
#7222=EDGE_CURVE('NONE',#8672,#8668,#8674,.T.);
#7223=FILL_AREA_STYLE('',(#8675));
#7224=EDGE_CURVE('NONE',#8676,#8677,#8678,.T.);
#7225=EDGE_CURVE('NONE',#8677,#8679,#8680,.T.);
#7226=EDGE_CURVE('NONE',#8681,#8679,#8682,.T.);
#7227=EDGE_CURVE('NONE',#8676,#8681,#8683,.T.);
#7228=FILL_AREA_STYLE('',(#8684));
#7229=EDGE_CURVE('NONE',#8685,#8608,#8686,.T.);
#7230=EDGE_CURVE('NONE',#8608,#8615,#8687,.T.);
#7231=EDGE_CURVE('NONE',#8685,#8617,#8688,.T.);
#7232=FILL_AREA_STYLE('',(#8689));
#7233=EDGE_CURVE('NONE',#8690,#8691,#8692,.T.);
#7234=EDGE_CURVE('NONE',#8690,#8693,#8694,.T.);
#7235=EDGE_CURVE('NONE',#8693,#8695,#8696,.T.);
#7236=EDGE_CURVE('NONE',#8691,#8695,#8697,.T.);
#7237=FILL_AREA_STYLE('',(#8698));
#7238=EDGE_CURVE('NONE',#8699,#8622,#8700,.T.);
#7239=EDGE_CURVE('NONE',#8622,#8629,#8701,.T.);
#7240=EDGE_CURVE('NONE',#8699,#8631,#8702,.T.);
#7241=FILL_AREA_STYLE('',(#8703));
#7242=EDGE_CURVE('NONE',#8704,#8705,#8706,.T.);
#7243=EDGE_CURVE('NONE',#8704,#8707,#8708,.T.);
#7244=EDGE_CURVE('NONE',#8707,#8709,#8710,.T.);
#7245=EDGE_CURVE('NONE',#8705,#8709,#8711,.T.);
#7246=FILL_AREA_STYLE('',(#8712));
#7247=EDGE_CURVE('NONE',#8713,#8636,#8714,.T.);
#7248=EDGE_CURVE('NONE',#8636,#8643,#8715,.T.);
#7249=EDGE_CURVE('NONE',#8713,#8645,#8716,.T.);
#7250=FILL_AREA_STYLE('',(#8717));
#7251=EDGE_CURVE('NONE',#8718,#8719,#8720,.T.);
#7252=EDGE_CURVE('NONE',#8718,#8721,#8722,.T.);
#7253=EDGE_CURVE('NONE',#8719,#8721,#8723,.T.);
#7254=FILL_AREA_STYLE('',(#8724));
#7255=EDGE_CURVE('NONE',#8725,#8726,#8727,.T.);
#7256=EDGE_CURVE('NONE',#8726,#8728,#8729,.T.);
#7257=EDGE_CURVE('NONE',#8730,#8728,#8731,.T.);
#7258=EDGE_CURVE('NONE',#8725,#8730,#8732,.T.);
#7259=FILL_AREA_STYLE('',(#8733));
#7260=EDGE_CURVE('NONE',#8734,#8735,#8736,.T.);
#7261=EDGE_CURVE('NONE',#8734,#8726,#8737,.T.);
#7262=EDGE_CURVE('NONE',#8735,#8725,#8738,.T.);
#7263=FILL_AREA_STYLE('',(#8739));
#7264=EDGE_CURVE('NONE',#8740,#8741,#8742,.T.);
#7265=EDGE_CURVE('NONE',#8740,#8743,#8744,.T.);
#7266=EDGE_CURVE('NONE',#8741,#8743,#8745,.T.);
#7267=FILL_AREA_STYLE('',(#8746));
#7268=EDGE_CURVE('NONE',#8747,#8748,#8749,.T.);
#7269=EDGE_CURVE('NONE',#8747,#8750,#8751,.T.);
#7270=EDGE_CURVE('NONE',#8748,#8750,#8752,.T.);
#7271=FILL_AREA_STYLE('',(#8753));
#7272=EDGE_CURVE('NONE',#8754,#8755,#8756,.T.);
#7273=EDGE_CURVE('NONE',#8754,#8757,#8758,.T.);
#7274=EDGE_CURVE('NONE',#8755,#8757,#8759,.T.);
#7275=FILL_AREA_STYLE('',(#8760));
#7276=EDGE_CURVE('NONE',#8761,#8762,#8763,.T.);
#7277=EDGE_CURVE('NONE',#8761,#8764,#8765,.T.);
#7278=EDGE_CURVE('NONE',#8766,#8764,#8767,.T.);
#7279=EDGE_CURVE('NONE',#8762,#8766,#8768,.T.);
#7280=FILL_AREA_STYLE('',(#8769));
#7281=EDGE_CURVE('NONE',#8770,#8771,#8772,.T.);
#7282=EDGE_CURVE('NONE',#8771,#8773,#8774,.T.);
#7283=EDGE_CURVE('NONE',#8775,#8773,#8776,.T.);
#7284=EDGE_CURVE('NONE',#8770,#8775,#8777,.T.);
#7285=FILL_AREA_STYLE('',(#8778));
#7286=EDGE_CURVE('NONE',#8779,#8780,#8781,.T.);
#7287=EDGE_CURVE('NONE',#8780,#8782,#8783,.T.);
#7288=EDGE_CURVE('NONE',#8784,#8782,#8785,.T.);
#7289=EDGE_CURVE('NONE',#8779,#8784,#8786,.T.);
#7290=FILL_AREA_STYLE('',(#8787));
#7291=EDGE_CURVE('NONE',#8788,#8789,#8790,.T.);
#7292=EDGE_CURVE('NONE',#8789,#8791,#8792,.T.);
#7293=EDGE_CURVE('NONE',#8793,#8791,#8794,.T.);
#7294=EDGE_CURVE('NONE',#8788,#8793,#8795,.T.);
#7295=FILL_AREA_STYLE('',(#8796));
#7296=EDGE_CURVE('NONE',#8797,#8798,#8799,.T.);
#7297=EDGE_CURVE('NONE',#8798,#8800,#8801,.T.);
#7298=EDGE_CURVE('NONE',#8802,#8800,#8803,.T.);
#7299=EDGE_CURVE('NONE',#8797,#8802,#8804,.T.);
#7300=FILL_AREA_STYLE('',(#8805));
#7301=EDGE_CURVE('NONE',#8800,#8806,#8807,.T.);
#7302=EDGE_CURVE('NONE',#8808,#8806,#8809,.T.);
#7303=EDGE_CURVE('NONE',#8802,#8808,#8810,.T.);
#7304=FILL_AREA_STYLE('',(#8811));
#7305=EDGE_CURVE('NONE',#8806,#8812,#8813,.T.);
#7306=EDGE_CURVE('NONE',#8814,#8812,#8815,.T.);
#7307=EDGE_CURVE('NONE',#8808,#8814,#8816,.T.);
#7308=FILL_AREA_STYLE('',(#8817));
#7309=EDGE_CURVE('NONE',#8818,#8819,#8820,.T.);
#7310=EDGE_CURVE('NONE',#8818,#8821,#8822,.T.);
#7311=EDGE_CURVE('NONE',#8821,#8823,#8824,.T.);
#7312=EDGE_CURVE('NONE',#8825,#8823,#8826,.T.);
#7313=EDGE_CURVE('NONE',#8825,#8827,#8828,.T.);
#7314=EDGE_CURVE('NONE',#8827,#8829,#8830,.T.);
#7315=EDGE_CURVE('NONE',#8831,#8829,#8832,.T.);
#7316=EDGE_CURVE('NONE',#8831,#8833,#8834,.T.);
#7317=EDGE_CURVE('NONE',#8833,#8835,#8836,.T.);
#7318=EDGE_CURVE('NONE',#8837,#8835,#8838,.T.);
#7319=EDGE_CURVE('NONE',#8837,#8839,#8840,.T.);
#7320=EDGE_CURVE('NONE',#8839,#8841,#8842,.T.);
#7321=EDGE_CURVE('NONE',#8843,#8841,#8844,.T.);
#7322=EDGE_CURVE('NONE',#8843,#8845,#8846,.T.);
#7323=EDGE_CURVE('NONE',#8845,#8847,#8848,.T.);
#7324=EDGE_CURVE('NONE',#8849,#8847,#8850,.T.);
#7325=EDGE_CURVE('NONE',#8849,#8851,#8852,.T.);
#7326=EDGE_CURVE('NONE',#8851,#8853,#8854,.T.);
#7327=EDGE_CURVE('NONE',#8855,#8853,#8856,.T.);
#7328=EDGE_CURVE('NONE',#8855,#8857,#8858,.T.);
#7329=EDGE_CURVE('NONE',#8857,#8859,#8860,.T.);
#7330=EDGE_CURVE('NONE',#8861,#8859,#8862,.T.);
#7331=EDGE_CURVE('NONE',#8861,#8863,#8864,.T.);
#7332=EDGE_CURVE('NONE',#8863,#8865,#8866,.T.);
#7333=EDGE_CURVE('NONE',#8867,#8865,#8868,.T.);
#7334=EDGE_CURVE('NONE',#8867,#8869,#8870,.T.);
#7335=EDGE_CURVE('NONE',#8869,#8871,#8872,.T.);
#7336=EDGE_CURVE('NONE',#8873,#8871,#8874,.T.);
#7337=EDGE_CURVE('NONE',#8873,#8875,#8876,.T.);
#7338=EDGE_CURVE('NONE',#8875,#8877,#8878,.T.);
#7339=EDGE_CURVE('NONE',#8879,#8877,#8880,.T.);
#7340=EDGE_CURVE('NONE',#8879,#8881,#8882,.T.);
#7341=EDGE_CURVE('NONE',#8881,#8883,#8884,.T.);
#7342=EDGE_CURVE('NONE',#8885,#8883,#8886,.T.);
#7343=EDGE_CURVE('NONE',#8885,#8887,#8888,.T.);
#7344=EDGE_CURVE('NONE',#8887,#8889,#8890,.T.);
#7345=EDGE_CURVE('NONE',#8891,#8889,#8892,.T.);
#7346=EDGE_CURVE('NONE',#8891,#8893,#8894,.T.);
#7347=EDGE_CURVE('NONE',#8893,#8895,#8896,.T.);
#7348=EDGE_CURVE('NONE',#8897,#8895,#8898,.T.);
#7349=EDGE_CURVE('NONE',#8897,#8899,#8900,.T.);
#7350=EDGE_CURVE('NONE',#8899,#8901,#8902,.T.);
#7351=EDGE_CURVE('NONE',#8903,#8901,#8904,.T.);
#7352=EDGE_CURVE('NONE',#8903,#8905,#8906,.T.);
#7353=EDGE_CURVE('NONE',#8905,#8907,#8908,.T.);
#7354=EDGE_CURVE('NONE',#8909,#8907,#8910,.T.);
#7355=EDGE_CURVE('NONE',#8909,#8911,#8912,.T.);
#7356=EDGE_CURVE('NONE',#8911,#8913,#8914,.T.);
#7357=EDGE_CURVE('NONE',#8915,#8913,#8916,.T.);
#7358=EDGE_CURVE('NONE',#8915,#8917,#8918,.T.);
#7359=EDGE_CURVE('NONE',#8917,#8919,#8920,.T.);
#7360=EDGE_CURVE('NONE',#8921,#8919,#8922,.T.);
#7361=EDGE_CURVE('NONE',#8921,#8923,#8924,.T.);
#7362=EDGE_CURVE('NONE',#8923,#8925,#8926,.T.);
#7363=EDGE_CURVE('NONE',#8927,#8925,#8928,.T.);
#7364=EDGE_CURVE('NONE',#8927,#8929,#8930,.T.);
#7365=EDGE_CURVE('NONE',#8929,#8931,#8932,.T.);
#7366=EDGE_CURVE('NONE',#8933,#8931,#8934,.T.);
#7367=EDGE_CURVE('NONE',#8933,#8935,#8936,.T.);
#7368=EDGE_CURVE('NONE',#8935,#8937,#8938,.T.);
#7369=EDGE_CURVE('NONE',#8939,#8937,#8940,.T.);
#7370=EDGE_CURVE('NONE',#8939,#8941,#8942,.T.);
#7371=EDGE_CURVE('NONE',#8819,#8941,#8943,.T.);
#7372=FILL_AREA_STYLE('',(#8944));
#7373=EDGE_CURVE('NONE',#8819,#8945,#8946,.T.);
#7374=EDGE_CURVE('NONE',#8941,#8947,#8948,.T.);
#7375=EDGE_CURVE('NONE',#8949,#8947,#8950,.T.);
#7376=EDGE_CURVE('NONE',#8949,#8951,#8952,.T.);
#7377=EDGE_CURVE('NONE',#8951,#8953,#8954,.T.);
#7378=EDGE_CURVE('NONE',#8955,#8953,#8956,.T.);
#7379=EDGE_CURVE('NONE',#8955,#8957,#8958,.T.);
#7380=EDGE_CURVE('NONE',#8957,#8959,#8960,.T.);
#7381=EDGE_CURVE('NONE',#8961,#8959,#8962,.T.);
#7382=EDGE_CURVE('NONE',#8961,#8963,#8964,.T.);
#7383=EDGE_CURVE('NONE',#8963,#8965,#8966,.T.);
#7384=EDGE_CURVE('NONE',#8967,#8965,#8968,.T.);
#7385=EDGE_CURVE('NONE',#8967,#8969,#8970,.T.);
#7386=EDGE_CURVE('NONE',#8969,#8971,#8972,.T.);
#7387=EDGE_CURVE('NONE',#8973,#8971,#8974,.T.);
#7388=EDGE_CURVE('NONE',#8973,#8975,#8976,.T.);
#7389=EDGE_CURVE('NONE',#8975,#8977,#8978,.T.);
#7390=EDGE_CURVE('NONE',#8979,#8977,#8980,.T.);
#7391=EDGE_CURVE('NONE',#8979,#8981,#8982,.T.);
#7392=EDGE_CURVE('NONE',#8981,#8983,#8984,.T.);
#7393=EDGE_CURVE('NONE',#8985,#8983,#8986,.T.);
#7394=EDGE_CURVE('NONE',#8985,#8987,#8988,.T.);
#7395=EDGE_CURVE('NONE',#8987,#8989,#8990,.T.);
#7396=EDGE_CURVE('NONE',#8991,#8989,#8992,.T.);
#7397=EDGE_CURVE('NONE',#8991,#8993,#8994,.T.);
#7398=EDGE_CURVE('NONE',#8993,#8995,#8996,.T.);
#7399=EDGE_CURVE('NONE',#8997,#8995,#8998,.T.);
#7400=EDGE_CURVE('NONE',#8997,#8999,#9000,.T.);
#7401=EDGE_CURVE('NONE',#8999,#9001,#9002,.T.);
#7402=EDGE_CURVE('NONE',#8945,#9001,#9003,.T.);
#7403=FILL_AREA_STYLE('',(#9004));
#7404=EDGE_CURVE('NONE',#9005,#9006,#9007,.T.);
#7405=EDGE_CURVE('NONE',#9006,#9008,#9009,.T.);
#7406=EDGE_CURVE('NONE',#9010,#9008,#9011,.T.);
#7407=EDGE_CURVE('NONE',#9005,#9010,#9012,.T.);
#7408=FILL_AREA_STYLE('',(#9013));
#7409=EDGE_CURVE('NONE',#9014,#9015,#9016,.T.);
#7410=EDGE_CURVE('NONE',#9014,#9010,#9017,.T.);
#7411=EDGE_CURVE('NONE',#9015,#9008,#9018,.T.);
#7412=FILL_AREA_STYLE('',(#9019));
#7413=EDGE_CURVE('NONE',#9020,#9021,#9022,.T.);
#7414=EDGE_CURVE('NONE',#9021,#9023,#9024,.T.);
#7415=EDGE_CURVE('NONE',#9025,#9023,#9026,.T.);
#7416=EDGE_CURVE('NONE',#9020,#9025,#9027,.T.);
#7417=FILL_AREA_STYLE('',(#9028));
#7418=EDGE_CURVE('NONE',#9029,#9030,#9031,.T.);
#7419=EDGE_CURVE('NONE',#9029,#9025,#9032,.T.);
#7420=EDGE_CURVE('NONE',#9030,#9023,#9033,.T.);
#7421=FILL_AREA_STYLE('',(#9034));
#7422=EDGE_CURVE('NONE',#9035,#9036,#9037,.T.);
#7423=EDGE_CURVE('NONE',#9035,#9038,#9039,.T.);
#7424=EDGE_CURVE('NONE',#9038,#9036,#9040,.T.);
#7425=FILL_AREA_STYLE('',(#9041));
#7426=EDGE_CURVE('NONE',#9042,#9043,#9044,.T.);
#7427=EDGE_CURVE('NONE',#9043,#9045,#9046,.T.);
#7428=EDGE_CURVE('NONE',#9045,#9047,#9048,.T.);
#7429=EDGE_CURVE('NONE',#9042,#9047,#9049,.T.);
#7430=FILL_AREA_STYLE('',(#9050));
#7431=EDGE_CURVE('NONE',#9051,#9052,#9053,.T.);
#7432=EDGE_CURVE('NONE',#9052,#9043,#9054,.T.);
#7433=EDGE_CURVE('NONE',#9051,#9042,#9055,.T.);
#7434=FILL_AREA_STYLE('',(#9056));
#7435=EDGE_CURVE('NONE',#9057,#9058,#9059,.T.);
#7436=EDGE_CURVE('NONE',#9057,#9060,#9061,.T.);
#7437=EDGE_CURVE('NONE',#9058,#9060,#9062,.T.);
#7438=FILL_AREA_STYLE('',(#9063));
#7439=EDGE_CURVE('NONE',#9064,#9065,#9066,.T.);
#7440=EDGE_CURVE('NONE',#9065,#9067,#9068,.T.);
#7441=EDGE_CURVE('NONE',#9069,#9067,#9070,.T.);
#7442=EDGE_CURVE('NONE',#9064,#9069,#9071,.T.);
#7443=FILL_AREA_STYLE('',(#9072));
#7444=EDGE_CURVE('NONE',#9073,#9074,#9075,.T.);
#7445=EDGE_CURVE('NONE',#9073,#9069,#9076,.T.);
#7446=EDGE_CURVE('NONE',#9074,#9067,#9077,.T.);
#7447=FILL_AREA_STYLE('',(#9078));
#7448=EDGE_CURVE('NONE',#9079,#9080,#9081,.T.);
#7449=EDGE_CURVE('NONE',#9080,#9082,#9083,.T.);
#7450=EDGE_CURVE('NONE',#9084,#9082,#9085,.T.);
#7451=EDGE_CURVE('NONE',#9079,#9084,#9086,.T.);
#7452=FILL_AREA_STYLE('',(#9087));
#7453=EDGE_CURVE('NONE',#9088,#9089,#9090,.T.);
#7454=EDGE_CURVE('NONE',#9088,#9084,#9091,.T.);
#7455=EDGE_CURVE('NONE',#9089,#9082,#9092,.T.);
#7456=FILL_AREA_STYLE('',(#9093));
#7457=EDGE_CURVE('NONE',#9094,#9095,#9096,.T.);
#7458=EDGE_CURVE('NONE',#9094,#9097,#9098,.T.);
#7459=EDGE_CURVE('NONE',#9097,#9095,#9099,.T.);
#7460=FILL_AREA_STYLE('',(#9100));
#7461=EDGE_CURVE('NONE',#9101,#9102,#9103,.T.);
#7462=EDGE_CURVE('NONE',#9102,#9104,#9105,.T.);
#7463=EDGE_CURVE('NONE',#9104,#9106,#9107,.T.);
#7464=EDGE_CURVE('NONE',#9101,#9106,#9108,.T.);
#7465=FILL_AREA_STYLE('',(#9109));
#7466=EDGE_CURVE('NONE',#9110,#9111,#9112,.T.);
#7467=EDGE_CURVE('NONE',#9111,#9102,#9113,.T.);
#7468=EDGE_CURVE('NONE',#9110,#9101,#9114,.T.);
#7469=FILL_AREA_STYLE('',(#9115));
#7470=EDGE_CURVE('NONE',#9116,#9117,#9118,.T.);
#7471=EDGE_CURVE('NONE',#9116,#9119,#9120,.T.);
#7472=EDGE_CURVE('NONE',#9117,#9119,#9121,.T.);
#7473=FILL_AREA_STYLE('',(#9122));
#7474=EDGE_CURVE('NONE',#9123,#9124,#9125,.T.);
#7475=EDGE_CURVE('NONE',#9123,#9126,#9127,.T.);
#7476=EDGE_CURVE('NONE',#9126,#9128,#9129,.T.);
#7477=EDGE_CURVE('NONE',#9130,#9128,#9131,.T.);
#7478=EDGE_CURVE('NONE',#9132,#9130,#9133,.T.);
#7479=EDGE_CURVE('NONE',#9124,#9132,#9134,.T.);
#7480=FILL_AREA_STYLE('',(#9135));
#7481=EDGE_CURVE('NONE',#9136,#9137,#9138,.T.);
#7482=EDGE_CURVE('NONE',#9139,#9137,#9140,.T.);
#7483=EDGE_CURVE('NONE',#9141,#9139,#9142,.T.);
#7484=EDGE_CURVE('NONE',#9143,#9141,#9144,.T.);
#7485=EDGE_CURVE('NONE',#9145,#9143,#9146,.T.);
#7486=EDGE_CURVE('NONE',#9145,#9136,#9147,.T.);
#7487=FILL_AREA_STYLE('',(#9148));
#7488=EDGE_CURVE('NONE',#9149,#9150,#9151,.T.);
#7489=EDGE_CURVE('NONE',#9149,#9152,#9153,.T.);
#7490=EDGE_CURVE('NONE',#9152,#9154,#9155,.T.);
#7491=EDGE_CURVE('NONE',#9156,#9154,#9157,.T.);
#7492=EDGE_CURVE('NONE',#9158,#9156,#9159,.T.);
#7493=EDGE_CURVE('NONE',#9150,#9158,#9160,.T.);
#7494=FILL_AREA_STYLE('',(#9161));
#7495=EDGE_CURVE('NONE',#9162,#9163,#9164,.T.);
#7496=EDGE_CURVE('NONE',#9163,#9165,#9166,.T.);
#7497=EDGE_CURVE('NONE',#9167,#9165,#9168,.T.);
#7498=EDGE_CURVE('NONE',#9169,#9167,#9170,.T.);
#7499=EDGE_CURVE('NONE',#9169,#9171,#9172,.T.);
#7500=EDGE_CURVE('NONE',#9171,#9173,#9174,.T.);
#7501=EDGE_CURVE('NONE',#9175,#9173,#9176,.T.);
#7502=EDGE_CURVE('NONE',#9175,#9143,#9177,.T.);
#7503=EDGE_CURVE('NONE',#9178,#9141,#9179,.T.);
#7504=EDGE_CURVE('NONE',#9180,#9178,#9181,.T.);
#7505=EDGE_CURVE('NONE',#9180,#9132,#9182,.T.);
#7506=EDGE_CURVE('NONE',#9183,#9130,#9184,.T.);
#7507=EDGE_CURVE('NONE',#9185,#9183,#9186,.T.);
#7508=EDGE_CURVE('NONE',#9162,#9185,#9187,.T.);
#7509=EDGE_CURVE('NONE',#9188,#9189,#9190,.T.);
#7510=EDGE_CURVE('NONE',#9188,#9191,#9192,.T.);
#7511=EDGE_CURVE('NONE',#9193,#9191,#9194,.T.);
#7512=EDGE_CURVE('NONE',#9189,#9193,#9195,.T.);
#7513=EDGE_CURVE('NONE',#9196,#9197,#9198,.T.);
#7514=EDGE_CURVE('NONE',#9196,#9199,#9200,.T.);
#7515=EDGE_CURVE('NONE',#9201,#9199,#9202,.T.);
#7516=EDGE_CURVE('NONE',#9197,#9201,#9203,.T.);
#7517=EDGE_CURVE('NONE',#9204,#9205,#9206,.T.);
#7518=EDGE_CURVE('NONE',#9207,#9204,#9208,.T.);
#7519=EDGE_CURVE('NONE',#9207,#9209,#9210,.T.);
#7520=EDGE_CURVE('NONE',#9205,#9209,#9211,.T.);
#7521=FILL_AREA_STYLE('',(#9212));
#7522=EDGE_CURVE('NONE',#9185,#9165,#9213,.T.);
#7523=EDGE_CURVE('NONE',#9183,#9214,#9215,.T.);
#7524=EDGE_CURVE('NONE',#9214,#9216,#9217,.T.);
#7525=EDGE_CURVE('NONE',#9216,#9218,#9219,.T.);
#7526=EDGE_CURVE('NONE',#9218,#9220,#9221,.T.);
#7527=EDGE_CURVE('NONE',#9220,#9222,#9223,.T.);
#7528=EDGE_CURVE('NONE',#9222,#9224,#9225,.T.);
#7529=EDGE_CURVE('NONE',#9224,#9175,#9226,.T.);
#7530=EDGE_CURVE('NONE',#9167,#9173,#9227,.T.);
#7531=EDGE_CURVE('NONE',#9021,#9020,#9228,.T.);
#7532=EDGE_CURVE('NONE',#9006,#9005,#9229,.T.);
#7533=EDGE_CURVE('NONE',#9047,#9045,#9230,.T.);
#7534=EDGE_CURVE('NONE',#9080,#9079,#9231,.T.);
#7535=EDGE_CURVE('NONE',#9065,#9064,#9232,.T.);
#7536=EDGE_CURVE('NONE',#9106,#9104,#9233,.T.);
#7537=EDGE_CURVE('NONE',#8728,#8730,#9234,.T.);
#7538=FILL_AREA_STYLE('',(#9235));
#7539=EDGE_CURVE('NONE',#9154,#9236,#9237,.T.);
#7540=EDGE_CURVE('NONE',#9222,#9236,#9238,.T.);
#7541=EDGE_CURVE('NONE',#9220,#9156,#9239,.T.);
#7542=FILL_AREA_STYLE('',(#9240));
#7543=EDGE_CURVE('NONE',#9236,#9241,#9242,.T.);
#7544=EDGE_CURVE('NONE',#9224,#9241,#9243,.T.);
#7545=FILL_AREA_STYLE('',(#9244));
#7546=EDGE_CURVE('NONE',#9241,#9145,#9245,.T.);
#7547=FILL_AREA_STYLE('',(#9246));
#7548=EDGE_CURVE('NONE',#9128,#9247,#9248,.T.);
#7549=EDGE_CURVE('NONE',#9214,#9247,#9249,.T.);
#7550=FILL_AREA_STYLE('',(#9250));
#7551=EDGE_CURVE('NONE',#9247,#9251,#9252,.T.);
#7552=EDGE_CURVE('NONE',#9216,#9251,#9253,.T.);
#7553=FILL_AREA_STYLE('',(#9254));
#7554=EDGE_CURVE('NONE',#9251,#9255,#9256,.T.);
#7555=EDGE_CURVE('NONE',#9255,#9257,#9258,.T.);
#7556=EDGE_CURVE('NONE',#9218,#9257,#9259,.T.);
#7557=FILL_AREA_STYLE('',(#9260));
#7558=EDGE_CURVE('NONE',#9257,#9261,#9262,.T.);
#7559=EDGE_CURVE('NONE',#9263,#9261,#9264,.T.);
#7560=EDGE_CURVE('NONE',#9265,#9263,#9266,.T.);
#7561=EDGE_CURVE('NONE',#9265,#9158,#9267,.T.);
#7562=FILL_AREA_STYLE('',(#9268));
#7563=EDGE_CURVE('NONE',#9269,#9270,#9271,.T.);
#7564=EDGE_CURVE('NONE',#9272,#9270,#9273,.T.);
#7565=EDGE_CURVE('NONE',#9261,#9272,#9274,.T.);
#7566=EDGE_CURVE('NONE',#9255,#9269,#9275,.T.);
#7567=FILL_AREA_STYLE('',(#9276));
#7568=EDGE_CURVE('NONE',#9277,#9272,#9278,.T.);
#7569=EDGE_CURVE('NONE',#9279,#9277,#9280,.T.);
#7570=EDGE_CURVE('NONE',#9263,#9279,#9281,.T.);
#7571=FILL_AREA_STYLE('',(#9282));
#7572=EDGE_CURVE('NONE',#9283,#9150,#9284,.T.);
#7573=EDGE_CURVE('NONE',#9285,#9265,#9286,.T.);
#7574=EDGE_CURVE('NONE',#9285,#9283,#9287,.T.);
#7575=FILL_AREA_STYLE('',(#9288));
#7576=EDGE_CURVE('NONE',#9277,#9283,#9289,.T.);
#7577=EDGE_CURVE('NONE',#9279,#9285,#9290,.T.);
#7578=FILL_AREA_STYLE('',(#9291));
#7579=FILL_AREA_STYLE('',(#9292));
#7580=EDGE_CURVE('NONE',#9293,#9124,#9294,.T.);
#7581=EDGE_CURVE('NONE',#9295,#9180,#9296,.T.);
#7582=EDGE_CURVE('NONE',#9295,#9293,#9297,.T.);
#7583=FILL_AREA_STYLE('',(#9298));
#7584=EDGE_CURVE('NONE',#9299,#9293,#9300,.T.);
#7585=EDGE_CURVE('NONE',#9301,#9295,#9302,.T.);
#7586=EDGE_CURVE('NONE',#9301,#9299,#9303,.T.);
#7587=FILL_AREA_STYLE('',(#9304));
#7588=EDGE_CURVE('NONE',#9299,#9139,#9305,.T.);
#7589=EDGE_CURVE('NONE',#9178,#9301,#9306,.T.);
#7590=FILL_AREA_STYLE('',(#9307));
#7591=FILL_AREA_STYLE('',(#9308));
#7592=EDGE_CURVE('NONE',#9152,#9136,#9309,.T.);
#7593=FILL_AREA_STYLE('',(#9310));
#7594=EDGE_CURVE('NONE',#9126,#9269,#9311,.T.);
#7595=FILL_AREA_STYLE('',(#9312));
#7596=EDGE_CURVE('NONE',#9119,#9117,#9313,.T.);
#7597=FILL_AREA_STYLE('',(#9314));
#7598=EDGE_CURVE('NONE',#9111,#9110,#9315,.T.);
#7599=FILL_AREA_STYLE('',(#9316));
#7600=EDGE_CURVE('NONE',#9102,#9101,#9317,.T.);
#7601=FILL_AREA_STYLE('',(#9318));
#7602=FILL_AREA_STYLE('',(#9319));
#7603=EDGE_CURVE('NONE',#9095,#9097,#9320,.T.);
#7604=FILL_AREA_STYLE('',(#9321));
#7605=EDGE_CURVE('NONE',#9089,#9088,#9322,.T.);
#7606=FILL_AREA_STYLE('',(#9323));
#7607=EDGE_CURVE('NONE',#9082,#9084,#9324,.T.);
#7608=FILL_AREA_STYLE('',(#9325));
#7609=FILL_AREA_STYLE('',(#9326));
#7610=EDGE_CURVE('NONE',#9074,#9073,#9327,.T.);
#7611=FILL_AREA_STYLE('',(#9328));
#7612=EDGE_CURVE('NONE',#9067,#9069,#9329,.T.);
#7613=FILL_AREA_STYLE('',(#9330));
#7614=FILL_AREA_STYLE('',(#9331));
#7615=EDGE_CURVE('NONE',#9060,#9058,#9332,.T.);
#7616=FILL_AREA_STYLE('',(#9333));
#7617=EDGE_CURVE('NONE',#9052,#9051,#9334,.T.);
#7618=FILL_AREA_STYLE('',(#9335));
#7619=EDGE_CURVE('NONE',#9043,#9042,#9336,.T.);
#7620=FILL_AREA_STYLE('',(#9337));
#7621=FILL_AREA_STYLE('',(#9338));
#7622=EDGE_CURVE('NONE',#9036,#9038,#9339,.T.);
#7623=FILL_AREA_STYLE('',(#9340));
#7624=EDGE_CURVE('NONE',#9030,#9029,#9341,.T.);
#7625=FILL_AREA_STYLE('',(#9342));
#7626=EDGE_CURVE('NONE',#9023,#9025,#9343,.T.);
#7627=FILL_AREA_STYLE('',(#9344));
#7628=FILL_AREA_STYLE('',(#9345));
#7629=EDGE_CURVE('NONE',#9015,#9014,#9346,.T.);
#7630=FILL_AREA_STYLE('',(#9347));
#7631=EDGE_CURVE('NONE',#9008,#9010,#9348,.T.);
#7632=FILL_AREA_STYLE('',(#9349));
#7633=FILL_AREA_STYLE('',(#9350));
#7634=EDGE_CURVE('NONE',#9171,#9169,#9351,.T.);
#7635=FILL_AREA_STYLE('',(#9352));
#7636=EDGE_CURVE('NONE',#9163,#9162,#9353,.T.);
#7637=FILL_AREA_STYLE('',(#9354));
#7638=EDGE_CURVE('NONE',#8889,#9355,#9356,.T.);
#7639=EDGE_CURVE('NONE',#9357,#9355,#9358,.T.);
#7640=EDGE_CURVE('NONE',#8891,#9357,#9359,.T.);
#7641=FILL_AREA_STYLE('',(#9360));
#7642=EDGE_CURVE('NONE',#8885,#9361,#9362,.T.);
#7643=EDGE_CURVE('NONE',#8883,#9363,#9364,.T.);
#7644=EDGE_CURVE('NONE',#9361,#9363,#9365,.T.);
#7645=FILL_AREA_STYLE('',(#9366));
#7646=EDGE_CURVE('NONE',#9367,#8818,#9368,.T.);
#7647=EDGE_CURVE('NONE',#9369,#9367,#9370,.T.);
#7648=EDGE_CURVE('NONE',#9369,#9371,#9372,.T.);
#7649=EDGE_CURVE('NONE',#9371,#9373,#9374,.T.);
#7650=EDGE_CURVE('NONE',#9375,#9373,#9376,.T.);
#7651=EDGE_CURVE('NONE',#9375,#9377,#9378,.T.);
#7652=EDGE_CURVE('NONE',#9377,#9379,#9380,.T.);
#7653=EDGE_CURVE('NONE',#9381,#9379,#9382,.T.);
#7654=EDGE_CURVE('NONE',#9381,#9383,#9384,.T.);
#7655=EDGE_CURVE('NONE',#9383,#9385,#9386,.T.);
#7656=EDGE_CURVE('NONE',#9387,#9385,#9388,.T.);
#7657=EDGE_CURVE('NONE',#9387,#9389,#9390,.T.);
#7658=EDGE_CURVE('NONE',#9389,#9391,#9392,.T.);
#7659=EDGE_CURVE('NONE',#9393,#9391,#9394,.T.);
#7660=EDGE_CURVE('NONE',#9393,#9395,#9396,.T.);
#7661=EDGE_CURVE('NONE',#9395,#9397,#9398,.T.);
#7662=EDGE_CURVE('NONE',#9399,#9397,#9400,.T.);
#7663=EDGE_CURVE('NONE',#9399,#9401,#9402,.T.);
#7664=EDGE_CURVE('NONE',#9401,#9403,#9404,.T.);
#7665=EDGE_CURVE('NONE',#9405,#9403,#9406,.T.);
#7666=EDGE_CURVE('NONE',#9405,#9407,#9408,.T.);
#7667=EDGE_CURVE('NONE',#9407,#9409,#9410,.T.);
#7668=EDGE_CURVE('NONE',#9411,#9409,#9412,.T.);
#7669=EDGE_CURVE('NONE',#9411,#9413,#9414,.T.);
#7670=EDGE_CURVE('NONE',#9413,#9415,#9416,.T.);
#7671=EDGE_CURVE('NONE',#9417,#9415,#9418,.T.);
#7672=EDGE_CURVE('NONE',#9417,#9419,#9420,.T.);
#7673=EDGE_CURVE('NONE',#9419,#9421,#9422,.T.);
#7674=EDGE_CURVE('NONE',#9423,#9421,#9424,.T.);
#7675=EDGE_CURVE('NONE',#9423,#8821,#9425,.T.);
#7676=FILL_AREA_STYLE('',(#9426));
#7677=EDGE_CURVE('NONE',#8895,#9427,#9428,.T.);
#7678=EDGE_CURVE('NONE',#9429,#9427,#9430,.T.);
#7679=EDGE_CURVE('NONE',#8897,#9429,#9431,.T.);
#7680=FILL_AREA_STYLE('',(#9432));
#7681=EDGE_CURVE('NONE',#8901,#9433,#9434,.T.);
#7682=EDGE_CURVE('NONE',#9435,#9433,#9436,.T.);
#7683=EDGE_CURVE('NONE',#8903,#9435,#9437,.T.);
#7684=FILL_AREA_STYLE('',(#9438));
#7685=EDGE_CURVE('NONE',#8907,#9439,#9440,.T.);
#7686=EDGE_CURVE('NONE',#9441,#9439,#9442,.T.);
#7687=EDGE_CURVE('NONE',#8909,#9441,#9443,.T.);
#7688=FILL_AREA_STYLE('',(#9444));
#7689=EDGE_CURVE('NONE',#8913,#9445,#9446,.T.);
#7690=EDGE_CURVE('NONE',#9447,#9445,#9448,.T.);
#7691=EDGE_CURVE('NONE',#8915,#9447,#9449,.T.);
#7692=FILL_AREA_STYLE('',(#9450));
#7693=EDGE_CURVE('NONE',#8919,#9451,#9452,.T.);
#7694=EDGE_CURVE('NONE',#9453,#9451,#9454,.T.);
#7695=EDGE_CURVE('NONE',#8921,#9453,#9455,.T.);
#7696=FILL_AREA_STYLE('',(#9456));
#7697=EDGE_CURVE('NONE',#8925,#9457,#9458,.T.);
#7698=EDGE_CURVE('NONE',#9459,#9457,#9460,.T.);
#7699=EDGE_CURVE('NONE',#8927,#9459,#9461,.T.);
#7700=FILL_AREA_STYLE('',(#9462));
#7701=EDGE_CURVE('NONE',#8931,#9463,#9464,.T.);
#7702=EDGE_CURVE('NONE',#9465,#9463,#9466,.T.);
#7703=EDGE_CURVE('NONE',#8933,#9465,#9467,.T.);
#7704=FILL_AREA_STYLE('',(#9468));
#7705=EDGE_CURVE('NONE',#8937,#9469,#9470,.T.);
#7706=EDGE_CURVE('NONE',#9471,#9469,#9472,.T.);
#7707=EDGE_CURVE('NONE',#8939,#9471,#9473,.T.);
#7708=FILL_AREA_STYLE('',(#9474));
#7709=EDGE_CURVE('NONE',#8947,#9475,#9476,.T.);
#7710=EDGE_CURVE('NONE',#9477,#9475,#9478,.T.);
#7711=EDGE_CURVE('NONE',#8949,#9477,#9479,.T.);
#7712=FILL_AREA_STYLE('',(#9480));
#7713=EDGE_CURVE('NONE',#8953,#9481,#9482,.T.);
#7714=EDGE_CURVE('NONE',#9483,#9481,#9484,.T.);
#7715=EDGE_CURVE('NONE',#8955,#9483,#9485,.T.);
#7716=FILL_AREA_STYLE('',(#9486));
#7717=EDGE_CURVE('NONE',#8959,#9487,#9488,.T.);
#7718=EDGE_CURVE('NONE',#9489,#9487,#9490,.T.);
#7719=EDGE_CURVE('NONE',#8961,#9489,#9491,.T.);
#7720=FILL_AREA_STYLE('',(#9492));
#7721=EDGE_CURVE('NONE',#8965,#9493,#9494,.T.);
#7722=EDGE_CURVE('NONE',#9495,#9493,#9496,.T.);
#7723=EDGE_CURVE('NONE',#8967,#9495,#9497,.T.);
#7724=FILL_AREA_STYLE('',(#9498));
#7725=EDGE_CURVE('NONE',#8971,#9499,#9500,.T.);
#7726=EDGE_CURVE('NONE',#9501,#9499,#9502,.T.);
#7727=EDGE_CURVE('NONE',#8973,#9501,#9503,.T.);
#7728=FILL_AREA_STYLE('',(#9504));
#7729=EDGE_CURVE('NONE',#8977,#9505,#9506,.T.);
#7730=EDGE_CURVE('NONE',#9507,#9505,#9508,.T.);
#7731=EDGE_CURVE('NONE',#8979,#9507,#9509,.T.);
#7732=FILL_AREA_STYLE('',(#9510));
#7733=EDGE_CURVE('NONE',#8983,#9511,#9512,.T.);
#7734=EDGE_CURVE('NONE',#9513,#9511,#9514,.T.);
#7735=EDGE_CURVE('NONE',#8985,#9513,#9515,.T.);
#7736=FILL_AREA_STYLE('',(#9516));
#7737=EDGE_CURVE('NONE',#8989,#9517,#9518,.T.);
#7738=EDGE_CURVE('NONE',#9519,#9517,#9520,.T.);
#7739=EDGE_CURVE('NONE',#8991,#9519,#9521,.T.);
#7740=FILL_AREA_STYLE('',(#9522));
#7741=EDGE_CURVE('NONE',#8995,#9523,#9524,.T.);
#7742=EDGE_CURVE('NONE',#9525,#9523,#9526,.T.);
#7743=EDGE_CURVE('NONE',#8997,#9525,#9527,.T.);
#7744=FILL_AREA_STYLE('',(#9528));
#7745=EDGE_CURVE('NONE',#9529,#9530,#9531,.T.);
#7746=EDGE_CURVE('NONE',#9529,#9532,#9533,.T.);
#7747=EDGE_CURVE('NONE',#9532,#9534,#9535,.T.);
#7748=EDGE_CURVE('NONE',#9530,#9534,#9536,.T.);
#7749=FILL_AREA_STYLE('',(#9537));
#7750=EDGE_CURVE('NONE',#9538,#9539,#9540,.T.);
#7751=EDGE_CURVE('NONE',#9538,#9541,#9542,.T.);
#7752=EDGE_CURVE('NONE',#9541,#9543,#9544,.T.);
#7753=EDGE_CURVE('NONE',#9539,#9543,#9545,.T.);
#7754=FILL_AREA_STYLE('',(#9546));
#7755=EDGE_CURVE('NONE',#9373,#9547,#9548,.T.);
#7756=EDGE_CURVE('NONE',#9549,#9547,#9550,.T.);
#7757=EDGE_CURVE('NONE',#9375,#9549,#9551,.T.);
#7758=FILL_AREA_STYLE('',(#9552));
#7759=EDGE_CURVE('NONE',#9379,#9553,#9554,.T.);
#7760=EDGE_CURVE('NONE',#9555,#9553,#9556,.T.);
#7761=EDGE_CURVE('NONE',#9381,#9555,#9557,.T.);
#7762=FILL_AREA_STYLE('',(#9558));
#7763=EDGE_CURVE('NONE',#9385,#9559,#9560,.T.);
#7764=EDGE_CURVE('NONE',#9561,#9559,#9562,.T.);
#7765=EDGE_CURVE('NONE',#9387,#9561,#9563,.T.);
#7766=FILL_AREA_STYLE('',(#9564));
#7767=EDGE_CURVE('NONE',#9391,#9565,#9566,.T.);
#7768=EDGE_CURVE('NONE',#9567,#9565,#9568,.T.);
#7769=EDGE_CURVE('NONE',#9393,#9567,#9569,.T.);
#7770=FILL_AREA_STYLE('',(#9570));
#7771=EDGE_CURVE('NONE',#9397,#9571,#9572,.T.);
#7772=EDGE_CURVE('NONE',#9573,#9571,#9574,.T.);
#7773=EDGE_CURVE('NONE',#9399,#9573,#9575,.T.);
#7774=FILL_AREA_STYLE('',(#9576));
#7775=EDGE_CURVE('NONE',#9403,#9577,#9578,.T.);
#7776=EDGE_CURVE('NONE',#9579,#9577,#9580,.T.);
#7777=EDGE_CURVE('NONE',#9405,#9579,#9581,.T.);
#7778=FILL_AREA_STYLE('',(#9582));
#7779=EDGE_CURVE('NONE',#9409,#9583,#9584,.T.);
#7780=EDGE_CURVE('NONE',#9585,#9583,#9586,.T.);
#7781=EDGE_CURVE('NONE',#9411,#9585,#9587,.T.);
#7782=FILL_AREA_STYLE('',(#9588));
#7783=EDGE_CURVE('NONE',#9415,#9589,#9590,.T.);
#7784=EDGE_CURVE('NONE',#9591,#9589,#9592,.T.);
#7785=EDGE_CURVE('NONE',#9417,#9591,#9593,.T.);
#7786=FILL_AREA_STYLE('',(#9594));
#7787=EDGE_CURVE('NONE',#9421,#9595,#9596,.T.);
#7788=EDGE_CURVE('NONE',#9597,#9595,#9598,.T.);
#7789=EDGE_CURVE('NONE',#9423,#9597,#9599,.T.);
#7790=FILL_AREA_STYLE('',(#9600));
#7791=EDGE_CURVE('NONE',#8823,#9601,#9602,.T.);
#7792=EDGE_CURVE('NONE',#9603,#9601,#9604,.T.);
#7793=EDGE_CURVE('NONE',#8825,#9603,#9605,.T.);
#7794=FILL_AREA_STYLE('',(#9606));
#7795=EDGE_CURVE('NONE',#8829,#9607,#9608,.T.);
#7796=EDGE_CURVE('NONE',#9609,#9607,#9610,.T.);
#7797=EDGE_CURVE('NONE',#8831,#9609,#9611,.T.);
#7798=FILL_AREA_STYLE('',(#9612));
#7799=EDGE_CURVE('NONE',#8835,#9613,#9614,.T.);
#7800=EDGE_CURVE('NONE',#9615,#9613,#9616,.T.);
#7801=EDGE_CURVE('NONE',#8837,#9615,#9617,.T.);
#7802=FILL_AREA_STYLE('',(#9618));
#7803=EDGE_CURVE('NONE',#8841,#9619,#9620,.T.);
#7804=EDGE_CURVE('NONE',#9621,#9619,#9622,.T.);
#7805=EDGE_CURVE('NONE',#8843,#9621,#9623,.T.);
#7806=FILL_AREA_STYLE('',(#9624));
#7807=EDGE_CURVE('NONE',#8847,#9625,#9626,.T.);
#7808=EDGE_CURVE('NONE',#9627,#9625,#9628,.T.);
#7809=EDGE_CURVE('NONE',#8849,#9627,#9629,.T.);
#7810=FILL_AREA_STYLE('',(#9630));
#7811=EDGE_CURVE('NONE',#8853,#9631,#9632,.T.);
#7812=EDGE_CURVE('NONE',#9633,#9631,#9634,.T.);
#7813=EDGE_CURVE('NONE',#8855,#9633,#9635,.T.);
#7814=FILL_AREA_STYLE('',(#9636));
#7815=EDGE_CURVE('NONE',#8859,#9637,#9638,.T.);
#7816=EDGE_CURVE('NONE',#9639,#9637,#9640,.T.);
#7817=EDGE_CURVE('NONE',#8861,#9639,#9641,.T.);
#7818=FILL_AREA_STYLE('',(#9642));
#7819=EDGE_CURVE('NONE',#8865,#9643,#9644,.T.);
#7820=EDGE_CURVE('NONE',#9645,#9643,#9646,.T.);
#7821=EDGE_CURVE('NONE',#8867,#9645,#9647,.T.);
#7822=FILL_AREA_STYLE('',(#9648));
#7823=EDGE_CURVE('NONE',#8871,#9649,#9650,.T.);
#7824=EDGE_CURVE('NONE',#9651,#9649,#9652,.T.);
#7825=EDGE_CURVE('NONE',#8873,#9651,#9653,.T.);
#7826=FILL_AREA_STYLE('',(#9654));
#7827=EDGE_CURVE('NONE',#8877,#9655,#9656,.T.);
#7828=EDGE_CURVE('NONE',#9657,#9655,#9658,.T.);
#7829=EDGE_CURVE('NONE',#8879,#9657,#9659,.T.);
#7830=FILL_AREA_STYLE('',(#9660));
#7831=EDGE_CURVE('NONE',#8806,#8808,#9661,.T.);
#7832=EDGE_CURVE('NONE',#8812,#8814,#9662,.T.);
#7833=FILL_AREA_STYLE('',(#9663));
#7834=EDGE_CURVE('NONE',#8800,#8802,#9664,.T.);
#7835=FILL_AREA_STYLE('',(#9665));
#7836=EDGE_CURVE('NONE',#8798,#8797,#9666,.T.);
#7837=FILL_AREA_STYLE('',(#9667));
#7838=EDGE_CURVE('NONE',#9655,#9668,#9669,.T.);
#7839=EDGE_CURVE('NONE',#9668,#9651,#9670,.T.);
#7840=EDGE_CURVE('NONE',#9649,#9671,#9672,.T.);
#7841=EDGE_CURVE('NONE',#9671,#9645,#9673,.T.);
#7842=EDGE_CURVE('NONE',#9643,#9674,#9675,.T.);
#7843=EDGE_CURVE('NONE',#9674,#9639,#9676,.T.);
#7844=EDGE_CURVE('NONE',#9637,#9677,#9678,.T.);
#7845=EDGE_CURVE('NONE',#9677,#9633,#9679,.T.);
#7846=EDGE_CURVE('NONE',#9631,#9680,#9681,.T.);
#7847=EDGE_CURVE('NONE',#9680,#9627,#9682,.T.);
#7848=EDGE_CURVE('NONE',#9625,#9683,#9684,.T.);
#7849=EDGE_CURVE('NONE',#9683,#9621,#9685,.T.);
#7850=EDGE_CURVE('NONE',#9619,#9686,#9687,.T.);
#7851=EDGE_CURVE('NONE',#9686,#9615,#9688,.T.);
#7852=EDGE_CURVE('NONE',#9613,#9689,#9690,.T.);
#7853=EDGE_CURVE('NONE',#9689,#9609,#9691,.T.);
#7854=EDGE_CURVE('NONE',#9607,#9692,#9693,.T.);
#7855=EDGE_CURVE('NONE',#9692,#9603,#9694,.T.);
#7856=EDGE_CURVE('NONE',#9601,#9695,#9696,.T.);
#7857=EDGE_CURVE('NONE',#9695,#9597,#9697,.T.);
#7858=EDGE_CURVE('NONE',#9595,#9698,#9699,.T.);
#7859=EDGE_CURVE('NONE',#9698,#9591,#9700,.T.);
#7860=EDGE_CURVE('NONE',#9589,#9701,#9702,.T.);
#7861=EDGE_CURVE('NONE',#9701,#9585,#9703,.T.);
#7862=EDGE_CURVE('NONE',#9583,#9704,#9705,.T.);
#7863=EDGE_CURVE('NONE',#9704,#9579,#9706,.T.);
#7864=EDGE_CURVE('NONE',#9577,#9707,#9708,.T.);
#7865=EDGE_CURVE('NONE',#9707,#9573,#9709,.T.);
#7866=EDGE_CURVE('NONE',#9571,#9710,#9711,.T.);
#7867=EDGE_CURVE('NONE',#9710,#9567,#9712,.T.);
#7868=EDGE_CURVE('NONE',#9565,#9713,#9714,.T.);
#7869=EDGE_CURVE('NONE',#9713,#9561,#9715,.T.);
#7870=EDGE_CURVE('NONE',#9559,#9716,#9717,.T.);
#7871=EDGE_CURVE('NONE',#9716,#9555,#9718,.T.);
#7872=EDGE_CURVE('NONE',#9553,#9719,#9720,.T.);
#7873=EDGE_CURVE('NONE',#9719,#9549,#9721,.T.);
#7874=EDGE_CURVE('NONE',#9547,#9722,#9723,.T.);
#7875=EDGE_CURVE('NONE',#9722,#9539,#9724,.T.);
#7876=EDGE_CURVE('NONE',#9543,#9725,#9726,.T.);
#7877=EDGE_CURVE('NONE',#9725,#9530,#9727,.T.);
#7878=EDGE_CURVE('NONE',#9534,#9728,#9729,.T.);
#7879=EDGE_CURVE('NONE',#9728,#9525,#9730,.T.);
#7880=EDGE_CURVE('NONE',#9523,#9731,#9732,.T.);
#7881=EDGE_CURVE('NONE',#9731,#9519,#9733,.T.);
#7882=EDGE_CURVE('NONE',#9517,#9734,#9735,.T.);
#7883=EDGE_CURVE('NONE',#9734,#9513,#9736,.T.);
#7884=EDGE_CURVE('NONE',#9511,#9737,#9738,.T.);
#7885=EDGE_CURVE('NONE',#9737,#9507,#9739,.T.);
#7886=EDGE_CURVE('NONE',#9505,#9740,#9741,.T.);
#7887=EDGE_CURVE('NONE',#9740,#9501,#9742,.T.);
#7888=EDGE_CURVE('NONE',#9499,#9743,#9744,.T.);
#7889=EDGE_CURVE('NONE',#9743,#9495,#9745,.T.);
#7890=EDGE_CURVE('NONE',#9493,#9746,#9747,.T.);
#7891=EDGE_CURVE('NONE',#9746,#9489,#9748,.T.);
#7892=EDGE_CURVE('NONE',#9487,#9749,#9750,.T.);
#7893=EDGE_CURVE('NONE',#9749,#9483,#9751,.T.);
#7894=EDGE_CURVE('NONE',#9481,#9752,#9753,.T.);
#7895=EDGE_CURVE('NONE',#9752,#9477,#9754,.T.);
#7896=EDGE_CURVE('NONE',#9475,#9755,#9756,.T.);
#7897=EDGE_CURVE('NONE',#9755,#9471,#9757,.T.);
#7898=EDGE_CURVE('NONE',#9469,#9758,#9759,.T.);
#7899=EDGE_CURVE('NONE',#9758,#9465,#9760,.T.);
#7900=EDGE_CURVE('NONE',#9463,#9761,#9762,.T.);
#7901=EDGE_CURVE('NONE',#9761,#9459,#9763,.T.);
#7902=EDGE_CURVE('NONE',#9457,#9764,#9765,.T.);
#7903=EDGE_CURVE('NONE',#9764,#9453,#9766,.T.);
#7904=EDGE_CURVE('NONE',#9451,#9767,#9768,.T.);
#7905=EDGE_CURVE('NONE',#9767,#9447,#9769,.T.);
#7906=EDGE_CURVE('NONE',#9445,#9770,#9771,.T.);
#7907=EDGE_CURVE('NONE',#9770,#9441,#9772,.T.);
#7908=EDGE_CURVE('NONE',#9439,#9773,#9774,.T.);
#7909=EDGE_CURVE('NONE',#9773,#9435,#9775,.T.);
#7910=EDGE_CURVE('NONE',#9433,#9776,#9777,.T.);
#7911=EDGE_CURVE('NONE',#9776,#9429,#9778,.T.);
#7912=EDGE_CURVE('NONE',#9427,#9779,#9780,.T.);
#7913=EDGE_CURVE('NONE',#9779,#9357,#9781,.T.);
#7914=EDGE_CURVE('NONE',#9355,#9782,#9783,.T.);
#7915=EDGE_CURVE('NONE',#9782,#9361,#9784,.T.);
#7916=EDGE_CURVE('NONE',#9363,#9785,#9786,.T.);
#7917=EDGE_CURVE('NONE',#9785,#9657,#9787,.T.);
#7918=FILL_AREA_STYLE('',(#9788));
#7919=EDGE_CURVE('NONE',#9789,#8945,#9790,.T.);
#7920=EDGE_CURVE('NONE',#9791,#9789,#9792,.T.);
#7921=EDGE_CURVE('NONE',#9367,#9791,#9793,.T.);
#7922=FILL_AREA_STYLE('',(#9794));
#7923=EDGE_CURVE('NONE',#8881,#9785,#9795,.T.);
#7924=FILL_AREA_STYLE('',(#9796));
#7925=FILL_AREA_STYLE('',(#9797));
#7926=EDGE_CURVE('NONE',#8875,#9668,#9798,.T.);
#7927=FILL_AREA_STYLE('',(#9799));
#7928=FILL_AREA_STYLE('',(#9800));
#7929=EDGE_CURVE('NONE',#8869,#9671,#9801,.T.);
#7930=FILL_AREA_STYLE('',(#9802));
#7931=FILL_AREA_STYLE('',(#9803));
#7932=EDGE_CURVE('NONE',#8863,#9674,#9804,.T.);
#7933=FILL_AREA_STYLE('',(#9805));
#7934=FILL_AREA_STYLE('',(#9806));
#7935=EDGE_CURVE('NONE',#8857,#9677,#9807,.T.);
#7936=FILL_AREA_STYLE('',(#9808));
#7937=FILL_AREA_STYLE('',(#9809));
#7938=EDGE_CURVE('NONE',#8851,#9680,#9810,.T.);
#7939=FILL_AREA_STYLE('',(#9811));
#7940=FILL_AREA_STYLE('',(#9812));
#7941=EDGE_CURVE('NONE',#8845,#9683,#9813,.T.);
#7942=FILL_AREA_STYLE('',(#9814));
#7943=FILL_AREA_STYLE('',(#9815));
#7944=EDGE_CURVE('NONE',#8839,#9686,#9816,.T.);
#7945=FILL_AREA_STYLE('',(#9817));
#7946=FILL_AREA_STYLE('',(#9818));
#7947=EDGE_CURVE('NONE',#8833,#9689,#9819,.T.);
#7948=FILL_AREA_STYLE('',(#9820));
#7949=FILL_AREA_STYLE('',(#9821));
#7950=EDGE_CURVE('NONE',#8827,#9692,#9822,.T.);
#7951=FILL_AREA_STYLE('',(#9823));
#7952=FILL_AREA_STYLE('',(#9824));
#7953=EDGE_CURVE('NONE',#8821,#9695,#9825,.T.);
#7954=FILL_AREA_STYLE('',(#9826));
#7955=FILL_AREA_STYLE('',(#9827));
#7956=EDGE_CURVE('NONE',#9419,#9698,#9828,.T.);
#7957=FILL_AREA_STYLE('',(#9829));
#7958=FILL_AREA_STYLE('',(#9830));
#7959=EDGE_CURVE('NONE',#9413,#9701,#9831,.T.);
#7960=FILL_AREA_STYLE('',(#9832));
#7961=FILL_AREA_STYLE('',(#9833));
#7962=EDGE_CURVE('NONE',#9407,#9704,#9834,.T.);
#7963=FILL_AREA_STYLE('',(#9835));
#7964=FILL_AREA_STYLE('',(#9836));
#7965=EDGE_CURVE('NONE',#9401,#9707,#9837,.T.);
#7966=FILL_AREA_STYLE('',(#9838));
#7967=FILL_AREA_STYLE('',(#9839));
#7968=EDGE_CURVE('NONE',#9395,#9710,#9840,.T.);
#7969=FILL_AREA_STYLE('',(#9841));
#7970=FILL_AREA_STYLE('',(#9842));
#7971=EDGE_CURVE('NONE',#9389,#9713,#9843,.T.);
#7972=FILL_AREA_STYLE('',(#9844));
#7973=FILL_AREA_STYLE('',(#9845));
#7974=EDGE_CURVE('NONE',#9383,#9716,#9846,.T.);
#7975=FILL_AREA_STYLE('',(#9847));
#7976=FILL_AREA_STYLE('',(#9848));
#7977=EDGE_CURVE('NONE',#9377,#9719,#9849,.T.);
#7978=FILL_AREA_STYLE('',(#9850));
#7979=FILL_AREA_STYLE('',(#9851));
#7980=EDGE_CURVE('NONE',#9371,#9722,#9852,.T.);
#7981=FILL_AREA_STYLE('',(#9853));
#7982=EDGE_CURVE('NONE',#9854,#9369,#9855,.T.);
#7983=EDGE_CURVE('NONE',#9538,#9854,#9856,.T.);
#7984=FILL_AREA_STYLE('',(#9857));
#7985=EDGE_CURVE('NONE',#9858,#9541,#9859,.T.);
#7986=EDGE_CURVE('NONE',#9858,#9725,#9860,.T.);
#7987=FILL_AREA_STYLE('',(#9861));
#7988=EDGE_CURVE('NONE',#9529,#9858,#9862,.T.);
#7989=FILL_AREA_STYLE('',(#9863));
#7990=EDGE_CURVE('NONE',#9001,#9864,#9865,.T.);
#7991=EDGE_CURVE('NONE',#8999,#9728,#9866,.T.);
#7992=EDGE_CURVE('NONE',#9864,#9532,#9867,.T.);
#7993=FILL_AREA_STYLE('',(#9868));
#7994=FILL_AREA_STYLE('',(#9869));
#7995=EDGE_CURVE('NONE',#8993,#9731,#9870,.T.);
#7996=FILL_AREA_STYLE('',(#9871));
#7997=FILL_AREA_STYLE('',(#9872));
#7998=EDGE_CURVE('NONE',#8987,#9734,#9873,.T.);
#7999=FILL_AREA_STYLE('',(#9874));
#8000=FILL_AREA_STYLE('',(#9875));
#8001=EDGE_CURVE('NONE',#8981,#9737,#9876,.T.);
#8002=FILL_AREA_STYLE('',(#9877));
#8003=FILL_AREA_STYLE('',(#9878));
#8004=EDGE_CURVE('NONE',#8975,#9740,#9879,.T.);
#8005=FILL_AREA_STYLE('',(#9880));
#8006=FILL_AREA_STYLE('',(#9881));
#8007=EDGE_CURVE('NONE',#8969,#9743,#9882,.T.);
#8008=FILL_AREA_STYLE('',(#9883));
#8009=FILL_AREA_STYLE('',(#9884));
#8010=EDGE_CURVE('NONE',#8963,#9746,#9885,.T.);
#8011=FILL_AREA_STYLE('',(#9886));
#8012=FILL_AREA_STYLE('',(#9887));
#8013=EDGE_CURVE('NONE',#8957,#9749,#9888,.T.);
#8014=FILL_AREA_STYLE('',(#9889));
#8015=FILL_AREA_STYLE('',(#9890));
#8016=EDGE_CURVE('NONE',#8951,#9752,#9891,.T.);
#8017=FILL_AREA_STYLE('',(#9892));
#8018=FILL_AREA_STYLE('',(#9893));
#8019=EDGE_CURVE('NONE',#8941,#9755,#9894,.T.);
#8020=FILL_AREA_STYLE('',(#9895));
#8021=FILL_AREA_STYLE('',(#9896));
#8022=EDGE_CURVE('NONE',#8935,#9758,#9897,.T.);
#8023=FILL_AREA_STYLE('',(#9898));
#8024=FILL_AREA_STYLE('',(#9899));
#8025=EDGE_CURVE('NONE',#8929,#9761,#9900,.T.);
#8026=FILL_AREA_STYLE('',(#9901));
#8027=FILL_AREA_STYLE('',(#9902));
#8028=EDGE_CURVE('NONE',#8923,#9764,#9903,.T.);
#8029=FILL_AREA_STYLE('',(#9904));
#8030=FILL_AREA_STYLE('',(#9905));
#8031=EDGE_CURVE('NONE',#8917,#9767,#9906,.T.);
#8032=FILL_AREA_STYLE('',(#9907));
#8033=FILL_AREA_STYLE('',(#9908));
#8034=EDGE_CURVE('NONE',#8911,#9770,#9909,.T.);
#8035=FILL_AREA_STYLE('',(#9910));
#8036=FILL_AREA_STYLE('',(#9911));
#8037=EDGE_CURVE('NONE',#8905,#9773,#9912,.T.);
#8038=FILL_AREA_STYLE('',(#9913));
#8039=FILL_AREA_STYLE('',(#9914));
#8040=EDGE_CURVE('NONE',#8899,#9776,#9915,.T.);
#8041=FILL_AREA_STYLE('',(#9916));
#8042=FILL_AREA_STYLE('',(#9917));
#8043=EDGE_CURVE('NONE',#8893,#9779,#9918,.T.);
#8044=FILL_AREA_STYLE('',(#9919));
#8045=FILL_AREA_STYLE('',(#9920));
#8046=EDGE_CURVE('NONE',#8887,#9782,#9921,.T.);
#8047=FILL_AREA_STYLE('',(#9922));
#8048=FILL_AREA_STYLE('',(#9923));
#8049=EDGE_CURVE('NONE',#9924,#9864,#9925,.T.);
#8050=EDGE_CURVE('NONE',#9924,#9789,#9926,.T.);
#8051=FILL_AREA_STYLE('',(#9927));
#8052=EDGE_CURVE('NONE',#9928,#9924,#9929,.T.);
#8053=EDGE_CURVE('NONE',#9928,#9791,#9930,.T.);
#8054=FILL_AREA_STYLE('',(#9931));
#8055=EDGE_CURVE('NONE',#9854,#9928,#9932,.T.);
#8056=FILL_AREA_STYLE('',(#9933));
#8057=FILL_AREA_STYLE('',(#9934));
#8058=EDGE_CURVE('NONE',#9126,#9935,#9936,.T.);
#8059=EDGE_CURVE('NONE',#9937,#9935,#9938,.T.);
#8060=EDGE_CURVE('NONE',#9939,#9937,#9940,.T.);
#8061=EDGE_CURVE('NONE',#9939,#9941,#9942,.T.);
#8062=EDGE_CURVE('NONE',#9943,#9941,#9944,.T.);
#8063=EDGE_CURVE('NONE',#9945,#9943,#9946,.T.);
#8064=EDGE_CURVE('NONE',#9945,#9269,#9947,.T.);
#8065=FILL_AREA_STYLE('',(#9948));
#8066=EDGE_CURVE('NONE',#9949,#9950,#9951,.T.);
#8067=EDGE_CURVE('NONE',#9949,#9952,#9953,.T.);
#8068=EDGE_CURVE('NONE',#9954,#9952,#9955,.T.);
#8069=EDGE_CURVE('NONE',#9954,#9956,#9957,.T.);
#8070=EDGE_CURVE('NONE',#9956,#9958,#9959,.T.);
#8071=EDGE_CURVE('NONE',#9958,#9939,#9960,.T.);
#8072=EDGE_CURVE('NONE',#9937,#9950,#9961,.T.);
#8073=FILL_AREA_STYLE('',(#9962));
#8074=EDGE_CURVE('NONE',#9963,#9964,#9965,.T.);
#8075=EDGE_CURVE('NONE',#9964,#9966,#9967,.T.);
#8076=EDGE_CURVE('NONE',#9966,#9968,#9969,.T.);
#8077=EDGE_CURVE('NONE',#9968,#9970,#9971,.T.);
#8078=EDGE_CURVE('NONE',#9970,#9972,#9973,.T.);
#8079=EDGE_CURVE('NONE',#9972,#9974,#9975,.T.);
#8080=EDGE_CURVE('NONE',#9974,#9976,#9977,.T.);
#8081=EDGE_CURVE('NONE',#9976,#9978,#9979,.T.);
#8082=EDGE_CURVE('NONE',#9978,#9980,#9981,.T.);
#8083=EDGE_CURVE('NONE',#9980,#9982,#9983,.T.);
#8084=EDGE_CURVE('NONE',#9982,#9984,#9985,.T.);
#8085=EDGE_CURVE('NONE',#9984,#9986,#9987,.T.);
#8086=EDGE_CURVE('NONE',#9986,#9988,#9989,.T.);
#8087=EDGE_CURVE('NONE',#9988,#9949,#9990,.T.);
#8088=EDGE_CURVE('NONE',#9950,#9991,#9992,.T.);
#8089=EDGE_CURVE('NONE',#9991,#9993,#9994,.T.);
#8090=EDGE_CURVE('NONE',#9993,#9995,#9996,.T.);
#8091=EDGE_CURVE('NONE',#9995,#9997,#9998,.T.);
#8092=EDGE_CURVE('NONE',#9997,#9999,#10000,.T.);
#8093=EDGE_CURVE('NONE',#9999,#10001,#10002,.T.);
#8094=EDGE_CURVE('NONE',#10001,#10003,#10004,.T.);
#8095=EDGE_CURVE('NONE',#10003,#10005,#10006,.T.);
#8096=EDGE_CURVE('NONE',#10005,#9963,#10007,.T.);
#8097=EDGE_CURVE('NONE',#8741,#8740,#10008,.T.);
#8098=EDGE_CURVE('NONE',#8748,#8747,#10009,.T.);
#8099=EDGE_CURVE('NONE',#8755,#8754,#10010,.T.);
#8100=EDGE_CURVE('NONE',#8719,#8718,#10011,.T.);
#8101=EDGE_CURVE('NONE',#8762,#8761,#10012,.T.);
#8102=FILL_AREA_STYLE('',(#10013));
#8103=EDGE_CURVE('NONE',#10014,#9958,#10015,.T.);
#8104=EDGE_CURVE('NONE',#9941,#10014,#10016,.T.);
#8105=FILL_AREA_STYLE('',(#10017));
#8106=EDGE_CURVE('NONE',#10018,#10019,#10020,.T.);
#8107=EDGE_CURVE('NONE',#10019,#9988,#10021,.T.);
#8108=EDGE_CURVE('NONE',#9943,#9986,#10022,.T.);
#8109=EDGE_CURVE('NONE',#10014,#10023,#10024,.T.);
#8110=EDGE_CURVE('NONE',#10023,#10018,#10025,.T.);
#8111=FILL_AREA_STYLE('',(#10026));
#8112=EDGE_CURVE('NONE',#9984,#9945,#10027,.T.);
#8113=FILL_AREA_STYLE('',(#10028));
#8114=EDGE_CURVE('NONE',#9270,#9982,#10029,.T.);
#8115=FILL_AREA_STYLE('',(#10030));
#8116=EDGE_CURVE('NONE',#10031,#9272,#10032,.T.);
#8117=EDGE_CURVE('NONE',#10031,#9980,#10033,.T.);
#8118=FILL_AREA_STYLE('',(#10034));
#8119=EDGE_CURVE('NONE',#10035,#9978,#10036,.T.);
#8120=EDGE_CURVE('NONE',#10035,#10031,#10037,.T.);
#8121=FILL_AREA_STYLE('',(#10038));
#8122=EDGE_CURVE('NONE',#10039,#9976,#10040,.T.);
#8123=EDGE_CURVE('NONE',#10039,#10035,#10041,.T.);
#8124=FILL_AREA_STYLE('',(#10042));
#8125=EDGE_CURVE('NONE',#10043,#9974,#10044,.T.);
#8126=EDGE_CURVE('NONE',#10043,#10039,#10045,.T.);
#8127=FILL_AREA_STYLE('',(#10046));
#8128=EDGE_CURVE('NONE',#9972,#9149,#10047,.T.);
#8129=EDGE_CURVE('NONE',#9150,#10043,#10048,.T.);
#8130=FILL_AREA_STYLE('',(#10049));
#8131=EDGE_CURVE('NONE',#10050,#9970,#10051,.T.);
#8132=EDGE_CURVE('NONE',#9152,#10050,#10052,.T.);
#8133=FILL_AREA_STYLE('',(#10053));
#8134=EDGE_CURVE('NONE',#10054,#10050,#10055,.T.);
#8135=EDGE_CURVE('NONE',#10054,#9968,#10056,.T.);
#8136=FILL_AREA_STYLE('',(#10057));
#8137=EDGE_CURVE('NONE',#9966,#10058,#10059,.T.);
#8138=EDGE_CURVE('NONE',#10060,#10058,#10061,.T.);
#8139=EDGE_CURVE('NONE',#10060,#10062,#10063,.T.);
#8140=EDGE_CURVE('NONE',#10064,#10062,#10065,.T.);
#8141=EDGE_CURVE('NONE',#10064,#10066,#10067,.T.);
#8142=EDGE_CURVE('NONE',#10066,#10054,#10068,.T.);
#8143=FILL_AREA_STYLE('',(#10069));
#8144=EDGE_CURVE('NONE',#10070,#10071,#10072,.T.);
#8145=EDGE_CURVE('NONE',#10066,#10070,#10073,.T.);
#8146=EDGE_CURVE('NONE',#10071,#10064,#10074,.T.);
#8147=FILL_AREA_STYLE('',(#10075));
#8148=EDGE_CURVE('NONE',#10076,#10077,#10078,.T.);
#8149=EDGE_CURVE('NONE',#10077,#9964,#10079,.T.);
#8150=EDGE_CURVE('NONE',#10080,#9963,#10081,.T.);
#8151=EDGE_CURVE('NONE',#10080,#10070,#10082,.T.);
#8152=EDGE_CURVE('NONE',#10083,#10071,#10084,.T.);
#8153=EDGE_CURVE('NONE',#10083,#10076,#10085,.T.);
#8154=FILL_AREA_STYLE('',(#10086));
#8155=EDGE_CURVE('NONE',#10005,#10087,#10088,.T.);
#8156=EDGE_CURVE('NONE',#10087,#10080,#10089,.T.);
#8157=FILL_AREA_STYLE('',(#10090));
#8158=EDGE_CURVE('NONE',#10087,#9136,#10091,.T.);
#8159=EDGE_CURVE('NONE',#9137,#10003,#10092,.T.);
#8160=FILL_AREA_STYLE('',(#10093));
#8161=EDGE_CURVE('NONE',#10094,#9139,#10095,.T.);
#8162=EDGE_CURVE('NONE',#10094,#10001,#10096,.T.);
#8163=FILL_AREA_STYLE('',(#10097));
#8164=EDGE_CURVE('NONE',#10098,#9999,#10099,.T.);
#8165=EDGE_CURVE('NONE',#10098,#10094,#10100,.T.);
#8166=FILL_AREA_STYLE('',(#10101));
#8167=EDGE_CURVE('NONE',#10102,#9997,#10103,.T.);
#8168=EDGE_CURVE('NONE',#10102,#10098,#10104,.T.);
#8169=FILL_AREA_STYLE('',(#10105));
#8170=EDGE_CURVE('NONE',#10106,#9995,#10107,.T.);
#8171=EDGE_CURVE('NONE',#10106,#10102,#10108,.T.);
#8172=FILL_AREA_STYLE('',(#10109));
#8173=EDGE_CURVE('NONE',#9993,#9123,#10110,.T.);
#8174=EDGE_CURVE('NONE',#9124,#10106,#10111,.T.);
#8175=FILL_AREA_STYLE('',(#10112));
#8176=EDGE_CURVE('NONE',#9935,#9991,#10113,.T.);
#8177=FILL_AREA_STYLE('',(#10114));
#8178=FILL_AREA_STYLE('',(#10115));
#8179=EDGE_CURVE('NONE',#10058,#10077,#10116,.T.);
#8180=FILL_AREA_STYLE('',(#10117));
#8181=EDGE_CURVE('NONE',#9952,#10019,#10118,.T.);
#8182=FILL_AREA_STYLE('',(#10119));
#8183=EDGE_CURVE('NONE',#10018,#10120,#10121,.T.);
#8184=EDGE_CURVE('NONE',#10120,#10122,#10123,.T.);
#8185=EDGE_CURVE('NONE',#10122,#10124,#10125,.T.);
#8186=EDGE_CURVE('NONE',#10124,#10126,#10127,.T.);
#8187=EDGE_CURVE('NONE',#10126,#10128,#10129,.T.);
#8188=EDGE_CURVE('NONE',#10128,#10130,#10131,.T.);
#8189=EDGE_CURVE('NONE',#10130,#10132,#10133,.T.);
#8190=EDGE_CURVE('NONE',#10132,#10134,#10135,.T.);
#8191=EDGE_CURVE('NONE',#10136,#10134,#10137,.T.);
#8192=EDGE_CURVE('NONE',#10138,#10136,#10139,.T.);
#8193=EDGE_CURVE('NONE',#10138,#10140,#10141,.T.);
#8194=EDGE_CURVE('NONE',#10140,#10142,#10143,.T.);
#8195=EDGE_CURVE('NONE',#10142,#10144,#10145,.T.);
#8196=EDGE_CURVE('NONE',#10144,#10146,#10147,.T.);
#8197=EDGE_CURVE('NONE',#10146,#10148,#10149,.T.);
#8198=EDGE_CURVE('NONE',#10148,#10150,#10151,.T.);
#8199=EDGE_CURVE('NONE',#10150,#10152,#10153,.T.);
#8200=EDGE_CURVE('NONE',#10152,#10154,#10155,.T.);
#8201=EDGE_CURVE('NONE',#10154,#9954,#10156,.T.);
#8202=FILL_AREA_STYLE('',(#10157));
#8203=EDGE_CURVE('NONE',#9956,#10158,#10159,.T.);
#8204=EDGE_CURVE('NONE',#10158,#10154,#10160,.T.);
#8205=FILL_AREA_STYLE('',(#10161));
#8206=EDGE_CURVE('NONE',#10162,#10158,#10163,.T.);
#8207=EDGE_CURVE('NONE',#10164,#10162,#10165,.T.);
#8208=EDGE_CURVE('NONE',#10164,#10166,#10167,.T.);
#8209=EDGE_CURVE('NONE',#10168,#10166,#10169,.T.);
#8210=EDGE_CURVE('NONE',#10168,#10170,#10171,.T.);
#8211=EDGE_CURVE('NONE',#10172,#10170,#10173,.T.);
#8212=EDGE_CURVE('NONE',#10174,#10172,#10175,.T.);
#8213=EDGE_CURVE('NONE',#10174,#10176,#10177,.T.);
#8214=EDGE_CURVE('NONE',#10176,#10178,#10179,.T.);
#8215=EDGE_CURVE('NONE',#10180,#10178,#10181,.T.);
#8216=EDGE_CURVE('NONE',#10182,#10180,#10183,.T.);
#8217=EDGE_CURVE('NONE',#10184,#10182,#10185,.T.);
#8218=EDGE_CURVE('NONE',#10184,#10186,#10187,.T.);
#8219=EDGE_CURVE('NONE',#10188,#10186,#10189,.T.);
#8220=EDGE_CURVE('NONE',#10188,#10190,#10191,.T.);
#8221=EDGE_CURVE('NONE',#10192,#10190,#10193,.T.);
#8222=EDGE_CURVE('NONE',#10194,#10192,#10195,.T.);
#8223=EDGE_CURVE('NONE',#10194,#10023,#10196,.T.);
#8224=FILL_AREA_STYLE('',(#10197));
#8225=EDGE_CURVE('NONE',#10120,#10194,#10198,.T.);
#8226=FILL_AREA_STYLE('',(#10199));
#8227=EDGE_CURVE('NONE',#10076,#10200,#10201,.T.);
#8228=EDGE_CURVE('NONE',#10202,#10200,#10203,.T.);
#8229=EDGE_CURVE('NONE',#10204,#10202,#10205,.T.);
#8230=EDGE_CURVE('NONE',#10204,#10206,#10207,.T.);
#8231=EDGE_CURVE('NONE',#10208,#10206,#10209,.T.);
#8232=EDGE_CURVE('NONE',#10208,#10210,#10211,.T.);
#8233=EDGE_CURVE('NONE',#10212,#10210,#10213,.T.);
#8234=EDGE_CURVE('NONE',#10214,#10212,#10215,.T.);
#8235=EDGE_CURVE('NONE',#10216,#10214,#10217,.T.);
#8236=EDGE_CURVE('NONE',#10216,#10218,#10219,.T.);
#8237=EDGE_CURVE('NONE',#10218,#10220,#10221,.T.);
#8238=EDGE_CURVE('NONE',#10222,#10220,#10223,.T.);
#8239=EDGE_CURVE('NONE',#10224,#10222,#10225,.T.);
#8240=EDGE_CURVE('NONE',#10224,#10226,#10227,.T.);
#8241=EDGE_CURVE('NONE',#10228,#10226,#10229,.T.);
#8242=EDGE_CURVE('NONE',#10228,#10230,#10231,.T.);
#8243=EDGE_CURVE('NONE',#10232,#10230,#10233,.T.);
#8244=EDGE_CURVE('NONE',#10234,#10232,#10235,.T.);
#8245=EDGE_CURVE('NONE',#10234,#10060,#10236,.T.);
#8246=FILL_AREA_STYLE('',(#10237));
#8247=EDGE_CURVE('NONE',#10062,#10238,#10239,.T.);
#8248=EDGE_CURVE('NONE',#10238,#10234,#10240,.T.);
#8249=FILL_AREA_STYLE('',(#10241));
#8250=EDGE_CURVE('NONE',#10238,#10242,#10243,.T.);
#8251=EDGE_CURVE('NONE',#10242,#10244,#10245,.T.);
#8252=EDGE_CURVE('NONE',#10244,#10246,#10247,.T.);
#8253=EDGE_CURVE('NONE',#10246,#10248,#10249,.T.);
#8254=EDGE_CURVE('NONE',#10248,#10250,#10251,.T.);
#8255=EDGE_CURVE('NONE',#10250,#10252,#10253,.T.);
#8256=EDGE_CURVE('NONE',#10252,#10254,#10255,.T.);
#8257=EDGE_CURVE('NONE',#10254,#10256,#10257,.T.);
#8258=EDGE_CURVE('NONE',#10256,#10258,#10259,.T.);
#8259=EDGE_CURVE('NONE',#10260,#10258,#10261,.T.);
#8260=EDGE_CURVE('NONE',#10260,#10262,#10263,.T.);
#8261=EDGE_CURVE('NONE',#10262,#10264,#10265,.T.);
#8262=EDGE_CURVE('NONE',#10264,#10266,#10267,.T.);
#8263=EDGE_CURVE('NONE',#10266,#10268,#10269,.T.);
#8264=EDGE_CURVE('NONE',#10268,#10270,#10271,.T.);
#8265=EDGE_CURVE('NONE',#10270,#10272,#10273,.T.);
#8266=EDGE_CURVE('NONE',#10272,#10274,#10275,.T.);
#8267=EDGE_CURVE('NONE',#10274,#10083,#10276,.T.);
#8268=FILL_AREA_STYLE('',(#10277));
#8269=EDGE_CURVE('NONE',#10200,#10274,#10278,.T.);
#8270=FILL_AREA_STYLE('',(#10279));
#8271=EDGE_CURVE('NONE',#10192,#10122,#10280,.T.);
#8272=FILL_AREA_STYLE('',(#10281));
#8273=EDGE_CURVE('NONE',#10190,#10124,#10282,.T.);
#8274=FILL_AREA_STYLE('',(#10283));
#8275=EDGE_CURVE('NONE',#10126,#10188,#10284,.T.);
#8276=FILL_AREA_STYLE('',(#10285));
#8277=EDGE_CURVE('NONE',#10186,#10128,#10286,.T.);
#8278=FILL_AREA_STYLE('',(#10287));
#8279=EDGE_CURVE('NONE',#10130,#10184,#10288,.T.);
#8280=FILL_AREA_STYLE('',(#10289));
#8281=EDGE_CURVE('NONE',#10182,#10132,#10290,.T.);
#8282=FILL_AREA_STYLE('',(#10291));
#8283=EDGE_CURVE('NONE',#10134,#10180,#10292,.T.);
#8284=FILL_AREA_STYLE('',(#10293));
#8285=EDGE_CURVE('NONE',#10178,#10294,#10295,.T.);
#8286=EDGE_CURVE('NONE',#10294,#8793,#10296,.T.);
#8287=EDGE_CURVE('NONE',#8791,#10297,#10298,.T.);
#8288=EDGE_CURVE('NONE',#10297,#8672,#10299,.T.);
#8289=EDGE_CURVE('NONE',#8670,#8784,#10300,.T.);
#8290=EDGE_CURVE('NONE',#8782,#10301,#10302,.T.);
#8291=EDGE_CURVE('NONE',#10301,#10136,#10303,.T.);
#8292=FILL_AREA_STYLE('',(#10304));
#8293=EDGE_CURVE('NONE',#10305,#10301,#10306,.T.);
#8294=EDGE_CURVE('NONE',#10305,#10138,#10307,.T.);
#8295=FILL_AREA_STYLE('',(#10308));
#8296=EDGE_CURVE('NONE',#10309,#8788,#10310,.T.);
#8297=EDGE_CURVE('NONE',#10309,#10176,#10311,.T.);
#8298=EDGE_CURVE('NONE',#10140,#10174,#10312,.T.);
#8299=EDGE_CURVE('NONE',#8780,#10305,#10313,.T.);
#8300=EDGE_CURVE('NONE',#10314,#8779,#10315,.T.);
#8301=EDGE_CURVE('NONE',#10316,#10314,#10317,.T.);
#8302=EDGE_CURVE('NONE',#10318,#10316,#10319,.T.);
#8303=EDGE_CURVE('NONE',#8789,#10318,#10320,.T.);
#8304=FILL_AREA_STYLE('',(#10321));
#8305=EDGE_CURVE('NONE',#10172,#10142,#10322,.T.);
#8306=FILL_AREA_STYLE('',(#10323));
#8307=EDGE_CURVE('NONE',#10146,#10168,#10324,.T.);
#8308=EDGE_CURVE('NONE',#10170,#10144,#10325,.T.);
#8309=FILL_AREA_STYLE('',(#10326));
#8310=EDGE_CURVE('NONE',#10166,#10148,#10327,.T.);
#8311=FILL_AREA_STYLE('',(#10328));
#8312=EDGE_CURVE('NONE',#10150,#10164,#10329,.T.);
#8313=FILL_AREA_STYLE('',(#10330));
#8314=EDGE_CURVE('NONE',#10162,#10152,#10331,.T.);
#8315=FILL_AREA_STYLE('',(#10332));
#8316=FILL_AREA_STYLE('',(#10333));
#8317=EDGE_CURVE('NONE',#10294,#10309,#10334,.T.);
#8318=FILL_AREA_STYLE('',(#10335));
#8319=EDGE_CURVE('NONE',#10272,#10202,#10336,.T.);
#8320=FILL_AREA_STYLE('',(#10337));
#8321=EDGE_CURVE('NONE',#10270,#10204,#10338,.T.);
#8322=FILL_AREA_STYLE('',(#10339));
#8323=EDGE_CURVE('NONE',#10206,#10268,#10340,.T.);
#8324=FILL_AREA_STYLE('',(#10341));
#8325=EDGE_CURVE('NONE',#10266,#10208,#10342,.T.);
#8326=FILL_AREA_STYLE('',(#10343));
#8327=EDGE_CURVE('NONE',#10210,#10264,#10344,.T.);
#8328=FILL_AREA_STYLE('',(#10345));
#8329=EDGE_CURVE('NONE',#10262,#10212,#10346,.T.);
#8330=FILL_AREA_STYLE('',(#10347));
#8331=EDGE_CURVE('NONE',#10214,#10260,#10348,.T.);
#8332=FILL_AREA_STYLE('',(#10349));
#8333=EDGE_CURVE('NONE',#10258,#10350,#10351,.T.);
#8334=EDGE_CURVE('NONE',#10350,#8661,#10352,.T.);
#8335=EDGE_CURVE('NONE',#8658,#10353,#10354,.T.);
#8336=EDGE_CURVE('NONE',#10353,#8770,#10355,.T.);
#8337=EDGE_CURVE('NONE',#8775,#10356,#10357,.T.);
#8338=EDGE_CURVE('NONE',#10356,#8650,#10358,.T.);
#8339=EDGE_CURVE('NONE',#8654,#10216,#10359,.T.);
#8340=FILL_AREA_STYLE('',(#10360));
#8341=EDGE_CURVE('NONE',#8652,#10218,#10361,.T.);
#8342=FILL_AREA_STYLE('',(#10362));
#8343=EDGE_CURVE('NONE',#10363,#8663,#10364,.T.);
#8344=EDGE_CURVE('NONE',#10363,#10256,#10365,.T.);
#8345=EDGE_CURVE('NONE',#10220,#10254,#10366,.T.);
#8346=EDGE_CURVE('NONE',#10367,#8649,#10368,.T.);
#8347=EDGE_CURVE('NONE',#10369,#10367,#10370,.T.);
#8348=EDGE_CURVE('NONE',#10371,#10369,#10372,.T.);
#8349=EDGE_CURVE('NONE',#10373,#10371,#10374,.T.);
#8350=EDGE_CURVE('NONE',#8659,#10373,#10375,.T.);
#8351=FILL_AREA_STYLE('',(#10376));
#8352=EDGE_CURVE('NONE',#10252,#10222,#10377,.T.);
#8353=FILL_AREA_STYLE('',(#10378));
#8354=EDGE_CURVE('NONE',#10250,#10224,#10379,.T.);
#8355=FILL_AREA_STYLE('',(#10380));
#8356=EDGE_CURVE('NONE',#10226,#10248,#10381,.T.);
#8357=FILL_AREA_STYLE('',(#10382));
#8358=EDGE_CURVE('NONE',#10246,#10228,#10383,.T.);
#8359=FILL_AREA_STYLE('',(#10384));
#8360=EDGE_CURVE('NONE',#10230,#10244,#10385,.T.);
#8361=FILL_AREA_STYLE('',(#10386));
#8362=EDGE_CURVE('NONE',#10242,#10232,#10387,.T.);
#8363=FILL_AREA_STYLE('',(#10388));
#8364=FILL_AREA_STYLE('',(#10389));
#8365=EDGE_CURVE('NONE',#10350,#10363,#10390,.T.);
#8366=FILL_AREA_STYLE('',(#10391));
#8367=FILL_AREA_STYLE('',(#10392));
#8368=EDGE_CURVE('NONE',#10318,#10297,#10393,.T.);
#8369=FILL_AREA_STYLE('',(#10394));
#8370=EDGE_CURVE('NONE',#8668,#10316,#10395,.T.);
#8371=FILL_AREA_STYLE('',(#10396));
#8372=EDGE_CURVE('NONE',#10314,#8667,#10397,.T.);
#8373=FILL_AREA_STYLE('',(#10398));
#8374=FILL_AREA_STYLE('',(#10399));
#8375=FILL_AREA_STYLE('',(#10400));
#8376=FILL_AREA_STYLE('',(#10401));
#8377=EDGE_CURVE('NONE',#10353,#10373,#10402,.T.);
#8378=FILL_AREA_STYLE('',(#10403));
#8379=EDGE_CURVE('NONE',#8771,#10371,#10404,.T.);
#8380=FILL_AREA_STYLE('',(#10405));
#8381=EDGE_CURVE('NONE',#8773,#10369,#10406,.T.);
#8382=FILL_AREA_STYLE('',(#10407));
#8383=EDGE_CURVE('NONE',#10356,#10367,#10408,.T.);
#8384=FILL_AREA_STYLE('',(#10409));
#8385=FILL_AREA_STYLE('',(#10410));
#8386=EDGE_CURVE('NONE',#8764,#8766,#10411,.T.);
#8387=FILL_AREA_STYLE('',(#10412));
#8388=FILL_AREA_STYLE('',(#10413));
#8389=FILL_AREA_STYLE('',(#10414));
#8390=FILL_AREA_STYLE('',(#10415));
#8391=FILL_AREA_STYLE('',(#10416));
#8392=FILL_AREA_STYLE('',(#10417));
#8393=FILL_AREA_STYLE('',(#10418));
#8394=FILL_AREA_STYLE('',(#10419));
#8395=EDGE_CURVE('NONE',#8735,#8734,#10420,.T.);
#8396=FILL_AREA_STYLE('',(#10421));
#8397=EDGE_CURVE('NONE',#8726,#8725,#10422,.T.);
#8398=FILL_AREA_STYLE('',(#10423));
#8399=FILL_AREA_STYLE('',(#10424));
#8400=FILL_AREA_STYLE('',(#10425));
#8401=FILL_AREA_STYLE('',(#10426));
#8402=FILL_AREA_STYLE('',(#10427));
#8403=EDGE_CURVE('NONE',#9191,#10428,#10429,.T.);
#8404=EDGE_CURVE('NONE',#10430,#9188,#10431,.T.);
#8405=EDGE_CURVE('NONE',#10430,#10428,#10432,.T.);
#8406=FILL_AREA_STYLE('',(#10433));
#8407=EDGE_CURVE('NONE',#10434,#10428,#10435,.T.);
#8408=EDGE_CURVE('NONE',#9193,#10434,#10436,.T.);
#8409=FILL_AREA_STYLE('',(#10437));
#8410=EDGE_CURVE('NONE',#10438,#10434,#10439,.T.);
#8411=EDGE_CURVE('NONE',#10438,#9189,#10440,.T.);
#8412=FILL_AREA_STYLE('',(#10441));
#8413=EDGE_CURVE('NONE',#10430,#10438,#10442,.T.);
#8414=FILL_AREA_STYLE('',(#10443));
#8415=EDGE_CURVE('NONE',#10444,#10445,#10446,.T.);
#8416=EDGE_CURVE('NONE',#10445,#10447,#10448,.T.);
#8417=EDGE_CURVE('NONE',#10449,#10447,#10450,.T.);
#8418=EDGE_CURVE('NONE',#10449,#10444,#10451,.T.);
#8419=FILL_AREA_STYLE('',(#10452));
#8420=EDGE_CURVE('NONE',#10453,#10454,#10455,.T.);
#8421=EDGE_CURVE('NONE',#10453,#10456,#10457,.T.);
#8422=EDGE_CURVE('NONE',#10456,#10458,#10459,.T.);
#8423=EDGE_CURVE('NONE',#10454,#10458,#10460,.T.);
#8424=FILL_AREA_STYLE('',(#10461));
#8425=EDGE_CURVE('NONE',#10462,#8704,#10463,.T.);
#8426=EDGE_CURVE('NONE',#8705,#10464,#10465,.T.);
#8427=EDGE_CURVE('NONE',#10464,#10466,#10467,.T.);
#8428=EDGE_CURVE('NONE',#10466,#10449,#10468,.T.);
#8429=EDGE_CURVE('NONE',#10447,#10453,#10469,.T.);
#8430=EDGE_CURVE('NONE',#10454,#10470,#10471,.T.);
#8431=EDGE_CURVE('NONE',#10470,#10472,#10473,.T.);
#8432=EDGE_CURVE('NONE',#10472,#10462,#10474,.T.);
#8433=FILL_AREA_STYLE('',(#10475));
#8434=EDGE_CURVE('NONE',#8709,#10476,#10477,.T.);
#8435=EDGE_CURVE('NONE',#10478,#8707,#10479,.T.);
#8436=EDGE_CURVE('NONE',#10480,#10478,#10481,.T.);
#8437=EDGE_CURVE('NONE',#10482,#10480,#10483,.T.);
#8438=EDGE_CURVE('NONE',#10458,#10482,#10484,.T.);
#8439=EDGE_CURVE('NONE',#10445,#10456,#10485,.T.);
#8440=EDGE_CURVE('NONE',#10486,#10444,#10487,.T.);
#8441=EDGE_CURVE('NONE',#10476,#10486,#10488,.T.);
#8442=EDGE_CURVE('NONE',#8638,#10489,#10490,.T.);
#8443=EDGE_CURVE('NONE',#8635,#8713,#10491,.T.);
#8444=EDGE_CURVE('NONE',#8642,#10489,#10492,.T.);
#8445=FILL_AREA_STYLE('',(#10493));
#8446=EDGE_CURVE('NONE',#10489,#8643,#10494,.T.);
#8447=FILL_AREA_STYLE('',(#10495));
#8448=EDGE_CURVE('NONE',#10464,#10476,#10496,.T.);
#8449=EDGE_CURVE('NONE',#10466,#10486,#10497,.T.);
#8450=FILL_AREA_STYLE('',(#10498));
#8451=FILL_AREA_STYLE('',(#10499));
#8452=EDGE_CURVE('NONE',#10470,#10482,#10500,.T.);
#8453=FILL_AREA_STYLE('',(#10501));
#8454=EDGE_CURVE('NONE',#10480,#10472,#10502,.T.);
#8455=FILL_AREA_STYLE('',(#10503));
#8456=FILL_AREA_STYLE('',(#10504));
#8457=FILL_AREA_STYLE('',(#10505));
#8458=EDGE_CURVE('NONE',#10438,#10447,#10506,.T.);
#8459=EDGE_CURVE('NONE',#10430,#10445,#10507,.T.);
#8460=FILL_AREA_STYLE('',(#10508));
#8461=EDGE_CURVE('NONE',#10453,#10434,#10509,.T.);
#8462=EDGE_CURVE('NONE',#10456,#10428,#10510,.T.);
#8463=FILL_AREA_STYLE('',(#10511));
#8464=FILL_AREA_STYLE('',(#10512));
#8465=FILL_AREA_STYLE('',(#10513));
#8466=EDGE_CURVE('NONE',#10462,#10478,#10514,.T.);
#8467=FILL_AREA_STYLE('',(#10515));
#8468=FILL_AREA_STYLE('',(#10516));
#8469=FILL_AREA_STYLE('',(#10517));
#8470=EDGE_CURVE('NONE',#9199,#10518,#10519,.T.);
#8471=EDGE_CURVE('NONE',#10520,#10518,#10521,.T.);
#8472=EDGE_CURVE('NONE',#9201,#10520,#10522,.T.);
#8473=FILL_AREA_STYLE('',(#10523));
#8474=EDGE_CURVE('NONE',#10524,#9197,#10525,.T.);
#8475=EDGE_CURVE('NONE',#10526,#10524,#10527,.T.);
#8476=EDGE_CURVE('NONE',#10526,#9196,#10528,.T.);
#8477=FILL_AREA_STYLE('',(#10529));
#8478=EDGE_CURVE('NONE',#10526,#10518,#10530,.T.);
#8479=FILL_AREA_STYLE('',(#10531));
#8480=EDGE_CURVE('NONE',#10524,#10520,#10532,.T.);
#8481=FILL_AREA_STYLE('',(#10533));
#8482=EDGE_CURVE('NONE',#10534,#10535,#10536,.T.);
#8483=EDGE_CURVE('NONE',#10534,#10520,#10537,.T.);
#8484=EDGE_CURVE('NONE',#10535,#10518,#10538,.T.);
#8485=FILL_AREA_STYLE('',(#10539));
#8486=EDGE_CURVE('NONE',#10524,#10540,#10541,.T.);
#8487=EDGE_CURVE('NONE',#10542,#10540,#10543,.T.);
#8488=EDGE_CURVE('NONE',#10526,#10542,#10544,.T.);
#8489=FILL_AREA_STYLE('',(#10545));
#8490=EDGE_CURVE('NONE',#10546,#8629,#10547,.T.);
#8491=EDGE_CURVE('NONE',#8628,#10546,#10548,.T.);
#8492=FILL_AREA_STYLE('',(#10549));
#8493=EDGE_CURVE('NONE',#8621,#8699,#10550,.T.);
#8494=FILL_AREA_STYLE('',(#10551));
#8495=EDGE_CURVE('NONE',#8624,#10546,#10552,.T.);
#8496=FILL_AREA_STYLE('',(#10553));
#8497=EDGE_CURVE('NONE',#10542,#10535,#10554,.T.);
#8498=FILL_AREA_STYLE('',(#10555));
#8499=EDGE_CURVE('NONE',#10556,#10557,#10558,.T.);
#8500=EDGE_CURVE('NONE',#10559,#10557,#10560,.T.);
#8501=EDGE_CURVE('NONE',#10561,#10559,#10562,.T.);
#8502=EDGE_CURVE('NONE',#10561,#10556,#10563,.T.);
#8503=FILL_AREA_STYLE('',(#10564));
#8504=EDGE_CURVE('NONE',#10565,#10561,#10566,.T.);
#8505=EDGE_CURVE('NONE',#10565,#10567,#10568,.T.);
#8506=EDGE_CURVE('NONE',#10567,#10556,#10569,.T.);
#8507=FILL_AREA_STYLE('',(#10570));
#8508=EDGE_CURVE('NONE',#10571,#10572,#10573,.T.);
#8509=EDGE_CURVE('NONE',#10574,#10572,#10575,.T.);
#8510=EDGE_CURVE('NONE',#10576,#10574,#10577,.T.);
#8511=EDGE_CURVE('NONE',#10576,#10571,#10578,.T.);
#8512=FILL_AREA_STYLE('',(#10579));
#8513=EDGE_CURVE('NONE',#10580,#10571,#10581,.T.);
#8514=EDGE_CURVE('NONE',#10582,#10576,#10583,.T.);
#8515=EDGE_CURVE('NONE',#10582,#10580,#10584,.T.);
#8516=FILL_AREA_STYLE('',(#10585));
#8517=EDGE_CURVE('NONE',#10534,#10582,#10586,.T.);
#8518=EDGE_CURVE('NONE',#10535,#10580,#10587,.T.);
#8519=FILL_AREA_STYLE('',(#10588));
#8520=EDGE_CURVE('NONE',#10540,#10534,#10589,.T.);
#8521=FILL_AREA_STYLE('',(#10590));
#8522=EDGE_CURVE('NONE',#10557,#10542,#10591,.T.);
#8523=EDGE_CURVE('NONE',#10559,#10540,#10592,.T.);
#8524=FILL_AREA_STYLE('',(#10593));
#8525=EDGE_CURVE('NONE',#8695,#10567,#10594,.T.);
#8526=EDGE_CURVE('NONE',#10595,#8693,#10596,.T.);
#8527=EDGE_CURVE('NONE',#10572,#10595,#10597,.T.);
#8528=FILL_AREA_STYLE('',(#10598));
#8529=EDGE_CURVE('NONE',#10599,#8690,#10600,.T.);
#8530=EDGE_CURVE('NONE',#8691,#10565,#10601,.T.);
#8531=EDGE_CURVE('NONE',#10574,#10599,#10602,.T.);
#8532=FILL_AREA_STYLE('',(#10603));
#8533=FILL_AREA_STYLE('',(#10604));
#8534=EDGE_CURVE('NONE',#10599,#10595,#10605,.T.);
#8535=FILL_AREA_STYLE('',(#10606));
#8536=FILL_AREA_STYLE('',(#10607));
#8537=EDGE_CURVE('NONE',#10608,#9209,#10609,.T.);
#8538=EDGE_CURVE('NONE',#10610,#10608,#10611,.T.);
#8539=EDGE_CURVE('NONE',#10610,#9205,#10612,.T.);
#8540=FILL_AREA_STYLE('',(#10613));
#8541=EDGE_CURVE('NONE',#9204,#10614,#10615,.T.);
#8542=EDGE_CURVE('NONE',#10616,#10614,#10617,.T.);
#8543=EDGE_CURVE('NONE',#9207,#10616,#10618,.T.);
#8544=FILL_AREA_STYLE('',(#10619));
#8545=EDGE_CURVE('NONE',#10614,#10610,#10620,.T.);
#8546=FILL_AREA_STYLE('',(#10621));
#8547=EDGE_CURVE('NONE',#10616,#10608,#10622,.T.);
#8548=FILL_AREA_STYLE('',(#10623));
#8549=EDGE_CURVE('NONE',#10608,#10624,#10625,.T.);
#8550=EDGE_CURVE('NONE',#10626,#10624,#10627,.T.);
#8551=EDGE_CURVE('NONE',#10610,#10626,#10628,.T.);
#8552=FILL_AREA_STYLE('',(#10629));
#8553=EDGE_CURVE('NONE',#10630,#10631,#10632,.T.);
#8554=EDGE_CURVE('NONE',#10630,#10616,#10633,.T.);
#8555=EDGE_CURVE('NONE',#10631,#10614,#10634,.T.);
#8556=FILL_AREA_STYLE('',(#10635));
#8557=EDGE_CURVE('NONE',#10631,#10626,#10636,.T.);
#8558=FILL_AREA_STYLE('',(#10637));
#8559=EDGE_CURVE('NONE',#10638,#8615,#10639,.T.);
#8560=EDGE_CURVE('NONE',#10638,#8614,#10640,.T.);
#8561=FILL_AREA_STYLE('',(#10641));
#8562=EDGE_CURVE('NONE',#8610,#10638,#10642,.T.);
#8563=FILL_AREA_STYLE('',(#10643));
#8564=EDGE_CURVE('NONE',#8685,#8607,#10644,.T.);
#8565=FILL_AREA_STYLE('',(#10645));
#8566=EDGE_CURVE('NONE',#10646,#10626,#10647,.T.);
#8567=EDGE_CURVE('NONE',#10648,#10624,#10649,.T.);
#8568=EDGE_CURVE('NONE',#10648,#10646,#10650,.T.);
#8569=FILL_AREA_STYLE('',(#10651));
#8570=EDGE_CURVE('NONE',#10652,#10653,#10654,.T.);
#8571=EDGE_CURVE('NONE',#10653,#10646,#10655,.T.);
#8572=EDGE_CURVE('NONE',#10652,#10648,#10656,.T.);
#8573=FILL_AREA_STYLE('',(#10657));
#8574=EDGE_CURVE('NONE',#10658,#10652,#10659,.T.);
#8575=EDGE_CURVE('NONE',#10658,#10660,#10661,.T.);
#8576=EDGE_CURVE('NONE',#10660,#10653,#10662,.T.);
#8577=FILL_AREA_STYLE('',(#10663));
#8578=EDGE_CURVE('NONE',#10664,#10665,#10666,.T.);
#8579=EDGE_CURVE('NONE',#10667,#10665,#10668,.T.);
#8580=EDGE_CURVE('NONE',#10669,#10667,#10670,.T.);
#8581=EDGE_CURVE('NONE',#10669,#10664,#10671,.T.);
#8582=FILL_AREA_STYLE('',(#10672));
#8583=EDGE_CURVE('NONE',#10673,#10674,#10675,.T.);
#8584=EDGE_CURVE('NONE',#10674,#10664,#10676,.T.);
#8585=EDGE_CURVE('NONE',#10673,#10669,#10677,.T.);
#8586=FILL_AREA_STYLE('',(#10678));
#8587=EDGE_CURVE('NONE',#10630,#10673,#10679,.T.);
#8588=EDGE_CURVE('NONE',#10631,#10674,#10680,.T.);
#8589=FILL_AREA_STYLE('',(#10681));
#8590=EDGE_CURVE('NONE',#10630,#10624,#10682,.T.);
#8591=FILL_AREA_STYLE('',(#10683));
#8592=EDGE_CURVE('NONE',#10660,#8681,#10684,.T.);
#8593=EDGE_CURVE('NONE',#8679,#10685,#10686,.T.);
#8594=EDGE_CURVE('NONE',#10685,#10665,#10687,.T.);
#8595=FILL_AREA_STYLE('',(#10688));
#8596=EDGE_CURVE('NONE',#10658,#8676,#10689,.T.);
#8597=EDGE_CURVE('NONE',#10690,#10667,#10691,.T.);
#8598=EDGE_CURVE('NONE',#8677,#10690,#10692,.T.);
#8599=FILL_AREA_STYLE('',(#10693));
#8600=FILL_AREA_STYLE('',(#10694));
#8601=EDGE_CURVE('NONE',#10690,#10685,#10695,.T.);
#8602=FILL_AREA_STYLE('',(#10696));
#8603=FILL_AREA_STYLE('',(#10697));
#8604=EDGE_LOOP('',(#10698,#10699,#10700,#10701));
#8605=AXIS2_PLACEMENT_3D('',#10702,#10703,#10704);
#8606=FILL_AREA_STYLE_COLOUR('',#10705);
#8607=VERTEX_POINT('',#10706);
#8608=VERTEX_POINT('NONE',#10707);
#8609=CIRCLE('',#10708,0.208333333333332);
#8610=VERTEX_POINT('NONE',#10709);
#8611=CIRCLE('',#10710,0.199999999999999);
#8612=CIRCLE('',#10711,0.208333333333332);
#8613=FILL_AREA_STYLE_COLOUR('',#10712);
#8614=VERTEX_POINT('',#10713);
#8615=VERTEX_POINT('NONE',#10714);
#8616=CIRCLE('',#10715,0.208333333333332);
#8617=VERTEX_POINT('NONE',#10716);
#8618=CIRCLE('',#10717,0.199999999999999);
#8619=CIRCLE('',#10718,0.208333333333332);
#8620=FILL_AREA_STYLE_COLOUR('',#10719);
#8621=VERTEX_POINT('',#10720);
#8622=VERTEX_POINT('NONE',#10721);
#8623=CIRCLE('',#10722,0.208333333333332);
#8624=VERTEX_POINT('NONE',#10723);
#8625=CIRCLE('',#10724,0.2);
#8626=CIRCLE('',#10725,0.208333333333332);
#8627=FILL_AREA_STYLE_COLOUR('',#10726);
#8628=VERTEX_POINT('',#10727);
#8629=VERTEX_POINT('NONE',#10728);
#8630=CIRCLE('',#10729,0.208333333333332);
#8631=VERTEX_POINT('NONE',#10730);
#8632=CIRCLE('',#10731,0.2);
#8633=CIRCLE('',#10732,0.208333333333332);
#8634=FILL_AREA_STYLE_COLOUR('',#10733);
#8635=VERTEX_POINT('',#10734);
#8636=VERTEX_POINT('NONE',#10735);
#8637=CIRCLE('',#10736,0.208333333333332);
#8638=VERTEX_POINT('NONE',#10737);
#8639=CIRCLE('',#10738,0.2);
#8640=CIRCLE('',#10739,0.208333333333332);
#8641=FILL_AREA_STYLE_COLOUR('',#10740);
#8642=VERTEX_POINT('',#10741);
#8643=VERTEX_POINT('NONE',#10742);
#8644=CIRCLE('',#10743,0.208333333333332);
#8645=VERTEX_POINT('NONE',#10744);
#8646=CIRCLE('',#10745,0.2);
#8647=CIRCLE('',#10746,0.208333333333332);
#8648=FILL_AREA_STYLE_COLOUR('',#10747);
#8649=VERTEX_POINT('',#10748);
#8650=VERTEX_POINT('',#10749);
#8651=LINE('',#10750,#10751);
#8652=VERTEX_POINT('NONE',#10752);
#8653=CIRCLE('',#10753,0.6);
#8654=VERTEX_POINT('NONE',#10754);
#8655=LINE('',#10755,#10756);
#8656=CIRCLE('',#10757,0.6);
#8657=FILL_AREA_STYLE_COLOUR('',#10758);
#8658=VERTEX_POINT('',#10759);
#8659=VERTEX_POINT('',#10760);
#8660=LINE('',#10761,#10762);
#8661=VERTEX_POINT('NONE',#10763);
#8662=CIRCLE('',#10764,0.2);
#8663=VERTEX_POINT('NONE',#10765);
#8664=LINE('',#10766,#10767);
#8665=CIRCLE('',#10768,0.2);
#8666=FILL_AREA_STYLE_COLOUR('',#10769);
#8667=VERTEX_POINT('',#10770);
#8668=VERTEX_POINT('',#10771);
#8669=LINE('',#10772,#10773);
#8670=VERTEX_POINT('NONE',#10774);
#8671=CIRCLE('',#10775,1.0);
#8672=VERTEX_POINT('NONE',#10776);
#8673=LINE('',#10777,#10778);
#8674=CIRCLE('',#10779,1.0);
#8675=FILL_AREA_STYLE_COLOUR('',#10780);
#8676=VERTEX_POINT('NONE',#10781);
#8677=VERTEX_POINT('NONE',#10782);
#8678=CIRCLE('',#10783,0.3);
#8679=VERTEX_POINT('NONE',#10784);
#8680=LINE('',#10785,#10786);
#8681=VERTEX_POINT('NONE',#10787);
#8682=CIRCLE('',#10788,0.3);
#8683=LINE('',#10789,#10790);
#8684=FILL_AREA_STYLE_COLOUR('',#10791);
#8685=VERTEX_POINT('NONE',#10792);
#8686=CIRCLE('',#10793,0.208333333333332);
#8687=LINE('',#10794,#10795);
#8688=LINE('',#10796,#10797);
#8689=FILL_AREA_STYLE_COLOUR('',#10798);
#8690=VERTEX_POINT('NONE',#10799);
#8691=VERTEX_POINT('NONE',#10800);
#8692=CIRCLE('',#10801,0.300000000000002);
#8693=VERTEX_POINT('NONE',#10802);
#8694=LINE('',#10803,#10804);
#8695=VERTEX_POINT('NONE',#10805);
#8696=CIRCLE('',#10806,0.300000000000002);
#8697=LINE('',#10807,#10808);
#8698=FILL_AREA_STYLE_COLOUR('',#10809);
#8699=VERTEX_POINT('NONE',#10810);
#8700=CIRCLE('',#10811,0.208333333333332);
#8701=LINE('',#10812,#10813);
#8702=LINE('',#10814,#10815);
#8703=FILL_AREA_STYLE_COLOUR('',#10816);
#8704=VERTEX_POINT('NONE',#10817);
#8705=VERTEX_POINT('NONE',#10818);
#8706=CIRCLE('',#10819,0.3);
#8707=VERTEX_POINT('NONE',#10820);
#8708=LINE('',#10821,#10822);
#8709=VERTEX_POINT('NONE',#10823);
#8710=CIRCLE('',#10824,0.3);
#8711=LINE('',#10825,#10826);
#8712=FILL_AREA_STYLE_COLOUR('',#10827);
#8713=VERTEX_POINT('NONE',#10828);
#8714=CIRCLE('',#10829,0.208333333333332);
#8715=LINE('',#10830,#10831);
#8716=LINE('',#10832,#10833);
#8717=FILL_AREA_STYLE_COLOUR('',#10834);
#8718=VERTEX_POINT('NONE',#10835);
#8719=VERTEX_POINT('NONE',#10836);
#8720=CIRCLE('',#10837,0.85);
#8721=VERTEX_POINT('NONE',#10838);
#8722=CIRCLE('',#10839,0.856666666666667);
#8723=CIRCLE('',#10840,0.856666666666667);
#8724=FILL_AREA_STYLE_COLOUR('',#10841);
#8725=VERTEX_POINT('NONE',#10842);
#8726=VERTEX_POINT('NONE',#10843);
#8727=CIRCLE('',#10844,0.595);
#8728=VERTEX_POINT('NONE',#10845);
#8729=LINE('',#10846,#10847);
#8730=VERTEX_POINT('NONE',#10848);
#8731=CIRCLE('',#10849,0.595);
#8732=LINE('',#10850,#10851);
#8733=FILL_AREA_STYLE_COLOUR('',#10852);
#8734=VERTEX_POINT('NONE',#10853);
#8735=VERTEX_POINT('NONE',#10854);
#8736=CIRCLE('',#10855,0.395);
#8737=LINE('',#10856,#10857);
#8738=LINE('',#10858,#10859);
#8739=FILL_AREA_STYLE_COLOUR('',#10860);
#8740=VERTEX_POINT('NONE',#10861);
#8741=VERTEX_POINT('NONE',#10862);
#8742=CIRCLE('',#10863,0.85);
#8743=VERTEX_POINT('NONE',#10864);
#8744=CIRCLE('',#10865,0.856666666666667);
#8745=CIRCLE('',#10866,0.856666666666667);
#8746=FILL_AREA_STYLE_COLOUR('',#10867);
#8747=VERTEX_POINT('NONE',#10868);
#8748=VERTEX_POINT('NONE',#10869);
#8749=CIRCLE('',#10870,0.85);
#8750=VERTEX_POINT('NONE',#10871);
#8751=CIRCLE('',#10872,0.856666666666667);
#8752=CIRCLE('',#10873,0.856666666666667);
#8753=FILL_AREA_STYLE_COLOUR('',#10874);
#8754=VERTEX_POINT('NONE',#10875);
#8755=VERTEX_POINT('NONE',#10876);
#8756=CIRCLE('',#10877,0.85);
#8757=VERTEX_POINT('NONE',#10878);
#8758=CIRCLE('',#10879,0.856666666666667);
#8759=CIRCLE('',#10880,0.856666666666667);
#8760=FILL_AREA_STYLE_COLOUR('',#10881);
#8761=VERTEX_POINT('NONE',#10882);
#8762=VERTEX_POINT('NONE',#10883);
#8763=CIRCLE('',#10884,3.46);
#8764=VERTEX_POINT('NONE',#10885);
#8765=LINE('',#10886,#10887);
#8766=VERTEX_POINT('NONE',#10888);
#8767=CIRCLE('',#10889,3.46);
#8768=LINE('',#10890,#10891);
#8769=FILL_AREA_STYLE_COLOUR('',#10892);
#8770=VERTEX_POINT('NONE',#10893);
#8771=VERTEX_POINT('NONE',#10894);
#8772=CIRCLE('',#10895,1.0);
#8773=VERTEX_POINT('NONE',#10896);
#8774=LINE('',#10897,#10898);
#8775=VERTEX_POINT('NONE',#10899);
#8776=CIRCLE('',#10900,1.0);
#8777=LINE('',#10901,#10902);
#8778=FILL_AREA_STYLE_COLOUR('',#10903);
#8779=VERTEX_POINT('NONE',#10904);
#8780=VERTEX_POINT('NONE',#10905);
#8781=CIRCLE('',#10906,0.6);
#8782=VERTEX_POINT('NONE',#10907);
#8783=LINE('',#10908,#10909);
#8784=VERTEX_POINT('NONE',#10910);
#8785=CIRCLE('',#10911,0.6);
#8786=LINE('',#10912,#10913);
#8787=FILL_AREA_STYLE_COLOUR('',#10914);
#8788=VERTEX_POINT('NONE',#10915);
#8789=VERTEX_POINT('NONE',#10916);
#8790=CIRCLE('',#10917,0.2);
#8791=VERTEX_POINT('NONE',#10918);
#8792=LINE('',#10919,#10920);
#8793=VERTEX_POINT('NONE',#10921);
#8794=CIRCLE('',#10922,0.2);
#8795=LINE('',#10923,#10924);
#8796=FILL_AREA_STYLE_COLOUR('',#10925);
#8797=VERTEX_POINT('NONE',#10926);
#8798=VERTEX_POINT('NONE',#10927);
#8799=CIRCLE('',#10928,3.025);
#8800=VERTEX_POINT('NONE',#10929);
#8801=LINE('',#10930,#10931);
#8802=VERTEX_POINT('NONE',#10932);
#8803=CIRCLE('',#10933,3.025);
#8804=LINE('',#10934,#10935);
#8805=FILL_AREA_STYLE_COLOUR('',#10936);
#8806=VERTEX_POINT('NONE',#10937);
#8807=LINE('',#10938,#10939);
#8808=VERTEX_POINT('NONE',#10940);
#8809=CIRCLE('',#10941,3.055);
#8810=LINE('',#10942,#10943);
#8811=FILL_AREA_STYLE_COLOUR('',#10944);
#8812=VERTEX_POINT('NONE',#10945);
#8813=LINE('',#10946,#10947);
#8814=VERTEX_POINT('NONE',#10948);
#8815=CIRCLE('',#10949,3.055);
#8816=LINE('',#10950,#10951);
#8817=FILL_AREA_STYLE_COLOUR('',#10952);
#8818=VERTEX_POINT('NONE',#10953);
#8819=VERTEX_POINT('NONE',#10954);
#8820=CIRCLE('',#10955,2.7);
#8821=VERTEX_POINT('NONE',#10956);
#8822=LINE('',#10957,#10958);
#8823=VERTEX_POINT('NONE',#10959);
#8824=B_SPLINE_CURVE_WITH_KNOTS('',3,(#10960,#10961,#10962,#10963),.UNSPECIFIED.,.F.,.F.,(4,4),(3.46359560522512E-07,0.000369166034265806),.UNSPECIFIED.);
#8825=VERTEX_POINT('NONE',#10964);
#8826=CIRCLE('',#10965,3.0);
#8827=VERTEX_POINT('NONE',#10966);
#8828=B_SPLINE_CURVE_WITH_KNOTS('',3,(#10967,#10968,#10969,#10970),.UNSPECIFIED.,.F.,.F.,(4,4),(3.09723886107792E-07,0.000369129398591968),.UNSPECIFIED.);
#8829=VERTEX_POINT('NONE',#10971);
#8830=B_SPLINE_CURVE_WITH_KNOTS('',3,(#10972,#10973,#10974,#10975),.UNSPECIFIED.,.F.,.F.,(4,4),(3.02729818690685E-07,0.000369122404524551),.UNSPECIFIED.);
#8831=VERTEX_POINT('NONE',#10976);
#8832=CIRCLE('',#10977,3.0);
#8833=VERTEX_POINT('NONE',#10978);
#8834=B_SPLINE_CURVE_WITH_KNOTS('',3,(#10979,#10980,#10981,#10982),.UNSPECIFIED.,.F.,.F.,(4,4),(2.81223187921072E-07,0.000369100897893811),.UNSPECIFIED.);
#8835=VERTEX_POINT('NONE',#10983);
#8836=B_SPLINE_CURVE_WITH_KNOTS('',3,(#10984,#10985,#10986,#10987),.UNSPECIFIED.,.F.,.F.,(4,4),(2.74873193974964E-07,0.000369094547899866),.UNSPECIFIED.);
#8837=VERTEX_POINT('NONE',#10988);
#8838=CIRCLE('',#10989,3.0);
#8839=VERTEX_POINT('NONE',#10990);
#8840=B_SPLINE_CURVE_WITH_KNOTS('',3,(#10991,#10992,#10993,#10994),.UNSPECIFIED.,.F.,.F.,(4,4),(2.63466546024406E-07,0.000369083141251933),.UNSPECIFIED.);
#8841=VERTEX_POINT('NONE',#10995);
#8842=B_SPLINE_CURVE_WITH_KNOTS('',3,(#10996,#10997,#10998,#10999),.UNSPECIFIED.,.F.,.F.,(4,4),(2.57517776483922E-07,0.000369077192482393),.UNSPECIFIED.);
#8843=VERTEX_POINT('NONE',#11000);
#8844=CIRCLE('',#11001,3.0);
#8845=VERTEX_POINT('NONE',#11002);
#8846=B_SPLINE_CURVE_WITH_KNOTS('',3,(#11003,#11004,#11005,#11006),.UNSPECIFIED.,.F.,.F.,(4,4),(2.53694914896969E-07,0.000369073369620815),.UNSPECIFIED.);
#8847=VERTEX_POINT('NONE',#11007);
#8848=B_SPLINE_CURVE_WITH_KNOTS('',3,(#11008,#11009,#11010,#11011),.UNSPECIFIED.,.F.,.F.,(4,4),(2.47966926400839E-07,0.000369067641632319),.UNSPECIFIED.);
#8849=VERTEX_POINT('NONE',#11012);
#8850=CIRCLE('',#11013,3.0);
#8851=VERTEX_POINT('NONE',#11014);
#8852=B_SPLINE_CURVE_WITH_KNOTS('',3,(#11015,#11016,#11017,#11018),.UNSPECIFIED.,.F.,.F.,(4,4),(0.000501664705723093,0.000870433406886924),.UNSPECIFIED.);
#8853=VERTEX_POINT('NONE',#11019);
#8854=B_SPLINE_CURVE_WITH_KNOTS('',3,(#11020,#11021,#11022,#11023),.UNSPECIFIED.,.F.,.F.,(4,4),(0.000714937002262345,0.00108349178012376),.UNSPECIFIED.);
#8855=VERTEX_POINT('NONE',#11024);
#8856=CIRCLE('',#11025,3.0);
#8857=VERTEX_POINT('NONE',#11026);
#8858=B_SPLINE_CURVE_WITH_KNOTS('',3,(#11027,#11028,#11029,#11030),.UNSPECIFIED.,.F.,.F.,(4,4),(2.53694914896769E-07,0.000369073369620814),.UNSPECIFIED.);
#8859=VERTEX_POINT('NONE',#11031);
#8860=B_SPLINE_CURVE_WITH_KNOTS('',3,(#11032,#11033,#11034,#11035),.UNSPECIFIED.,.F.,.F.,(4,4),(2.47966926401931E-07,0.000369067641632319),.UNSPECIFIED.);
#8861=VERTEX_POINT('NONE',#11036);
#8862=CIRCLE('',#11037,3.0);
#8863=VERTEX_POINT('NONE',#11038);
#8864=B_SPLINE_CURVE_WITH_KNOTS('',3,(#11039,#11040,#11041,#11042),.UNSPECIFIED.,.F.,.F.,(4,4),(2.63466546023269E-07,0.000369083141251933),.UNSPECIFIED.);
#8865=VERTEX_POINT('NONE',#11043);
#8866=B_SPLINE_CURVE_WITH_KNOTS('',3,(#11044,#11045,#11046,#11047),.UNSPECIFIED.,.F.,.F.,(4,4),(2.57517776483922E-07,0.000369077192482393),.UNSPECIFIED.);
#8867=VERTEX_POINT('NONE',#11048);
#8868=CIRCLE('',#11049,3.0);
#8869=VERTEX_POINT('NONE',#11050);
#8870=B_SPLINE_CURVE_WITH_KNOTS('',3,(#11051,#11052,#11053,#11054),.UNSPECIFIED.,.F.,.F.,(4,4),(2.81223187921032E-07,0.000369100897893812),.UNSPECIFIED.);
#8871=VERTEX_POINT('NONE',#11055);
#8872=B_SPLINE_CURVE_WITH_KNOTS('',3,(#11056,#11057,#11058,#11059),.UNSPECIFIED.,.F.,.F.,(4,4),(2.74873193975043E-07,0.000369094547899866),.UNSPECIFIED.);
#8873=VERTEX_POINT('NONE',#11060);
#8874=CIRCLE('',#11061,3.0);
#8875=VERTEX_POINT('NONE',#11062);
#8876=B_SPLINE_CURVE_WITH_KNOTS('',3,(#11063,#11064,#11065,#11066),.UNSPECIFIED.,.F.,.F.,(4,4),(3.09723886107477E-07,0.000369129398591967),.UNSPECIFIED.);
#8877=VERTEX_POINT('NONE',#11067);
#8878=B_SPLINE_CURVE_WITH_KNOTS('',3,(#11068,#11069,#11070,#11071),.UNSPECIFIED.,.F.,.F.,(4,4),(3.02729818688477E-07,0.000369122404524549),.UNSPECIFIED.);
#8879=VERTEX_POINT('NONE',#11072);
#8880=CIRCLE('',#11073,3.0);
#8881=VERTEX_POINT('NONE',#11074);
#8882=B_SPLINE_CURVE_WITH_KNOTS('',3,(#11075,#11076,#11077,#11078),.UNSPECIFIED.,.F.,.F.,(4,4),(3.31889431156341E-07,0.00036915156413644),.UNSPECIFIED.);
#8883=VERTEX_POINT('NONE',#11079);
#8884=B_SPLINE_CURVE_WITH_KNOTS('',3,(#11080,#11081,#11082,#11083),.UNSPECIFIED.,.F.,.F.,(4,4),(3.46359560522163E-07,0.000369166034265806),.UNSPECIFIED.);
#8885=VERTEX_POINT('NONE',#11084);
#8886=CIRCLE('',#11085,3.0);
#8887=VERTEX_POINT('NONE',#11086);
#8888=B_SPLINE_CURVE_WITH_KNOTS('',3,(#11087,#11088,#11089,#11090),.UNSPECIFIED.,.F.,.F.,(4,4),(3.09723886105584E-07,0.000369129398591967),.UNSPECIFIED.);
#8889=VERTEX_POINT('NONE',#11091);
#8890=B_SPLINE_CURVE_WITH_KNOTS('',3,(#11092,#11093,#11094,#11095),.UNSPECIFIED.,.F.,.F.,(4,4),(3.0272981869002E-07,0.000369122404524551),.UNSPECIFIED.);
#8891=VERTEX_POINT('NONE',#11096);
#8892=CIRCLE('',#11097,3.0);
#8893=VERTEX_POINT('NONE',#11098);
#8894=B_SPLINE_CURVE_WITH_KNOTS('',3,(#11099,#11100,#11101,#11102),.UNSPECIFIED.,.F.,.F.,(4,4),(2.81223187919304E-07,0.000369100897893811),.UNSPECIFIED.);
#8895=VERTEX_POINT('NONE',#11103);
#8896=B_SPLINE_CURVE_WITH_KNOTS('',3,(#11104,#11105,#11106,#11107),.UNSPECIFIED.,.F.,.F.,(4,4),(2.74873193975357E-07,0.000369094547899867),.UNSPECIFIED.);
#8897=VERTEX_POINT('NONE',#11108);
#8898=CIRCLE('',#11109,3.0);
#8899=VERTEX_POINT('NONE',#11110);
#8900=B_SPLINE_CURVE_WITH_KNOTS('',3,(#11111,#11112,#11113,#11114),.UNSPECIFIED.,.F.,.F.,(4,4),(2.63466546024406E-07,0.000369083141251932),.UNSPECIFIED.);
#8901=VERTEX_POINT('NONE',#11115);
#8902=B_SPLINE_CURVE_WITH_KNOTS('',3,(#11116,#11117,#11118,#11119),.UNSPECIFIED.,.F.,.F.,(4,4),(2.57517776484862E-07,0.000369077192482393),.UNSPECIFIED.);
#8903=VERTEX_POINT('NONE',#11120);
#8904=CIRCLE('',#11121,3.0);
#8905=VERTEX_POINT('NONE',#11122);
#8906=B_SPLINE_CURVE_WITH_KNOTS('',3,(#11123,#11124,#11125,#11126),.UNSPECIFIED.,.F.,.F.,(4,4),(2.53694914896969E-07,0.000369073369620816),.UNSPECIFIED.);
#8907=VERTEX_POINT('NONE',#11127);
#8908=B_SPLINE_CURVE_WITH_KNOTS('',3,(#11128,#11129,#11130,#11131),.UNSPECIFIED.,.F.,.F.,(4,4),(2.47966926400839E-07,0.000369067641632318),.UNSPECIFIED.);
#8909=VERTEX_POINT('NONE',#11132);
#8910=CIRCLE('',#11133,3.0);
#8911=VERTEX_POINT('NONE',#11134);
#8912=B_SPLINE_CURVE_WITH_KNOTS('',3,(#11135,#11136,#11137,#11138),.UNSPECIFIED.,.F.,.F.,(4,4),(0.00044147248414396,0.000810241658749993),.UNSPECIFIED.);
#8913=VERTEX_POINT('NONE',#11139);
#8914=B_SPLINE_CURVE_WITH_KNOTS('',3,(#11140,#11141,#11142,#11143),.UNSPECIFIED.,.F.,.F.,(4,4),(0.000714937002262346,0.00108349178012376),.UNSPECIFIED.);
#8915=VERTEX_POINT('NONE',#11144);
#8916=CIRCLE('',#11145,3.0);
#8917=VERTEX_POINT('NONE',#11146);
#8918=B_SPLINE_CURVE_WITH_KNOTS('',3,(#11147,#11148,#11149,#11150),.UNSPECIFIED.,.F.,.F.,(4,4),(2.53694914896769E-07,0.000369073369620814),.UNSPECIFIED.);
#8919=VERTEX_POINT('NONE',#11151);
#8920=B_SPLINE_CURVE_WITH_KNOTS('',3,(#11152,#11153,#11154,#11155),.UNSPECIFIED.,.F.,.F.,(4,4),(2.47966926400866E-07,0.000369067641632318),.UNSPECIFIED.);
#8921=VERTEX_POINT('NONE',#11156);
#8922=CIRCLE('',#11157,3.0);
#8923=VERTEX_POINT('NONE',#11158);
#8924=B_SPLINE_CURVE_WITH_KNOTS('',3,(#11159,#11160,#11161,#11162),.UNSPECIFIED.,.F.,.F.,(4,4),(2.63466546024293E-07,0.000369083141251932),.UNSPECIFIED.);
#8925=VERTEX_POINT('NONE',#11163);
#8926=B_SPLINE_CURVE_WITH_KNOTS('',3,(#11164,#11165,#11166,#11167),.UNSPECIFIED.,.F.,.F.,(4,4),(2.57517776483922E-07,0.000369077192482392),.UNSPECIFIED.);
#8927=VERTEX_POINT('NONE',#11168);
#8928=CIRCLE('',#11169,3.0);
#8929=VERTEX_POINT('NONE',#11170);
#8930=B_SPLINE_CURVE_WITH_KNOTS('',3,(#11171,#11172,#11173,#11174),.UNSPECIFIED.,.F.,.F.,(4,4),(2.81223187919225E-07,0.000369100897893811),.UNSPECIFIED.);
#8931=VERTEX_POINT('NONE',#11175);
#8932=B_SPLINE_CURVE_WITH_KNOTS('',3,(#11176,#11177,#11178,#11179),.UNSPECIFIED.,.F.,.F.,(4,4),(2.74873193975395E-07,0.000369094547899867),.UNSPECIFIED.);
#8933=VERTEX_POINT('NONE',#11180);
#8934=CIRCLE('',#11181,3.0);
#8935=VERTEX_POINT('NONE',#11182);
#8936=B_SPLINE_CURVE_WITH_KNOTS('',3,(#11183,#11184,#11185,#11186),.UNSPECIFIED.,.F.,.F.,(4,4),(3.09723886105751E-07,0.000369129398591967),.UNSPECIFIED.);
#8937=VERTEX_POINT('NONE',#11187);
#8938=B_SPLINE_CURVE_WITH_KNOTS('',3,(#11188,#11189,#11190,#11191),.UNSPECIFIED.,.F.,.F.,(4,4),(3.02729818690222E-07,0.000369122404524551),.UNSPECIFIED.);
#8939=VERTEX_POINT('NONE',#11192);
#8940=CIRCLE('',#11193,3.0);
#8941=VERTEX_POINT('NONE',#11194);
#8942=B_SPLINE_CURVE_WITH_KNOTS('',3,(#11195,#11196,#11197,#11198),.UNSPECIFIED.,.F.,.F.,(4,4),(3.31889431156356E-07,0.00036915156413644),.UNSPECIFIED.);
#8943=LINE('',#11199,#11200);
#8944=FILL_AREA_STYLE_COLOUR('',#11201);
#8945=VERTEX_POINT('NONE',#11202);
#8946=CIRCLE('',#11203,2.7);
#8947=VERTEX_POINT('NONE',#11204);
#8948=B_SPLINE_CURVE_WITH_KNOTS('',3,(#11205,#11206,#11207,#11208),.UNSPECIFIED.,.F.,.F.,(4,4),(3.46359560522511E-07,0.000369166034265806),.UNSPECIFIED.);
#8949=VERTEX_POINT('NONE',#11209);
#8950=CIRCLE('',#11210,3.0);
#8951=VERTEX_POINT('NONE',#11211);
#8952=B_SPLINE_CURVE_WITH_KNOTS('',3,(#11212,#11213,#11214,#11215),.UNSPECIFIED.,.F.,.F.,(4,4),(3.09723886105558E-07,0.000369129398591966),.UNSPECIFIED.);
#8953=VERTEX_POINT('NONE',#11216);
#8954=B_SPLINE_CURVE_WITH_KNOTS('',3,(#11217,#11218,#11219,#11220),.UNSPECIFIED.,.F.,.F.,(4,4),(3.02729818690685E-07,0.00036912240452455),.UNSPECIFIED.);
#8955=VERTEX_POINT('NONE',#11221);
#8956=CIRCLE('',#11222,3.0);
#8957=VERTEX_POINT('NONE',#11223);
#8958=B_SPLINE_CURVE_WITH_KNOTS('',3,(#11224,#11225,#11226,#11227),.UNSPECIFIED.,.F.,.F.,(4,4),(2.81223187919265E-07,0.000369100897893811),.UNSPECIFIED.);
#8959=VERTEX_POINT('NONE',#11228);
#8960=B_SPLINE_CURVE_WITH_KNOTS('',3,(#11229,#11230,#11231,#11232),.UNSPECIFIED.,.F.,.F.,(4,4),(2.74873193975357E-07,0.000369094547899867),.UNSPECIFIED.);
#8961=VERTEX_POINT('NONE',#11233);
#8962=CIRCLE('',#11234,3.0);
#8963=VERTEX_POINT('NONE',#11235);
#8964=B_SPLINE_CURVE_WITH_KNOTS('',3,(#11236,#11237,#11238,#11239),.UNSPECIFIED.,.F.,.F.,(4,4),(2.63466546024406E-07,0.000369083141251933),.UNSPECIFIED.);
#8965=VERTEX_POINT('NONE',#11240);
#8966=B_SPLINE_CURVE_WITH_KNOTS('',3,(#11241,#11242,#11243,#11244),.UNSPECIFIED.,.F.,.F.,(4,4),(2.57517776483922E-07,0.000369077192482393),.UNSPECIFIED.);
#8967=VERTEX_POINT('NONE',#11245);
#8968=CIRCLE('',#11246,3.0);
#8969=VERTEX_POINT('NONE',#11247);
#8970=B_SPLINE_CURVE_WITH_KNOTS('',3,(#11248,#11249,#11250,#11251),.UNSPECIFIED.,.F.,.F.,(4,4),(2.53694914896969E-07,0.000369073369620815),.UNSPECIFIED.);
#8971=VERTEX_POINT('NONE',#11252);
#8972=B_SPLINE_CURVE_WITH_KNOTS('',3,(#11253,#11254,#11255,#11256),.UNSPECIFIED.,.F.,.F.,(4,4),(2.47966926400839E-07,0.000369067641632319),.UNSPECIFIED.);
#8973=VERTEX_POINT('NONE',#11257);
#8974=CIRCLE('',#11258,3.0);
#8975=VERTEX_POINT('NONE',#11259);
#8976=B_SPLINE_CURVE_WITH_KNOTS('',3,(#11260,#11261,#11262,#11263),.UNSPECIFIED.,.F.,.F.,(4,4),(0.000441472484143962,0.000810241658749996),.UNSPECIFIED.);
#8977=VERTEX_POINT('NONE',#11264);
#8978=B_SPLINE_CURVE_WITH_KNOTS('',3,(#11265,#11266,#11267,#11268),.UNSPECIFIED.,.F.,.F.,(4,4),(0.000654666471236744,0.00102324360407599),.UNSPECIFIED.);
#8979=VERTEX_POINT('NONE',#11269);
#8980=CIRCLE('',#11270,3.0);
#8981=VERTEX_POINT('NONE',#11271);
#8982=B_SPLINE_CURVE_WITH_KNOTS('',3,(#11272,#11273,#11274,#11275),.UNSPECIFIED.,.F.,.F.,(4,4),(2.53694914896941E-07,0.000369073369620815),.UNSPECIFIED.);
#8983=VERTEX_POINT('NONE',#11276);
#8984=B_SPLINE_CURVE_WITH_KNOTS('',3,(#11277,#11278,#11279,#11280),.UNSPECIFIED.,.F.,.F.,(4,4),(2.47966926400866E-07,0.000369067641632319),.UNSPECIFIED.);
#8985=VERTEX_POINT('NONE',#11281);
#8986=CIRCLE('',#11282,3.0);
#8987=VERTEX_POINT('NONE',#11283);
#8988=B_SPLINE_CURVE_WITH_KNOTS('',3,(#11284,#11285,#11286,#11287),.UNSPECIFIED.,.F.,.F.,(4,4),(2.63466546023269E-07,0.000369083141251933),.UNSPECIFIED.);
#8989=VERTEX_POINT('NONE',#11288);
#8990=B_SPLINE_CURVE_WITH_KNOTS('',3,(#11289,#11290,#11291,#11292),.UNSPECIFIED.,.F.,.F.,(4,4),(2.57517776483922E-07,0.000369077192482393),.UNSPECIFIED.);
#8991=VERTEX_POINT('NONE',#11293);
#8992=CIRCLE('',#11294,3.0);
#8993=VERTEX_POINT('NONE',#11295);
#8994=B_SPLINE_CURVE_WITH_KNOTS('',3,(#11296,#11297,#11298,#11299),.UNSPECIFIED.,.F.,.F.,(4,4),(2.81223187921347E-07,0.000369100897893811),.UNSPECIFIED.);
#8995=VERTEX_POINT('NONE',#11300);
#8996=B_SPLINE_CURVE_WITH_KNOTS('',3,(#11301,#11302,#11303,#11304),.UNSPECIFIED.,.F.,.F.,(4,4),(2.74873193977202E-07,0.000369094547899867),.UNSPECIFIED.);
#8997=VERTEX_POINT('NONE',#11305);
#8998=CIRCLE('',#11306,3.0);
#8999=VERTEX_POINT('NONE',#11307);
#9000=B_SPLINE_CURVE_WITH_KNOTS('',3,(#11308,#11309,#11310,#11311),.UNSPECIFIED.,.F.,.F.,(4,4),(3.09723886105893E-07,0.000369129398591968),.UNSPECIFIED.);
#9001=VERTEX_POINT('NONE',#11312);
#9002=B_SPLINE_CURVE_WITH_KNOTS('',3,(#11313,#11314,#11315,#11316),.UNSPECIFIED.,.F.,.F.,(4,4),(3.02729818690222E-07,0.000178937324450038),.UNSPECIFIED.);
#9003=B_SPLINE_CURVE_WITH_KNOTS('',3,(#11317,#11318,#11319,#11320),.UNSPECIFIED.,.F.,.F.,(4,4),(0.00313730954875038,0.00340204384713609),.UNSPECIFIED.);
#9004=FILL_AREA_STYLE_COLOUR('',#11321);
#9005=VERTEX_POINT('NONE',#11322);
#9006=VERTEX_POINT('NONE',#11323);
#9007=CIRCLE('',#11324,0.65);
#9008=VERTEX_POINT('NONE',#11325);
#9009=LINE('',#11326,#11327);
#9010=VERTEX_POINT('NONE',#11328);
#9011=CIRCLE('',#11329,0.65);
#9012=LINE('',#11330,#11331);
#9013=FILL_AREA_STYLE_COLOUR('',#11332);
#9014=VERTEX_POINT('NONE',#11333);
#9015=VERTEX_POINT('NONE',#11334);
#9016=CIRCLE('',#11335,0.435640646055101);
#9017=LINE('',#11336,#11337);
#9018=LINE('',#11338,#11339);
#9019=FILL_AREA_STYLE_COLOUR('',#11340);
#9020=VERTEX_POINT('NONE',#11341);
#9021=VERTEX_POINT('NONE',#11342);
#9022=CIRCLE('',#11343,0.8);
#9023=VERTEX_POINT('NONE',#11344);
#9024=LINE('',#11345,#11346);
#9025=VERTEX_POINT('NONE',#11347);
#9026=CIRCLE('',#11348,0.8);
#9027=LINE('',#11349,#11350);
#9028=FILL_AREA_STYLE_COLOUR('',#11351);
#9029=VERTEX_POINT('NONE',#11352);
#9030=VERTEX_POINT('NONE',#11353);
#9031=CIRCLE('',#11354,0.6);
#9032=LINE('',#11355,#11356);
#9033=LINE('',#11357,#11358);
#9034=FILL_AREA_STYLE_COLOUR('',#11359);
#9035=VERTEX_POINT('NONE',#11360);
#9036=VERTEX_POINT('NONE',#11361);
#9037=LINE('',#11362,#11363);
#9038=VERTEX_POINT('NONE',#11364);
#9039=LINE('',#11365,#11366);
#9040=CIRCLE('',#11367,0.499999999999999);
#9041=FILL_AREA_STYLE_COLOUR('',#11368);
#9042=VERTEX_POINT('NONE',#11369);
#9043=VERTEX_POINT('NONE',#11370);
#9044=CIRCLE('',#11371,0.82);
#9045=VERTEX_POINT('NONE',#11372);
#9046=LINE('',#11373,#11374);
#9047=VERTEX_POINT('NONE',#11375);
#9048=CIRCLE('',#11376,0.82);
#9049=LINE('',#11377,#11378);
#9050=FILL_AREA_STYLE_COLOUR('',#11379);
#9051=VERTEX_POINT('NONE',#11380);
#9052=VERTEX_POINT('NONE',#11381);
#9053=CIRCLE('',#11382,0.6);
#9054=LINE('',#11383,#11384);
#9055=LINE('',#11385,#11386);
#9056=FILL_AREA_STYLE_COLOUR('',#11387);
#9057=VERTEX_POINT('NONE',#11388);
#9058=VERTEX_POINT('NONE',#11389);
#9059=LINE('',#11390,#11391);
#9060=VERTEX_POINT('NONE',#11392);
#9061=LINE('',#11393,#11394);
#9062=CIRCLE('',#11395,0.499999999999999);
#9063=FILL_AREA_STYLE_COLOUR('',#11396);
#9064=VERTEX_POINT('NONE',#11397);
#9065=VERTEX_POINT('NONE',#11398);
#9066=CIRCLE('',#11399,0.65);
#9067=VERTEX_POINT('NONE',#11400);
#9068=LINE('',#11401,#11402);
#9069=VERTEX_POINT('NONE',#11403);
#9070=CIRCLE('',#11404,0.65);
#9071=LINE('',#11405,#11406);
#9072=FILL_AREA_STYLE_COLOUR('',#11407);
#9073=VERTEX_POINT('NONE',#11408);
#9074=VERTEX_POINT('NONE',#11409);
#9075=CIRCLE('',#11410,0.435640646055101);
#9076=LINE('',#11411,#11412);
#9077=LINE('',#11413,#11414);
#9078=FILL_AREA_STYLE_COLOUR('',#11415);
#9079=VERTEX_POINT('NONE',#11416);
#9080=VERTEX_POINT('NONE',#11417);
#9081=CIRCLE('',#11418,0.8);
#9082=VERTEX_POINT('NONE',#11419);
#9083=LINE('',#11420,#11421);
#9084=VERTEX_POINT('NONE',#11422);
#9085=CIRCLE('',#11423,0.8);
#9086=LINE('',#11424,#11425);
#9087=FILL_AREA_STYLE_COLOUR('',#11426);
#9088=VERTEX_POINT('NONE',#11427);
#9089=VERTEX_POINT('NONE',#11428);
#9090=CIRCLE('',#11429,0.6);
#9091=LINE('',#11430,#11431);
#9092=LINE('',#11432,#11433);
#9093=FILL_AREA_STYLE_COLOUR('',#11434);
#9094=VERTEX_POINT('NONE',#11435);
#9095=VERTEX_POINT('NONE',#11436);
#9096=LINE('',#11437,#11438);
#9097=VERTEX_POINT('NONE',#11439);
#9098=LINE('',#11440,#11441);
#9099=CIRCLE('',#11442,0.499999999999999);
#9100=FILL_AREA_STYLE_COLOUR('',#11443);
#9101=VERTEX_POINT('NONE',#11444);
#9102=VERTEX_POINT('NONE',#11445);
#9103=CIRCLE('',#11446,0.82);
#9104=VERTEX_POINT('NONE',#11447);
#9105=LINE('',#11448,#11449);
#9106=VERTEX_POINT('NONE',#11450);
#9107=CIRCLE('',#11451,0.82);
#9108=LINE('',#11452,#11453);
#9109=FILL_AREA_STYLE_COLOUR('',#11454);
#9110=VERTEX_POINT('NONE',#11455);
#9111=VERTEX_POINT('NONE',#11456);
#9112=CIRCLE('',#11457,0.6);
#9113=LINE('',#11458,#11459);
#9114=LINE('',#11460,#11461);
#9115=FILL_AREA_STYLE_COLOUR('',#11462);
#9116=VERTEX_POINT('NONE',#11463);
#9117=VERTEX_POINT('NONE',#11464);
#9118=LINE('',#11465,#11466);
#9119=VERTEX_POINT('NONE',#11467);
#9120=LINE('',#11468,#11469);
#9121=CIRCLE('',#11470,0.499999999999999);
#9122=FILL_AREA_STYLE_COLOUR('',#11471);
#9123=VERTEX_POINT('NONE',#11472);
#9124=VERTEX_POINT('NONE',#11473);
#9125=LINE('',#11474,#11475);
#9126=VERTEX_POINT('NONE',#11476);
#9127=CIRCLE('',#11477,1.2);
#9128=VERTEX_POINT('NONE',#11478);
#9129=LINE('',#11479,#11480);
#9130=VERTEX_POINT('NONE',#11481);
#9131=CIRCLE('',#11482,1.0);
#9132=VERTEX_POINT('NONE',#11483);
#9133=LINE('',#11484,#11485);
#9134=LINE('',#11486,#11487);
#9135=FILL_AREA_STYLE_COLOUR('',#11488);
#9136=VERTEX_POINT('NONE',#11489);
#9137=VERTEX_POINT('NONE',#11490);
#9138=CIRCLE('',#11491,1.2);
#9139=VERTEX_POINT('NONE',#11492);
#9140=LINE('',#11493,#11494);
#9141=VERTEX_POINT('NONE',#11495);
#9142=LINE('',#11496,#11497);
#9143=VERTEX_POINT('NONE',#11498);
#9144=LINE('',#11499,#11500);
#9145=VERTEX_POINT('NONE',#11501);
#9146=CIRCLE('',#11502,1.0);
#9147=LINE('',#11503,#11504);
#9148=FILL_AREA_STYLE_COLOUR('',#11505);
#9149=VERTEX_POINT('NONE',#11506);
#9150=VERTEX_POINT('NONE',#11507);
#9151=LINE('',#11508,#11509);
#9152=VERTEX_POINT('NONE',#11510);
#9153=CIRCLE('',#11511,1.2);
#9154=VERTEX_POINT('NONE',#11512);
#9155=LINE('',#11513,#11514);
#9156=VERTEX_POINT('NONE',#11515);
#9157=CIRCLE('',#11516,1.2);
#9158=VERTEX_POINT('NONE',#11517);
#9159=LINE('',#11518,#11519);
#9160=LINE('',#11520,#11521);
#9161=FILL_AREA_STYLE_COLOUR('',#11522);
#9162=VERTEX_POINT('NONE',#11523);
#9163=VERTEX_POINT('NONE',#11524);
#9164=LINE('',#11525,#11526);
#9165=VERTEX_POINT('NONE',#11527);
#9166=LINE('',#11528,#11529);
#9167=VERTEX_POINT('NONE',#11530);
#9168=LINE('',#11531,#11532);
#9169=VERTEX_POINT('NONE',#11533);
#9170=LINE('',#11534,#11535);
#9171=VERTEX_POINT('NONE',#11536);
#9172=LINE('',#11537,#11538);
#9173=VERTEX_POINT('NONE',#11539);
#9174=LINE('',#11540,#11541);
#9175=VERTEX_POINT('NONE',#11542);
#9176=LINE('',#11543,#11544);
#9177=LINE('',#11545,#11546);
#9178=VERTEX_POINT('NONE',#11547);
#9179=LINE('',#11548,#11549);
#9180=VERTEX_POINT('NONE',#11550);
#9181=LINE('',#11551,#11552);
#9182=LINE('',#11553,#11554);
#9183=VERTEX_POINT('NONE',#11555);
#9184=LINE('',#11556,#11557);
#9185=VERTEX_POINT('NONE',#11558);
#9186=LINE('',#11559,#11560);
#9187=LINE('',#11561,#11562);
#9188=VERTEX_POINT('NONE',#11563);
#9189=VERTEX_POINT('NONE',#11564);
#9190=LINE('',#11565,#11566);
#9191=VERTEX_POINT('NONE',#11567);
#9192=LINE('',#11568,#11569);
#9193=VERTEX_POINT('NONE',#11570);
#9194=LINE('',#11571,#11572);
#9195=LINE('',#11573,#11574);
#9196=VERTEX_POINT('NONE',#11575);
#9197=VERTEX_POINT('NONE',#11576);
#9198=LINE('',#11577,#11578);
#9199=VERTEX_POINT('NONE',#11579);
#9200=LINE('',#11580,#11581);
#9201=VERTEX_POINT('NONE',#11582);
#9202=LINE('',#11583,#11584);
#9203=LINE('',#11585,#11586);
#9204=VERTEX_POINT('NONE',#11587);
#9205=VERTEX_POINT('NONE',#11588);
#9206=LINE('',#11589,#11590);
#9207=VERTEX_POINT('NONE',#11591);
#9208=LINE('',#11592,#11593);
#9209=VERTEX_POINT('NONE',#11594);
#9210=LINE('',#11595,#11596);
#9211=LINE('',#11597,#11598);
#9212=FILL_AREA_STYLE_COLOUR('',#11599);
#9213=CIRCLE('',#11600,0.8);
#9214=VERTEX_POINT('NONE',#11601);
#9215=CIRCLE('',#11602,1.0);
#9216=VERTEX_POINT('NONE',#11603);
#9217=LINE('',#11604,#11605);
#9218=VERTEX_POINT('NONE',#11606);
#9219=CIRCLE('',#11607,1.2);
#9220=VERTEX_POINT('NONE',#11608);
#9221=LINE('',#11609,#11610);
#9222=VERTEX_POINT('NONE',#11611);
#9223=CIRCLE('',#11612,1.2);
#9224=VERTEX_POINT('NONE',#11613);
#9225=LINE('',#11614,#11615);
#9226=CIRCLE('',#11616,1.0);
#9227=CIRCLE('',#11617,0.8);
#9228=CIRCLE('',#11618,0.8);
#9229=CIRCLE('',#11619,0.65);
#9230=CIRCLE('',#11620,0.82);
#9231=CIRCLE('',#11621,0.8);
#9232=CIRCLE('',#11622,0.65);
#9233=CIRCLE('',#11623,0.82);
#9234=CIRCLE('',#11624,0.595);
#9235=FILL_AREA_STYLE_COLOUR('',#11625);
#9236=VERTEX_POINT('NONE',#11626);
#9237=(B_SPLINE_CURVE(3,(#11628,#11629,#11630,#11631),.UNSPECIFIED.,.F.,.F.)B_SPLINE_CURVE_WITH_KNOTS((4,4),(2.55590711013264,3.1415926535898),.UNSPECIFIED.)RATIONAL_B_SPLINE_CURVE((1.0,0.971618071837558,0.971618071837558,1.0))BOUNDED_CURVE()REPRESENTATION_ITEM('')GEOMETRIC_REPRESENTATION_ITEM()CURVE());
#9238=LINE('',#11638,#11639);
#9239=LINE('',#11640,#11641);
#9240=FILL_AREA_STYLE_COLOUR('',#11642);
#9241=VERTEX_POINT('NONE',#11643);
#9242=LINE('',#11644,#11645);
#9243=LINE('',#11646,#11647);
#9244=FILL_AREA_STYLE_COLOUR('',#11648);
#9245=(B_SPLINE_CURVE(3,(#11650,#11651,#11652,#11653),.UNSPECIFIED.,.F.,.F.)B_SPLINE_CURVE_WITH_KNOTS((4,4),(3.14159265358979,3.78509376238308),.UNSPECIFIED.)RATIONAL_B_SPLINE_CURVE((1.0,0.965788865367008,0.965788865367008,1.0))BOUNDED_CURVE()REPRESENTATION_ITEM('')GEOMETRIC_REPRESENTATION_ITEM()CURVE());
#9246=FILL_AREA_STYLE_COLOUR('',#11660);
#9247=VERTEX_POINT('NONE',#11661);
#9248=(B_SPLINE_CURVE(3,(#11663,#11664,#11665,#11666),.UNSPECIFIED.,.F.,.F.)B_SPLINE_CURVE_WITH_KNOTS((4,4),(2.49809154479651,3.1415926535898),.UNSPECIFIED.)RATIONAL_B_SPLINE_CURVE((1.0,0.965788865367008,0.965788865367008,1.0))BOUNDED_CURVE()REPRESENTATION_ITEM('')GEOMETRIC_REPRESENTATION_ITEM()CURVE());
#9249=LINE('',#11673,#11674);
#9250=FILL_AREA_STYLE_COLOUR('',#11675);
#9251=VERTEX_POINT('NONE',#11676);
#9252=LINE('',#11677,#11678);
#9253=LINE('',#11679,#11680);
#9254=FILL_AREA_STYLE_COLOUR('',#11681);
#9255=VERTEX_POINT('NONE',#11682);
#9256=(B_SPLINE_CURVE(3,(#11684,#11685,#11686,#11687),.UNSPECIFIED.,.F.,.F.)B_SPLINE_CURVE_WITH_KNOTS((4,4),(3.14159265358979,3.72727819704694),.UNSPECIFIED.)RATIONAL_B_SPLINE_CURVE((1.0,0.971618071837558,0.971618071837558,1.0))BOUNDED_CURVE()REPRESENTATION_ITEM('')GEOMETRIC_REPRESENTATION_ITEM()CURVE());
#9257=VERTEX_POINT('NONE',#11694);
#9258=CIRCLE('',#11695,1.2);
#9259=LINE('',#11696,#11697);
#9260=FILL_AREA_STYLE_COLOUR('',#11698);
#9261=VERTEX_POINT('NONE',#11699);
#9262=LINE('',#11700,#11701);
#9263=VERTEX_POINT('NONE',#11702);
#9264=LINE('',#11703,#11704);
#9265=VERTEX_POINT('NONE',#11705);
#9266=LINE('',#11706,#11707);
#9267=LINE('',#11708,#11709);
#9268=FILL_AREA_STYLE_COLOUR('',#11710);
#9269=VERTEX_POINT('NONE',#11711);
#9270=VERTEX_POINT('NONE',#11712);
#9271=CIRCLE('',#11713,1.2);
#9272=VERTEX_POINT('NONE',#11714);
#9273=LINE('',#11715,#11716);
#9274=LINE('',#11717,#11718);
#9275=LINE('',#11719,#11720);
#9276=FILL_AREA_STYLE_COLOUR('',#11721);
#9277=VERTEX_POINT('NONE',#11722);
#9278=LINE('',#11723,#11724);
#9279=VERTEX_POINT('NONE',#11725);
#9280=LINE('',#11726,#11727);
#9281=LINE('',#11728,#11729);
#9282=FILL_AREA_STYLE_COLOUR('',#11730);
#9283=VERTEX_POINT('NONE',#11731);
#9284=LINE('',#11732,#11733);
#9285=VERTEX_POINT('NONE',#11734);
#9286=LINE('',#11735,#11736);
#9287=LINE('',#11737,#11738);
#9288=FILL_AREA_STYLE_COLOUR('',#11739);
#9289=LINE('',#11740,#11741);
#9290=LINE('',#11742,#11743);
#9291=FILL_AREA_STYLE_COLOUR('',#11744);
#9292=FILL_AREA_STYLE_COLOUR('',#11745);
#9293=VERTEX_POINT('NONE',#11746);
#9294=LINE('',#11747,#11748);
#9295=VERTEX_POINT('NONE',#11749);
#9296=LINE('',#11750,#11751);
#9297=LINE('',#11752,#11753);
#9298=FILL_AREA_STYLE_COLOUR('',#11754);
#9299=VERTEX_POINT('NONE',#11755);
#9300=LINE('',#11756,#11757);
#9301=VERTEX_POINT('NONE',#11758);
#9302=LINE('',#11759,#11760);
#9303=LINE('',#11761,#11762);
#9304=FILL_AREA_STYLE_COLOUR('',#11763);
#9305=LINE('',#11764,#11765);
#9306=LINE('',#11766,#11767);
#9307=FILL_AREA_STYLE_COLOUR('',#11768);
#9308=FILL_AREA_STYLE_COLOUR('',#11769);
#9309=LINE('',#11770,#11771);
#9310=FILL_AREA_STYLE_COLOUR('',#11772);
#9311=LINE('',#11773,#11774);
#9312=FILL_AREA_STYLE_COLOUR('',#11775);
#9313=CIRCLE('',#11776,0.499999999999999);
#9314=FILL_AREA_STYLE_COLOUR('',#11777);
#9315=CIRCLE('',#11778,0.6);
#9316=FILL_AREA_STYLE_COLOUR('',#11779);
#9317=CIRCLE('',#11780,0.82);
#9318=FILL_AREA_STYLE_COLOUR('',#11781);
#9319=FILL_AREA_STYLE_COLOUR('',#11782);
#9320=CIRCLE('',#11783,0.499999999999999);
#9321=FILL_AREA_STYLE_COLOUR('',#11784);
#9322=CIRCLE('',#11785,0.6);
#9323=FILL_AREA_STYLE_COLOUR('',#11786);
#9324=CIRCLE('',#11787,0.8);
#9325=FILL_AREA_STYLE_COLOUR('',#11788);
#9326=FILL_AREA_STYLE_COLOUR('',#11789);
#9327=CIRCLE('',#11790,0.435640646055101);
#9328=FILL_AREA_STYLE_COLOUR('',#11791);
#9329=CIRCLE('',#11792,0.65);
#9330=FILL_AREA_STYLE_COLOUR('',#11793);
#9331=FILL_AREA_STYLE_COLOUR('',#11794);
#9332=CIRCLE('',#11795,0.499999999999999);
#9333=FILL_AREA_STYLE_COLOUR('',#11796);
#9334=CIRCLE('',#11797,0.6);
#9335=FILL_AREA_STYLE_COLOUR('',#11798);
#9336=CIRCLE('',#11799,0.82);
#9337=FILL_AREA_STYLE_COLOUR('',#11800);
#9338=FILL_AREA_STYLE_COLOUR('',#11801);
#9339=CIRCLE('',#11802,0.499999999999999);
#9340=FILL_AREA_STYLE_COLOUR('',#11803);
#9341=CIRCLE('',#11804,0.6);
#9342=FILL_AREA_STYLE_COLOUR('',#11805);
#9343=CIRCLE('',#11806,0.8);
#9344=FILL_AREA_STYLE_COLOUR('',#11807);
#9345=FILL_AREA_STYLE_COLOUR('',#11808);
#9346=CIRCLE('',#11809,0.435640646055101);
#9347=FILL_AREA_STYLE_COLOUR('',#11810);
#9348=CIRCLE('',#11811,0.65);
#9349=FILL_AREA_STYLE_COLOUR('',#11812);
#9350=FILL_AREA_STYLE_COLOUR('',#11813);
#9351=CIRCLE('',#11814,0.8);
#9352=FILL_AREA_STYLE_COLOUR('',#11815);
#9353=CIRCLE('',#11816,0.8);
#9354=FILL_AREA_STYLE_COLOUR('',#11817);
#9355=VERTEX_POINT('NONE',#11818);
#9356=LINE('',#11819,#11820);
#9357=VERTEX_POINT('NONE',#11821);
#9358=CIRCLE('',#11822,3.0);
#9359=LINE('',#11823,#11824);
#9360=FILL_AREA_STYLE_COLOUR('',#11825);
#9361=VERTEX_POINT('NONE',#11826);
#9362=LINE('',#11827,#11828);
#9363=VERTEX_POINT('NONE',#11829);
#9364=LINE('',#11830,#11831);
#9365=CIRCLE('',#11832,3.0);
#9366=FILL_AREA_STYLE_COLOUR('',#11833);
#9367=VERTEX_POINT('NONE',#11834);
#9368=CIRCLE('',#11835,2.7);
#9369=VERTEX_POINT('NONE',#11836);
#9370=B_SPLINE_CURVE_WITH_KNOTS('',3,(#11837,#11838,#11839,#11840),.UNSPECIFIED.,.F.,.F.,(4,4),(0.00317714961191843,0.00344196875554078),.UNSPECIFIED.);
#9371=VERTEX_POINT('NONE',#11841);
#9372=B_SPLINE_CURVE_WITH_KNOTS('',3,(#11842,#11843,#11844,#11845),.UNSPECIFIED.,.F.,.F.,(4,4),(0.000190494803960708,0.000369129398591968),.UNSPECIFIED.);
#9373=VERTEX_POINT('NONE',#11846);
#9374=B_SPLINE_CURVE_WITH_KNOTS('',3,(#11847,#11848,#11849,#11850),.UNSPECIFIED.,.F.,.F.,(4,4),(3.0272981869002E-07,0.000369122404524549),.UNSPECIFIED.);
#9375=VERTEX_POINT('NONE',#11851);
#9376=CIRCLE('',#11852,3.0);
#9377=VERTEX_POINT('NONE',#11853);
#9378=B_SPLINE_CURVE_WITH_KNOTS('',3,(#11854,#11855,#11856,#11857),.UNSPECIFIED.,.F.,.F.,(4,4),(2.81223187919225E-07,0.000369100897893811),.UNSPECIFIED.);
#9379=VERTEX_POINT('NONE',#11858);
#9380=B_SPLINE_CURVE_WITH_KNOTS('',3,(#11859,#11860,#11861,#11862),.UNSPECIFIED.,.F.,.F.,(4,4),(2.74873193975357E-07,0.000369094547899867),.UNSPECIFIED.);
#9381=VERTEX_POINT('NONE',#11863);
#9382=CIRCLE('',#11864,3.0);
#9383=VERTEX_POINT('NONE',#11865);
#9384=B_SPLINE_CURVE_WITH_KNOTS('',3,(#11866,#11867,#11868,#11869),.UNSPECIFIED.,.F.,.F.,(4,4),(2.63466546024406E-07,0.000369083141251933),.UNSPECIFIED.);
#9385=VERTEX_POINT('NONE',#11870);
#9386=B_SPLINE_CURVE_WITH_KNOTS('',3,(#11871,#11872,#11873,#11874),.UNSPECIFIED.,.F.,.F.,(4,4),(2.57517776483922E-07,0.000369077192482393),.UNSPECIFIED.);
#9387=VERTEX_POINT('NONE',#11875);
#9388=CIRCLE('',#11876,3.0);
#9389=VERTEX_POINT('NONE',#11877);
#9390=B_SPLINE_CURVE_WITH_KNOTS('',3,(#11878,#11879,#11880,#11881),.UNSPECIFIED.,.F.,.F.,(4,4),(2.53694914896969E-07,0.000369073369620815),.UNSPECIFIED.);
#9391=VERTEX_POINT('NONE',#11882);
#9392=B_SPLINE_CURVE_WITH_KNOTS('',3,(#11883,#11884,#11885,#11886),.UNSPECIFIED.,.F.,.F.,(4,4),(2.47966926400839E-07,0.00036906764163232),.UNSPECIFIED.);
#9393=VERTEX_POINT('NONE',#11887);
#9394=CIRCLE('',#11888,3.0);
#9395=VERTEX_POINT('NONE',#11889);
#9396=B_SPLINE_CURVE_WITH_KNOTS('',3,(#11890,#11891,#11892,#11893),.UNSPECIFIED.,.F.,.F.,(4,4),(0.000501664705723093,0.000870433406886926),.UNSPECIFIED.);
#9397=VERTEX_POINT('NONE',#11894);
#9398=B_SPLINE_CURVE_WITH_KNOTS('',3,(#11895,#11896,#11897,#11898),.UNSPECIFIED.,.F.,.F.,(4,4),(0.000654666471236744,0.00102324360407599),.UNSPECIFIED.);
#9399=VERTEX_POINT('NONE',#11899);
#9400=CIRCLE('',#11900,3.0);
#9401=VERTEX_POINT('NONE',#11901);
#9402=B_SPLINE_CURVE_WITH_KNOTS('',3,(#11902,#11903,#11904,#11905),.UNSPECIFIED.,.F.,.F.,(4,4),(2.53694914896769E-07,0.000369073369620816),.UNSPECIFIED.);
#9403=VERTEX_POINT('NONE',#11906);
#9404=B_SPLINE_CURVE_WITH_KNOTS('',3,(#11907,#11908,#11909,#11910),.UNSPECIFIED.,.F.,.F.,(4,4),(2.47966926400866E-07,0.00036906764163232),.UNSPECIFIED.);
#9405=VERTEX_POINT('NONE',#11911);
#9406=CIRCLE('',#11912,3.0);
#9407=VERTEX_POINT('NONE',#11913);
#9408=B_SPLINE_CURVE_WITH_KNOTS('',3,(#11914,#11915,#11916,#11917),.UNSPECIFIED.,.F.,.F.,(4,4),(2.63466546024293E-07,0.000369083141251934),.UNSPECIFIED.);
#9409=VERTEX_POINT('NONE',#11918);
#9410=B_SPLINE_CURVE_WITH_KNOTS('',3,(#11919,#11920,#11921,#11922),.UNSPECIFIED.,.F.,.F.,(4,4),(2.57517776483922E-07,0.000369077192482392),.UNSPECIFIED.);
#9411=VERTEX_POINT('NONE',#11923);
#9412=CIRCLE('',#11924,3.0);
#9413=VERTEX_POINT('NONE',#11925);
#9414=B_SPLINE_CURVE_WITH_KNOTS('',3,(#11926,#11927,#11928,#11929),.UNSPECIFIED.,.F.,.F.,(4,4),(2.81223187921032E-07,0.000369100897893811),.UNSPECIFIED.);
#9415=VERTEX_POINT('NONE',#11930);
#9416=B_SPLINE_CURVE_WITH_KNOTS('',3,(#11931,#11932,#11933,#11934),.UNSPECIFIED.,.F.,.F.,(4,4),(2.74873193975395E-07,0.000369094547899866),.UNSPECIFIED.);
#9417=VERTEX_POINT('NONE',#11935);
#9418=CIRCLE('',#11936,3.0);
#9419=VERTEX_POINT('NONE',#11937);
#9420=B_SPLINE_CURVE_WITH_KNOTS('',3,(#11938,#11939,#11940,#11941),.UNSPECIFIED.,.F.,.F.,(4,4),(3.09723886105822E-07,0.000369129398591967),.UNSPECIFIED.);
#9421=VERTEX_POINT('NONE',#11942);
#9422=B_SPLINE_CURVE_WITH_KNOTS('',3,(#11943,#11944,#11945,#11946),.UNSPECIFIED.,.F.,.F.,(4,4),(3.02729818690222E-07,0.000369122404524551),.UNSPECIFIED.);
#9423=VERTEX_POINT('NONE',#11947);
#9424=CIRCLE('',#11948,3.0);
#9425=B_SPLINE_CURVE_WITH_KNOTS('',3,(#11949,#11950,#11951,#11952),.UNSPECIFIED.,.F.,.F.,(4,4),(3.31889431156712E-07,0.00036915156413644),.UNSPECIFIED.);
#9426=FILL_AREA_STYLE_COLOUR('',#11953);
#9427=VERTEX_POINT('NONE',#11954);
#9428=LINE('',#11955,#11956);
#9429=VERTEX_POINT('NONE',#11957);
#9430=CIRCLE('',#11958,3.0);
#9431=LINE('',#11959,#11960);
#9432=FILL_AREA_STYLE_COLOUR('',#11961);
#9433=VERTEX_POINT('NONE',#11962);
#9434=LINE('',#11963,#11964);
#9435=VERTEX_POINT('NONE',#11965);
#9436=CIRCLE('',#11966,3.0);
#9437=LINE('',#11967,#11968);
#9438=FILL_AREA_STYLE_COLOUR('',#11969);
#9439=VERTEX_POINT('NONE',#11970);
#9440=LINE('',#11971,#11972);
#9441=VERTEX_POINT('NONE',#11973);
#9442=CIRCLE('',#11974,3.0);
#9443=LINE('',#11975,#11976);
#9444=FILL_AREA_STYLE_COLOUR('',#11977);
#9445=VERTEX_POINT('NONE',#11978);
#9446=LINE('',#11979,#11980);
#9447=VERTEX_POINT('NONE',#11981);
#9448=CIRCLE('',#11982,3.0);
#9449=LINE('',#11983,#11984);
#9450=FILL_AREA_STYLE_COLOUR('',#11985);
#9451=VERTEX_POINT('NONE',#11986);
#9452=LINE('',#11987,#11988);
#9453=VERTEX_POINT('NONE',#11989);
#9454=CIRCLE('',#11990,3.0);
#9455=LINE('',#11991,#11992);
#9456=FILL_AREA_STYLE_COLOUR('',#11993);
#9457=VERTEX_POINT('NONE',#11994);
#9458=LINE('',#11995,#11996);
#9459=VERTEX_POINT('NONE',#11997);
#9460=CIRCLE('',#11998,3.0);
#9461=LINE('',#11999,#12000);
#9462=FILL_AREA_STYLE_COLOUR('',#12001);
#9463=VERTEX_POINT('NONE',#12002);
#9464=LINE('',#12003,#12004);
#9465=VERTEX_POINT('NONE',#12005);
#9466=CIRCLE('',#12006,3.0);
#9467=LINE('',#12007,#12008);
#9468=FILL_AREA_STYLE_COLOUR('',#12009);
#9469=VERTEX_POINT('NONE',#12010);
#9470=LINE('',#12011,#12012);
#9471=VERTEX_POINT('NONE',#12013);
#9472=CIRCLE('',#12014,3.0);
#9473=LINE('',#12015,#12016);
#9474=FILL_AREA_STYLE_COLOUR('',#12017);
#9475=VERTEX_POINT('NONE',#12018);
#9476=LINE('',#12019,#12020);
#9477=VERTEX_POINT('NONE',#12021);
#9478=CIRCLE('',#12022,3.0);
#9479=LINE('',#12023,#12024);
#9480=FILL_AREA_STYLE_COLOUR('',#12025);
#9481=VERTEX_POINT('NONE',#12026);
#9482=LINE('',#12027,#12028);
#9483=VERTEX_POINT('NONE',#12029);
#9484=CIRCLE('',#12030,3.0);
#9485=LINE('',#12031,#12032);
#9486=FILL_AREA_STYLE_COLOUR('',#12033);
#9487=VERTEX_POINT('NONE',#12034);
#9488=LINE('',#12035,#12036);
#9489=VERTEX_POINT('NONE',#12037);
#9490=CIRCLE('',#12038,3.0);
#9491=LINE('',#12039,#12040);
#9492=FILL_AREA_STYLE_COLOUR('',#12041);
#9493=VERTEX_POINT('NONE',#12042);
#9494=LINE('',#12043,#12044);
#9495=VERTEX_POINT('NONE',#12045);
#9496=CIRCLE('',#12046,3.0);
#9497=LINE('',#12047,#12048);
#9498=FILL_AREA_STYLE_COLOUR('',#12049);
#9499=VERTEX_POINT('NONE',#12050);
#9500=LINE('',#12051,#12052);
#9501=VERTEX_POINT('NONE',#12053);
#9502=CIRCLE('',#12054,3.0);
#9503=LINE('',#12055,#12056);
#9504=FILL_AREA_STYLE_COLOUR('',#12057);
#9505=VERTEX_POINT('NONE',#12058);
#9506=LINE('',#12059,#12060);
#9507=VERTEX_POINT('NONE',#12061);
#9508=CIRCLE('',#12062,3.0);
#9509=LINE('',#12063,#12064);
#9510=FILL_AREA_STYLE_COLOUR('',#12065);
#9511=VERTEX_POINT('NONE',#12066);
#9512=LINE('',#12067,#12068);
#9513=VERTEX_POINT('NONE',#12069);
#9514=CIRCLE('',#12070,3.0);
#9515=LINE('',#12071,#12072);
#9516=FILL_AREA_STYLE_COLOUR('',#12073);
#9517=VERTEX_POINT('NONE',#12074);
#9518=LINE('',#12075,#12076);
#9519=VERTEX_POINT('NONE',#12077);
#9520=CIRCLE('',#12078,3.0);
#9521=LINE('',#12079,#12080);
#9522=FILL_AREA_STYLE_COLOUR('',#12081);
#9523=VERTEX_POINT('NONE',#12082);
#9524=LINE('',#12083,#12084);
#9525=VERTEX_POINT('NONE',#12085);
#9526=CIRCLE('',#12086,3.0);
#9527=LINE('',#12087,#12088);
#9528=FILL_AREA_STYLE_COLOUR('',#12089);
#9529=VERTEX_POINT('NONE',#12090);
#9530=VERTEX_POINT('NONE',#12091);
#9531=LINE('',#12092,#12093);
#9532=VERTEX_POINT('NONE',#12094);
#9533=CIRCLE('',#12095,3.0);
#9534=VERTEX_POINT('NONE',#12096);
#9535=LINE('',#12097,#12098);
#9536=CIRCLE('',#12099,3.0);
#9537=FILL_AREA_STYLE_COLOUR('',#12100);
#9538=VERTEX_POINT('NONE',#12101);
#9539=VERTEX_POINT('NONE',#12102);
#9540=LINE('',#12103,#12104);
#9541=VERTEX_POINT('NONE',#12105);
#9542=CIRCLE('',#12106,3.0);
#9543=VERTEX_POINT('NONE',#12107);
#9544=LINE('',#12108,#12109);
#9545=CIRCLE('',#12110,3.0);
#9546=FILL_AREA_STYLE_COLOUR('',#12111);
#9547=VERTEX_POINT('NONE',#12112);
#9548=LINE('',#12113,#12114);
#9549=VERTEX_POINT('NONE',#12115);
#9550=CIRCLE('',#12116,3.0);
#9551=LINE('',#12117,#12118);
#9552=FILL_AREA_STYLE_COLOUR('',#12119);
#9553=VERTEX_POINT('NONE',#12120);
#9554=LINE('',#12121,#12122);
#9555=VERTEX_POINT('NONE',#12123);
#9556=CIRCLE('',#12124,3.0);
#9557=LINE('',#12125,#12126);
#9558=FILL_AREA_STYLE_COLOUR('',#12127);
#9559=VERTEX_POINT('NONE',#12128);
#9560=LINE('',#12129,#12130);
#9561=VERTEX_POINT('NONE',#12131);
#9562=CIRCLE('',#12132,3.0);
#9563=LINE('',#12133,#12134);
#9564=FILL_AREA_STYLE_COLOUR('',#12135);
#9565=VERTEX_POINT('NONE',#12136);
#9566=LINE('',#12137,#12138);
#9567=VERTEX_POINT('NONE',#12139);
#9568=CIRCLE('',#12140,3.0);
#9569=LINE('',#12141,#12142);
#9570=FILL_AREA_STYLE_COLOUR('',#12143);
#9571=VERTEX_POINT('NONE',#12144);
#9572=LINE('',#12145,#12146);
#9573=VERTEX_POINT('NONE',#12147);
#9574=CIRCLE('',#12148,3.0);
#9575=LINE('',#12149,#12150);
#9576=FILL_AREA_STYLE_COLOUR('',#12151);
#9577=VERTEX_POINT('NONE',#12152);
#9578=LINE('',#12153,#12154);
#9579=VERTEX_POINT('NONE',#12155);
#9580=CIRCLE('',#12156,3.0);
#9581=LINE('',#12157,#12158);
#9582=FILL_AREA_STYLE_COLOUR('',#12159);
#9583=VERTEX_POINT('NONE',#12160);
#9584=LINE('',#12161,#12162);
#9585=VERTEX_POINT('NONE',#12163);
#9586=CIRCLE('',#12164,3.0);
#9587=LINE('',#12165,#12166);
#9588=FILL_AREA_STYLE_COLOUR('',#12167);
#9589=VERTEX_POINT('NONE',#12168);
#9590=LINE('',#12169,#12170);
#9591=VERTEX_POINT('NONE',#12171);
#9592=CIRCLE('',#12172,3.0);
#9593=LINE('',#12173,#12174);
#9594=FILL_AREA_STYLE_COLOUR('',#12175);
#9595=VERTEX_POINT('NONE',#12176);
#9596=LINE('',#12177,#12178);
#9597=VERTEX_POINT('NONE',#12179);
#9598=CIRCLE('',#12180,3.0);
#9599=LINE('',#12181,#12182);
#9600=FILL_AREA_STYLE_COLOUR('',#12183);
#9601=VERTEX_POINT('NONE',#12184);
#9602=LINE('',#12185,#12186);
#9603=VERTEX_POINT('NONE',#12187);
#9604=CIRCLE('',#12188,3.0);
#9605=LINE('',#12189,#12190);
#9606=FILL_AREA_STYLE_COLOUR('',#12191);
#9607=VERTEX_POINT('NONE',#12192);
#9608=LINE('',#12193,#12194);
#9609=VERTEX_POINT('NONE',#12195);
#9610=CIRCLE('',#12196,3.0);
#9611=LINE('',#12197,#12198);
#9612=FILL_AREA_STYLE_COLOUR('',#12199);
#9613=VERTEX_POINT('NONE',#12200);
#9614=LINE('',#12201,#12202);
#9615=VERTEX_POINT('NONE',#12203);
#9616=CIRCLE('',#12204,3.0);
#9617=LINE('',#12205,#12206);
#9618=FILL_AREA_STYLE_COLOUR('',#12207);
#9619=VERTEX_POINT('NONE',#12208);
#9620=LINE('',#12209,#12210);
#9621=VERTEX_POINT('NONE',#12211);
#9622=CIRCLE('',#12212,3.0);
#9623=LINE('',#12213,#12214);
#9624=FILL_AREA_STYLE_COLOUR('',#12215);
#9625=VERTEX_POINT('NONE',#12216);
#9626=LINE('',#12217,#12218);
#9627=VERTEX_POINT('NONE',#12219);
#9628=CIRCLE('',#12220,3.0);
#9629=LINE('',#12221,#12222);
#9630=FILL_AREA_STYLE_COLOUR('',#12223);
#9631=VERTEX_POINT('NONE',#12224);
#9632=LINE('',#12225,#12226);
#9633=VERTEX_POINT('NONE',#12227);
#9634=CIRCLE('',#12228,3.0);
#9635=LINE('',#12229,#12230);
#9636=FILL_AREA_STYLE_COLOUR('',#12231);
#9637=VERTEX_POINT('NONE',#12232);
#9638=LINE('',#12233,#12234);
#9639=VERTEX_POINT('NONE',#12235);
#9640=CIRCLE('',#12236,3.0);
#9641=LINE('',#12237,#12238);
#9642=FILL_AREA_STYLE_COLOUR('',#12239);
#9643=VERTEX_POINT('NONE',#12240);
#9644=LINE('',#12241,#12242);
#9645=VERTEX_POINT('NONE',#12243);
#9646=CIRCLE('',#12244,3.0);
#9647=LINE('',#12245,#12246);
#9648=FILL_AREA_STYLE_COLOUR('',#12247);
#9649=VERTEX_POINT('NONE',#12248);
#9650=LINE('',#12249,#12250);
#9651=VERTEX_POINT('NONE',#12251);
#9652=CIRCLE('',#12252,3.0);
#9653=LINE('',#12253,#12254);
#9654=FILL_AREA_STYLE_COLOUR('',#12255);
#9655=VERTEX_POINT('NONE',#12256);
#9656=LINE('',#12257,#12258);
#9657=VERTEX_POINT('NONE',#12259);
#9658=CIRCLE('',#12260,3.0);
#9659=LINE('',#12261,#12262);
#9660=FILL_AREA_STYLE_COLOUR('',#12263);
#9661=CIRCLE('',#12264,3.055);
#9662=CIRCLE('',#12265,3.055);
#9663=FILL_AREA_STYLE_COLOUR('',#12266);
#9664=CIRCLE('',#12267,3.025);
#9665=FILL_AREA_STYLE_COLOUR('',#12268);
#9666=CIRCLE('',#12269,3.025);
#9667=FILL_AREA_STYLE_COLOUR('',#12270);
#9668=VERTEX_POINT('NONE',#12271);
#9669=LINE('',#12272,#12273);
#9670=LINE('',#12274,#12275);
#9671=VERTEX_POINT('NONE',#12276);
#9672=LINE('',#12277,#12278);
#9673=LINE('',#12279,#12280);
#9674=VERTEX_POINT('NONE',#12281);
#9675=LINE('',#12282,#12283);
#9676=LINE('',#12284,#12285);
#9677=VERTEX_POINT('NONE',#12286);
#9678=LINE('',#12287,#12288);
#9679=LINE('',#12289,#12290);
#9680=VERTEX_POINT('NONE',#12291);
#9681=LINE('',#12292,#12293);
#9682=LINE('',#12294,#12295);
#9683=VERTEX_POINT('NONE',#12296);
#9684=LINE('',#12297,#12298);
#9685=LINE('',#12299,#12300);
#9686=VERTEX_POINT('NONE',#12301);
#9687=LINE('',#12302,#12303);
#9688=LINE('',#12304,#12305);
#9689=VERTEX_POINT('NONE',#12306);
#9690=LINE('',#12307,#12308);
#9691=LINE('',#12309,#12310);
#9692=VERTEX_POINT('NONE',#12311);
#9693=LINE('',#12312,#12313);
#9694=LINE('',#12314,#12315);
#9695=VERTEX_POINT('NONE',#12316);
#9696=LINE('',#12317,#12318);
#9697=LINE('',#12319,#12320);
#9698=VERTEX_POINT('NONE',#12321);
#9699=LINE('',#12322,#12323);
#9700=LINE('',#12324,#12325);
#9701=VERTEX_POINT('NONE',#12326);
#9702=LINE('',#12327,#12328);
#9703=LINE('',#12329,#12330);
#9704=VERTEX_POINT('NONE',#12331);
#9705=LINE('',#12332,#12333);
#9706=LINE('',#12334,#12335);
#9707=VERTEX_POINT('NONE',#12336);
#9708=LINE('',#12337,#12338);
#9709=LINE('',#12339,#12340);
#9710=VERTEX_POINT('NONE',#12341);
#9711=LINE('',#12342,#12343);
#9712=LINE('',#12344,#12345);
#9713=VERTEX_POINT('NONE',#12346);
#9714=LINE('',#12347,#12348);
#9715=LINE('',#12349,#12350);
#9716=VERTEX_POINT('NONE',#12351);
#9717=LINE('',#12352,#12353);
#9718=LINE('',#12354,#12355);
#9719=VERTEX_POINT('NONE',#12356);
#9720=LINE('',#12357,#12358);
#9721=LINE('',#12359,#12360);
#9722=VERTEX_POINT('NONE',#12361);
#9723=LINE('',#12362,#12363);
#9724=LINE('',#12364,#12365);
#9725=VERTEX_POINT('NONE',#12366);
#9726=LINE('',#12367,#12368);
#9727=LINE('',#12369,#12370);
#9728=VERTEX_POINT('NONE',#12371);
#9729=LINE('',#12372,#12373);
#9730=LINE('',#12374,#12375);
#9731=VERTEX_POINT('NONE',#12376);
#9732=LINE('',#12377,#12378);
#9733=LINE('',#12379,#12380);
#9734=VERTEX_POINT('NONE',#12381);
#9735=LINE('',#12382,#12383);
#9736=LINE('',#12384,#12385);
#9737=VERTEX_POINT('NONE',#12386);
#9738=LINE('',#12387,#12388);
#9739=LINE('',#12389,#12390);
#9740=VERTEX_POINT('NONE',#12391);
#9741=LINE('',#12392,#12393);
#9742=LINE('',#12394,#12395);
#9743=VERTEX_POINT('NONE',#12396);
#9744=LINE('',#12397,#12398);
#9745=LINE('',#12399,#12400);
#9746=VERTEX_POINT('NONE',#12401);
#9747=LINE('',#12402,#12403);
#9748=LINE('',#12404,#12405);
#9749=VERTEX_POINT('NONE',#12406);
#9750=LINE('',#12407,#12408);
#9751=LINE('',#12409,#12410);
#9752=VERTEX_POINT('NONE',#12411);
#9753=LINE('',#12412,#12413);
#9754=LINE('',#12414,#12415);
#9755=VERTEX_POINT('NONE',#12416);
#9756=LINE('',#12417,#12418);
#9757=LINE('',#12419,#12420);
#9758=VERTEX_POINT('NONE',#12421);
#9759=LINE('',#12422,#12423);
#9760=LINE('',#12424,#12425);
#9761=VERTEX_POINT('NONE',#12426);
#9762=LINE('',#12427,#12428);
#9763=LINE('',#12429,#12430);
#9764=VERTEX_POINT('NONE',#12431);
#9765=LINE('',#12432,#12433);
#9766=LINE('',#12434,#12435);
#9767=VERTEX_POINT('NONE',#12436);
#9768=LINE('',#12437,#12438);
#9769=LINE('',#12439,#12440);
#9770=VERTEX_POINT('NONE',#12441);
#9771=LINE('',#12442,#12443);
#9772=LINE('',#12444,#12445);
#9773=VERTEX_POINT('NONE',#12446);
#9774=LINE('',#12447,#12448);
#9775=LINE('',#12449,#12450);
#9776=VERTEX_POINT('NONE',#12451);
#9777=LINE('',#12452,#12453);
#9778=LINE('',#12454,#12455);
#9779=VERTEX_POINT('NONE',#12456);
#9780=LINE('',#12457,#12458);
#9781=LINE('',#12459,#12460);
#9782=VERTEX_POINT('NONE',#12461);
#9783=LINE('',#12462,#12463);
#9784=LINE('',#12464,#12465);
#9785=VERTEX_POINT('NONE',#12466);
#9786=LINE('',#12467,#12468);
#9787=LINE('',#12469,#12470);
#9788=FILL_AREA_STYLE_COLOUR('',#12471);
#9789=VERTEX_POINT('NONE',#12472);
#9790=LINE('',#12473,#12474);
#9791=VERTEX_POINT('NONE',#12475);
#9792=LINE('',#12476,#12477);
#9793=LINE('',#12478,#12479);
#9794=FILL_AREA_STYLE_COLOUR('',#12480);
#9795=LINE('',#12481,#12482);
#9796=FILL_AREA_STYLE_COLOUR('',#12483);
#9797=FILL_AREA_STYLE_COLOUR('',#12484);
#9798=LINE('',#12485,#12486);
#9799=FILL_AREA_STYLE_COLOUR('',#12487);
#9800=FILL_AREA_STYLE_COLOUR('',#12488);
#9801=LINE('',#12489,#12490);
#9802=FILL_AREA_STYLE_COLOUR('',#12491);
#9803=FILL_AREA_STYLE_COLOUR('',#12492);
#9804=LINE('',#12493,#12494);
#9805=FILL_AREA_STYLE_COLOUR('',#12495);
#9806=FILL_AREA_STYLE_COLOUR('',#12496);
#9807=LINE('',#12497,#12498);
#9808=FILL_AREA_STYLE_COLOUR('',#12499);
#9809=FILL_AREA_STYLE_COLOUR('',#12500);
#9810=LINE('',#12501,#12502);
#9811=FILL_AREA_STYLE_COLOUR('',#12503);
#9812=FILL_AREA_STYLE_COLOUR('',#12504);
#9813=LINE('',#12505,#12506);
#9814=FILL_AREA_STYLE_COLOUR('',#12507);
#9815=FILL_AREA_STYLE_COLOUR('',#12508);
#9816=LINE('',#12509,#12510);
#9817=FILL_AREA_STYLE_COLOUR('',#12511);
#9818=FILL_AREA_STYLE_COLOUR('',#12512);
#9819=LINE('',#12513,#12514);
#9820=FILL_AREA_STYLE_COLOUR('',#12515);
#9821=FILL_AREA_STYLE_COLOUR('',#12516);
#9822=LINE('',#12517,#12518);
#9823=FILL_AREA_STYLE_COLOUR('',#12519);
#9824=FILL_AREA_STYLE_COLOUR('',#12520);
#9825=LINE('',#12521,#12522);
#9826=FILL_AREA_STYLE_COLOUR('',#12523);
#9827=FILL_AREA_STYLE_COLOUR('',#12524);
#9828=LINE('',#12525,#12526);
#9829=FILL_AREA_STYLE_COLOUR('',#12527);
#9830=FILL_AREA_STYLE_COLOUR('',#12528);
#9831=LINE('',#12529,#12530);
#9832=FILL_AREA_STYLE_COLOUR('',#12531);
#9833=FILL_AREA_STYLE_COLOUR('',#12532);
#9834=LINE('',#12533,#12534);
#9835=FILL_AREA_STYLE_COLOUR('',#12535);
#9836=FILL_AREA_STYLE_COLOUR('',#12536);
#9837=LINE('',#12537,#12538);
#9838=FILL_AREA_STYLE_COLOUR('',#12539);
#9839=FILL_AREA_STYLE_COLOUR('',#12540);
#9840=LINE('',#12541,#12542);
#9841=FILL_AREA_STYLE_COLOUR('',#12543);
#9842=FILL_AREA_STYLE_COLOUR('',#12544);
#9843=LINE('',#12545,#12546);
#9844=FILL_AREA_STYLE_COLOUR('',#12547);
#9845=FILL_AREA_STYLE_COLOUR('',#12548);
#9846=LINE('',#12549,#12550);
#9847=FILL_AREA_STYLE_COLOUR('',#12551);
#9848=FILL_AREA_STYLE_COLOUR('',#12552);
#9849=LINE('',#12553,#12554);
#9850=FILL_AREA_STYLE_COLOUR('',#12555);
#9851=FILL_AREA_STYLE_COLOUR('',#12556);
#9852=LINE('',#12557,#12558);
#9853=FILL_AREA_STYLE_COLOUR('',#12559);
#9854=VERTEX_POINT('NONE',#12560);
#9855=LINE('',#12561,#12562);
#9856=LINE('',#12563,#12564);
#9857=FILL_AREA_STYLE_COLOUR('',#12565);
#9858=VERTEX_POINT('NONE',#12566);
#9859=LINE('',#12567,#12568);
#9860=LINE('',#12569,#12570);
#9861=FILL_AREA_STYLE_COLOUR('',#12571);
#9862=LINE('',#12572,#12573);
#9863=FILL_AREA_STYLE_COLOUR('',#12574);
#9864=VERTEX_POINT('NONE',#12575);
#9865=LINE('',#12576,#12577);
#9866=LINE('',#12578,#12579);
#9867=LINE('',#12580,#12581);
#9868=FILL_AREA_STYLE_COLOUR('',#12582);
#9869=FILL_AREA_STYLE_COLOUR('',#12583);
#9870=LINE('',#12584,#12585);
#9871=FILL_AREA_STYLE_COLOUR('',#12586);
#9872=FILL_AREA_STYLE_COLOUR('',#12587);
#9873=LINE('',#12588,#12589);
#9874=FILL_AREA_STYLE_COLOUR('',#12590);
#9875=FILL_AREA_STYLE_COLOUR('',#12591);
#9876=LINE('',#12592,#12593);
#9877=FILL_AREA_STYLE_COLOUR('',#12594);
#9878=FILL_AREA_STYLE_COLOUR('',#12595);
#9879=LINE('',#12596,#12597);
#9880=FILL_AREA_STYLE_COLOUR('',#12598);
#9881=FILL_AREA_STYLE_COLOUR('',#12599);
#9882=LINE('',#12600,#12601);
#9883=FILL_AREA_STYLE_COLOUR('',#12602);
#9884=FILL_AREA_STYLE_COLOUR('',#12603);
#9885=LINE('',#12604,#12605);
#9886=FILL_AREA_STYLE_COLOUR('',#12606);
#9887=FILL_AREA_STYLE_COLOUR('',#12607);
#9888=LINE('',#12608,#12609);
#9889=FILL_AREA_STYLE_COLOUR('',#12610);
#9890=FILL_AREA_STYLE_COLOUR('',#12611);
#9891=LINE('',#12612,#12613);
#9892=FILL_AREA_STYLE_COLOUR('',#12614);
#9893=FILL_AREA_STYLE_COLOUR('',#12615);
#9894=LINE('',#12616,#12617);
#9895=FILL_AREA_STYLE_COLOUR('',#12618);
#9896=FILL_AREA_STYLE_COLOUR('',#12619);
#9897=LINE('',#12620,#12621);
#9898=FILL_AREA_STYLE_COLOUR('',#12622);
#9899=FILL_AREA_STYLE_COLOUR('',#12623);
#9900=LINE('',#12624,#12625);
#9901=FILL_AREA_STYLE_COLOUR('',#12626);
#9902=FILL_AREA_STYLE_COLOUR('',#12627);
#9903=LINE('',#12628,#12629);
#9904=FILL_AREA_STYLE_COLOUR('',#12630);
#9905=FILL_AREA_STYLE_COLOUR('',#12631);
#9906=LINE('',#12632,#12633);
#9907=FILL_AREA_STYLE_COLOUR('',#12634);
#9908=FILL_AREA_STYLE_COLOUR('',#12635);
#9909=LINE('',#12636,#12637);
#9910=FILL_AREA_STYLE_COLOUR('',#12638);
#9911=FILL_AREA_STYLE_COLOUR('',#12639);
#9912=LINE('',#12640,#12641);
#9913=FILL_AREA_STYLE_COLOUR('',#12642);
#9914=FILL_AREA_STYLE_COLOUR('',#12643);
#9915=LINE('',#12644,#12645);
#9916=FILL_AREA_STYLE_COLOUR('',#12646);
#9917=FILL_AREA_STYLE_COLOUR('',#12647);
#9918=LINE('',#12648,#12649);
#9919=FILL_AREA_STYLE_COLOUR('',#12650);
#9920=FILL_AREA_STYLE_COLOUR('',#12651);
#9921=LINE('',#12652,#12653);
#9922=FILL_AREA_STYLE_COLOUR('',#12654);
#9923=FILL_AREA_STYLE_COLOUR('',#12655);
#9924=VERTEX_POINT('NONE',#12656);
#9925=LINE('',#12657,#12658);
#9926=LINE('',#12659,#12660);
#9927=FILL_AREA_STYLE_COLOUR('',#12661);
#9928=VERTEX_POINT('NONE',#12662);
#9929=LINE('',#12663,#12664);
#9930=LINE('',#12665,#12666);
#9931=FILL_AREA_STYLE_COLOUR('',#12667);
#9932=LINE('',#12668,#12669);
#9933=FILL_AREA_STYLE_COLOUR('',#12670);
#9934=FILL_AREA_STYLE_COLOUR('',#12671);
#9935=VERTEX_POINT('NONE',#12672);
#9936=CIRCLE('',#12673,1.2);
#9937=VERTEX_POINT('NONE',#12674);
#9938=LINE('',#12675,#12676);
#9939=VERTEX_POINT('NONE',#12677);
#9940=LINE('',#12678,#12679);
#9941=VERTEX_POINT('NONE',#12680);
#9942=LINE('',#12681,#12682);
#9943=VERTEX_POINT('NONE',#12683);
#9944=LINE('',#12684,#12685);
#9945=VERTEX_POINT('NONE',#12686);
#9946=LINE('',#12687,#12688);
#9947=CIRCLE('',#12689,1.2);
#9948=FILL_AREA_STYLE_COLOUR('',#12690);
#9949=VERTEX_POINT('NONE',#12691);
#9950=VERTEX_POINT('NONE',#12692);
#9951=LINE('',#12693,#12694);
#9952=VERTEX_POINT('NONE',#12695);
#9953=CIRCLE('',#12696,0.5);
#9954=VERTEX_POINT('NONE',#12697);
#9955=LINE('',#12698,#12699);
#9956=VERTEX_POINT('NONE',#12700);
#9957=LINE('',#12701,#12702);
#9958=VERTEX_POINT('NONE',#12703);
#9959=LINE('',#12704,#12705);
#9960=CIRCLE('',#12706,0.1);
#9961=LINE('',#12707,#12708);
#9962=FILL_AREA_STYLE_COLOUR('',#12709);
#9963=VERTEX_POINT('NONE',#12710);
#9964=VERTEX_POINT('NONE',#12711);
#9965=LINE('',#12712,#12713);
#9966=VERTEX_POINT('NONE',#12714);
#9967=LINE('',#12715,#12716);
#9968=VERTEX_POINT('NONE',#12717);
#9969=LINE('',#12718,#12719);
#9970=VERTEX_POINT('NONE',#12720);
#9971=LINE('',#12721,#12722);
#9972=VERTEX_POINT('NONE',#12723);
#9973=CIRCLE('',#12724,1.2);
#9974=VERTEX_POINT('NONE',#12725);
#9975=LINE('',#12726,#12727);
#9976=VERTEX_POINT('NONE',#12728);
#9977=LINE('',#12729,#12730);
#9978=VERTEX_POINT('NONE',#12731);
#9979=LINE('',#12732,#12733);
#9980=VERTEX_POINT('NONE',#12734);
#9981=LINE('',#12735,#12736);
#9982=VERTEX_POINT('NONE',#12737);
#9983=LINE('',#12738,#12739);
#9984=VERTEX_POINT('NONE',#12740);
#9985=CIRCLE('',#12741,1.2);
#9986=VERTEX_POINT('NONE',#12742);
#9987=LINE('',#12743,#12744);
#9988=VERTEX_POINT('NONE',#12745);
#9989=LINE('',#12746,#12747);
#9990=LINE('',#12748,#12749);
#9991=VERTEX_POINT('NONE',#12750);
#9992=LINE('',#12751,#12752);
#9993=VERTEX_POINT('NONE',#12753);
#9994=CIRCLE('',#12754,1.2);
#9995=VERTEX_POINT('NONE',#12755);
#9996=LINE('',#12756,#12757);
#9997=VERTEX_POINT('NONE',#12758);
#9998=LINE('',#12759,#12760);
#9999=VERTEX_POINT('NONE',#12761);
#10000=LINE('',#12762,#12763);
#10001=VERTEX_POINT('NONE',#12764);
#10002=LINE('',#12765,#12766);
#10003=VERTEX_POINT('NONE',#12767);
#10004=LINE('',#12768,#12769);
#10005=VERTEX_POINT('NONE',#12770);
#10006=CIRCLE('',#12771,1.2);
#10007=LINE('',#12772,#12773);
#10008=CIRCLE('',#12774,0.85);
#10009=CIRCLE('',#12775,0.85);
#10010=CIRCLE('',#12776,0.85);
#10011=CIRCLE('',#12777,0.85);
#10012=CIRCLE('',#12778,3.46);
#10013=FILL_AREA_STYLE_COLOUR('',#12779);
#10014=VERTEX_POINT('NONE',#12780);
#10015=LINE('',#12781,#12782);
#10016=CIRCLE('',#12783,0.1);
#10017=FILL_AREA_STYLE_COLOUR('',#12784);
#10018=VERTEX_POINT('NONE',#12785);
#10019=VERTEX_POINT('NONE',#12786);
#10020=LINE('',#12787,#12788);
#10021=CIRCLE('',#12789,0.5);
#10022=LINE('',#12790,#12791);
#10023=VERTEX_POINT('NONE',#12792);
#10024=LINE('',#12793,#12794);
#10025=LINE('',#12795,#12796);
#10026=FILL_AREA_STYLE_COLOUR('',#12797);
#10027=LINE('',#12798,#12799);
#10028=FILL_AREA_STYLE_COLOUR('',#12800);
#10029=LINE('',#12801,#12802);
#10030=FILL_AREA_STYLE_COLOUR('',#12803);
#10031=VERTEX_POINT('NONE',#12804);
#10032=LINE('',#12805,#12806);
#10033=LINE('',#12807,#12808);
#10034=FILL_AREA_STYLE_COLOUR('',#12809);
#10035=VERTEX_POINT('NONE',#12810);
#10036=LINE('',#12811,#12812);
#10037=LINE('',#12813,#12814);
#10038=FILL_AREA_STYLE_COLOUR('',#12815);
#10039=VERTEX_POINT('NONE',#12816);
#10040=LINE('',#12817,#12818);
#10041=LINE('',#12819,#12820);
#10042=FILL_AREA_STYLE_COLOUR('',#12821);
#10043=VERTEX_POINT('NONE',#12822);
#10044=LINE('',#12823,#12824);
#10045=LINE('',#12825,#12826);
#10046=FILL_AREA_STYLE_COLOUR('',#12827);
#10047=LINE('',#12828,#12829);
#10048=LINE('',#12830,#12831);
#10049=FILL_AREA_STYLE_COLOUR('',#12832);
#10050=VERTEX_POINT('NONE',#12833);
#10051=LINE('',#12834,#12835);
#10052=CIRCLE('',#12836,1.2);
#10053=FILL_AREA_STYLE_COLOUR('',#12837);
#10054=VERTEX_POINT('NONE',#12838);
#10055=LINE('',#12839,#12840);
#10056=LINE('',#12841,#12842);
#10057=FILL_AREA_STYLE_COLOUR('',#12843);
#10058=VERTEX_POINT('NONE',#12844);
#10059=CIRCLE('',#12845,0.5);
#10060=VERTEX_POINT('NONE',#12846);
#10061=LINE('',#12847,#12848);
#10062=VERTEX_POINT('NONE',#12849);
#10063=LINE('',#12850,#12851);
#10064=VERTEX_POINT('NONE',#12852);
#10065=LINE('',#12853,#12854);
#10066=VERTEX_POINT('NONE',#12855);
#10067=CIRCLE('',#12856,0.1);
#10068=LINE('',#12857,#12858);
#10069=FILL_AREA_STYLE_COLOUR('',#12859);
#10070=VERTEX_POINT('NONE',#12860);
#10071=VERTEX_POINT('NONE',#12861);
#10072=CIRCLE('',#12862,0.1);
#10073=LINE('',#12863,#12864);
#10074=LINE('',#12865,#12866);
#10075=FILL_AREA_STYLE_COLOUR('',#12867);
#10076=VERTEX_POINT('NONE',#12868);
#10077=VERTEX_POINT('NONE',#12869);
#10078=LINE('',#12870,#12871);
#10079=CIRCLE('',#12872,0.5);
#10080=VERTEX_POINT('NONE',#12873);
#10081=LINE('',#12874,#12875);
#10082=LINE('',#12876,#12877);
#10083=VERTEX_POINT('NONE',#12878);
#10084=LINE('',#12879,#12880);
#10085=LINE('',#12881,#12882);
#10086=FILL_AREA_STYLE_COLOUR('',#12883);
#10087=VERTEX_POINT('NONE',#12884);
#10088=LINE('',#12885,#12886);
#10089=LINE('',#12887,#12888);
#10090=FILL_AREA_STYLE_COLOUR('',#12889);
#10091=CIRCLE('',#12890,1.2);
#10092=LINE('',#12891,#12892);
#10093=FILL_AREA_STYLE_COLOUR('',#12893);
#10094=VERTEX_POINT('NONE',#12894);
#10095=LINE('',#12895,#12896);
#10096=LINE('',#12897,#12898);
#10097=FILL_AREA_STYLE_COLOUR('',#12899);
#10098=VERTEX_POINT('NONE',#12900);
#10099=LINE('',#12901,#12902);
#10100=LINE('',#12903,#12904);
#10101=FILL_AREA_STYLE_COLOUR('',#12905);
#10102=VERTEX_POINT('NONE',#12906);
#10103=LINE('',#12907,#12908);
#10104=LINE('',#12909,#12910);
#10105=FILL_AREA_STYLE_COLOUR('',#12911);
#10106=VERTEX_POINT('NONE',#12912);
#10107=LINE('',#12913,#12914);
#10108=LINE('',#12915,#12916);
#10109=FILL_AREA_STYLE_COLOUR('',#12917);
#10110=LINE('',#12918,#12919);
#10111=LINE('',#12920,#12921);
#10112=FILL_AREA_STYLE_COLOUR('',#12922);
#10113=LINE('',#12923,#12924);
#10114=FILL_AREA_STYLE_COLOUR('',#12925);
#10115=FILL_AREA_STYLE_COLOUR('',#12926);
#10116=LINE('',#12927,#12928);
#10117=FILL_AREA_STYLE_COLOUR('',#12929);
#10118=LINE('',#12930,#12931);
#10119=FILL_AREA_STYLE_COLOUR('',#12932);
#10120=VERTEX_POINT('NONE',#12933);
#10121=CIRCLE('',#12934,0.2);
#10122=VERTEX_POINT('NONE',#12935);
#10123=LINE('',#12936,#12937);
#10124=VERTEX_POINT('NONE',#12938);
#10125=LINE('',#12939,#12940);
#10126=VERTEX_POINT('NONE',#12941);
#10127=CIRCLE('',#12942,0.2);
#10128=VERTEX_POINT('NONE',#12943);
#10129=LINE('',#12944,#12945);
#10130=VERTEX_POINT('NONE',#12946);
#10131=CIRCLE('',#12947,0.2);
#10132=VERTEX_POINT('NONE',#12948);
#10133=LINE('',#12949,#12950);
#10134=VERTEX_POINT('NONE',#12951);
#10135=LINE('',#12952,#12953);
#10136=VERTEX_POINT('NONE',#12954);
#10137=LINE('',#12955,#12956);
#10138=VERTEX_POINT('NONE',#12957);
#10139=LINE('',#12958,#12959);
#10140=VERTEX_POINT('NONE',#12960);
#10141=LINE('',#12961,#12962);
#10142=VERTEX_POINT('NONE',#12963);
#10143=LINE('',#12964,#12965);
#10144=VERTEX_POINT('NONE',#12966);
#10145=LINE('',#12967,#12968);
#10146=VERTEX_POINT('NONE',#12969);
#10147=CIRCLE('',#12970,0.2);
#10148=VERTEX_POINT('NONE',#12971);
#10149=LINE('',#12972,#12973);
#10150=VERTEX_POINT('NONE',#12974);
#10151=CIRCLE('',#12975,0.2);
#10152=VERTEX_POINT('NONE',#12976);
#10153=LINE('',#12977,#12978);
#10154=VERTEX_POINT('NONE',#12979);
#10155=LINE('',#12980,#12981);
#10156=CIRCLE('',#12982,0.2);
#10157=FILL_AREA_STYLE_COLOUR('',#12983);
#10158=VERTEX_POINT('NONE',#12984);
#10159=CIRCLE('',#12985,0.2);
#10160=LINE('',#12986,#12987);
#10161=FILL_AREA_STYLE_COLOUR('',#12988);
#10162=VERTEX_POINT('NONE',#12989);
#10163=LINE('',#12990,#12991);
#10164=VERTEX_POINT('NONE',#12992);
#10165=LINE('',#12993,#12994);
#10166=VERTEX_POINT('NONE',#12995);
#10167=CIRCLE('',#12996,0.2);
#10168=VERTEX_POINT('NONE',#12997);
#10169=LINE('',#12998,#12999);
#10170=VERTEX_POINT('NONE',#13000);
#10171=CIRCLE('',#13001,0.2);
#10172=VERTEX_POINT('NONE',#13002);
#10173=LINE('',#13003,#13004);
#10174=VERTEX_POINT('NONE',#13005);
#10175=LINE('',#13006,#13007);
#10176=VERTEX_POINT('NONE',#13008);
#10177=LINE('',#13009,#13010);
#10178=VERTEX_POINT('NONE',#13011);
#10179=LINE('',#13012,#13013);
#10180=VERTEX_POINT('NONE',#13014);
#10181=LINE('',#13015,#13016);
#10182=VERTEX_POINT('NONE',#13017);
#10183=LINE('',#13018,#13019);
#10184=VERTEX_POINT('NONE',#13020);
#10185=LINE('',#13021,#13022);
#10186=VERTEX_POINT('NONE',#13023);
#10187=CIRCLE('',#13024,0.2);
#10188=VERTEX_POINT('NONE',#13025);
#10189=LINE('',#13026,#13027);
#10190=VERTEX_POINT('NONE',#13028);
#10191=CIRCLE('',#13029,0.2);
#10192=VERTEX_POINT('NONE',#13030);
#10193=LINE('',#13031,#13032);
#10194=VERTEX_POINT('NONE',#13033);
#10195=LINE('',#13034,#13035);
#10196=CIRCLE('',#13036,0.2);
#10197=FILL_AREA_STYLE_COLOUR('',#13037);
#10198=LINE('',#13038,#13039);
#10199=FILL_AREA_STYLE_COLOUR('',#13040);
#10200=VERTEX_POINT('NONE',#13041);
#10201=CIRCLE('',#13042,0.2);
#10202=VERTEX_POINT('NONE',#13043);
#10203=LINE('',#13044,#13045);
#10204=VERTEX_POINT('NONE',#13046);
#10205=LINE('',#13047,#13048);
#10206=VERTEX_POINT('NONE',#13049);
#10207=CIRCLE('',#13050,0.2);
#10208=VERTEX_POINT('NONE',#13051);
#10209=LINE('',#13052,#13053);
#10210=VERTEX_POINT('NONE',#13054);
#10211=CIRCLE('',#13055,0.2);
#10212=VERTEX_POINT('NONE',#13056);
#10213=LINE('',#13057,#13058);
#10214=VERTEX_POINT('NONE',#13059);
#10215=LINE('',#13060,#13061);
#10216=VERTEX_POINT('NONE',#13062);
#10217=LINE('',#13063,#13064);
#10218=VERTEX_POINT('NONE',#13065);
#10219=LINE('',#13066,#13067);
#10220=VERTEX_POINT('NONE',#13068);
#10221=LINE('',#13069,#13070);
#10222=VERTEX_POINT('NONE',#13071);
#10223=LINE('',#13072,#13073);
#10224=VERTEX_POINT('NONE',#13074);
#10225=LINE('',#13075,#13076);
#10226=VERTEX_POINT('NONE',#13077);
#10227=CIRCLE('',#13078,0.2);
#10228=VERTEX_POINT('NONE',#13079);
#10229=LINE('',#13080,#13081);
#10230=VERTEX_POINT('NONE',#13082);
#10231=CIRCLE('',#13083,0.2);
#10232=VERTEX_POINT('NONE',#13084);
#10233=LINE('',#13085,#13086);
#10234=VERTEX_POINT('NONE',#13087);
#10235=LINE('',#13088,#13089);
#10236=CIRCLE('',#13090,0.2);
#10237=FILL_AREA_STYLE_COLOUR('',#13091);
#10238=VERTEX_POINT('NONE',#13092);
#10239=CIRCLE('',#13093,0.2);
#10240=LINE('',#13094,#13095);
#10241=FILL_AREA_STYLE_COLOUR('',#13096);
#10242=VERTEX_POINT('NONE',#13097);
#10243=LINE('',#13098,#13099);
#10244=VERTEX_POINT('NONE',#13100);
#10245=LINE('',#13101,#13102);
#10246=VERTEX_POINT('NONE',#13103);
#10247=CIRCLE('',#13104,0.2);
#10248=VERTEX_POINT('NONE',#13105);
#10249=LINE('',#13106,#13107);
#10250=VERTEX_POINT('NONE',#13108);
#10251=CIRCLE('',#13109,0.2);
#10252=VERTEX_POINT('NONE',#13110);
#10253=LINE('',#13111,#13112);
#10254=VERTEX_POINT('NONE',#13113);
#10255=LINE('',#13114,#13115);
#10256=VERTEX_POINT('NONE',#13116);
#10257=LINE('',#13117,#13118);
#10258=VERTEX_POINT('NONE',#13119);
#10259=LINE('',#13120,#13121);
#10260=VERTEX_POINT('NONE',#13122);
#10261=LINE('',#13123,#13124);
#10262=VERTEX_POINT('NONE',#13125);
#10263=LINE('',#13126,#13127);
#10264=VERTEX_POINT('NONE',#13128);
#10265=LINE('',#13129,#13130);
#10266=VERTEX_POINT('NONE',#13131);
#10267=CIRCLE('',#13132,0.2);
#10268=VERTEX_POINT('NONE',#13133);
#10269=LINE('',#13134,#13135);
#10270=VERTEX_POINT('NONE',#13136);
#10271=CIRCLE('',#13137,0.2);
#10272=VERTEX_POINT('NONE',#13138);
#10273=LINE('',#13139,#13140);
#10274=VERTEX_POINT('NONE',#13141);
#10275=LINE('',#13142,#13143);
#10276=CIRCLE('',#13144,0.2);
#10277=FILL_AREA_STYLE_COLOUR('',#13145);
#10278=LINE('',#13146,#13147);
#10279=FILL_AREA_STYLE_COLOUR('',#13148);
#10280=LINE('',#13149,#13150);
#10281=FILL_AREA_STYLE_COLOUR('',#13151);
#10282=LINE('',#13152,#13153);
#10283=FILL_AREA_STYLE_COLOUR('',#13154);
#10284=LINE('',#13155,#13156);
#10285=FILL_AREA_STYLE_COLOUR('',#13157);
#10286=LINE('',#13158,#13159);
#10287=FILL_AREA_STYLE_COLOUR('',#13160);
#10288=LINE('',#13161,#13162);
#10289=FILL_AREA_STYLE_COLOUR('',#13163);
#10290=LINE('',#13164,#13165);
#10291=FILL_AREA_STYLE_COLOUR('',#13166);
#10292=LINE('',#13167,#13168);
#10293=FILL_AREA_STYLE_COLOUR('',#13169);
#10294=VERTEX_POINT('NONE',#13170);
#10295=CIRCLE('',#13171,0.4);
#10296=LINE('',#13172,#13173);
#10297=VERTEX_POINT('NONE',#13174);
#10298=CIRCLE('',#13175,0.2);
#10299=LINE('',#13176,#13177);
#10300=LINE('',#13178,#13179);
#10301=VERTEX_POINT('NONE',#13180);
#10302=CIRCLE('',#13181,0.6);
#10303=LINE('',#13182,#13183);
#10304=FILL_AREA_STYLE_COLOUR('',#13184);
#10305=VERTEX_POINT('NONE',#13185);
#10306=LINE('',#13186,#13187);
#10307=LINE('',#13188,#13189);
#10308=FILL_AREA_STYLE_COLOUR('',#13190);
#10309=VERTEX_POINT('NONE',#13191);
#10310=LINE('',#13192,#13193);
#10311=CIRCLE('',#13194,0.4);
#10312=LINE('',#13195,#13196);
#10313=CIRCLE('',#13197,0.6);
#10314=VERTEX_POINT('NONE',#13198);
#10315=LINE('',#13199,#13200);
#10316=VERTEX_POINT('NONE',#13201);
#10317=LINE('',#13202,#13203);
#10318=VERTEX_POINT('NONE',#13204);
#10319=LINE('',#13205,#13206);
#10320=CIRCLE('',#13207,0.2);
#10321=FILL_AREA_STYLE_COLOUR('',#13208);
#10322=LINE('',#13209,#13210);
#10323=FILL_AREA_STYLE_COLOUR('',#13211);
#10324=LINE('',#13212,#13213);
#10325=LINE('',#13214,#13215);
#10326=FILL_AREA_STYLE_COLOUR('',#13216);
#10327=LINE('',#13217,#13218);
#10328=FILL_AREA_STYLE_COLOUR('',#13219);
#10329=LINE('',#13220,#13221);
#10330=FILL_AREA_STYLE_COLOUR('',#13222);
#10331=LINE('',#13223,#13224);
#10332=FILL_AREA_STYLE_COLOUR('',#13225);
#10333=FILL_AREA_STYLE_COLOUR('',#13226);
#10334=LINE('',#13227,#13228);
#10335=FILL_AREA_STYLE_COLOUR('',#13229);
#10336=LINE('',#13230,#13231);
#10337=FILL_AREA_STYLE_COLOUR('',#13232);
#10338=LINE('',#13233,#13234);
#10339=FILL_AREA_STYLE_COLOUR('',#13235);
#10340=LINE('',#13236,#13237);
#10341=FILL_AREA_STYLE_COLOUR('',#13238);
#10342=LINE('',#13239,#13240);
#10343=FILL_AREA_STYLE_COLOUR('',#13241);
#10344=LINE('',#13242,#13243);
#10345=FILL_AREA_STYLE_COLOUR('',#13244);
#10346=LINE('',#13245,#13246);
#10347=FILL_AREA_STYLE_COLOUR('',#13247);
#10348=LINE('',#13248,#13249);
#10349=FILL_AREA_STYLE_COLOUR('',#13250);
#10350=VERTEX_POINT('NONE',#13251);
#10351=CIRCLE('',#13252,0.4);
#10352=LINE('',#13253,#13254);
#10353=VERTEX_POINT('NONE',#13255);
#10354=CIRCLE('',#13256,0.2);
#10355=LINE('',#13257,#13258);
#10356=VERTEX_POINT('NONE',#13259);
#10357=LINE('',#13260,#13261);
#10358=CIRCLE('',#13262,0.6);
#10359=LINE('',#13263,#13264);
#10360=FILL_AREA_STYLE_COLOUR('',#13265);
#10361=LINE('',#13266,#13267);
#10362=FILL_AREA_STYLE_COLOUR('',#13268);
#10363=VERTEX_POINT('NONE',#13269);
#10364=LINE('',#13270,#13271);
#10365=CIRCLE('',#13272,0.4);
#10366=LINE('',#13273,#13274);
#10367=VERTEX_POINT('NONE',#13275);
#10368=CIRCLE('',#13276,0.6);
#10369=VERTEX_POINT('NONE',#13277);
#10370=LINE('',#13278,#13279);
#10371=VERTEX_POINT('NONE',#13280);
#10372=LINE('',#13281,#13282);
#10373=VERTEX_POINT('NONE',#13283);
#10374=LINE('',#13284,#13285);
#10375=CIRCLE('',#13286,0.2);
#10376=FILL_AREA_STYLE_COLOUR('',#13287);
#10377=LINE('',#13288,#13289);
#10378=FILL_AREA_STYLE_COLOUR('',#13290);
#10379=LINE('',#13291,#13292);
#10380=FILL_AREA_STYLE_COLOUR('',#13293);
#10381=LINE('',#13294,#13295);
#10382=FILL_AREA_STYLE_COLOUR('',#13296);
#10383=LINE('',#13297,#13298);
#10384=FILL_AREA_STYLE_COLOUR('',#13299);
#10385=LINE('',#13300,#13301);
#10386=FILL_AREA_STYLE_COLOUR('',#13302);
#10387=LINE('',#13303,#13304);
#10388=FILL_AREA_STYLE_COLOUR('',#13305);
#10389=FILL_AREA_STYLE_COLOUR('',#13306);
#10390=LINE('',#13307,#13308);
#10391=FILL_AREA_STYLE_COLOUR('',#13309);
#10392=FILL_AREA_STYLE_COLOUR('',#13310);
#10393=LINE('',#13311,#13312);
#10394=FILL_AREA_STYLE_COLOUR('',#13313);
#10395=CIRCLE('',#13314,1.0);
#10396=FILL_AREA_STYLE_COLOUR('',#13315);
#10397=CIRCLE('',#13316,1.0);
#10398=FILL_AREA_STYLE_COLOUR('',#13317);
#10399=FILL_AREA_STYLE_COLOUR('',#13318);
#10400=FILL_AREA_STYLE_COLOUR('',#13319);
#10401=FILL_AREA_STYLE_COLOUR('',#13320);
#10402=LINE('',#13321,#13322);
#10403=FILL_AREA_STYLE_COLOUR('',#13323);
#10404=CIRCLE('',#13324,1.0);
#10405=FILL_AREA_STYLE_COLOUR('',#13325);
#10406=CIRCLE('',#13326,1.0);
#10407=FILL_AREA_STYLE_COLOUR('',#13327);
#10408=LINE('',#13328,#13329);
#10409=FILL_AREA_STYLE_COLOUR('',#13330);
#10410=FILL_AREA_STYLE_COLOUR('',#13331);
#10411=CIRCLE('',#13332,3.46);
#10412=FILL_AREA_STYLE_COLOUR('',#13333);
#10413=FILL_AREA_STYLE_COLOUR('',#13334);
#10414=FILL_AREA_STYLE_COLOUR('',#13335);
#10415=FILL_AREA_STYLE_COLOUR('',#13336);
#10416=FILL_AREA_STYLE_COLOUR('',#13337);
#10417=FILL_AREA_STYLE_COLOUR('',#13338);
#10418=FILL_AREA_STYLE_COLOUR('',#13339);
#10419=FILL_AREA_STYLE_COLOUR('',#13340);
#10420=CIRCLE('',#13341,0.395);
#10421=FILL_AREA_STYLE_COLOUR('',#13342);
#10422=CIRCLE('',#13343,0.595);
#10423=FILL_AREA_STYLE_COLOUR('',#13344);
#10424=FILL_AREA_STYLE_COLOUR('',#13345);
#10425=FILL_AREA_STYLE_COLOUR('',#13346);
#10426=FILL_AREA_STYLE_COLOUR('',#13347);
#10427=FILL_AREA_STYLE_COLOUR('',#13348);
#10428=VERTEX_POINT('NONE',#13349);
#10429=LINE('',#13350,#13351);
#10430=VERTEX_POINT('NONE',#13352);
#10431=LINE('',#13353,#13354);
#10432=LINE('',#13355,#13356);
#10433=FILL_AREA_STYLE_COLOUR('',#13357);
#10434=VERTEX_POINT('NONE',#13358);
#10435=LINE('',#13359,#13360);
#10436=LINE('',#13361,#13362);
#10437=FILL_AREA_STYLE_COLOUR('',#13363);
#10438=VERTEX_POINT('NONE',#13364);
#10439=LINE('',#13365,#13366);
#10440=LINE('',#13367,#13368);
#10441=FILL_AREA_STYLE_COLOUR('',#13369);
#10442=LINE('',#13370,#13371);
#10443=FILL_AREA_STYLE_COLOUR('',#13372);
#10444=VERTEX_POINT('NONE',#13373);
#10445=VERTEX_POINT('NONE',#13374);
#10446=LINE('',#13375,#13376);
#10447=VERTEX_POINT('NONE',#13377);
#10448=LINE('',#13378,#13379);
#10449=VERTEX_POINT('NONE',#13380);
#10450=LINE('',#13381,#13382);
#10451=LINE('',#13383,#13384);
#10452=FILL_AREA_STYLE_COLOUR('',#13385);
#10453=VERTEX_POINT('NONE',#13386);
#10454=VERTEX_POINT('NONE',#13387);
#10455=LINE('',#13388,#13389);
#10456=VERTEX_POINT('NONE',#13390);
#10457=LINE('',#13391,#13392);
#10458=VERTEX_POINT('NONE',#13393);
#10459=LINE('',#13394,#13395);
#10460=LINE('',#13396,#13397);
#10461=FILL_AREA_STYLE_COLOUR('',#13398);
#10462=VERTEX_POINT('NONE',#13399);
#10463=CIRCLE('',#13400,0.3);
#10464=VERTEX_POINT('NONE',#13401);
#10465=LINE('',#13402,#13403);
#10466=VERTEX_POINT('NONE',#13404);
#10467=LINE('',#13405,#13406);
#10468=LINE('',#13407,#13408);
#10469=LINE('',#13409,#13410);
#10470=VERTEX_POINT('NONE',#13411);
#10471=LINE('',#13412,#13413);
#10472=VERTEX_POINT('NONE',#13414);
#10473=LINE('',#13415,#13416);
#10474=LINE('',#13417,#13418);
#10475=FILL_AREA_STYLE_COLOUR('',#13419);
#10476=VERTEX_POINT('NONE',#13420);
#10477=LINE('',#13421,#13422);
#10478=VERTEX_POINT('NONE',#13423);
#10479=CIRCLE('',#13424,0.3);
#10480=VERTEX_POINT('NONE',#13425);
#10481=LINE('',#13426,#13427);
#10482=VERTEX_POINT('NONE',#13428);
#10483=LINE('',#13429,#13430);
#10484=LINE('',#13431,#13432);
#10485=LINE('',#13433,#13434);
#10486=VERTEX_POINT('NONE',#13435);
#10487=LINE('',#13436,#13437);
#10488=LINE('',#13438,#13439);
#10489=VERTEX_POINT('NONE',#13440);
#10490=LINE('',#13441,#13442);
#10491=CIRCLE('',#13443,0.2);
#10492=CIRCLE('',#13444,0.2);
#10493=FILL_AREA_STYLE_COLOUR('',#13445);
#10494=CIRCLE('',#13446,0.208333333333332);
#10495=FILL_AREA_STYLE_COLOUR('',#13447);
#10496=LINE('',#13448,#13449);
#10497=LINE('',#13450,#13451);
#10498=FILL_AREA_STYLE_COLOUR('',#13452);
#10499=FILL_AREA_STYLE_COLOUR('',#13453);
#10500=LINE('',#13454,#13455);
#10501=FILL_AREA_STYLE_COLOUR('',#13456);
#10502=LINE('',#13457,#13458);
#10503=FILL_AREA_STYLE_COLOUR('',#13459);
#10504=FILL_AREA_STYLE_COLOUR('',#13460);
#10505=FILL_AREA_STYLE_COLOUR('',#13461);
#10506=CIRCLE('',#13462,0.5);
#10507=CIRCLE('',#13463,0.2);
#10508=FILL_AREA_STYLE_COLOUR('',#13464);
#10509=CIRCLE('',#13465,0.5);
#10510=CIRCLE('',#13466,0.2);
#10511=FILL_AREA_STYLE_COLOUR('',#13467);
#10512=FILL_AREA_STYLE_COLOUR('',#13468);
#10513=FILL_AREA_STYLE_COLOUR('',#13469);
#10514=LINE('',#13470,#13471);
#10515=FILL_AREA_STYLE_COLOUR('',#13472);
#10516=FILL_AREA_STYLE_COLOUR('',#13473);
#10517=FILL_AREA_STYLE_COLOUR('',#13474);
#10518=VERTEX_POINT('NONE',#13475);
#10519=LINE('',#13476,#13477);
#10520=VERTEX_POINT('NONE',#13478);
#10521=LINE('',#13479,#13480);
#10522=LINE('',#13481,#13482);
#10523=FILL_AREA_STYLE_COLOUR('',#13483);
#10524=VERTEX_POINT('NONE',#13484);
#10525=LINE('',#13485,#13486);
#10526=VERTEX_POINT('NONE',#13487);
#10527=LINE('',#13488,#13489);
#10528=LINE('',#13490,#13491);
#10529=FILL_AREA_STYLE_COLOUR('',#13492);
#10530=LINE('',#13493,#13494);
#10531=FILL_AREA_STYLE_COLOUR('',#13495);
#10532=LINE('',#13496,#13497);
#10533=FILL_AREA_STYLE_COLOUR('',#13498);
#10534=VERTEX_POINT('NONE',#13499);
#10535=VERTEX_POINT('NONE',#13500);
#10536=LINE('',#13501,#13502);
#10537=CIRCLE('',#13503,0.5);
#10538=CIRCLE('',#13504,0.2);
#10539=FILL_AREA_STYLE_COLOUR('',#13505);
#10540=VERTEX_POINT('NONE',#13506);
#10541=CIRCLE('',#13507,0.5);
#10542=VERTEX_POINT('NONE',#13508);
#10543=LINE('',#13509,#13510);
#10544=CIRCLE('',#13511,0.2);
#10545=FILL_AREA_STYLE_COLOUR('',#13512);
#10546=VERTEX_POINT('NONE',#13513);
#10547=CIRCLE('',#13514,0.208333333333332);
#10548=CIRCLE('',#13515,0.2);
#10549=FILL_AREA_STYLE_COLOUR('',#13516);
#10550=CIRCLE('',#13517,0.2);
#10551=FILL_AREA_STYLE_COLOUR('',#13518);
#10552=LINE('',#13519,#13520);
#10553=FILL_AREA_STYLE_COLOUR('',#13521);
#10554=LINE('',#13522,#13523);
#10555=FILL_AREA_STYLE_COLOUR('',#13524);
#10556=VERTEX_POINT('NONE',#13525);
#10557=VERTEX_POINT('NONE',#13526);
#10558=LINE('',#13527,#13528);
#10559=VERTEX_POINT('NONE',#13529);
#10560=LINE('',#13530,#13531);
#10561=VERTEX_POINT('NONE',#13532);
#10562=LINE('',#13533,#13534);
#10563=LINE('',#13535,#13536);
#10564=FILL_AREA_STYLE_COLOUR('',#13537);
#10565=VERTEX_POINT('NONE',#13538);
#10566=LINE('',#13539,#13540);
#10567=VERTEX_POINT('NONE',#13541);
#10568=LINE('',#13542,#13543);
#10569=LINE('',#13544,#13545);
#10570=FILL_AREA_STYLE_COLOUR('',#13546);
#10571=VERTEX_POINT('NONE',#13547);
#10572=VERTEX_POINT('NONE',#13548);
#10573=LINE('',#13549,#13550);
#10574=VERTEX_POINT('NONE',#13551);
#10575=LINE('',#13552,#13553);
#10576=VERTEX_POINT('NONE',#13554);
#10577=LINE('',#13555,#13556);
#10578=LINE('',#13557,#13558);
#10579=FILL_AREA_STYLE_COLOUR('',#13559);
#10580=VERTEX_POINT('NONE',#13560);
#10581=LINE('',#13561,#13562);
#10582=VERTEX_POINT('NONE',#13563);
#10583=LINE('',#13564,#13565);
#10584=LINE('',#13566,#13567);
#10585=FILL_AREA_STYLE_COLOUR('',#13568);
#10586=LINE('',#13569,#13570);
#10587=LINE('',#13571,#13572);
#10588=FILL_AREA_STYLE_COLOUR('',#13573);
#10589=LINE('',#13574,#13575);
#10590=FILL_AREA_STYLE_COLOUR('',#13576);
#10591=LINE('',#13577,#13578);
#10592=LINE('',#13579,#13580);
#10593=FILL_AREA_STYLE_COLOUR('',#13581);
#10594=LINE('',#13582,#13583);
#10595=VERTEX_POINT('NONE',#13584);
#10596=CIRCLE('',#13585,0.300000000000002);
#10597=LINE('',#13586,#13587);
#10598=FILL_AREA_STYLE_COLOUR('',#13588);
#10599=VERTEX_POINT('NONE',#13589);
#10600=CIRCLE('',#13590,0.300000000000002);
#10601=LINE('',#13591,#13592);
#10602=LINE('',#13593,#13594);
#10603=FILL_AREA_STYLE_COLOUR('',#13595);
#10604=FILL_AREA_STYLE_COLOUR('',#13596);
#10605=LINE('',#13597,#13598);
#10606=FILL_AREA_STYLE_COLOUR('',#13599);
#10607=FILL_AREA_STYLE_COLOUR('',#13600);
#10608=VERTEX_POINT('NONE',#13601);
#10609=LINE('',#13602,#13603);
#10610=VERTEX_POINT('NONE',#13604);
#10611=LINE('',#13605,#13606);
#10612=LINE('',#13607,#13608);
#10613=FILL_AREA_STYLE_COLOUR('',#13609);
#10614=VERTEX_POINT('NONE',#13610);
#10615=LINE('',#13611,#13612);
#10616=VERTEX_POINT('NONE',#13613);
#10617=LINE('',#13614,#13615);
#10618=LINE('',#13616,#13617);
#10619=FILL_AREA_STYLE_COLOUR('',#13618);
#10620=LINE('',#13619,#13620);
#10621=FILL_AREA_STYLE_COLOUR('',#13621);
#10622=LINE('',#13622,#13623);
#10623=FILL_AREA_STYLE_COLOUR('',#13624);
#10624=VERTEX_POINT('NONE',#13625);
#10625=CIRCLE('',#13626,0.5);
#10626=VERTEX_POINT('NONE',#13627);
#10627=LINE('',#13628,#13629);
#10628=CIRCLE('',#13630,0.2);
#10629=FILL_AREA_STYLE_COLOUR('',#13631);
#10630=VERTEX_POINT('NONE',#13632);
#10631=VERTEX_POINT('NONE',#13633);
#10632=LINE('',#13634,#13635);
#10633=CIRCLE('',#13636,0.5);
#10634=CIRCLE('',#13637,0.2);
#10635=FILL_AREA_STYLE_COLOUR('',#13638);
#10636=LINE('',#13639,#13640);
#10637=FILL_AREA_STYLE_COLOUR('',#13641);
#10638=VERTEX_POINT('NONE',#13642);
#10639=CIRCLE('',#13643,0.208333333333332);
#10640=CIRCLE('',#13644,0.199999999999999);
#10641=FILL_AREA_STYLE_COLOUR('',#13645);
#10642=LINE('',#13646,#13647);
#10643=FILL_AREA_STYLE_COLOUR('',#13648);
#10644=CIRCLE('',#13649,0.199999999999999);
#10645=FILL_AREA_STYLE_COLOUR('',#13650);
#10646=VERTEX_POINT('NONE',#13651);
#10647=LINE('',#13652,#13653);
#10648=VERTEX_POINT('NONE',#13654);
#10649=LINE('',#13655,#13656);
#10650=LINE('',#13657,#13658);
#10651=FILL_AREA_STYLE_COLOUR('',#13659);
#10652=VERTEX_POINT('NONE',#13660);
#10653=VERTEX_POINT('NONE',#13661);
#10654=LINE('',#13662,#13663);
#10655=LINE('',#13664,#13665);
#10656=LINE('',#13666,#13667);
#10657=FILL_AREA_STYLE_COLOUR('',#13668);
#10658=VERTEX_POINT('NONE',#13669);
#10659=LINE('',#13670,#13671);
#10660=VERTEX_POINT('NONE',#13672);
#10661=LINE('',#13673,#13674);
#10662=LINE('',#13675,#13676);
#10663=FILL_AREA_STYLE_COLOUR('',#13677);
#10664=VERTEX_POINT('NONE',#13678);
#10665=VERTEX_POINT('NONE',#13679);
#10666=LINE('',#13680,#13681);
#10667=VERTEX_POINT('NONE',#13682);
#10668=LINE('',#13683,#13684);
#10669=VERTEX_POINT('NONE',#13685);
#10670=LINE('',#13686,#13687);
#10671=LINE('',#13688,#13689);
#10672=FILL_AREA_STYLE_COLOUR('',#13690);
#10673=VERTEX_POINT('NONE',#13691);
#10674=VERTEX_POINT('NONE',#13692);
#10675=LINE('',#13693,#13694);
#10676=LINE('',#13695,#13696);
#10677=LINE('',#13697,#13698);
#10678=FILL_AREA_STYLE_COLOUR('',#13699);
#10679=LINE('',#13700,#13701);
#10680=LINE('',#13702,#13703);
#10681=FILL_AREA_STYLE_COLOUR('',#13704);
#10682=LINE('',#13705,#13706);
#10683=FILL_AREA_STYLE_COLOUR('',#13707);
#10684=LINE('',#13708,#13709);
#10685=VERTEX_POINT('NONE',#13710);
#10686=CIRCLE('',#13711,0.3);
#10687=LINE('',#13712,#13713);
#10688=FILL_AREA_STYLE_COLOUR('',#13714);
#10689=LINE('',#13715,#13716);
#10690=VERTEX_POINT('NONE',#13717);
#10691=LINE('',#13718,#13719);
#10692=CIRCLE('',#13720,0.3);
#10693=FILL_AREA_STYLE_COLOUR('',#13721);
#10694=FILL_AREA_STYLE_COLOUR('',#13722);
#10695=LINE('',#13723,#13724);
#10696=FILL_AREA_STYLE_COLOUR('',#13725);
#10697=FILL_AREA_STYLE_COLOUR('',#13726);
#10698=ORIENTED_EDGE('',*,*,#8211,.T.);
#10699=ORIENTED_EDGE('',*,*,#8308,.T.);
#10700=ORIENTED_EDGE('',*,*,#8195,.F.);
#10701=ORIENTED_EDGE('',*,*,#8305,.F.);
#10702=CARTESIAN_POINT('',(4.5,-2.0,5.9));
#10703=DIRECTION('',(-3.08598176252716E-17,1.0,-8.56532001582744E-34));
#10704=DIRECTION('',(1.0,3.08598176252716E-17,0.0));
#10705=COLOUR_RGB('',1.0,1.0,1.0);
#10706=CARTESIAN_POINT('',(1.54436537035846E-17,-6.84999999999998,8.58112834566069));
#10707=CARTESIAN_POINT('',(3.60943591482712E-17,-6.69999999999998,8.38112834566069));
#10708=AXIS2_PLACEMENT_3D('',#13727,#13728,#13729);
#10709=CARTESIAN_POINT('',(0.199999999999999,-6.84999999999998,8.38112834566069));
#10710=AXIS2_PLACEMENT_3D('',#13730,#13731,#13732);
#10711=AXIS2_PLACEMENT_3D('',#13733,#13734,#13735);
#10712=COLOUR_RGB('',1.0,1.0,1.0);
#10713=CARTESIAN_POINT('',(6.44295256694786E-17,-6.84999999999999,5.08112834566066));
#10714=CARTESIAN_POINT('',(3.60943591482714E-17,-6.69999999999999,5.28112834566065));
#10715=AXIS2_PLACEMENT_3D('',#13736,#13737,#13738);
#10716=CARTESIAN_POINT('',(-0.2,-6.85,5.28112834566065));
#10717=AXIS2_PLACEMENT_3D('',#13739,#13740,#13741);
#10718=AXIS2_PLACEMENT_3D('',#13742,#13743,#13744);
#10719=COLOUR_RGB('',1.0,1.0,1.0);
#10720=CARTESIAN_POINT('',(-2.5,-6.84999999999998,8.58112834566069));
#10721=CARTESIAN_POINT('',(-2.5,-6.69999999999998,8.38112834566069));
#10722=AXIS2_PLACEMENT_3D('',#13745,#13746,#13747);
#10723=CARTESIAN_POINT('',(-2.3,-6.84999999999998,8.38112834566069));
#10724=AXIS2_PLACEMENT_3D('',#13748,#13749,#13750);
#10725=AXIS2_PLACEMENT_3D('',#13751,#13752,#13753);
#10726=COLOUR_RGB('',1.0,1.0,1.0);
#10727=CARTESIAN_POINT('',(-2.5,-6.85,5.08112834566065));
#10728=CARTESIAN_POINT('',(-2.5,-6.69999999999999,5.28112834566065));
#10729=AXIS2_PLACEMENT_3D('',#13754,#13755,#13756);
#10730=CARTESIAN_POINT('',(-2.7,-6.85,5.28112834566065));
#10731=AXIS2_PLACEMENT_3D('',#13757,#13758,#13759);
#10732=AXIS2_PLACEMENT_3D('',#13760,#13761,#13762);
#10733=COLOUR_RGB('',1.0,1.0,1.0);
#10734=CARTESIAN_POINT('',(2.5,-6.84999999999998,8.58112834566069));
#10735=CARTESIAN_POINT('',(2.5,-6.69999999999998,8.38112834566069));
#10736=AXIS2_PLACEMENT_3D('',#13763,#13764,#13765);
#10737=CARTESIAN_POINT('',(2.7,-6.84999999999998,8.38112834566069));
#10738=AXIS2_PLACEMENT_3D('',#13766,#13767,#13768);
#10739=AXIS2_PLACEMENT_3D('',#13769,#13770,#13771);
#10740=COLOUR_RGB('',1.0,1.0,1.0);
#10741=CARTESIAN_POINT('',(2.5,-6.85,5.08112834566065));
#10742=CARTESIAN_POINT('',(2.5,-6.69999999999999,5.28112834566065));
#10743=AXIS2_PLACEMENT_3D('',#13772,#13773,#13774);
#10744=CARTESIAN_POINT('',(2.3,-6.85,5.28112834566065));
#10745=AXIS2_PLACEMENT_3D('',#13775,#13776,#13777);
#10746=AXIS2_PLACEMENT_3D('',#13778,#13779,#13780);
#10747=COLOUR_RGB('',1.0,0.501960813999176,0.0);
#10748=CARTESIAN_POINT('',(-5.7,1.0,8.45106429983483));
#10749=CARTESIAN_POINT('',(-5.7,-1.0,8.45106429983483));
#10750=CARTESIAN_POINT('',(-5.7,6.66133814775094E-16,8.45106429983483));
#10751=VECTOR('',#13781,1.0);
#10752=CARTESIAN_POINT('',(-5.48567256581193,1.0,7.99143763396344));
#10753=AXIS2_PLACEMENT_3D('',#13782,#13783,#13784);
#10754=CARTESIAN_POINT('',(-5.48567256581193,-1.0,7.99143763396344));
#10755=CARTESIAN_POINT('',(-5.48567256581193,-1.0,7.99143763396344));
#10756=VECTOR('',#13785,1000.0);
#10757=AXIS2_PLACEMENT_3D('',#13786,#13787,#13788);
#10758=COLOUR_RGB('',1.0,0.501960813999176,0.0);
#10759=CARTESIAN_POINT('',(-5.3,-1.0,8.45106429983483));
#10760=CARTESIAN_POINT('',(-5.3,1.0,8.45106429983483));
#10761=CARTESIAN_POINT('',(-5.3,6.66133814775094E-16,8.45106429983483));
#10762=VECTOR('',#13789,1.0);
#10763=CARTESIAN_POINT('',(-5.22855752193731,-1.0,8.29785541121103));
#10764=AXIS2_PLACEMENT_3D('',#13790,#13791,#13792);
#10765=CARTESIAN_POINT('',(-5.22855752193731,1.0,8.29785541121103));
#10766=CARTESIAN_POINT('',(-5.22855752193731,-1.0,8.29785541121103));
#10767=VECTOR('',#13793,1000.0);
#10768=AXIS2_PLACEMENT_3D('',#13794,#13795,#13796);
#10769=COLOUR_RGB('',1.0,0.501960813999176,0.0);
#10770=CARTESIAN_POINT('',(4.90898624851215,-5.31219896964719E-16,10.2));
#10771=CARTESIAN_POINT('',(4.55,-5.0132828706807E-16,10.0235662351499));
#10772=CARTESIAN_POINT('',(4.72949312425608,-5.16274092016395E-16,10.111783117575));
#10773=VECTOR('',#13797,1.0);
#10774=CARTESIAN_POINT('',(5.35007066063736,1.0,9.30253437871963));
#10775=AXIS2_PLACEMENT_3D('',#13798,#13799,#13800);
#10776=CARTESIAN_POINT('',(4.99108441212521,1.0,9.12610061386955));
#10777=CARTESIAN_POINT('',(4.90133784999717,1.0,9.08199217265703));
#10778=VECTOR('',#13801,1000.0);
#10779=AXIS2_PLACEMENT_3D('',#13802,#13803,#13804);
#10780=COLOUR_RGB('',1.0,1.0,1.0);
#10781=CARTESIAN_POINT('',(-0.212132034355964,-7.14999999999998,9.512132034356));
#10782=CARTESIAN_POINT('',(1.79304091785481E-16,-7.14999999999998,9.60000000000004));
#10783=AXIS2_PLACEMENT_3D('',#13805,#13806,#13807);
#10784=CARTESIAN_POINT('',(1.79304091785481E-16,-6.84999999999998,9.60000000000004));
#10785=CARTESIAN_POINT('',(1.91086932102814E-16,-7.46000000000005,9.60000000000004));
#10786=VECTOR('',#13808,1000.0);
#10787=CARTESIAN_POINT('',(-0.212132034355964,-6.84999999999998,9.512132034356));
#10788=AXIS2_PLACEMENT_3D('',#13809,#13810,#13811);
#10789=CARTESIAN_POINT('',(-0.212132034355964,-7.46000000000005,9.51213203435601));
#10790=VECTOR('',#13812,1000.0);
#10791=COLOUR_RGB('',1.0,1.0,1.0);
#10792=CARTESIAN_POINT('',(-0.199999999999999,-6.84999999999998,8.38112834566069));
#10793=AXIS2_PLACEMENT_3D('',#13813,#13814,#13815);
#10794=CARTESIAN_POINT('',(3.60943591482712E-17,-6.69999999999998,8.58112834566064));
#10795=VECTOR('',#13816,1000.0);
#10796=CARTESIAN_POINT('',(-0.2,-6.84999999999998,8.58112834566064));
#10797=VECTOR('',#13817,1000.0);
#10798=COLOUR_RGB('',1.0,1.0,1.0);
#10799=CARTESIAN_POINT('',(-2.5,-7.14999999999998,9.60000000000005));
#10800=CARTESIAN_POINT('',(-2.71213203435597,-7.14999999999998,9.51213203435601));
#10801=AXIS2_PLACEMENT_3D('',#13818,#13819,#13820);
#10802=CARTESIAN_POINT('',(-2.5,-6.84999999999998,9.60000000000005));
#10803=CARTESIAN_POINT('',(-2.5,-7.46000000000005,9.60000000000005));
#10804=VECTOR('',#13821,1000.0);
#10805=CARTESIAN_POINT('',(-2.71213203435597,-6.84999999999998,9.51213203435601));
#10806=AXIS2_PLACEMENT_3D('',#13822,#13823,#13824);
#10807=CARTESIAN_POINT('',(-2.71213203435597,-7.46000000000005,9.51213203435602));
#10808=VECTOR('',#13825,1000.0);
#10809=COLOUR_RGB('',1.0,1.0,1.0);
#10810=CARTESIAN_POINT('',(-2.7,-6.84999999999998,8.38112834566069));
#10811=AXIS2_PLACEMENT_3D('',#13826,#13827,#13828);
#10812=CARTESIAN_POINT('',(-2.5,-6.69999999999998,8.58112834566064));
#10813=VECTOR('',#13829,1000.0);
#10814=CARTESIAN_POINT('',(-2.7,-6.84999999999998,8.58112834566064));
#10815=VECTOR('',#13830,1000.0);
#10816=COLOUR_RGB('',1.0,1.0,1.0);
#10817=CARTESIAN_POINT('',(2.5,-7.14999999999998,9.60000000000004));
#10818=CARTESIAN_POINT('',(2.28786796564404,-7.14999999999998,9.512132034356));
#10819=AXIS2_PLACEMENT_3D('',#13831,#13832,#13833);
#10820=CARTESIAN_POINT('',(2.5,-6.84999999999998,9.60000000000004));
#10821=CARTESIAN_POINT('',(2.5,-7.46000000000005,9.60000000000004));
#10822=VECTOR('',#13834,1000.0);
#10823=CARTESIAN_POINT('',(2.28786796564404,-6.84999999999998,9.512132034356));
#10824=AXIS2_PLACEMENT_3D('',#13835,#13836,#13837);
#10825=CARTESIAN_POINT('',(2.28786796564404,-7.46000000000005,9.51213203435601));
#10826=VECTOR('',#13838,1000.0);
#10827=COLOUR_RGB('',1.0,1.0,1.0);
#10828=CARTESIAN_POINT('',(2.3,-6.84999999999998,8.38112834566069));
#10829=AXIS2_PLACEMENT_3D('',#13839,#13840,#13841);
#10830=CARTESIAN_POINT('',(2.5,-6.69999999999998,8.58112834566064));
#10831=VECTOR('',#13842,1000.0);
#10832=CARTESIAN_POINT('',(2.3,-6.84999999999998,8.58112834566064));
#10833=VECTOR('',#13843,1000.0);
#10834=COLOUR_RGB('',0.0,0.0,1.0);
#10835=CARTESIAN_POINT('',(-2.15,-4.2,-0.4));
#10836=CARTESIAN_POINT('',(-3.85,-4.2,-0.4));
#10837=AXIS2_PLACEMENT_3D('',#13844,#13845,#13846);
#10838=CARTESIAN_POINT('',(-3.0,-4.2,-1.15));
#10839=AXIS2_PLACEMENT_3D('',#13847,#13848,#13849);
#10840=AXIS2_PLACEMENT_3D('',#13850,#13851,#13852);
#10841=COLOUR_RGB('',1.0,0.0,1.0);
#10842=CARTESIAN_POINT('',(0.594999999999999,-1.01826346047894E-15,5.2));
#10843=CARTESIAN_POINT('',(-0.595000000000001,-1.08287266128256E-15,5.2));
#10844=AXIS2_PLACEMENT_3D('',#13853,#13854,#13855);
#10845=CARTESIAN_POINT('',(-0.595000000000001,-1.01266332768675E-15,4.48));
#10846=CARTESIAN_POINT('',(-0.595000000000001,-1.12187784661356E-15,5.4));
#10847=VECTOR('',#13856,1000.0);
#10848=CARTESIAN_POINT('',(0.594999999999999,-8.73716151414501E-16,4.48));
#10849=AXIS2_PLACEMENT_3D('',#13857,#13858,#13859);
#10850=CARTESIAN_POINT('',(0.594999999999999,-1.05726864580995E-15,5.4));
#10851=VECTOR('',#13860,1000.0);
#10852=COLOUR_RGB('',1.0,0.0,1.0);
#10853=CARTESIAN_POINT('',(-0.395000000000002,-1.09082267534698E-15,5.4));
#10854=CARTESIAN_POINT('',(0.394999999999999,-1.03707216375405E-15,5.4));
#10855=AXIS2_PLACEMENT_3D('',#13861,#13862,#13863);
#10856=CARTESIAN_POINT('',(-0.395000000000002,-1.0987726894114E-15,5.4));
#10857=VECTOR('',#13864,1000.0);
#10858=CARTESIAN_POINT('',(0.394999999999999,-1.05588086702917E-15,5.4));
#10859=VECTOR('',#13865,1000.0);
#10860=COLOUR_RGB('',0.0,0.0,1.0);
#10861=CARTESIAN_POINT('',(2.15,4.2,-0.4));
#10862=CARTESIAN_POINT('',(3.85,4.2,-0.4));
#10863=AXIS2_PLACEMENT_3D('',#13866,#13867,#13868);
#10864=CARTESIAN_POINT('',(3.0,4.2,-1.15));
#10865=AXIS2_PLACEMENT_3D('',#13869,#13870,#13871);
#10866=AXIS2_PLACEMENT_3D('',#13872,#13873,#13874);
#10867=COLOUR_RGB('',0.0,0.0,1.0);
#10868=CARTESIAN_POINT('',(-2.15,4.2,-0.4));
#10869=CARTESIAN_POINT('',(-3.85,4.2,-0.4));
#10870=AXIS2_PLACEMENT_3D('',#13875,#13876,#13877);
#10871=CARTESIAN_POINT('',(-3.0,4.2,-1.15));
#10872=AXIS2_PLACEMENT_3D('',#13878,#13879,#13880);
#10873=AXIS2_PLACEMENT_3D('',#13881,#13882,#13883);
#10874=COLOUR_RGB('',0.0,0.0,1.0);
#10875=CARTESIAN_POINT('',(2.15,-4.2,-0.4));
#10876=CARTESIAN_POINT('',(3.85,-4.2,-0.4));
#10877=AXIS2_PLACEMENT_3D('',#13884,#13885,#13886);
#10878=CARTESIAN_POINT('',(3.0,-4.2,-1.15));
#10879=AXIS2_PLACEMENT_3D('',#13887,#13888,#13889);
#10880=AXIS2_PLACEMENT_3D('',#13890,#13891,#13892);
#10881=COLOUR_RGB('',1.0,0.501960813999176,0.0);
#10882=CARTESIAN_POINT('',(3.43924645790174,0.378396355440044,-0.4));
#10883=CARTESIAN_POINT('',(-3.43924645790174,-0.378396355440043,-0.4));
#10884=AXIS2_PLACEMENT_3D('',#13893,#13894,#13895);
#10885=CARTESIAN_POINT('',(3.43924645790174,0.378396355440044,-1.2));
#10886=CARTESIAN_POINT('',(3.43924645790174,0.378396355440044,0.580000000000001));
#10887=VECTOR('',#13896,1000.0);
#10888=CARTESIAN_POINT('',(-3.43924645790174,-0.378396355440043,-1.2));
#10889=AXIS2_PLACEMENT_3D('',#13897,#13898,#13899);
#10890=CARTESIAN_POINT('',(-3.43924645790174,-0.378396355440043,0.580000000000001));
#10891=VECTOR('',#13900,1000.0);
#10892=COLOUR_RGB('',1.0,0.501960813999176,0.0);
#10893=CARTESIAN_POINT('',(-4.99108441212521,-1.0,9.12610061386955));
#10894=CARTESIAN_POINT('',(-4.55,3.78863607153335E-16,10.0235662351499));
#10895=AXIS2_PLACEMENT_3D('',#13901,#13902,#13903);
#10896=CARTESIAN_POINT('',(-4.90898624851215,4.08755217049984E-16,10.2));
#10897=CARTESIAN_POINT('',(-4.46025343787196,3.71390704679172E-16,9.9794577939374));
#10898=VECTOR('',#13904,1000.0);
#10899=CARTESIAN_POINT('',(-5.35007066063736,-1.0,9.30253437871963));
#10900=AXIS2_PLACEMENT_3D('',#13905,#13906,#13907);
#10901=CARTESIAN_POINT('',(-4.90133784999717,-1.0,9.08199217265703));
#10902=VECTOR('',#13908,1000.0);
#10903=COLOUR_RGB('',1.0,0.501960813999176,0.0);
#10904=CARTESIAN_POINT('',(5.63847937276823,-1.0,8.71571494710995));
#10905=CARTESIAN_POINT('',(5.7,-1.0,8.45106429983483));
#10906=AXIS2_PLACEMENT_3D('',#13909,#13910,#13911);
#10907=CARTESIAN_POINT('',(5.7,1.0,8.45106429983483));
#10908=CARTESIAN_POINT('',(5.7,-1.0,8.45106429983483));
#10909=VECTOR('',#13912,1000.0);
#10910=CARTESIAN_POINT('',(5.63847937276823,1.0,8.71571494710995));
#10911=AXIS2_PLACEMENT_3D('',#13913,#13914,#13915);
#10912=CARTESIAN_POINT('',(5.63847937276823,-1.0,8.71571494710995));
#10913=VECTOR('',#13916,1000.0);
#10914=COLOUR_RGB('',1.0,0.501960813999176,0.0);
#10915=CARTESIAN_POINT('',(5.22855752193731,-1.0,8.29785541121103));
#10916=CARTESIAN_POINT('',(5.3,-1.0,8.45106429983483));
#10917=AXIS2_PLACEMENT_3D('',#13917,#13918,#13919);
#10918=CARTESIAN_POINT('',(5.3,1.0,8.45106429983483));
#10919=CARTESIAN_POINT('',(5.3,-1.0,8.45106429983483));
#10920=VECTOR('',#13920,1000.0);
#10921=CARTESIAN_POINT('',(5.22855752193731,1.0,8.29785541121103));
#10922=AXIS2_PLACEMENT_3D('',#13921,#13922,#13923);
#10923=CARTESIAN_POINT('',(5.22855752193731,-1.0,8.29785541121103));
#10924=VECTOR('',#13924,1000.0);
#10925=COLOUR_RGB('',1.0,0.0,1.0);
#10926=CARTESIAN_POINT('',(-3.025,1.28865867731697E-15,-6.5));
#10927=CARTESIAN_POINT('',(3.025,3.88657895818696E-16,-6.5));
#10928=AXIS2_PLACEMENT_3D('',#13925,#13926,#13927);
#10929=CARTESIAN_POINT('',(3.025,-1.20350567091642E-16,-1.5));
#10930=CARTESIAN_POINT('',(3.025,-1.64162422040301E-15,6.41031903318695));
#10931=VECTOR('',#13928,1000.0);
#10932=CARTESIAN_POINT('',(-3.025,3.13529044041853E-16,-1.5));
#10933=AXIS2_PLACEMENT_3D('',#13929,#13930,#13931);
#10934=CARTESIAN_POINT('',(-3.025,-1.22918825554229E-15,6.41031903318695));
#10935=VECTOR('',#13932,1000.0);
#10936=COLOUR_RGB('',1.0,0.0,1.0);
#10937=CARTESIAN_POINT('',(3.055,-1.51545509697175E-16,-1.3));
#10938=CARTESIAN_POINT('',(3.025,-9.89069208188597E-17,-1.5));
#10939=VECTOR('',#13933,1000.0);
#10940=CARTESIAN_POINT('',(-3.055,2.74732025527966E-16,-1.3));
#10941=AXIS2_PLACEMENT_3D('',#13934,#13935,#13936);
#10942=CARTESIAN_POINT('',(-3.025,3.13529044041853E-16,-1.5));
#10943=VECTOR('',#13937,1000.0);
#10944=COLOUR_RGB('',1.0,0.0,1.0);
#10945=CARTESIAN_POINT('',(3.055,-1.51545509697175E-16,-1.2));
#10946=CARTESIAN_POINT('',(3.055,-1.64550632761757E-15,6.41031903318695));
#10947=VECTOR('',#13938,1000.0);
#10948=CARTESIAN_POINT('',(-3.055,2.34031111986027E-16,-1.2));
#10949=AXIS2_PLACEMENT_3D('',#13939,#13940,#13941);
#10950=CARTESIAN_POINT('',(-3.055,-1.22898008872518E-15,6.41031903318695));
#10951=VECTOR('',#13942,1000.0);
#10952=COLOUR_RGB('',1.0,0.0,1.0);
#10953=CARTESIAN_POINT('',(2.7,2.23479593546142E-15,-13.5));
#10954=CARTESIAN_POINT('',(-2.7,2.62337196847069E-15,-13.5));
#10955=AXIS2_PLACEMENT_3D('',#13943,#13944,#13945);
#10956=CARTESIAN_POINT('',(2.78216345035823,1.259429131873E-14,-13.4178365496418));
#10957=CARTESIAN_POINT('',(3.0,2.18613151039037E-15,-13.2));
#10958=VECTOR('',#13946,1000.0);
#10959=CARTESIAN_POINT('',(2.99260963123405,-0.210446180875805,-13.2));
#10960=CARTESIAN_POINT('',(2.78216345035823,1.259429131873E-14,-13.4178365496418));
#10961=CARTESIAN_POINT('',(2.85314282984955,-0.0709793794913074,-13.3468571701505));
#10962=CARTESIAN_POINT('',(2.92323010459321,-0.141066654234965,-13.2740754986828));
#10963=CARTESIAN_POINT('',(2.99260963123405,-0.210446180875805,-13.2));
#10964=CARTESIAN_POINT('',(2.98868667644766,-0.260292047562507,-13.2));
#10965=AXIS2_PLACEMENT_3D('',#13947,#13948,#13949);
#10966=CARTESIAN_POINT('',(2.74791040154877,-0.435226251011261,-13.4178365496418));
#10967=CARTESIAN_POINT('',(2.98868667644766,-0.260292047562507,-13.2));
#10968=CARTESIAN_POINT('',(2.90930797777368,-0.317964047966871,-13.2740754986828));
#10969=CARTESIAN_POINT('',(2.82911952835463,-0.376224366724618,-13.3468571701504));
#10970=CARTESIAN_POINT('',(2.74791040154877,-0.435226251011261,-13.4178365496418));
#10971=CARTESIAN_POINT('',(2.92284460499752,-0.67600252591015,-13.2));
#10972=CARTESIAN_POINT('',(2.74791040154877,-0.435226251011261,-13.4178365496418));
#10973=CARTESIAN_POINT('',(2.80691228583541,-0.516435377817128,-13.3468571701504));
#10974=CARTESIAN_POINT('',(2.86517260459316,-0.596623827236178,-13.2740754986828));
#10975=CARTESIAN_POINT('',(2.92284460499752,-0.67600252591015,-13.2));
#10976=CARTESIAN_POINT('',(2.91117233680472,-0.724621021930079,-13.2));
#10977=AXIS2_PLACEMENT_3D('',#13950,#13951,#13952);
#10978=CARTESIAN_POINT('',(2.64599467886141,-0.859735787289523,-13.4178365496418));
#10979=CARTESIAN_POINT('',(2.91117233680472,-0.724621021930079,-13.2));
#10980=CARTESIAN_POINT('',(2.82374903310176,-0.769165420045615,-13.2740754986828));
#10981=CARTESIAN_POINT('',(2.73543391476222,-0.814164220414723,-13.3468571701504));
#10982=CARTESIAN_POINT('',(2.64599467886141,-0.859735787289523,-13.4178365496418));
#10983=CARTESIAN_POINT('',(2.78110944422085,-1.12491344523283,-13.2));
#10984=CARTESIAN_POINT('',(2.64599467886141,-0.859735787289523,-13.4178365496418));
#10985=CARTESIAN_POINT('',(2.69156624573621,-0.949175023190336,-13.3468571701504));
#10986=CARTESIAN_POINT('',(2.73656504610532,-1.03749014152988,-13.2740754986828));
#10987=CARTESIAN_POINT('',(2.78110944422085,-1.12491344523283,-13.2));
#10988=CARTESIAN_POINT('',(2.76197527260258,-1.17110742185844,-13.2));
#10989=AXIS2_PLACEMENT_3D('',#13953,#13954,#13955);
#10990=CARTESIAN_POINT('',(2.47892578562761,-1.26307577518523,-13.4178365496418));
#10991=CARTESIAN_POINT('',(2.76197527260258,-1.17110742185844,-13.2));
#10992=CARTESIAN_POINT('',(2.66866001574912,-1.20142738676916,-13.2740754986828));
#10993=CARTESIAN_POINT('',(2.57439283980368,-1.23205664894208,-13.3468571701505));
#10994=CARTESIAN_POINT('',(2.47892578562761,-1.26307577518523,-13.4178365496418));
#10995=CARTESIAN_POINT('',(2.5708941389544,-1.5461252621602,-13.2));
#10996=CARTESIAN_POINT('',(2.47892578562761,-1.26307577518523,-13.4178365496418));
#10997=CARTESIAN_POINT('',(2.50994491187075,-1.3585428293613,-13.3468571701505));
#10998=CARTESIAN_POINT('',(2.54057417404368,-1.45281000530674,-13.2740754986828));
#10999=CARTESIAN_POINT('',(2.5708941389544,-1.5461252621602,-13.2));
#11000=CARTESIAN_POINT('',(2.54476921071858,-1.58875727037794,-13.2));
#11001=AXIS2_PLACEMENT_3D('',#13956,#13957,#13958);
#11002=CARTESIAN_POINT('',(2.25081751246865,-1.6353146455877,-13.4178365496418));
#11003=CARTESIAN_POINT('',(2.54476921071858,-1.58875727037794,-13.2));
#11004=CARTESIAN_POINT('',(2.44785973203393,-1.60410622392155,-13.2740754986828));
#11005=CARTESIAN_POINT('',(2.34996166920919,-1.6196117538109,-13.3468571701505));
#11006=CARTESIAN_POINT('',(2.25081751246865,-1.6353146455877,-13.4178365496418));
#11007=CARTESIAN_POINT('',(2.29737488767842,-1.92926634383762,-13.2));
#11008=CARTESIAN_POINT('',(2.25081751246865,-1.6353146455877,-13.4178365496418));
#11009=CARTESIAN_POINT('',(2.26652040424545,-1.73445880232824,-13.3468571701505));
#11010=CARTESIAN_POINT('',(2.2820259341348,-1.83235686515298,-13.2740754986828));
#11011=CARTESIAN_POINT('',(2.29737488767842,-1.92926634383762,-13.2));
#11012=CARTESIAN_POINT('',(2.26490248526188,-1.96728664211766,-13.2));
#11013=AXIS2_PLACEMENT_3D('',#13959,#13960,#13961);
#11014=CARTESIAN_POINT('',(1.96728664211767,-1.96728664211766,-13.4178365496418));
#11015=CARTESIAN_POINT('',(2.26490248526188,-1.96728664211766,-13.2));
#11016=CARTESIAN_POINT('',(2.16679605261302,-1.96728664211766,-13.2740671677089));
#11017=CARTESIAN_POINT('',(2.06765440834187,-1.96728664211766,-13.3468658215321));
#11018=CARTESIAN_POINT('',(1.96728664211767,-1.96728664211766,-13.4178365496418));
#11019=CARTESIAN_POINT('',(1.96728664211767,-2.26490248526186,-13.2));
#11020=CARTESIAN_POINT('',(1.96728664211767,-1.96728664211766,-13.4178365496418));
#11021=CARTESIAN_POINT('',(1.96728664211767,-2.06767711469911,-13.3468497657129));
#11022=CARTESIAN_POINT('',(1.96728664211767,-2.1667980090432,-13.2740656906677));
#11023=CARTESIAN_POINT('',(1.96728664211767,-2.26490248526186,-13.2));
#11024=CARTESIAN_POINT('',(1.92926634383764,-2.2973748876784,-13.2));
#11025=AXIS2_PLACEMENT_3D('',#13962,#13963,#13964);
#11026=CARTESIAN_POINT('',(1.63531464558772,-2.25081751246864,-13.4178365496418));
#11027=CARTESIAN_POINT('',(1.92926634383764,-2.2973748876784,-13.2));
#11028=CARTESIAN_POINT('',(1.83235686515299,-2.28202593413479,-13.2740754986828));
#11029=CARTESIAN_POINT('',(1.73445880232825,-2.26652040424544,-13.3468571701504));
#11030=CARTESIAN_POINT('',(1.63531464558772,-2.25081751246864,-13.4178365496418));
#11031=CARTESIAN_POINT('',(1.58875727037795,-2.54476921071856,-13.2));
#11032=CARTESIAN_POINT('',(1.63531464558772,-2.25081751246864,-13.4178365496418));
#11033=CARTESIAN_POINT('',(1.61961175381092,-2.34996166920918,-13.3468571701504));
#11034=CARTESIAN_POINT('',(1.60410622392157,-2.44785973203392,-13.2740754986828));
#11035=CARTESIAN_POINT('',(1.58875727037795,-2.54476921071856,-13.2));
#11036=CARTESIAN_POINT('',(1.54612526216021,-2.57089413895439,-13.2));
#11037=AXIS2_PLACEMENT_3D('',#13965,#13966,#13967);
#11038=CARTESIAN_POINT('',(1.26307577518524,-2.4789257856276,-13.4178365496418));
#11039=CARTESIAN_POINT('',(1.54612526216021,-2.57089413895439,-13.2));
#11040=CARTESIAN_POINT('',(1.45281000530675,-2.54057417404366,-13.2740754986828));
#11041=CARTESIAN_POINT('',(1.35854282936132,-2.50994491187074,-13.3468571701505));
#11042=CARTESIAN_POINT('',(1.26307577518524,-2.4789257856276,-13.4178365496418));
#11043=CARTESIAN_POINT('',(1.17110742185845,-2.76197527260257,-13.2));
#11044=CARTESIAN_POINT('',(1.26307577518524,-2.4789257856276,-13.4178365496418));
#11045=CARTESIAN_POINT('',(1.2320566489421,-2.57439283980368,-13.3468571701505));
#11046=CARTESIAN_POINT('',(1.20142738676917,-2.66866001574911,-13.2740754986828));
#11047=CARTESIAN_POINT('',(1.17110742185845,-2.76197527260257,-13.2));
#11048=CARTESIAN_POINT('',(1.12491344523285,-2.78110944422084,-13.2));
#11049=AXIS2_PLACEMENT_3D('',#13968,#13969,#13970);
#11050=CARTESIAN_POINT('',(0.859735787289539,-2.6459946788614,-13.4178365496418));
#11051=CARTESIAN_POINT('',(1.12491344523285,-2.78110944422084,-13.2));
#11052=CARTESIAN_POINT('',(1.03749014152989,-2.73656504610531,-13.2740754986828));
#11053=CARTESIAN_POINT('',(0.949175023190352,-2.6915662457362,-13.3468571701504));
#11054=CARTESIAN_POINT('',(0.859735787289539,-2.6459946788614,-13.4178365496418));
#11055=CARTESIAN_POINT('',(0.724621021930095,-2.91117233680471,-13.2));
#11056=CARTESIAN_POINT('',(0.859735787289539,-2.6459946788614,-13.4178365496418));
#11057=CARTESIAN_POINT('',(0.814164220414738,-2.73543391476221,-13.3468571701505));
#11058=CARTESIAN_POINT('',(0.769165420045631,-2.82374903310175,-13.2740754986828));
#11059=CARTESIAN_POINT('',(0.724621021930095,-2.91117233680471,-13.2));
#11060=CARTESIAN_POINT('',(0.676002525910167,-2.92284460499751,-13.2));
#11061=AXIS2_PLACEMENT_3D('',#13971,#13972,#13973);
#11062=CARTESIAN_POINT('',(0.435226251011277,-2.74791040154876,-13.4178365496418));
#11063=CARTESIAN_POINT('',(0.676002525910167,-2.92284460499751,-13.2));
#11064=CARTESIAN_POINT('',(0.596623827236194,-2.86517260459315,-13.2740754986828));
#11065=CARTESIAN_POINT('',(0.516435377817144,-2.8069122858354,-13.3468571701504));
#11066=CARTESIAN_POINT('',(0.435226251011277,-2.74791040154876,-13.4178365496418));
#11067=CARTESIAN_POINT('',(0.260292047562524,-2.98868667644765,-13.2));
#11068=CARTESIAN_POINT('',(0.435226251011277,-2.74791040154876,-13.4178365496418));
#11069=CARTESIAN_POINT('',(0.376224366724634,-2.82911952835463,-13.3468571701505));
#11070=CARTESIAN_POINT('',(0.317964047966888,-2.90930797777368,-13.2740754986828));
#11071=CARTESIAN_POINT('',(0.260292047562524,-2.98868667644765,-13.2));
#11072=CARTESIAN_POINT('',(0.210446180875822,-2.99260963123404,-13.2));
#11073=AXIS2_PLACEMENT_3D('',#13974,#13975,#13976);
#11074=CARTESIAN_POINT('',(3.07783468392285E-15,-2.78216345035823,-13.4178365496418));
#11075=CARTESIAN_POINT('',(0.210446180875822,-2.99260963123404,-13.2));
#11076=CARTESIAN_POINT('',(0.141066654234981,-2.9232301045932,-13.2740754986828));
#11077=CARTESIAN_POINT('',(0.0709793794913234,-2.85314282984955,-13.3468571701505));
#11078=CARTESIAN_POINT('',(3.07783468392285E-15,-2.78216345035823,-13.4178365496418));
#11079=CARTESIAN_POINT('',(-0.210446180875815,-2.99260963123404,-13.2));
#11080=CARTESIAN_POINT('',(3.07783468392285E-15,-2.78216345035823,-13.4178365496418));
#11081=CARTESIAN_POINT('',(-0.0709793794913172,-2.85314282984955,-13.3468571701505));
#11082=CARTESIAN_POINT('',(-0.141066654234975,-2.9232301045932,-13.2740754986828));
#11083=CARTESIAN_POINT('',(-0.210446180875815,-2.99260963123404,-13.2));
#11084=CARTESIAN_POINT('',(-0.260292047562474,-2.98868667644765,-13.2));
#11085=AXIS2_PLACEMENT_3D('',#13977,#13978,#13979);
#11086=CARTESIAN_POINT('',(-0.435226251011231,-2.74791040154877,-13.4178365496418));
#11087=CARTESIAN_POINT('',(-0.260292047562474,-2.98868667644765,-13.2));
#11088=CARTESIAN_POINT('',(-0.317964047966839,-2.90930797777368,-13.2740754986828));
#11089=CARTESIAN_POINT('',(-0.376224366724587,-2.82911952835463,-13.3468571701504));
#11090=CARTESIAN_POINT('',(-0.435226251011231,-2.74791040154877,-13.4178365496418));
#11091=CARTESIAN_POINT('',(-0.676002525910118,-2.92284460499752,-13.2));
#11092=CARTESIAN_POINT('',(-0.435226251011231,-2.74791040154877,-13.4178365496418));
#11093=CARTESIAN_POINT('',(-0.516435377817098,-2.80691228583541,-13.3468571701505));
#11094=CARTESIAN_POINT('',(-0.596623827236147,-2.86517260459316,-13.2740754986828));
#11095=CARTESIAN_POINT('',(-0.676002525910118,-2.92284460499752,-13.2));
#11096=CARTESIAN_POINT('',(-0.724621021930048,-2.91117233680472,-13.2));
#11097=AXIS2_PLACEMENT_3D('',#13980,#13981,#13982);
#11098=CARTESIAN_POINT('',(-0.859735787289496,-2.64599467886141,-13.4178365496418));
#11099=CARTESIAN_POINT('',(-0.724621021930048,-2.91117233680472,-13.2));
#11100=CARTESIAN_POINT('',(-0.769165420045585,-2.82374903310176,-13.2740754986828));
#11101=CARTESIAN_POINT('',(-0.814164220414694,-2.73543391476222,-13.3468571701504));
#11102=CARTESIAN_POINT('',(-0.859735787289496,-2.64599467886141,-13.4178365496418));
#11103=CARTESIAN_POINT('',(-1.1249134452328,-2.78110944422086,-13.2));
#11104=CARTESIAN_POINT('',(-0.859735787289496,-2.64599467886141,-13.4178365496418));
#11105=CARTESIAN_POINT('',(-0.949175023190308,-2.69156624573621,-13.3468571701505));
#11106=CARTESIAN_POINT('',(-1.03749014152985,-2.73656504610532,-13.2740754986828));
#11107=CARTESIAN_POINT('',(-1.1249134452328,-2.78110944422086,-13.2));
#11108=CARTESIAN_POINT('',(-1.17110742185841,-2.76197527260259,-13.2));
#11109=AXIS2_PLACEMENT_3D('',#13983,#13984,#13985);
#11110=CARTESIAN_POINT('',(-1.2630757751852,-2.47892578562762,-13.4178365496418));
#11111=CARTESIAN_POINT('',(-1.17110742185841,-2.76197527260259,-13.2));
#11112=CARTESIAN_POINT('',(-1.20142738676913,-2.66866001574913,-13.2740754986828));
#11113=CARTESIAN_POINT('',(-1.23205664894206,-2.57439283980369,-13.3468571701505));
#11114=CARTESIAN_POINT('',(-1.2630757751852,-2.47892578562762,-13.4178365496418));
#11115=CARTESIAN_POINT('',(-1.54612526216017,-2.57089413895441,-13.2));
#11116=CARTESIAN_POINT('',(-1.2630757751852,-2.47892578562762,-13.4178365496418));
#11117=CARTESIAN_POINT('',(-1.35854282936127,-2.50994491187076,-13.3468571701505));
#11118=CARTESIAN_POINT('',(-1.45281000530671,-2.54057417404369,-13.2740754986828));
#11119=CARTESIAN_POINT('',(-1.54612526216017,-2.57089413895441,-13.2));
#11120=CARTESIAN_POINT('',(-1.58875727037791,-2.54476921071859,-13.2));
#11121=AXIS2_PLACEMENT_3D('',#13986,#13987,#13988);
#11122=CARTESIAN_POINT('',(-1.63531464558768,-2.25081751246867,-13.4178365496418));
#11123=CARTESIAN_POINT('',(-1.58875727037791,-2.54476921071859,-13.2));
#11124=CARTESIAN_POINT('',(-1.60410622392152,-2.44785973203394,-13.2740754986828));
#11125=CARTESIAN_POINT('',(-1.61961175381088,-2.3499616692092,-13.3468571701505));
#11126=CARTESIAN_POINT('',(-1.63531464558768,-2.25081751246867,-13.4178365496418));
#11127=CARTESIAN_POINT('',(-1.9292663438376,-2.29737488767843,-13.2));
#11128=CARTESIAN_POINT('',(-1.63531464558768,-2.25081751246867,-13.4178365496418));
#11129=CARTESIAN_POINT('',(-1.73445880232821,-2.26652040424547,-13.3468571701505));
#11130=CARTESIAN_POINT('',(-1.83235686515295,-2.28202593413482,-13.2740754986828));
#11131=CARTESIAN_POINT('',(-1.9292663438376,-2.29737488767843,-13.2));
#11132=CARTESIAN_POINT('',(-1.96728664211764,-2.26490248526189,-13.2));
#11133=AXIS2_PLACEMENT_3D('',#13989,#13990,#13991);
#11134=CARTESIAN_POINT('',(-1.96728664211764,-1.96728664211769,-13.4178365496418));
#11135=CARTESIAN_POINT('',(-1.96728664211764,-2.26490248526189,-13.2));
#11136=CARTESIAN_POINT('',(-1.96728664211764,-2.16679800904322,-13.2740656906677));
#11137=CARTESIAN_POINT('',(-1.96728664211764,-2.06767711469914,-13.3468497657129));
#11138=CARTESIAN_POINT('',(-1.96728664211764,-1.96728664211769,-13.4178365496418));
#11139=CARTESIAN_POINT('',(-2.26490248526184,-1.96728664211769,-13.2));
#11140=CARTESIAN_POINT('',(-1.96728664211764,-1.96728664211769,-13.4178365496418));
#11141=CARTESIAN_POINT('',(-2.06767711469909,-1.96728664211769,-13.3468497657129));
#11142=CARTESIAN_POINT('',(-2.16679800904318,-1.96728664211769,-13.2740656906677));
#11143=CARTESIAN_POINT('',(-2.26490248526184,-1.96728664211769,-13.2));
#11144=CARTESIAN_POINT('',(-2.29737488767838,-1.92926634383766,-13.2));
#11145=AXIS2_PLACEMENT_3D('',#13992,#13993,#13994);
#11146=CARTESIAN_POINT('',(-2.25081751246863,-1.63531464558773,-13.4178365496418));
#11147=CARTESIAN_POINT('',(-2.29737488767838,-1.92926634383766,-13.2));
#11148=CARTESIAN_POINT('',(-2.28202593413477,-1.83235686515301,-13.2740754986828));
#11149=CARTESIAN_POINT('',(-2.26652040424542,-1.73445880232827,-13.3468571701505));
#11150=CARTESIAN_POINT('',(-2.25081751246863,-1.63531464558773,-13.4178365496418));
#11151=CARTESIAN_POINT('',(-2.54476921071855,-1.58875727037798,-13.2));
#11152=CARTESIAN_POINT('',(-2.25081751246863,-1.63531464558773,-13.4178365496418));
#11153=CARTESIAN_POINT('',(-2.34996166920916,-1.61961175381094,-13.3468571701505));
#11154=CARTESIAN_POINT('',(-2.4478597320339,-1.60410622392159,-13.2740754986828));
#11155=CARTESIAN_POINT('',(-2.54476921071855,-1.58875727037798,-13.2));
#11156=CARTESIAN_POINT('',(-2.57089413895437,-1.54612526216023,-13.2));
#11157=AXIS2_PLACEMENT_3D('',#13995,#13996,#13997);
#11158=CARTESIAN_POINT('',(-2.47892578562759,-1.26307577518526,-13.4178365496418));
#11159=CARTESIAN_POINT('',(-2.57089413895437,-1.54612526216023,-13.2));
#11160=CARTESIAN_POINT('',(-2.54057417404365,-1.45281000530677,-13.2740754986828));
#11161=CARTESIAN_POINT('',(-2.50994491187072,-1.35854282936134,-13.3468571701505));
#11162=CARTESIAN_POINT('',(-2.47892578562759,-1.26307577518526,-13.4178365496418));
#11163=CARTESIAN_POINT('',(-2.76197527260256,-1.17110742185848,-13.2));
#11164=CARTESIAN_POINT('',(-2.47892578562759,-1.26307577518526,-13.4178365496418));
#11165=CARTESIAN_POINT('',(-2.57439283980366,-1.23205664894212,-13.3468571701505));
#11166=CARTESIAN_POINT('',(-2.6686600157491,-1.2014273867692,-13.2740754986828));
#11167=CARTESIAN_POINT('',(-2.76197527260256,-1.17110742185848,-13.2));
#11168=CARTESIAN_POINT('',(-2.78110944422083,-1.12491344523287,-13.2));
#11169=AXIS2_PLACEMENT_3D('',#13998,#13999,#14000);
#11170=CARTESIAN_POINT('',(-2.64599467886139,-0.859735787289561,-13.4178365496418));
#11171=CARTESIAN_POINT('',(-2.78110944422083,-1.12491344523287,-13.2));
#11172=CARTESIAN_POINT('',(-2.7365650461053,-1.03749014152992,-13.2740754986828));
#11173=CARTESIAN_POINT('',(-2.69156624573619,-0.949175023190375,-13.3468571701504));
#11174=CARTESIAN_POINT('',(-2.64599467886139,-0.859735787289561,-13.4178365496418));
#11175=CARTESIAN_POINT('',(-2.9111723368047,-0.72462102193012,-13.2));
#11176=CARTESIAN_POINT('',(-2.64599467886139,-0.859735787289561,-13.4178365496418));
#11177=CARTESIAN_POINT('',(-2.7354339147622,-0.814164220414762,-13.3468571701504));
#11178=CARTESIAN_POINT('',(-2.82374903310174,-0.769165420045655,-13.2740754986828));
#11179=CARTESIAN_POINT('',(-2.9111723368047,-0.72462102193012,-13.2));
#11180=CARTESIAN_POINT('',(-2.9228446049975,-0.676002525910193,-13.2));
#11181=AXIS2_PLACEMENT_3D('',#14001,#14002,#14003);
#11182=CARTESIAN_POINT('',(-2.74791040154875,-0.435226251011302,-13.4178365496418));
#11183=CARTESIAN_POINT('',(-2.9228446049975,-0.676002525910193,-13.2));
#11184=CARTESIAN_POINT('',(-2.86517260459314,-0.59662382723622,-13.2740754986828));
#11185=CARTESIAN_POINT('',(-2.8069122858354,-0.516435377817169,-13.3468571701504));
#11186=CARTESIAN_POINT('',(-2.74791040154875,-0.435226251011302,-13.4178365496418));
#11187=CARTESIAN_POINT('',(-2.98868667644765,-0.260292047562551,-13.2));
#11188=CARTESIAN_POINT('',(-2.74791040154875,-0.435226251011302,-13.4178365496418));
#11189=CARTESIAN_POINT('',(-2.82911952835462,-0.376224366724659,-13.3468571701505));
#11190=CARTESIAN_POINT('',(-2.90930797777367,-0.317964047966914,-13.2740754986828));
#11191=CARTESIAN_POINT('',(-2.98868667644765,-0.260292047562551,-13.2));
#11192=CARTESIAN_POINT('',(-2.99260963123404,-0.210446180875848,-13.2));
#11193=AXIS2_PLACEMENT_3D('',#14004,#14005,#14006);
#11194=CARTESIAN_POINT('',(-2.78216345035823,-2.67883828422053E-14,-13.4178365496418));
#11195=CARTESIAN_POINT('',(-2.99260963123404,-0.210446180875848,-13.2));
#11196=CARTESIAN_POINT('',(-2.9232301045932,-0.141066654235006,-13.2740754986828));
#11197=CARTESIAN_POINT('',(-2.85314282984955,-0.0709793794913475,-13.3468571701505));
#11198=CARTESIAN_POINT('',(-2.78216345035823,-2.67883828422053E-14,-13.4178365496418));
#11199=CARTESIAN_POINT('',(-3.0,2.59515891355802E-15,-13.2));
#11200=VECTOR('',#14007,1000.0);
#11201=COLOUR_RGB('',1.0,0.0,1.0);
#11202=CARTESIAN_POINT('',(-0.349999999999996,2.67721870604551,-13.5));
#11203=AXIS2_PLACEMENT_3D('',#14008,#14009,#14010);
#11204=CARTESIAN_POINT('',(-2.99260963123405,0.21044618087579,-13.2));
#11205=CARTESIAN_POINT('',(-2.78216345035823,-2.67883828422053E-14,-13.4178365496418));
#11206=CARTESIAN_POINT('',(-2.85314282984955,0.0709793794912926,-13.3468571701505));
#11207=CARTESIAN_POINT('',(-2.92323010459321,0.141066654234949,-13.2740754986828));
#11208=CARTESIAN_POINT('',(-2.99260963123405,0.21044618087579,-13.2));
#11209=CARTESIAN_POINT('',(-2.98868667644765,0.26029204756249,-13.2));
#11210=AXIS2_PLACEMENT_3D('',#14011,#14012,#14013);
#11211=CARTESIAN_POINT('',(-2.74791040154876,0.435226251011246,-13.4178365496418));
#11212=CARTESIAN_POINT('',(-2.98868667644765,0.26029204756249,-13.2));
#11213=CARTESIAN_POINT('',(-2.90930797777368,0.317964047966855,-13.2740754986828));
#11214=CARTESIAN_POINT('',(-2.82911952835463,0.376224366724603,-13.3468571701504));
#11215=CARTESIAN_POINT('',(-2.74791040154876,0.435226251011246,-13.4178365496418));
#11216=CARTESIAN_POINT('',(-2.92284460499752,0.676002525910134,-13.2));
#11217=CARTESIAN_POINT('',(-2.74791040154876,0.435226251011246,-13.4178365496418));
#11218=CARTESIAN_POINT('',(-2.80691228583541,0.516435377817113,-13.3468571701504));
#11219=CARTESIAN_POINT('',(-2.86517260459316,0.596623827236162,-13.2740754986828));
#11220=CARTESIAN_POINT('',(-2.92284460499752,0.676002525910134,-13.2));
#11221=CARTESIAN_POINT('',(-2.91117233680471,0.724621021930064,-13.2));
#11222=AXIS2_PLACEMENT_3D('',#14014,#14015,#14016);
#11223=CARTESIAN_POINT('',(-2.64599467886141,0.85973578728951,-13.4178365496418));
#11224=CARTESIAN_POINT('',(-2.91117233680471,0.724621021930064,-13.2));
#11225=CARTESIAN_POINT('',(-2.82374903310176,0.7691654200456,-13.2740754986828));
#11226=CARTESIAN_POINT('',(-2.73543391476222,0.814164220414709,-13.3468571701504));
#11227=CARTESIAN_POINT('',(-2.64599467886141,0.85973578728951,-13.4178365496418));
#11228=CARTESIAN_POINT('',(-2.78110944422085,1.12491344523282,-13.2));
#11229=CARTESIAN_POINT('',(-2.64599467886141,0.85973578728951,-13.4178365496418));
#11230=CARTESIAN_POINT('',(-2.69156624573621,0.949175023190323,-13.3468571701504));
#11231=CARTESIAN_POINT('',(-2.73656504610532,1.03749014152986,-13.2740754986828));
#11232=CARTESIAN_POINT('',(-2.78110944422085,1.12491344523282,-13.2));
#11233=CARTESIAN_POINT('',(-2.76197527260258,1.17110742185842,-13.2));
#11234=AXIS2_PLACEMENT_3D('',#14017,#14018,#14019);
#11235=CARTESIAN_POINT('',(-2.47892578562761,1.26307577518521,-13.4178365496418));
#11236=CARTESIAN_POINT('',(-2.76197527260258,1.17110742185842,-13.2));
#11237=CARTESIAN_POINT('',(-2.66866001574912,1.20142738676914,-13.2740754986828));
#11238=CARTESIAN_POINT('',(-2.57439283980369,1.23205664894207,-13.3468571701505));
#11239=CARTESIAN_POINT('',(-2.47892578562761,1.26307577518521,-13.4178365496418));
#11240=CARTESIAN_POINT('',(-2.5708941389544,1.54612526216018,-13.2));
#11241=CARTESIAN_POINT('',(-2.47892578562761,1.26307577518521,-13.4178365496418));
#11242=CARTESIAN_POINT('',(-2.50994491187075,1.35854282936129,-13.3468571701505));
#11243=CARTESIAN_POINT('',(-2.54057417404368,1.45281000530673,-13.2740754986828));
#11244=CARTESIAN_POINT('',(-2.5708941389544,1.54612526216018,-13.2));
#11245=CARTESIAN_POINT('',(-2.54476921071858,1.58875727037793,-13.2));
#11246=AXIS2_PLACEMENT_3D('',#14020,#14021,#14022);
#11247=CARTESIAN_POINT('',(-2.25081751246866,1.63531464558769,-13.4178365496418));
#11248=CARTESIAN_POINT('',(-2.54476921071858,1.58875727037793,-13.2));
#11249=CARTESIAN_POINT('',(-2.44785973203393,1.60410622392154,-13.2740754986828));
#11250=CARTESIAN_POINT('',(-2.3499616692092,1.61961175381089,-13.3468571701505));
#11251=CARTESIAN_POINT('',(-2.25081751246866,1.63531464558769,-13.4178365496418));
#11252=CARTESIAN_POINT('',(-2.29737488767842,1.92926634383761,-13.2));
#11253=CARTESIAN_POINT('',(-2.25081751246866,1.63531464558769,-13.4178365496418));
#11254=CARTESIAN_POINT('',(-2.26652040424546,1.73445880232823,-13.3468571701504));
#11255=CARTESIAN_POINT('',(-2.28202593413481,1.83235686515296,-13.2740754986828));
#11256=CARTESIAN_POINT('',(-2.29737488767842,1.92926634383761,-13.2));
#11257=CARTESIAN_POINT('',(-2.26490248526188,1.96728664211765,-13.2));
#11258=AXIS2_PLACEMENT_3D('',#14023,#14024,#14025);
#11259=CARTESIAN_POINT('',(-1.96728664211768,1.96728664211765,-13.4178365496418));
#11260=CARTESIAN_POINT('',(-2.26490248526188,1.96728664211765,-13.2));
#11261=CARTESIAN_POINT('',(-2.16679800904322,1.96728664211765,-13.2740656906677));
#11262=CARTESIAN_POINT('',(-2.06767711469913,1.96728664211765,-13.3468497657129));
#11263=CARTESIAN_POINT('',(-1.96728664211768,1.96728664211765,-13.4178365496418));
#11264=CARTESIAN_POINT('',(-1.96728664211768,2.26490248526186,-13.2));
#11265=CARTESIAN_POINT('',(-1.96728664211768,1.96728664211765,-13.4178365496418));
#11266=CARTESIAN_POINT('',(-1.96728664211768,2.06765440834185,-13.3468658215321));
#11267=CARTESIAN_POINT('',(-1.96728664211768,2.166796052613,-13.2740671677089));
#11268=CARTESIAN_POINT('',(-1.96728664211768,2.26490248526186,-13.2));
#11269=CARTESIAN_POINT('',(-1.92926634383765,2.29737488767839,-13.2));
#11270=AXIS2_PLACEMENT_3D('',#14026,#14027,#14028);
#11271=CARTESIAN_POINT('',(-1.63531464558773,2.25081751246864,-13.4178365496418));
#11272=CARTESIAN_POINT('',(-1.92926634383765,2.29737488767839,-13.2));
#11273=CARTESIAN_POINT('',(-1.832356865153,2.28202593413478,-13.2740754986828));
#11274=CARTESIAN_POINT('',(-1.73445880232826,2.26652040424543,-13.3468571701505));
#11275=CARTESIAN_POINT('',(-1.63531464558773,2.25081751246864,-13.4178365496418));
#11276=CARTESIAN_POINT('',(-1.58875727037797,2.54476921071856,-13.2));
#11277=CARTESIAN_POINT('',(-1.63531464558773,2.25081751246864,-13.4178365496418));
#11278=CARTESIAN_POINT('',(-1.61961175381093,2.34996166920917,-13.3468571701505));
#11279=CARTESIAN_POINT('',(-1.60410622392158,2.44785973203391,-13.2740754986828));
#11280=CARTESIAN_POINT('',(-1.58875727037797,2.54476921071856,-13.2));
#11281=CARTESIAN_POINT('',(-1.54612526216022,2.57089413895438,-13.2));
#11282=AXIS2_PLACEMENT_3D('',#14029,#14030,#14031);
#11283=CARTESIAN_POINT('',(-1.26307577518525,2.47892578562759,-13.4178365496418));
#11284=CARTESIAN_POINT('',(-1.54612526216022,2.57089413895438,-13.2));
#11285=CARTESIAN_POINT('',(-1.45281000530677,2.54057417404366,-13.2740754986828));
#11286=CARTESIAN_POINT('',(-1.35854282936133,2.50994491187073,-13.3468571701504));
#11287=CARTESIAN_POINT('',(-1.26307577518525,2.47892578562759,-13.4178365496418));
#11288=CARTESIAN_POINT('',(-1.17110742185847,2.76197527260257,-13.2));
#11289=CARTESIAN_POINT('',(-1.26307577518525,2.47892578562759,-13.4178365496418));
#11290=CARTESIAN_POINT('',(-1.23205664894211,2.57439283980367,-13.3468571701505));
#11291=CARTESIAN_POINT('',(-1.20142738676919,2.66866001574911,-13.2740754986828));
#11292=CARTESIAN_POINT('',(-1.17110742185847,2.76197527260257,-13.2));
#11293=CARTESIAN_POINT('',(-1.12491344523286,2.78110944422084,-13.2));
#11294=AXIS2_PLACEMENT_3D('',#14032,#14033,#14034);
#11295=CARTESIAN_POINT('',(-0.859735787289551,2.6459946788614,-13.4178365496418));
#11296=CARTESIAN_POINT('',(-1.12491344523286,2.78110944422084,-13.2));
#11297=CARTESIAN_POINT('',(-1.03749014152991,2.7365650461053,-13.2740754986828));
#11298=CARTESIAN_POINT('',(-0.949175023190365,2.6915662457362,-13.3468571701504));
#11299=CARTESIAN_POINT('',(-0.859735787289551,2.6459946788614,-13.4178365496418));
#11300=CARTESIAN_POINT('',(-0.724621021930109,2.91117233680471,-13.2));
#11301=CARTESIAN_POINT('',(-0.859735787289551,2.6459946788614,-13.4178365496418));
#11302=CARTESIAN_POINT('',(-0.814164220414752,2.73543391476221,-13.3468571701504));
#11303=CARTESIAN_POINT('',(-0.769165420045644,2.82374903310175,-13.2740754986828));
#11304=CARTESIAN_POINT('',(-0.724621021930109,2.91117233680471,-13.2));
#11305=CARTESIAN_POINT('',(-0.676002525910181,2.92284460499751,-13.2));
#11306=AXIS2_PLACEMENT_3D('',#14035,#14036,#14037);
#11307=CARTESIAN_POINT('',(-0.43522625101129,2.74791040154876,-13.4178365496418));
#11308=CARTESIAN_POINT('',(-0.676002525910181,2.92284460499751,-13.2));
#11309=CARTESIAN_POINT('',(-0.596623827236208,2.86517260459315,-13.2740754986828));
#11310=CARTESIAN_POINT('',(-0.516435377817157,2.8069122858354,-13.3468571701504));
#11311=CARTESIAN_POINT('',(-0.43522625101129,2.74791040154876,-13.4178365496418));
#11312=CARTESIAN_POINT('',(-0.349999999999996,2.86521427259025,-13.3134877745184));
#11313=CARTESIAN_POINT('',(-0.43522625101129,2.74791040154876,-13.4178365496418));
#11314=CARTESIAN_POINT('',(-0.406648280031432,2.78724460412919,-13.3834571959686));
#11315=CARTESIAN_POINT('',(-0.378245712108395,2.82633738511341,-13.3486529169829));
#11316=CARTESIAN_POINT('',(-0.349999999999996,2.86521427259025,-13.3134877745184));
#11317=CARTESIAN_POINT('',(-0.349999999999996,2.67721870604551,-13.5));
#11318=CARTESIAN_POINT('',(-0.349999999999996,2.73990093448005,-13.4378466538883));
#11319=CARTESIAN_POINT('',(-0.349999999999996,2.80256509061003,-13.3756747033632));
#11320=CARTESIAN_POINT('',(-0.349999999999996,2.86521427259025,-13.3134877745184));
#11321=COLOUR_RGB('',0.0,0.0,1.0);
#11322=CARTESIAN_POINT('',(-0.649999999999971,-4.20000000000001,4.48));
#11323=CARTESIAN_POINT('',(0.65000000000003,-4.2,4.48));
#11324=AXIS2_PLACEMENT_3D('',#14038,#14039,#14040);
#11325=CARTESIAN_POINT('',(0.65000000000003,-4.2,5.5));
#11326=CARTESIAN_POINT('',(0.65000000000003,-4.2,8.33498868174353));
#11327=VECTOR('',#14041,1000.0);
#11328=CARTESIAN_POINT('',(-0.649999999999971,-4.20000000000001,5.5));
#11329=AXIS2_PLACEMENT_3D('',#14042,#14043,#14044);
#11330=CARTESIAN_POINT('',(-0.649999999999971,-4.20000000000001,8.33498868174353));
#11331=VECTOR('',#14045,1000.0);
#11332=COLOUR_RGB('',0.0,0.0,1.0);
#11333=CARTESIAN_POINT('',(-0.435640646055072,-4.20000000000001,6.3));
#11334=CARTESIAN_POINT('',(0.435640646055131,-4.2,6.3));
#11335=AXIS2_PLACEMENT_3D('',#14046,#14047,#14048);
#11336=CARTESIAN_POINT('',(-0.649999999999971,-4.20000000000001,5.5));
#11337=VECTOR('',#14049,1000.0);
#11338=CARTESIAN_POINT('',(0.65000000000003,-4.2,5.5));
#11339=VECTOR('',#14050,1000.0);
#11340=COLOUR_RGB('',0.0,0.0,1.0);
#11341=CARTESIAN_POINT('',(2.20000000000003,-4.19999999999999,4.48));
#11342=CARTESIAN_POINT('',(3.80000000000003,-4.19999999999998,4.48));
#11343=AXIS2_PLACEMENT_3D('',#14051,#14052,#14053);
#11344=CARTESIAN_POINT('',(3.80000000000003,-4.19999999999998,5.08));
#11345=CARTESIAN_POINT('',(3.80000000000003,-4.19999999999998,7.72944915914309));
#11346=VECTOR('',#14054,1000.0);
#11347=CARTESIAN_POINT('',(2.20000000000003,-4.19999999999999,5.08));
#11348=AXIS2_PLACEMENT_3D('',#14055,#14056,#14057);
#11349=CARTESIAN_POINT('',(2.20000000000003,-4.19999999999999,7.72944915914309));
#11350=VECTOR('',#14058,1000.0);
#11351=COLOUR_RGB('',0.0,0.0,1.0);
#11352=CARTESIAN_POINT('',(2.40000000000003,-4.19999999999999,5.98));
#11353=CARTESIAN_POINT('',(3.60000000000003,-4.19999999999998,5.98));
#11354=AXIS2_PLACEMENT_3D('',#14059,#14060,#14061);
#11355=CARTESIAN_POINT('',(2.20000000000003,-4.19999999999999,5.08));
#11356=VECTOR('',#14062,1000.0);
#11357=CARTESIAN_POINT('',(3.80000000000003,-4.19999999999998,5.08));
#11358=VECTOR('',#14063,1000.0);
#11359=COLOUR_RGB('',0.0,0.0,1.0);
#11360=CARTESIAN_POINT('',(3.00000000000003,-4.19999999999998,5.48));
#11361=CARTESIAN_POINT('',(2.50000000000003,-4.19999999999998,5.98));
#11362=CARTESIAN_POINT('',(2.50000000000003,-4.19999999999998,5.98));
#11363=VECTOR('',#14064,1000.0);
#11364=CARTESIAN_POINT('',(3.50000000000003,-4.19999999999998,5.98));
#11365=CARTESIAN_POINT('',(3.50000000000003,-4.19999999999998,5.98));
#11366=VECTOR('',#14065,1000.0);
#11367=AXIS2_PLACEMENT_3D('',#14066,#14067,#14068);
#11368=COLOUR_RGB('',0.0,0.0,1.0);
#11369=CARTESIAN_POINT('',(-2.17999999999997,-4.20000000000002,5.08));
#11370=CARTESIAN_POINT('',(-3.81999999999997,-4.20000000000003,5.08));
#11371=AXIS2_PLACEMENT_3D('',#14069,#14070,#14071);
#11372=CARTESIAN_POINT('',(-3.81999999999997,-4.20000000000003,4.48));
#11373=CARTESIAN_POINT('',(-3.81999999999997,-4.20000000000003,2.51939944139522));
#11374=VECTOR('',#14072,1000.0);
#11375=CARTESIAN_POINT('',(-2.17999999999997,-4.20000000000002,4.48));
#11376=AXIS2_PLACEMENT_3D('',#14073,#14074,#14075);
#11377=CARTESIAN_POINT('',(-2.17999999999997,-4.20000000000002,2.51939944139522));
#11378=VECTOR('',#14076,1000.0);
#11379=COLOUR_RGB('',0.0,0.0,1.0);
#11380=CARTESIAN_POINT('',(-2.39999999999997,-4.20000000000002,5.98));
#11381=CARTESIAN_POINT('',(-3.59999999999997,-4.20000000000003,5.98));
#11382=AXIS2_PLACEMENT_3D('',#14077,#14078,#14079);
#11383=CARTESIAN_POINT('',(-3.81999999999997,-4.20000000000003,5.08));
#11384=VECTOR('',#14080,1000.0);
#11385=CARTESIAN_POINT('',(-2.17999999999997,-4.20000000000002,5.08));
#11386=VECTOR('',#14081,1000.0);
#11387=COLOUR_RGB('',0.0,0.0,1.0);
#11388=CARTESIAN_POINT('',(-2.99999999999997,-4.20000000000002,5.48));
#11389=CARTESIAN_POINT('',(-3.49999999999997,-4.20000000000003,5.98));
#11390=CARTESIAN_POINT('',(-3.49999999999997,-4.20000000000003,5.98));
#11391=VECTOR('',#14082,1000.0);
#11392=CARTESIAN_POINT('',(-2.49999999999997,-4.20000000000002,5.98));
#11393=CARTESIAN_POINT('',(-2.49999999999997,-4.20000000000002,5.98));
#11394=VECTOR('',#14083,1000.0);
#11395=AXIS2_PLACEMENT_3D('',#14084,#14085,#14086);
#11396=COLOUR_RGB('',0.0,0.0,1.0);
#11397=CARTESIAN_POINT('',(0.65,4.2,4.48));
#11398=CARTESIAN_POINT('',(-0.65,4.2,4.48));
#11399=AXIS2_PLACEMENT_3D('',#14087,#14088,#14089);
#11400=CARTESIAN_POINT('',(-0.65,4.2,5.5));
#11401=CARTESIAN_POINT('',(-0.65,4.2,8.33498868174353));
#11402=VECTOR('',#14090,1000.0);
#11403=CARTESIAN_POINT('',(0.65,4.2,5.5));
#11404=AXIS2_PLACEMENT_3D('',#14091,#14092,#14093);
#11405=CARTESIAN_POINT('',(0.65,4.2,8.33498868174353));
#11406=VECTOR('',#14094,1000.0);
#11407=COLOUR_RGB('',0.0,0.0,1.0);
#11408=CARTESIAN_POINT('',(0.435640646055101,4.2,6.3));
#11409=CARTESIAN_POINT('',(-0.435640646055101,4.2,6.3));
#11410=AXIS2_PLACEMENT_3D('',#14095,#14096,#14097);
#11411=CARTESIAN_POINT('',(0.65,4.2,5.5));
#11412=VECTOR('',#14098,1000.0);
#11413=CARTESIAN_POINT('',(-0.65,4.2,5.5));
#11414=VECTOR('',#14099,1000.0);
#11415=COLOUR_RGB('',0.0,0.0,1.0);
#11416=CARTESIAN_POINT('',(-2.2,4.2,4.48));
#11417=CARTESIAN_POINT('',(-3.8,4.2,4.48));
#11418=AXIS2_PLACEMENT_3D('',#14100,#14101,#14102);
#11419=CARTESIAN_POINT('',(-3.8,4.2,5.08));
#11420=CARTESIAN_POINT('',(-3.8,4.2,7.72944915914309));
#11421=VECTOR('',#14103,1000.0);
#11422=CARTESIAN_POINT('',(-2.2,4.2,5.08));
#11423=AXIS2_PLACEMENT_3D('',#14104,#14105,#14106);
#11424=CARTESIAN_POINT('',(-2.2,4.2,7.72944915914309));
#11425=VECTOR('',#14107,1000.0);
#11426=COLOUR_RGB('',0.0,0.0,1.0);
#11427=CARTESIAN_POINT('',(-2.4,4.2,5.98));
#11428=CARTESIAN_POINT('',(-3.6,4.2,5.98));
#11429=AXIS2_PLACEMENT_3D('',#14108,#14109,#14110);
#11430=CARTESIAN_POINT('',(-2.2,4.2,5.08));
#11431=VECTOR('',#14111,1000.0);
#11432=CARTESIAN_POINT('',(-3.8,4.2,5.08));
#11433=VECTOR('',#14112,1000.0);
#11434=COLOUR_RGB('',0.0,0.0,1.0);
#11435=CARTESIAN_POINT('',(-3.0,4.2,5.48));
#11436=CARTESIAN_POINT('',(-2.5,4.2,5.98));
#11437=CARTESIAN_POINT('',(-2.5,4.2,5.98));
#11438=VECTOR('',#14113,1000.0);
#11439=CARTESIAN_POINT('',(-3.5,4.2,5.98));
#11440=CARTESIAN_POINT('',(-3.5,4.2,5.98));
#11441=VECTOR('',#14114,1000.0);
#11442=AXIS2_PLACEMENT_3D('',#14115,#14116,#14117);
#11443=COLOUR_RGB('',0.0,0.0,1.0);
#11444=CARTESIAN_POINT('',(2.18,4.2,5.08));
#11445=CARTESIAN_POINT('',(3.82,4.2,5.08));
#11446=AXIS2_PLACEMENT_3D('',#14118,#14119,#14120);
#11447=CARTESIAN_POINT('',(3.82,4.2,4.48));
#11448=CARTESIAN_POINT('',(3.82,4.2,2.51939944139522));
#11449=VECTOR('',#14121,1000.0);
#11450=CARTESIAN_POINT('',(2.18,4.2,4.48));
#11451=AXIS2_PLACEMENT_3D('',#14122,#14123,#14124);
#11452=CARTESIAN_POINT('',(2.18,4.2,2.51939944139522));
#11453=VECTOR('',#14125,1000.0);
#11454=COLOUR_RGB('',0.0,0.0,1.0);
#11455=CARTESIAN_POINT('',(2.4,4.2,5.98));
#11456=CARTESIAN_POINT('',(3.6,4.2,5.98));
#11457=AXIS2_PLACEMENT_3D('',#14126,#14127,#14128);
#11458=CARTESIAN_POINT('',(3.82,4.2,5.08));
#11459=VECTOR('',#14129,1000.0);
#11460=CARTESIAN_POINT('',(2.18,4.2,5.08));
#11461=VECTOR('',#14130,1000.0);
#11462=COLOUR_RGB('',0.0,0.0,1.0);
#11463=CARTESIAN_POINT('',(3.0,4.2,5.48));
#11464=CARTESIAN_POINT('',(3.5,4.2,5.98));
#11465=CARTESIAN_POINT('',(3.5,4.2,5.98));
#11466=VECTOR('',#14131,1000.0);
#11467=CARTESIAN_POINT('',(2.5,4.2,5.98));
#11468=CARTESIAN_POINT('',(2.5,4.2,5.98));
#11469=VECTOR('',#14132,1000.0);
#11470=AXIS2_PLACEMENT_3D('',#14133,#14134,#14135);
#11471=COLOUR_RGB('',0.0,0.0,1.0);
#11472=CARTESIAN_POINT('',(3.1,-5.3,0.0));
#11473=CARTESIAN_POINT('',(2.0,-5.3,0.0));
#11474=CARTESIAN_POINT('',(0.999999999999999,-5.3,3.25260651745651E-16));
#11475=VECTOR('',#14136,1000.0);
#11476=CARTESIAN_POINT('',(4.2,-4.57958315233127,3.79470760369927E-16));
#11477=AXIS2_PLACEMENT_3D('',#14137,#14138,#14139);
#11478=CARTESIAN_POINT('',(4.2,-5.9,5.42101086242752E-17));
#11479=CARTESIAN_POINT('',(4.2,4.3,0.0));
#11480=VECTOR('',#14140,1000.0);
#11481=CARTESIAN_POINT('',(3.39999999999999,-6.3,0.0));
#11482=AXIS2_PLACEMENT_3D('',#14141,#14142,#14143);
#11483=CARTESIAN_POINT('',(2.0,-6.3,0.0));
#11484=CARTESIAN_POINT('',(-3.39999999999999,-6.3,0.0));
#11485=VECTOR('',#14144,1000.0);
#11486=CARTESIAN_POINT('',(2.0,-4.9,0.0));
#11487=VECTOR('',#14145,1000.0);
#11488=COLOUR_RGB('',0.0,0.0,1.0);
#11489=CARTESIAN_POINT('',(-4.2,-4.57958315233128,0.0));
#11490=CARTESIAN_POINT('',(-3.1,-5.3,0.0));
#11491=AXIS2_PLACEMENT_3D('',#14146,#14147,#14148);
#11492=CARTESIAN_POINT('',(-2.0,-5.3,0.0));
#11493=CARTESIAN_POINT('',(-4.3,-5.3,1.62630325872826E-16));
#11494=VECTOR('',#14149,1000.0);
#11495=CARTESIAN_POINT('',(-2.0,-6.3,0.0));
#11496=CARTESIAN_POINT('',(-2.0,-4.9,0.0));
#11497=VECTOR('',#14150,1000.0);
#11498=CARTESIAN_POINT('',(-3.39999999999999,-6.3,0.0));
#11499=CARTESIAN_POINT('',(-3.39999999999999,-6.3,0.0));
#11500=VECTOR('',#14151,1000.0);
#11501=CARTESIAN_POINT('',(-4.2,-5.9,0.0));
#11502=AXIS2_PLACEMENT_3D('',#14152,#14153,#14154);
#11503=CARTESIAN_POINT('',(-4.2,4.3,0.0));
#11504=VECTOR('',#14155,1000.0);
#11505=COLOUR_RGB('',0.0,0.0,1.0);
#11506=CARTESIAN_POINT('',(-3.1,5.3,0.0));
#11507=CARTESIAN_POINT('',(-1.5,5.3,0.0));
#11508=CARTESIAN_POINT('',(-4.3,5.3,1.62630325872826E-16));
#11509=VECTOR('',#14156,1000.0);
#11510=CARTESIAN_POINT('',(-4.2,4.57958315233128,0.0));
#11511=AXIS2_PLACEMENT_3D('',#14157,#14158,#14159);
#11512=CARTESIAN_POINT('',(-4.2,4.96332495807108,0.0));
#11513=CARTESIAN_POINT('',(-4.2,4.3,0.0));
#11514=VECTOR('',#14160,1000.0);
#11515=CARTESIAN_POINT('',(-3.19999999999999,5.5,0.0));
#11516=AXIS2_PLACEMENT_3D('',#14161,#14162,#14163);
#11517=CARTESIAN_POINT('',(-1.5,5.5,0.0));
#11518=CARTESIAN_POINT('',(-3.19999999999999,5.5,0.0));
#11519=VECTOR('',#14164,1000.0);
#11520=CARTESIAN_POINT('',(-1.5,5.5,0.0));
#11521=VECTOR('',#14165,1000.0);
#11522=COLOUR_RGB('',0.0,0.0,1.0);
#11523=CARTESIAN_POINT('',(2.05,-6.3,4.05));
#11524=CARTESIAN_POINT('',(0.450000000000002,-6.3,4.05));
#11525=CARTESIAN_POINT('',(0.450000000000002,-6.3,4.05));
#11526=VECTOR('',#14166,1000.0);
#11527=CARTESIAN_POINT('',(0.450000000000002,-6.3,4.48));
#11528=CARTESIAN_POINT('',(0.450000000000002,-6.3,-0.22784992724149));
#11529=VECTOR('',#14167,1000.0);
#11530=CARTESIAN_POINT('',(-0.449999999999998,-6.3,4.48));
#11531=CARTESIAN_POINT('',(-3.39999999999999,-6.3,4.48));
#11532=VECTOR('',#14168,1000.0);
#11533=CARTESIAN_POINT('',(-0.449999999999998,-6.3,4.05));
#11534=CARTESIAN_POINT('',(-0.449999999999998,-6.3,-0.22784992724149));
#11535=VECTOR('',#14169,1000.0);
#11536=CARTESIAN_POINT('',(-2.05,-6.3,4.05));
#11537=CARTESIAN_POINT('',(-2.05,-6.3,4.05));
#11538=VECTOR('',#14170,1000.0);
#11539=CARTESIAN_POINT('',(-2.05,-6.3,4.48));
#11540=CARTESIAN_POINT('',(-2.05,-6.3,-0.22784992724149));
#11541=VECTOR('',#14171,1000.0);
#11542=CARTESIAN_POINT('',(-3.39999999999999,-6.3,4.48));
#11543=CARTESIAN_POINT('',(-3.39999999999999,-6.3,4.48));
#11544=VECTOR('',#14172,1000.0);
#11545=CARTESIAN_POINT('',(-3.39999999999999,-6.3,4.48));
#11546=VECTOR('',#14173,1000.0);
#11547=CARTESIAN_POINT('',(-2.0,-6.3,1.5));
#11548=CARTESIAN_POINT('',(-2.0,-6.3,1.5));
#11549=VECTOR('',#14174,1000.0);
#11550=CARTESIAN_POINT('',(2.0,-6.3,1.5));
#11551=CARTESIAN_POINT('',(2.0,-6.3,1.5));
#11552=VECTOR('',#14175,1000.0);
#11553=CARTESIAN_POINT('',(2.0,-6.3,1.5));
#11554=VECTOR('',#14176,1000.0);
#11555=CARTESIAN_POINT('',(3.39999999999999,-6.3,4.48));
#11556=CARTESIAN_POINT('',(3.39999999999999,-6.3,4.48));
#11557=VECTOR('',#14177,1000.0);
#11558=CARTESIAN_POINT('',(2.05,-6.3,4.48));
#11559=CARTESIAN_POINT('',(-3.39999999999999,-6.3,4.48));
#11560=VECTOR('',#14178,1000.0);
#11561=CARTESIAN_POINT('',(2.05,-6.3,-0.22784992724149));
#11562=VECTOR('',#14179,1000.0);
#11563=CARTESIAN_POINT('',(1.75,-6.3,3.25));
#11564=CARTESIAN_POINT('',(1.75,-6.3,2.95));
#11565=CARTESIAN_POINT('',(1.75,-6.3,4.48));
#11566=VECTOR('',#14180,1000.0);
#11567=CARTESIAN_POINT('',(3.25,-6.3,3.25));
#11568=CARTESIAN_POINT('',(-3.39999999999999,-6.3,3.25));
#11569=VECTOR('',#14181,1000.0);
#11570=CARTESIAN_POINT('',(3.25,-6.3,2.95));
#11571=CARTESIAN_POINT('',(3.25,-6.3,4.48));
#11572=VECTOR('',#14182,1000.0);
#11573=CARTESIAN_POINT('',(-3.39999999999999,-6.3,2.95));
#11574=VECTOR('',#14183,1000.0);
#11575=CARTESIAN_POINT('',(-3.25,-6.3,3.25));
#11576=CARTESIAN_POINT('',(-3.25,-6.3,2.95));
#11577=CARTESIAN_POINT('',(-3.25,-6.3,4.48));
#11578=VECTOR('',#14184,1000.0);
#11579=CARTESIAN_POINT('',(-1.75,-6.3,3.25));
#11580=CARTESIAN_POINT('',(-3.39999999999999,-6.3,3.25));
#11581=VECTOR('',#14185,1000.0);
#11582=CARTESIAN_POINT('',(-1.75,-6.3,2.95));
#11583=CARTESIAN_POINT('',(-1.75,-6.3,4.48));
#11584=VECTOR('',#14186,1000.0);
#11585=CARTESIAN_POINT('',(-3.39999999999999,-6.3,2.95));
#11586=VECTOR('',#14187,1000.0);
#11587=CARTESIAN_POINT('',(0.75,-6.3,3.25000000000001));
#11588=CARTESIAN_POINT('',(-0.749999999999999,-6.3,3.25000000000001));
#11589=CARTESIAN_POINT('',(-3.39999999999999,-6.3,3.25000000000001));
#11590=VECTOR('',#14188,1000.0);
#11591=CARTESIAN_POINT('',(0.75,-6.3,2.95000000000001));
#11592=CARTESIAN_POINT('',(0.750000000000001,-6.3,4.48));
#11593=VECTOR('',#14189,1000.0);
#11594=CARTESIAN_POINT('',(-0.749999999999999,-6.3,2.95000000000001));
#11595=CARTESIAN_POINT('',(-3.39999999999999,-6.3,2.95000000000001));
#11596=VECTOR('',#14190,1000.0);
#11597=CARTESIAN_POINT('',(-0.749999999999999,-6.3,4.48));
#11598=VECTOR('',#14191,1000.0);
#11599=COLOUR_RGB('',0.0,0.0,1.0);
#11600=AXIS2_PLACEMENT_3D('',#14192,#14193,#14194);
#11601=CARTESIAN_POINT('',(4.4,-5.29999999999999,4.48));
#11602=AXIS2_PLACEMENT_3D('',#14195,#14196,#14197);
#11603=CARTESIAN_POINT('',(4.4,4.29999999999999,4.48));
#11604=CARTESIAN_POINT('',(4.4,4.29999999999999,4.48));
#11605=VECTOR('',#14198,1000.0);
#11606=CARTESIAN_POINT('',(3.19999999999999,5.5,4.48));
#11607=AXIS2_PLACEMENT_3D('',#14199,#14200,#14201);
#11608=CARTESIAN_POINT('',(-3.19999999999999,5.5,4.48));
#11609=CARTESIAN_POINT('',(-3.19999999999999,5.5,4.48));
#11610=VECTOR('',#14202,1000.0);
#11611=CARTESIAN_POINT('',(-4.4,4.29999999999999,4.48));
#11612=AXIS2_PLACEMENT_3D('',#14203,#14204,#14205);
#11613=CARTESIAN_POINT('',(-4.4,-5.29999999999999,4.48));
#11614=CARTESIAN_POINT('',(-4.4,4.29999999999999,4.48));
#11615=VECTOR('',#14206,1000.0);
#11616=AXIS2_PLACEMENT_3D('',#14207,#14208,#14209);
#11617=AXIS2_PLACEMENT_3D('',#14210,#14211,#14212);
#11618=AXIS2_PLACEMENT_3D('',#14213,#14214,#14215);
#11619=AXIS2_PLACEMENT_3D('',#14216,#14217,#14218);
#11620=AXIS2_PLACEMENT_3D('',#14219,#14220,#14221);
#11621=AXIS2_PLACEMENT_3D('',#14222,#14223,#14224);
#11622=AXIS2_PLACEMENT_3D('',#14225,#14226,#14227);
#11623=AXIS2_PLACEMENT_3D('',#14228,#14229,#14230);
#11624=AXIS2_PLACEMENT_3D('',#14231,#14232,#14233);
#11625=COLOUR_RGB('',0.0,0.0,1.0);
#11626=CARTESIAN_POINT('',(-4.4,4.29999999999999,0.2));
#11628=CARTESIAN_POINT('',(-4.2,4.96332495807108,0.0));
#11629=CARTESIAN_POINT('',(-4.33138593383655,4.76525321022276,0.13138593383655));
#11630=CARTESIAN_POINT('',(-4.4,4.53768609741797,0.200000000000001));
#11631=CARTESIAN_POINT('',(-4.4,4.29999999999999,0.2));
#11638=CARTESIAN_POINT('',(-4.4,4.29999999999999,4.48));
#11639=VECTOR('',#14234,1000.0);
#11640=CARTESIAN_POINT('',(-3.19999999999999,5.5,4.48));
#11641=VECTOR('',#14235,1000.0);
#11642=COLOUR_RGB('',0.0,0.0,1.0);
#11643=CARTESIAN_POINT('',(-4.4,-5.29999999999999,0.2));
#11644=CARTESIAN_POINT('',(-4.4,4.29999999999999,0.2));
#11645=VECTOR('',#14236,1000.0);
#11646=CARTESIAN_POINT('',(-4.4,-5.29999999999999,4.48));
#11647=VECTOR('',#14237,1000.0);
#11648=COLOUR_RGB('',0.0,0.0,1.0);
#11650=CARTESIAN_POINT('',(-4.4,-5.29999999999999,0.2));
#11651=CARTESIAN_POINT('',(-4.4,-5.5182863338332,0.200000000000001));
#11652=CARTESIAN_POINT('',(-4.33097180029992,-5.72537093293344,0.130971800299922));
#11653=CARTESIAN_POINT('',(-4.2,-5.9,0.0));
#11660=COLOUR_RGB('',0.0,0.0,1.0);
#11661=CARTESIAN_POINT('',(4.4,-5.29999999999999,0.2));
#11663=CARTESIAN_POINT('',(4.2,-5.9,5.42101086242752E-17));
#11664=CARTESIAN_POINT('',(4.33097180029992,-5.72537093293344,0.130971800299922));
#11665=CARTESIAN_POINT('',(4.4,-5.5182863338332,0.200000000000001));
#11666=CARTESIAN_POINT('',(4.4,-5.29999999999999,0.2));
#11673=CARTESIAN_POINT('',(4.4,-5.29999999999999,4.48));
#11674=VECTOR('',#14238,1000.0);
#11675=COLOUR_RGB('',0.0,0.0,1.0);
#11676=CARTESIAN_POINT('',(4.4,4.29999999999999,0.200000000000001));
#11677=CARTESIAN_POINT('',(4.4,4.29999999999999,0.2));
#11678=VECTOR('',#14239,1000.0);
#11679=CARTESIAN_POINT('',(4.4,4.29999999999999,4.48));
#11680=VECTOR('',#14240,1000.0);
#11681=COLOUR_RGB('',0.0,0.0,1.0);
#11682=CARTESIAN_POINT('',(4.2,4.96332495807108,0.0));
#11684=CARTESIAN_POINT('',(4.4,4.29999999999999,0.200000000000001));
#11685=CARTESIAN_POINT('',(4.4,4.53768609741797,0.200000000000002));
#11686=CARTESIAN_POINT('',(4.33138593383655,4.76525321022276,0.131385933836552));
#11687=CARTESIAN_POINT('',(4.2,4.96332495807108,0.0));
#11694=CARTESIAN_POINT('',(3.19999999999999,5.5,0.0));
#11695=AXIS2_PLACEMENT_3D('',#14241,#14242,#14243);
#11696=CARTESIAN_POINT('',(3.19999999999999,5.5,4.48));
#11697=VECTOR('',#14244,1000.0);
#11698=COLOUR_RGB('',0.0,0.0,1.0);
#11699=CARTESIAN_POINT('',(1.5,5.5,0.0));
#11700=CARTESIAN_POINT('',(-3.19999999999999,5.5,0.0));
#11701=VECTOR('',#14245,1000.0);
#11702=CARTESIAN_POINT('',(1.5,5.5,0.3));
#11703=CARTESIAN_POINT('',(1.5,5.5,0.3));
#11704=VECTOR('',#14246,1000.0);
#11705=CARTESIAN_POINT('',(-1.5,5.5,0.3));
#11706=CARTESIAN_POINT('',(1.5,5.5,0.3));
#11707=VECTOR('',#14247,1000.0);
#11708=CARTESIAN_POINT('',(-1.5,5.5,0.3));
#11709=VECTOR('',#14248,1000.0);
#11710=COLOUR_RGB('',0.0,0.0,1.0);
#11711=CARTESIAN_POINT('',(4.2,4.57958315233128,0.0));
#11712=CARTESIAN_POINT('',(3.1,5.3,0.0));
#11713=AXIS2_PLACEMENT_3D('',#14249,#14250,#14251);
#11714=CARTESIAN_POINT('',(1.5,5.3,0.0));
#11715=CARTESIAN_POINT('',(1.0,5.3,3.25260651745651E-16));
#11716=VECTOR('',#14252,1000.0);
#11717=CARTESIAN_POINT('',(1.5,5.5,0.0));
#11718=VECTOR('',#14253,1000.0);
#11719=CARTESIAN_POINT('',(4.2,4.3,0.0));
#11720=VECTOR('',#14254,1000.0);
#11721=COLOUR_RGB('',0.0,0.0,1.0);
#11722=CARTESIAN_POINT('',(1.5,5.2,0.0));
#11723=CARTESIAN_POINT('',(1.5,5.5,1.62630325872826E-16));
#11724=VECTOR('',#14255,1000.0);
#11725=CARTESIAN_POINT('',(1.5,5.2,0.3));
#11726=CARTESIAN_POINT('',(1.5,5.2,0.3));
#11727=VECTOR('',#14256,1000.0);
#11728=CARTESIAN_POINT('',(1.5,5.5,0.3));
#11729=VECTOR('',#14257,1000.0);
#11730=COLOUR_RGB('',0.0,0.0,1.0);
#11731=CARTESIAN_POINT('',(-1.5,5.2,0.0));
#11732=CARTESIAN_POINT('',(-1.5,5.5,0.0));
#11733=VECTOR('',#14258,1000.0);
#11734=CARTESIAN_POINT('',(-1.5,5.2,0.3));
#11735=CARTESIAN_POINT('',(-1.5,5.5,0.3));
#11736=VECTOR('',#14259,1000.0);
#11737=CARTESIAN_POINT('',(-1.5,5.2,0.3));
#11738=VECTOR('',#14260,1000.0);
#11739=COLOUR_RGB('',0.0,0.0,1.0);
#11740=CARTESIAN_POINT('',(1.5,5.2,0.0));
#11741=VECTOR('',#14261,1000.0);
#11742=CARTESIAN_POINT('',(1.5,5.2,0.3));
#11743=VECTOR('',#14262,1000.0);
#11744=COLOUR_RGB('',0.0,0.0,1.0);
#11745=COLOUR_RGB('',0.0,0.0,1.0);
#11746=CARTESIAN_POINT('',(2.0,-4.9,0.0));
#11747=CARTESIAN_POINT('',(2.0,-4.9,0.0));
#11748=VECTOR('',#14263,1000.0);
#11749=CARTESIAN_POINT('',(2.0,-4.9,1.5));
#11750=CARTESIAN_POINT('',(2.0,-4.9,1.5));
#11751=VECTOR('',#14264,1000.0);
#11752=CARTESIAN_POINT('',(2.0,-4.9,1.5));
#11753=VECTOR('',#14265,1000.0);
#11754=COLOUR_RGB('',0.0,0.0,1.0);
#11755=CARTESIAN_POINT('',(-2.0,-4.9,0.0));
#11756=CARTESIAN_POINT('',(2.0,-4.9,0.0));
#11757=VECTOR('',#14266,1000.0);
#11758=CARTESIAN_POINT('',(-2.0,-4.9,1.5));
#11759=CARTESIAN_POINT('',(2.0,-4.9,1.5));
#11760=VECTOR('',#14267,1000.0);
#11761=CARTESIAN_POINT('',(-2.0,-4.9,1.5));
#11762=VECTOR('',#14268,1000.0);
#11763=COLOUR_RGB('',0.0,0.0,1.0);
#11764=CARTESIAN_POINT('',(-2.0,-4.9,2.16840434497101E-16));
#11765=VECTOR('',#14269,1000.0);
#11766=CARTESIAN_POINT('',(-2.0,-4.9,1.5));
#11767=VECTOR('',#14270,1000.0);
#11768=COLOUR_RGB('',0.0,0.0,1.0);
#11769=COLOUR_RGB('',0.0,0.0,1.0);
#11770=CARTESIAN_POINT('',(-4.2,4.29999999999999,1.35525271560688E-16));
#11771=VECTOR('',#14271,1000.0);
#11772=COLOUR_RGB('',0.0,0.0,1.0);
#11773=CARTESIAN_POINT('',(4.2,4.29999999999999,1.62630325872826E-16));
#11774=VECTOR('',#14272,1000.0);
#11775=COLOUR_RGB('',0.0,0.0,1.0);
#11776=AXIS2_PLACEMENT_3D('',#14273,#14274,#14275);
#11777=COLOUR_RGB('',0.0,0.0,1.0);
#11778=AXIS2_PLACEMENT_3D('',#14276,#14277,#14278);
#11779=COLOUR_RGB('',0.0,0.0,1.0);
#11780=AXIS2_PLACEMENT_3D('',#14279,#14280,#14281);
#11781=COLOUR_RGB('',0.0,0.0,1.0);
#11782=COLOUR_RGB('',0.0,0.0,1.0);
#11783=AXIS2_PLACEMENT_3D('',#14282,#14283,#14284);
#11784=COLOUR_RGB('',0.0,0.0,1.0);
#11785=AXIS2_PLACEMENT_3D('',#14285,#14286,#14287);
#11786=COLOUR_RGB('',0.0,0.0,1.0);
#11787=AXIS2_PLACEMENT_3D('',#14288,#14289,#14290);
#11788=COLOUR_RGB('',0.0,0.0,1.0);
#11789=COLOUR_RGB('',0.0,0.0,1.0);
#11790=AXIS2_PLACEMENT_3D('',#14291,#14292,#14293);
#11791=COLOUR_RGB('',0.0,0.0,1.0);
#11792=AXIS2_PLACEMENT_3D('',#14294,#14295,#14296);
#11793=COLOUR_RGB('',0.0,0.0,1.0);
#11794=COLOUR_RGB('',0.0,0.0,1.0);
#11795=AXIS2_PLACEMENT_3D('',#14297,#14298,#14299);
#11796=COLOUR_RGB('',0.0,0.0,1.0);
#11797=AXIS2_PLACEMENT_3D('',#14300,#14301,#14302);
#11798=COLOUR_RGB('',0.0,0.0,1.0);
#11799=AXIS2_PLACEMENT_3D('',#14303,#14304,#14305);
#11800=COLOUR_RGB('',0.0,0.0,1.0);
#11801=COLOUR_RGB('',0.0,0.0,1.0);
#11802=AXIS2_PLACEMENT_3D('',#14306,#14307,#14308);
#11803=COLOUR_RGB('',0.0,0.0,1.0);
#11804=AXIS2_PLACEMENT_3D('',#14309,#14310,#14311);
#11805=COLOUR_RGB('',0.0,0.0,1.0);
#11806=AXIS2_PLACEMENT_3D('',#14312,#14313,#14314);
#11807=COLOUR_RGB('',0.0,0.0,1.0);
#11808=COLOUR_RGB('',0.0,0.0,1.0);
#11809=AXIS2_PLACEMENT_3D('',#14315,#14316,#14317);
#11810=COLOUR_RGB('',0.0,0.0,1.0);
#11811=AXIS2_PLACEMENT_3D('',#14318,#14319,#14320);
#11812=COLOUR_RGB('',0.0,0.0,1.0);
#11813=COLOUR_RGB('',0.0,0.0,1.0);
#11814=AXIS2_PLACEMENT_3D('',#14321,#14322,#14323);
#11815=COLOUR_RGB('',0.0,0.0,1.0);
#11816=AXIS2_PLACEMENT_3D('',#14324,#14325,#14326);
#11817=COLOUR_RGB('',1.0,0.0,1.0);
#11818=CARTESIAN_POINT('',(-0.67600252591012,-2.92284460499752,-6.5));
#11819=CARTESIAN_POINT('',(-0.676002525910118,-2.92284460499752,-14.1));
#11820=VECTOR('',#14327,1000.0);
#11821=CARTESIAN_POINT('',(-0.724621021930049,-2.91117233680472,-6.5));
#11822=AXIS2_PLACEMENT_3D('',#14328,#14329,#14330);
#11823=CARTESIAN_POINT('',(-0.724621021930048,-2.91117233680472,-14.1));
#11824=VECTOR('',#14331,1000.0);
#11825=COLOUR_RGB('',1.0,0.0,1.0);
#11826=CARTESIAN_POINT('',(-0.260292047562476,-2.98868667644765,-6.5));
#11827=CARTESIAN_POINT('',(-0.260292047562474,-2.98868667644765,-14.1));
#11828=VECTOR('',#14332,1000.0);
#11829=CARTESIAN_POINT('',(-0.210446180875817,-2.99260963123405,-6.5));
#11830=CARTESIAN_POINT('',(-0.210446180875815,-2.99260963123404,-14.1));
#11831=VECTOR('',#14333,1000.0);
#11832=AXIS2_PLACEMENT_3D('',#14334,#14335,#14336);
#11833=COLOUR_RGB('',1.0,0.0,1.0);
#11834=CARTESIAN_POINT('',(0.350000000000004,2.67721870604551,-13.5));
#11835=AXIS2_PLACEMENT_3D('',#14337,#14338,#14339);
#11836=CARTESIAN_POINT('',(0.350000000000004,2.86521427259019,-13.3134877745184));
#11837=CARTESIAN_POINT('',(0.350000000000004,2.86521427259019,-13.3134877745184));
#11838=CARTESIAN_POINT('',(0.350000000000004,2.80256502651024,-13.3756747669901));
#11839=CARTESIAN_POINT('',(0.350000000000004,2.73990077172708,-13.437846815268));
#11840=CARTESIAN_POINT('',(0.350000000000004,2.67721870604551,-13.5));
#11841=CARTESIAN_POINT('',(0.435226251011257,2.74791040154877,-13.4178365496418));
#11842=CARTESIAN_POINT('',(0.350000000000004,2.86521427259019,-13.3134877745184));
#11843=CARTESIAN_POINT('',(0.37824571210839,2.82633738511338,-13.3486529169829));
#11844=CARTESIAN_POINT('',(0.406648280031414,2.78724460412917,-13.3834571959687));
#11845=CARTESIAN_POINT('',(0.435226251011257,2.74791040154877,-13.4178365496418));
#11846=CARTESIAN_POINT('',(0.676002525910146,2.92284460499752,-13.2));
#11847=CARTESIAN_POINT('',(0.435226251011257,2.74791040154877,-13.4178365496418));
#11848=CARTESIAN_POINT('',(0.516435377817124,2.80691228583541,-13.3468571701504));
#11849=CARTESIAN_POINT('',(0.596623827236173,2.86517260459316,-13.2740754986828));
#11850=CARTESIAN_POINT('',(0.676002525910146,2.92284460499752,-13.2));
#11851=CARTESIAN_POINT('',(0.724621021930073,2.91117233680472,-13.2));
#11852=AXIS2_PLACEMENT_3D('',#14340,#14341,#14342);
#11853=CARTESIAN_POINT('',(0.859735787289519,2.64599467886141,-13.4178365496418));
#11854=CARTESIAN_POINT('',(0.724621021930073,2.91117233680472,-13.2));
#11855=CARTESIAN_POINT('',(0.769165420045609,2.82374903310176,-13.2740754986828));
#11856=CARTESIAN_POINT('',(0.814164220414718,2.73543391476222,-13.3468571701504));
#11857=CARTESIAN_POINT('',(0.859735787289519,2.64599467886141,-13.4178365496418));
#11858=CARTESIAN_POINT('',(1.12491344523283,2.78110944422086,-13.2));
#11859=CARTESIAN_POINT('',(0.859735787289519,2.64599467886141,-13.4178365496418));
#11860=CARTESIAN_POINT('',(0.949175023190331,2.69156624573621,-13.3468571701504));
#11861=CARTESIAN_POINT('',(1.03749014152987,2.73656504610532,-13.2740754986828));
#11862=CARTESIAN_POINT('',(1.12491344523283,2.78110944422086,-13.2));
#11863=CARTESIAN_POINT('',(1.17110742185843,2.76197527260258,-13.2));
#11864=AXIS2_PLACEMENT_3D('',#14343,#14344,#14345);
#11865=CARTESIAN_POINT('',(1.26307577518522,2.47892578562761,-13.4178365496418));
#11866=CARTESIAN_POINT('',(1.17110742185843,2.76197527260258,-13.2));
#11867=CARTESIAN_POINT('',(1.20142738676915,2.66866001574912,-13.2740754986828));
#11868=CARTESIAN_POINT('',(1.23205664894208,2.57439283980369,-13.3468571701504));
#11869=CARTESIAN_POINT('',(1.26307577518522,2.47892578562761,-13.4178365496418));
#11870=CARTESIAN_POINT('',(1.54612526216019,2.5708941389544,-13.2));
#11871=CARTESIAN_POINT('',(1.26307577518522,2.47892578562761,-13.4178365496418));
#11872=CARTESIAN_POINT('',(1.3585428293613,2.50994491187075,-13.3468571701505));
#11873=CARTESIAN_POINT('',(1.45281000530673,2.54057417404368,-13.2740754986828));
#11874=CARTESIAN_POINT('',(1.54612526216019,2.5708941389544,-13.2));
#11875=CARTESIAN_POINT('',(1.58875727037794,2.54476921071858,-13.2));
#11876=AXIS2_PLACEMENT_3D('',#14346,#14347,#14348);
#11877=CARTESIAN_POINT('',(1.6353146455877,2.25081751246866,-13.4178365496418));
#11878=CARTESIAN_POINT('',(1.58875727037794,2.54476921071858,-13.2));
#11879=CARTESIAN_POINT('',(1.60410622392155,2.44785973203393,-13.2740754986828));
#11880=CARTESIAN_POINT('',(1.6196117538109,2.3499616692092,-13.3468571701504));
#11881=CARTESIAN_POINT('',(1.6353146455877,2.25081751246866,-13.4178365496418));
#11882=CARTESIAN_POINT('',(1.92926634383762,2.29737488767842,-13.2));
#11883=CARTESIAN_POINT('',(1.6353146455877,2.25081751246866,-13.4178365496418));
#11884=CARTESIAN_POINT('',(1.73445880232823,2.26652040424546,-13.3468571701504));
#11885=CARTESIAN_POINT('',(1.83235686515297,2.28202593413481,-13.2740754986828));
#11886=CARTESIAN_POINT('',(1.92926634383762,2.29737488767842,-13.2));
#11887=CARTESIAN_POINT('',(1.96728664211766,2.26490248526188,-13.2));
#11888=AXIS2_PLACEMENT_3D('',#14349,#14350,#14351);
#11889=CARTESIAN_POINT('',(1.96728664211766,1.96728664211768,-13.4178365496418));
#11890=CARTESIAN_POINT('',(1.96728664211766,2.26490248526188,-13.2));
#11891=CARTESIAN_POINT('',(1.96728664211766,2.16679605261302,-13.2740671677089));
#11892=CARTESIAN_POINT('',(1.96728664211766,2.06765440834188,-13.3468658215321));
#11893=CARTESIAN_POINT('',(1.96728664211766,1.96728664211768,-13.4178365496418));
#11894=CARTESIAN_POINT('',(2.26490248526186,1.96728664211768,-13.2));
#11895=CARTESIAN_POINT('',(1.96728664211766,1.96728664211768,-13.4178365496418));
#11896=CARTESIAN_POINT('',(2.06765440834186,1.96728664211768,-13.3468658215321));
#11897=CARTESIAN_POINT('',(2.166796052613,1.96728664211768,-13.2740671677089));
#11898=CARTESIAN_POINT('',(2.26490248526186,1.96728664211768,-13.2));
#11899=CARTESIAN_POINT('',(2.2973748876784,1.92926634383764,-13.2));
#11900=AXIS2_PLACEMENT_3D('',#14352,#14353,#14354);
#11901=CARTESIAN_POINT('',(2.25081751246864,1.63531464558772,-13.4178365496418));
#11902=CARTESIAN_POINT('',(2.2973748876784,1.92926634383764,-13.2));
#11903=CARTESIAN_POINT('',(2.28202593413479,1.832356865153,-13.2740754986828));
#11904=CARTESIAN_POINT('',(2.26652040424544,1.73445880232826,-13.3468571701504));
#11905=CARTESIAN_POINT('',(2.25081751246864,1.63531464558772,-13.4178365496418));
#11906=CARTESIAN_POINT('',(2.54476921071856,1.58875727037796,-13.2));
#11907=CARTESIAN_POINT('',(2.25081751246864,1.63531464558772,-13.4178365496418));
#11908=CARTESIAN_POINT('',(2.34996166920918,1.61961175381093,-13.3468571701504));
#11909=CARTESIAN_POINT('',(2.44785973203392,1.60410622392157,-13.2740754986828));
#11910=CARTESIAN_POINT('',(2.54476921071856,1.58875727037796,-13.2));
#11911=CARTESIAN_POINT('',(2.57089413895439,1.54612526216022,-13.2));
#11912=AXIS2_PLACEMENT_3D('',#14355,#14356,#14357);
#11913=CARTESIAN_POINT('',(2.4789257856276,1.26307577518525,-13.4178365496418));
#11914=CARTESIAN_POINT('',(2.57089413895439,1.54612526216022,-13.2));
#11915=CARTESIAN_POINT('',(2.54057417404366,1.45281000530676,-13.2740754986828));
#11916=CARTESIAN_POINT('',(2.50994491187074,1.35854282936133,-13.3468571701505));
#11917=CARTESIAN_POINT('',(2.4789257856276,1.26307577518525,-13.4178365496418));
#11918=CARTESIAN_POINT('',(2.76197527260257,1.17110742185846,-13.2));
#11919=CARTESIAN_POINT('',(2.4789257856276,1.26307577518525,-13.4178365496418));
#11920=CARTESIAN_POINT('',(2.57439283980368,1.23205664894211,-13.3468571701504));
#11921=CARTESIAN_POINT('',(2.66866001574911,1.20142738676918,-13.2740754986828));
#11922=CARTESIAN_POINT('',(2.76197527260257,1.17110742185846,-13.2));
#11923=CARTESIAN_POINT('',(2.78110944422084,1.12491344523286,-13.2));
#11924=AXIS2_PLACEMENT_3D('',#14358,#14359,#14360);
#11925=CARTESIAN_POINT('',(2.6459946788614,0.859735787289548,-13.4178365496418));
#11926=CARTESIAN_POINT('',(2.78110944422084,1.12491344523286,-13.2));
#11927=CARTESIAN_POINT('',(2.73656504610531,1.0374901415299,-13.2740754986828));
#11928=CARTESIAN_POINT('',(2.6915662457362,0.949175023190362,-13.3468571701504));
#11929=CARTESIAN_POINT('',(2.6459946788614,0.859735787289548,-13.4178365496418));
#11930=CARTESIAN_POINT('',(2.91117233680471,0.724621021930105,-13.2));
#11931=CARTESIAN_POINT('',(2.6459946788614,0.859735787289548,-13.4178365496418));
#11932=CARTESIAN_POINT('',(2.73543391476221,0.814164220414748,-13.3468571701504));
#11933=CARTESIAN_POINT('',(2.82374903310176,0.76916542004564,-13.2740754986828));
#11934=CARTESIAN_POINT('',(2.91117233680471,0.724621021930105,-13.2));
#11935=CARTESIAN_POINT('',(2.92284460499752,0.676002525910177,-13.2));
#11936=AXIS2_PLACEMENT_3D('',#14361,#14362,#14363);
#11937=CARTESIAN_POINT('',(2.74791040154876,0.435226251011286,-13.4178365496418));
#11938=CARTESIAN_POINT('',(2.92284460499752,0.676002525910177,-13.2));
#11939=CARTESIAN_POINT('',(2.86517260459315,0.596623827236204,-13.2740754986828));
#11940=CARTESIAN_POINT('',(2.8069122858354,0.516435377817153,-13.3468571701504));
#11941=CARTESIAN_POINT('',(2.74791040154876,0.435226251011286,-13.4178365496418));
#11942=CARTESIAN_POINT('',(2.98868667644765,0.260292047562534,-13.2));
#11943=CARTESIAN_POINT('',(2.74791040154876,0.435226251011286,-13.4178365496418));
#11944=CARTESIAN_POINT('',(2.82911952835463,0.376224366724644,-13.3468571701504));
#11945=CARTESIAN_POINT('',(2.90930797777368,0.317964047966897,-13.2740754986828));
#11946=CARTESIAN_POINT('',(2.98868667644765,0.260292047562534,-13.2));
#11947=CARTESIAN_POINT('',(2.99260963123405,0.210446180875832,-13.2));
#11948=AXIS2_PLACEMENT_3D('',#14364,#14365,#14366);
#11949=CARTESIAN_POINT('',(2.99260963123405,0.210446180875832,-13.2));
#11950=CARTESIAN_POINT('',(2.92323010459321,0.141066654234991,-13.2740754986828));
#11951=CARTESIAN_POINT('',(2.85314282984955,0.070979379491333,-13.3468571701505));
#11952=CARTESIAN_POINT('',(2.78216345035823,1.259429131873E-14,-13.4178365496418));
#11953=COLOUR_RGB('',1.0,0.0,1.0);
#11954=CARTESIAN_POINT('',(-1.1249134452328,-2.78110944422086,-6.5));
#11955=CARTESIAN_POINT('',(-1.1249134452328,-2.78110944422086,-14.1));
#11956=VECTOR('',#14367,1000.0);
#11957=CARTESIAN_POINT('',(-1.17110742185841,-2.76197527260259,-6.5));
#11958=AXIS2_PLACEMENT_3D('',#14368,#14369,#14370);
#11959=CARTESIAN_POINT('',(-1.17110742185841,-2.76197527260259,-14.1));
#11960=VECTOR('',#14371,1000.0);
#11961=COLOUR_RGB('',1.0,0.0,1.0);
#11962=CARTESIAN_POINT('',(-1.54612526216017,-2.57089413895441,-6.5));
#11963=CARTESIAN_POINT('',(-1.54612526216017,-2.57089413895441,-14.1));
#11964=VECTOR('',#14372,1000.0);
#11965=CARTESIAN_POINT('',(-1.58875727037791,-2.54476921071859,-6.5));
#11966=AXIS2_PLACEMENT_3D('',#14373,#14374,#14375);
#11967=CARTESIAN_POINT('',(-1.58875727037791,-2.54476921071859,-14.1));
#11968=VECTOR('',#14376,1000.0);
#11969=COLOUR_RGB('',1.0,0.0,1.0);
#11970=CARTESIAN_POINT('',(-1.9292663438376,-2.29737488767843,-6.5));
#11971=CARTESIAN_POINT('',(-1.9292663438376,-2.29737488767843,-14.1));
#11972=VECTOR('',#14377,1000.0);
#11973=CARTESIAN_POINT('',(-1.96728664211764,-2.26490248526189,-6.5));
#11974=AXIS2_PLACEMENT_3D('',#14378,#14379,#14380);
#11975=CARTESIAN_POINT('',(-1.96728664211764,-2.26490248526189,-14.1));
#11976=VECTOR('',#14381,1000.0);
#11977=COLOUR_RGB('',1.0,0.0,1.0);
#11978=CARTESIAN_POINT('',(-2.26490248526184,-1.96728664211769,-6.5));
#11979=CARTESIAN_POINT('',(-2.26490248526184,-1.96728664211769,-14.1));
#11980=VECTOR('',#14382,1000.0);
#11981=CARTESIAN_POINT('',(-2.29737488767838,-1.92926634383766,-6.5));
#11982=AXIS2_PLACEMENT_3D('',#14383,#14384,#14385);
#11983=CARTESIAN_POINT('',(-2.29737488767838,-1.92926634383766,-14.1));
#11984=VECTOR('',#14386,1000.0);
#11985=COLOUR_RGB('',1.0,0.0,1.0);
#11986=CARTESIAN_POINT('',(-2.54476921071855,-1.58875727037798,-6.5));
#11987=CARTESIAN_POINT('',(-2.54476921071855,-1.58875727037798,-14.1));
#11988=VECTOR('',#14387,1000.0);
#11989=CARTESIAN_POINT('',(-2.57089413895437,-1.54612526216023,-6.5));
#11990=AXIS2_PLACEMENT_3D('',#14388,#14389,#14390);
#11991=CARTESIAN_POINT('',(-2.57089413895437,-1.54612526216023,-14.1));
#11992=VECTOR('',#14391,1000.0);
#11993=COLOUR_RGB('',1.0,0.0,1.0);
#11994=CARTESIAN_POINT('',(-2.76197527260256,-1.17110742185848,-6.5));
#11995=CARTESIAN_POINT('',(-2.76197527260256,-1.17110742185847,-14.1));
#11996=VECTOR('',#14392,1000.0);
#11997=CARTESIAN_POINT('',(-2.78110944422083,-1.12491344523287,-6.5));
#11998=AXIS2_PLACEMENT_3D('',#14393,#14394,#14395);
#11999=CARTESIAN_POINT('',(-2.78110944422083,-1.12491344523287,-14.1));
#12000=VECTOR('',#14396,1000.0);
#12001=COLOUR_RGB('',1.0,0.0,1.0);
#12002=CARTESIAN_POINT('',(-2.9111723368047,-0.724621021930121,-6.5));
#12003=CARTESIAN_POINT('',(-2.9111723368047,-0.72462102193012,-14.1));
#12004=VECTOR('',#14397,1000.0);
#12005=CARTESIAN_POINT('',(-2.92284460499751,-0.676002525910194,-6.5));
#12006=AXIS2_PLACEMENT_3D('',#14398,#14399,#14400);
#12007=CARTESIAN_POINT('',(-2.9228446049975,-0.676002525910193,-14.1));
#12008=VECTOR('',#14401,1000.0);
#12009=COLOUR_RGB('',1.0,0.0,1.0);
#12010=CARTESIAN_POINT('',(-2.98868667644765,-0.260292047562552,-6.5));
#12011=CARTESIAN_POINT('',(-2.98868667644765,-0.260292047562551,-14.1));
#12012=VECTOR('',#14402,1000.0);
#12013=CARTESIAN_POINT('',(-2.99260963123404,-0.210446180875849,-6.5));
#12014=AXIS2_PLACEMENT_3D('',#14403,#14404,#14405);
#12015=CARTESIAN_POINT('',(-2.99260963123404,-0.210446180875847,-14.1));
#12016=VECTOR('',#14406,1000.0);
#12017=COLOUR_RGB('',1.0,0.0,1.0);
#12018=CARTESIAN_POINT('',(-2.99260963123405,0.210446180875788,-6.5));
#12019=CARTESIAN_POINT('',(-2.99260963123405,0.21044618087579,-14.1));
#12020=VECTOR('',#14407,1000.0);
#12021=CARTESIAN_POINT('',(-2.98868667644765,0.260292047562489,-6.5));
#12022=AXIS2_PLACEMENT_3D('',#14408,#14409,#14410);
#12023=CARTESIAN_POINT('',(-2.98868667644765,0.260292047562491,-14.1));
#12024=VECTOR('',#14411,1000.0);
#12025=COLOUR_RGB('',1.0,0.0,1.0);
#12026=CARTESIAN_POINT('',(-2.92284460499752,0.676002525910133,-6.5));
#12027=CARTESIAN_POINT('',(-2.92284460499752,0.676002525910134,-14.1));
#12028=VECTOR('',#14412,1000.0);
#12029=CARTESIAN_POINT('',(-2.91117233680472,0.724621021930063,-6.5));
#12030=AXIS2_PLACEMENT_3D('',#14413,#14414,#14415);
#12031=CARTESIAN_POINT('',(-2.91117233680471,0.724621021930064,-14.1));
#12032=VECTOR('',#14416,1000.0);
#12033=COLOUR_RGB('',1.0,0.0,1.0);
#12034=CARTESIAN_POINT('',(-2.78110944422085,1.12491344523282,-6.5));
#12035=CARTESIAN_POINT('',(-2.78110944422085,1.12491344523282,-14.1));
#12036=VECTOR('',#14417,1000.0);
#12037=CARTESIAN_POINT('',(-2.76197527260258,1.17110742185842,-6.5));
#12038=AXIS2_PLACEMENT_3D('',#14418,#14419,#14420);
#12039=CARTESIAN_POINT('',(-2.76197527260258,1.17110742185842,-14.1));
#12040=VECTOR('',#14421,1000.0);
#12041=COLOUR_RGB('',1.0,0.0,1.0);
#12042=CARTESIAN_POINT('',(-2.5708941389544,1.54612526216018,-6.5));
#12043=CARTESIAN_POINT('',(-2.5708941389544,1.54612526216018,-14.1));
#12044=VECTOR('',#14422,1000.0);
#12045=CARTESIAN_POINT('',(-2.54476921071858,1.58875727037793,-6.5));
#12046=AXIS2_PLACEMENT_3D('',#14423,#14424,#14425);
#12047=CARTESIAN_POINT('',(-2.54476921071858,1.58875727037793,-14.1));
#12048=VECTOR('',#14426,1000.0);
#12049=COLOUR_RGB('',1.0,0.0,1.0);
#12050=CARTESIAN_POINT('',(-2.29737488767843,1.92926634383761,-6.5));
#12051=CARTESIAN_POINT('',(-2.29737488767842,1.92926634383761,-14.1));
#12052=VECTOR('',#14427,1000.0);
#12053=CARTESIAN_POINT('',(-2.26490248526189,1.96728664211765,-6.5));
#12054=AXIS2_PLACEMENT_3D('',#14428,#14429,#14430);
#12055=CARTESIAN_POINT('',(-2.26490248526188,1.96728664211765,-14.1));
#12056=VECTOR('',#14431,1000.0);
#12057=COLOUR_RGB('',1.0,0.0,1.0);
#12058=CARTESIAN_POINT('',(-1.96728664211768,2.26490248526185,-6.5));
#12059=CARTESIAN_POINT('',(-1.96728664211768,2.26490248526186,-14.1));
#12060=VECTOR('',#14432,1000.0);
#12061=CARTESIAN_POINT('',(-1.92926634383765,2.29737488767839,-6.5));
#12062=AXIS2_PLACEMENT_3D('',#14433,#14434,#14435);
#12063=CARTESIAN_POINT('',(-1.92926634383765,2.29737488767839,-14.1));
#12064=VECTOR('',#14436,1000.0);
#12065=COLOUR_RGB('',1.0,0.0,1.0);
#12066=CARTESIAN_POINT('',(-1.58875727037797,2.54476921071856,-6.5));
#12067=CARTESIAN_POINT('',(-1.58875727037797,2.54476921071856,-14.1));
#12068=VECTOR('',#14437,1000.0);
#12069=CARTESIAN_POINT('',(-1.54612526216023,2.57089413895438,-6.5));
#12070=AXIS2_PLACEMENT_3D('',#14438,#14439,#14440);
#12071=CARTESIAN_POINT('',(-1.54612526216022,2.57089413895438,-14.1));
#12072=VECTOR('',#14441,1000.0);
#12073=COLOUR_RGB('',1.0,0.0,1.0);
#12074=CARTESIAN_POINT('',(-1.17110742185847,2.76197527260256,-6.5));
#12075=CARTESIAN_POINT('',(-1.17110742185847,2.76197527260257,-14.1));
#12076=VECTOR('',#14442,1000.0);
#12077=CARTESIAN_POINT('',(-1.12491344523286,2.78110944422084,-6.5));
#12078=AXIS2_PLACEMENT_3D('',#14443,#14444,#14445);
#12079=CARTESIAN_POINT('',(-1.12491344523286,2.78110944422084,-14.1));
#12080=VECTOR('',#14446,1000.0);
#12081=COLOUR_RGB('',1.0,0.0,1.0);
#12082=CARTESIAN_POINT('',(-0.724621021930111,2.9111723368047,-6.5));
#12083=CARTESIAN_POINT('',(-0.724621021930109,2.91117233680471,-14.1));
#12084=VECTOR('',#14447,1000.0);
#12085=CARTESIAN_POINT('',(-0.676002525910183,2.92284460499751,-6.5));
#12086=AXIS2_PLACEMENT_3D('',#14448,#14449,#14450);
#12087=CARTESIAN_POINT('',(-0.676002525910181,2.92284460499751,-14.1));
#12088=VECTOR('',#14451,1000.0);
#12089=COLOUR_RGB('',1.0,0.0,1.0);
#12090=CARTESIAN_POINT('',(-0.210446180875837,2.99260963123405,-10.5));
#12091=CARTESIAN_POINT('',(-0.210446180875838,2.99260963123405,-6.5));
#12092=CARTESIAN_POINT('',(-0.210446180875836,2.99260963123405,-14.1));
#12093=VECTOR('',#14452,1000.0);
#12094=CARTESIAN_POINT('',(-0.26029204756254,2.98868667644765,-10.5));
#12095=AXIS2_PLACEMENT_3D('',#14453,#14454,#14455);
#12096=CARTESIAN_POINT('',(-0.26029204756254,2.98868667644765,-6.5));
#12097=CARTESIAN_POINT('',(-0.260292047562538,2.98868667644765,-14.1));
#12098=VECTOR('',#14456,1000.0);
#12099=AXIS2_PLACEMENT_3D('',#14457,#14458,#14459);
#12100=COLOUR_RGB('',1.0,0.0,1.0);
#12101=CARTESIAN_POINT('',(0.260292047562502,2.98868667644766,-10.5));
#12102=CARTESIAN_POINT('',(0.260292047562501,2.98868667644765,-6.5));
#12103=CARTESIAN_POINT('',(0.260292047562503,2.98868667644766,-14.1));
#12104=VECTOR('',#14460,1000.0);
#12105=CARTESIAN_POINT('',(0.210446180875799,2.99260963123405,-10.5));
#12106=AXIS2_PLACEMENT_3D('',#14461,#14462,#14463);
#12107=CARTESIAN_POINT('',(0.210446180875799,2.99260963123405,-6.5));
#12108=CARTESIAN_POINT('',(0.210446180875801,2.99260963123405,-14.1));
#12109=VECTOR('',#14464,1000.0);
#12110=AXIS2_PLACEMENT_3D('',#14465,#14466,#14467);
#12111=COLOUR_RGB('',1.0,0.0,1.0);
#12112=CARTESIAN_POINT('',(0.676002525910144,2.92284460499752,-6.5));
#12113=CARTESIAN_POINT('',(0.676002525910146,2.92284460499752,-14.1));
#12114=VECTOR('',#14468,1000.0);
#12115=CARTESIAN_POINT('',(0.724621021930071,2.91117233680472,-6.5));
#12116=AXIS2_PLACEMENT_3D('',#14469,#14470,#14471);
#12117=CARTESIAN_POINT('',(0.724621021930073,2.91117233680472,-14.1));
#12118=VECTOR('',#14472,1000.0);
#12119=COLOUR_RGB('',1.0,0.0,1.0);
#12120=CARTESIAN_POINT('',(1.12491344523282,2.78110944422085,-6.5));
#12121=CARTESIAN_POINT('',(1.12491344523283,2.78110944422086,-14.1));
#12122=VECTOR('',#14473,1000.0);
#12123=CARTESIAN_POINT('',(1.17110742185843,2.76197527260258,-6.5));
#12124=AXIS2_PLACEMENT_3D('',#14474,#14475,#14476);
#12125=CARTESIAN_POINT('',(1.17110742185843,2.76197527260258,-14.1));
#12126=VECTOR('',#14477,1000.0);
#12127=COLOUR_RGB('',1.0,0.0,1.0);
#12128=CARTESIAN_POINT('',(1.54612526216019,2.5708941389544,-6.5));
#12129=CARTESIAN_POINT('',(1.54612526216019,2.5708941389544,-14.1));
#12130=VECTOR('',#14478,1000.0);
#12131=CARTESIAN_POINT('',(1.58875727037794,2.54476921071858,-6.5));
#12132=AXIS2_PLACEMENT_3D('',#14479,#14480,#14481);
#12133=CARTESIAN_POINT('',(1.58875727037794,2.54476921071858,-14.1));
#12134=VECTOR('',#14482,1000.0);
#12135=COLOUR_RGB('',1.0,0.0,1.0);
#12136=CARTESIAN_POINT('',(1.92926634383762,2.29737488767842,-6.5));
#12137=CARTESIAN_POINT('',(1.92926634383762,2.29737488767842,-14.1));
#12138=VECTOR('',#14483,1000.0);
#12139=CARTESIAN_POINT('',(1.96728664211765,2.26490248526188,-6.5));
#12140=AXIS2_PLACEMENT_3D('',#14484,#14485,#14486);
#12141=CARTESIAN_POINT('',(1.96728664211766,2.26490248526188,-14.1));
#12142=VECTOR('',#14487,1000.0);
#12143=COLOUR_RGB('',1.0,0.0,1.0);
#12144=CARTESIAN_POINT('',(2.26490248526186,1.96728664211768,-6.5));
#12145=CARTESIAN_POINT('',(2.26490248526186,1.96728664211768,-14.1));
#12146=VECTOR('',#14488,1000.0);
#12147=CARTESIAN_POINT('',(2.2973748876784,1.92926634383764,-6.5));
#12148=AXIS2_PLACEMENT_3D('',#14489,#14490,#14491);
#12149=CARTESIAN_POINT('',(2.2973748876784,1.92926634383764,-14.1));
#12150=VECTOR('',#14492,1000.0);
#12151=COLOUR_RGB('',1.0,0.0,1.0);
#12152=CARTESIAN_POINT('',(2.54476921071856,1.58875727037796,-6.5));
#12153=CARTESIAN_POINT('',(2.54476921071856,1.58875727037796,-14.1));
#12154=VECTOR('',#14493,1000.0);
#12155=CARTESIAN_POINT('',(2.57089413895438,1.54612526216022,-6.5));
#12156=AXIS2_PLACEMENT_3D('',#14494,#14495,#14496);
#12157=CARTESIAN_POINT('',(2.57089413895439,1.54612526216022,-14.1));
#12158=VECTOR('',#14497,1000.0);
#12159=COLOUR_RGB('',1.0,0.0,1.0);
#12160=CARTESIAN_POINT('',(2.76197527260257,1.17110742185846,-6.5));
#12161=CARTESIAN_POINT('',(2.76197527260257,1.17110742185846,-14.1));
#12162=VECTOR('',#14498,1000.0);
#12163=CARTESIAN_POINT('',(2.78110944422084,1.12491344523285,-6.5));
#12164=AXIS2_PLACEMENT_3D('',#14499,#14500,#14501);
#12165=CARTESIAN_POINT('',(2.78110944422084,1.12491344523286,-14.1));
#12166=VECTOR('',#14502,1000.0);
#12167=COLOUR_RGB('',1.0,0.0,1.0);
#12168=CARTESIAN_POINT('',(2.91117233680471,0.724621021930103,-6.5));
#12169=CARTESIAN_POINT('',(2.91117233680471,0.724621021930105,-14.1));
#12170=VECTOR('',#14503,1000.0);
#12171=CARTESIAN_POINT('',(2.92284460499751,0.676002525910175,-6.5));
#12172=AXIS2_PLACEMENT_3D('',#14504,#14505,#14506);
#12173=CARTESIAN_POINT('',(2.92284460499752,0.676002525910177,-14.1));
#12174=VECTOR('',#14507,1000.0);
#12175=COLOUR_RGB('',1.0,0.0,1.0);
#12176=CARTESIAN_POINT('',(2.98868667644765,0.260292047562532,-6.5));
#12177=CARTESIAN_POINT('',(2.98868667644765,0.260292047562534,-14.1));
#12178=VECTOR('',#14508,1000.0);
#12179=CARTESIAN_POINT('',(2.99260963123405,0.21044618087583,-6.5));
#12180=AXIS2_PLACEMENT_3D('',#14509,#14510,#14511);
#12181=CARTESIAN_POINT('',(2.99260963123405,0.210446180875832,-14.1));
#12182=VECTOR('',#14512,1000.0);
#12183=COLOUR_RGB('',1.0,0.0,1.0);
#12184=CARTESIAN_POINT('',(2.99260963123405,-0.210446180875807,-6.5));
#12185=CARTESIAN_POINT('',(2.99260963123405,-0.210446180875805,-14.1));
#12186=VECTOR('',#14513,1000.0);
#12187=CARTESIAN_POINT('',(2.98868667644765,-0.260292047562508,-6.5));
#12188=AXIS2_PLACEMENT_3D('',#14514,#14515,#14516);
#12189=CARTESIAN_POINT('',(2.98868667644766,-0.260292047562507,-14.1));
#12190=VECTOR('',#14517,1000.0);
#12191=COLOUR_RGB('',1.0,0.0,1.0);
#12192=CARTESIAN_POINT('',(2.92284460499752,-0.676002525910151,-6.5));
#12193=CARTESIAN_POINT('',(2.92284460499752,-0.67600252591015,-14.1));
#12194=VECTOR('',#14518,1000.0);
#12195=CARTESIAN_POINT('',(2.91117233680471,-0.72462102193008,-6.5));
#12196=AXIS2_PLACEMENT_3D('',#14519,#14520,#14521);
#12197=CARTESIAN_POINT('',(2.91117233680472,-0.724621021930078,-14.1));
#12198=VECTOR('',#14522,1000.0);
#12199=COLOUR_RGB('',1.0,0.0,1.0);
#12200=CARTESIAN_POINT('',(2.78110944422085,-1.12491344523283,-6.5));
#12201=CARTESIAN_POINT('',(2.78110944422085,-1.12491344523283,-14.1));
#12202=VECTOR('',#14523,1000.0);
#12203=CARTESIAN_POINT('',(2.76197527260258,-1.17110742185844,-6.5));
#12204=AXIS2_PLACEMENT_3D('',#14524,#14525,#14526);
#12205=CARTESIAN_POINT('',(2.76197527260258,-1.17110742185844,-14.1));
#12206=VECTOR('',#14527,1000.0);
#12207=COLOUR_RGB('',1.0,0.0,1.0);
#12208=CARTESIAN_POINT('',(2.57089413895439,-1.5461252621602,-6.5));
#12209=CARTESIAN_POINT('',(2.5708941389544,-1.5461252621602,-14.1));
#12210=VECTOR('',#14528,1000.0);
#12211=CARTESIAN_POINT('',(2.54476921071857,-1.58875727037794,-6.5));
#12212=AXIS2_PLACEMENT_3D('',#14529,#14530,#14531);
#12213=CARTESIAN_POINT('',(2.54476921071858,-1.58875727037794,-14.1));
#12214=VECTOR('',#14532,1000.0);
#12215=COLOUR_RGB('',1.0,0.0,1.0);
#12216=CARTESIAN_POINT('',(2.29737488767841,-1.92926634383762,-6.5));
#12217=CARTESIAN_POINT('',(2.29737488767842,-1.92926634383762,-14.1));
#12218=VECTOR('',#14533,1000.0);
#12219=CARTESIAN_POINT('',(2.26490248526188,-1.96728664211766,-6.5));
#12220=AXIS2_PLACEMENT_3D('',#14534,#14535,#14536);
#12221=CARTESIAN_POINT('',(2.26490248526188,-1.96728664211766,-14.1));
#12222=VECTOR('',#14537,1000.0);
#12223=COLOUR_RGB('',1.0,0.0,1.0);
#12224=CARTESIAN_POINT('',(1.96728664211767,-2.26490248526186,-6.5));
#12225=CARTESIAN_POINT('',(1.96728664211767,-2.26490248526186,-14.1));
#12226=VECTOR('',#14538,1000.0);
#12227=CARTESIAN_POINT('',(1.92926634383764,-2.2973748876784,-6.5));
#12228=AXIS2_PLACEMENT_3D('',#14539,#14540,#14541);
#12229=CARTESIAN_POINT('',(1.92926634383764,-2.2973748876784,-14.1));
#12230=VECTOR('',#14542,1000.0);
#12231=COLOUR_RGB('',1.0,0.0,1.0);
#12232=CARTESIAN_POINT('',(1.58875727037795,-2.54476921071857,-6.5));
#12233=CARTESIAN_POINT('',(1.58875727037796,-2.54476921071856,-14.1));
#12234=VECTOR('',#14543,1000.0);
#12235=CARTESIAN_POINT('',(1.54612526216021,-2.57089413895439,-6.5));
#12236=AXIS2_PLACEMENT_3D('',#14544,#14545,#14546);
#12237=CARTESIAN_POINT('',(1.54612526216021,-2.57089413895439,-14.1));
#12238=VECTOR('',#14547,1000.0);
#12239=COLOUR_RGB('',1.0,0.0,1.0);
#12240=CARTESIAN_POINT('',(1.17110742185845,-2.76197527260257,-6.5));
#12241=CARTESIAN_POINT('',(1.17110742185845,-2.76197527260257,-14.1));
#12242=VECTOR('',#14548,1000.0);
#12243=CARTESIAN_POINT('',(1.12491344523284,-2.78110944422084,-6.5));
#12244=AXIS2_PLACEMENT_3D('',#14549,#14550,#14551);
#12245=CARTESIAN_POINT('',(1.12491344523285,-2.78110944422084,-14.1));
#12246=VECTOR('',#14552,1000.0);
#12247=COLOUR_RGB('',1.0,0.0,1.0);
#12248=CARTESIAN_POINT('',(0.724621021930093,-2.91117233680471,-6.5));
#12249=CARTESIAN_POINT('',(0.724621021930095,-2.91117233680471,-14.1));
#12250=VECTOR('',#14553,1000.0);
#12251=CARTESIAN_POINT('',(0.676002525910165,-2.92284460499751,-6.5));
#12252=AXIS2_PLACEMENT_3D('',#14554,#14555,#14556);
#12253=CARTESIAN_POINT('',(0.676002525910167,-2.92284460499751,-14.1));
#12254=VECTOR('',#14557,1000.0);
#12255=COLOUR_RGB('',1.0,0.0,1.0);
#12256=CARTESIAN_POINT('',(0.260292047562522,-2.98868667644765,-6.5));
#12257=CARTESIAN_POINT('',(0.260292047562524,-2.98868667644765,-14.1));
#12258=VECTOR('',#14558,1000.0);
#12259=CARTESIAN_POINT('',(0.21044618087582,-2.99260963123405,-6.5));
#12260=AXIS2_PLACEMENT_3D('',#14559,#14560,#14561);
#12261=CARTESIAN_POINT('',(0.210446180875822,-2.99260963123404,-14.1));
#12262=VECTOR('',#14562,1000.0);
#12263=COLOUR_RGB('',1.0,0.0,1.0);
#12264=AXIS2_PLACEMENT_3D('',#14563,#14564,#14565);
#12265=AXIS2_PLACEMENT_3D('',#14566,#14567,#14568);
#12266=COLOUR_RGB('',1.0,0.0,1.0);
#12267=AXIS2_PLACEMENT_3D('',#14569,#14570,#14571);
#12268=COLOUR_RGB('',1.0,0.0,1.0);
#12269=AXIS2_PLACEMENT_3D('',#14572,#14573,#14574);
#12270=COLOUR_RGB('',1.0,0.0,1.0);
#12271=CARTESIAN_POINT('',(0.435226251011275,-2.74791040154876,-6.5));
#12272=CARTESIAN_POINT('',(0.435226251011275,-2.74791040154876,-6.5));
#12273=VECTOR('',#14575,1000.0);
#12274=CARTESIAN_POINT('',(0.435226251011275,-2.74791040154876,-6.5));
#12275=VECTOR('',#14576,1000.0);
#12276=CARTESIAN_POINT('',(0.859735787289537,-2.6459946788614,-6.5));
#12277=CARTESIAN_POINT('',(0.859735787289537,-2.6459946788614,-6.5));
#12278=VECTOR('',#14577,1000.0);
#12279=CARTESIAN_POINT('',(0.859735787289537,-2.6459946788614,-6.5));
#12280=VECTOR('',#14578,1000.0);
#12281=CARTESIAN_POINT('',(1.26307577518524,-2.4789257856276,-6.5));
#12282=CARTESIAN_POINT('',(1.26307577518524,-2.4789257856276,-6.5));
#12283=VECTOR('',#14579,1000.0);
#12284=CARTESIAN_POINT('',(1.26307577518524,-2.4789257856276,-6.5));
#12285=VECTOR('',#14580,1000.0);
#12286=CARTESIAN_POINT('',(1.63531464558771,-2.25081751246865,-6.5));
#12287=CARTESIAN_POINT('',(1.63531464558771,-2.25081751246865,-6.5));
#12288=VECTOR('',#14581,1000.0);
#12289=CARTESIAN_POINT('',(1.63531464558771,-2.25081751246865,-6.5));
#12290=VECTOR('',#14582,1000.0);
#12291=CARTESIAN_POINT('',(1.96728664211767,-1.96728664211766,-6.5));
#12292=CARTESIAN_POINT('',(1.96728664211767,-1.96728664211766,-6.5));
#12293=VECTOR('',#14583,1000.0);
#12294=CARTESIAN_POINT('',(1.96728664211767,-1.96728664211766,-6.5));
#12295=VECTOR('',#14584,1000.0);
#12296=CARTESIAN_POINT('',(2.25081751246865,-1.6353146455877,-6.5));
#12297=CARTESIAN_POINT('',(2.25081751246865,-1.6353146455877,-6.5));
#12298=VECTOR('',#14585,1000.0);
#12299=CARTESIAN_POINT('',(2.25081751246865,-1.6353146455877,-6.5));
#12300=VECTOR('',#14586,1000.0);
#12301=CARTESIAN_POINT('',(2.47892578562761,-1.26307577518523,-6.5));
#12302=CARTESIAN_POINT('',(2.47892578562761,-1.26307577518523,-6.5));
#12303=VECTOR('',#14587,1000.0);
#12304=CARTESIAN_POINT('',(2.47892578562761,-1.26307577518523,-6.5));
#12305=VECTOR('',#14588,1000.0);
#12306=CARTESIAN_POINT('',(2.64599467886141,-0.859735787289525,-6.5));
#12307=CARTESIAN_POINT('',(2.64599467886141,-0.859735787289525,-6.5));
#12308=VECTOR('',#14589,1000.0);
#12309=CARTESIAN_POINT('',(2.64599467886141,-0.859735787289525,-6.5));
#12310=VECTOR('',#14590,1000.0);
#12311=CARTESIAN_POINT('',(2.74791040154877,-0.435226251011262,-6.5));
#12312=CARTESIAN_POINT('',(2.74791040154877,-0.435226251011262,-6.5));
#12313=VECTOR('',#14591,1000.0);
#12314=CARTESIAN_POINT('',(2.74791040154877,-0.435226251011262,-6.5));
#12315=VECTOR('',#14592,1000.0);
#12316=CARTESIAN_POINT('',(2.78216345035823,1.12451338351881E-14,-6.5));
#12317=CARTESIAN_POINT('',(2.78216345035823,1.12451338351881E-14,-6.5));
#12318=VECTOR('',#14593,1000.0);
#12319=CARTESIAN_POINT('',(2.78216345035823,1.12451338351881E-14,-6.5));
#12320=VECTOR('',#14594,1000.0);
#12321=CARTESIAN_POINT('',(2.74791040154876,0.435226251011285,-6.5));
#12322=CARTESIAN_POINT('',(2.74791040154876,0.435226251011285,-6.5));
#12323=VECTOR('',#14595,1000.0);
#12324=CARTESIAN_POINT('',(2.74791040154876,0.435226251011285,-6.5));
#12325=VECTOR('',#14596,1000.0);
#12326=CARTESIAN_POINT('',(2.6459946788614,0.859735787289546,-6.5));
#12327=CARTESIAN_POINT('',(2.6459946788614,0.859735787289546,-6.5));
#12328=VECTOR('',#14597,1000.0);
#12329=CARTESIAN_POINT('',(2.6459946788614,0.859735787289546,-6.5));
#12330=VECTOR('',#14598,1000.0);
#12331=CARTESIAN_POINT('',(2.4789257856276,1.26307577518525,-6.5));
#12332=CARTESIAN_POINT('',(2.4789257856276,1.26307577518525,-6.5));
#12333=VECTOR('',#14599,1000.0);
#12334=CARTESIAN_POINT('',(2.4789257856276,1.26307577518525,-6.5));
#12335=VECTOR('',#14600,1000.0);
#12336=CARTESIAN_POINT('',(2.25081751246864,1.63531464558772,-6.5));
#12337=CARTESIAN_POINT('',(2.25081751246864,1.63531464558772,-6.5));
#12338=VECTOR('',#14601,1000.0);
#12339=CARTESIAN_POINT('',(2.25081751246864,1.63531464558772,-6.5));
#12340=VECTOR('',#14602,1000.0);
#12341=CARTESIAN_POINT('',(1.96728664211766,1.96728664211768,-6.5));
#12342=CARTESIAN_POINT('',(1.96728664211766,1.96728664211768,-6.5));
#12343=VECTOR('',#14603,1000.0);
#12344=CARTESIAN_POINT('',(1.96728664211766,1.96728664211768,-6.5));
#12345=VECTOR('',#14604,1000.0);
#12346=CARTESIAN_POINT('',(1.6353146455877,2.25081751246866,-6.5));
#12347=CARTESIAN_POINT('',(1.6353146455877,2.25081751246866,-6.5));
#12348=VECTOR('',#14605,1000.0);
#12349=CARTESIAN_POINT('',(1.6353146455877,2.25081751246866,-6.5));
#12350=VECTOR('',#14606,1000.0);
#12351=CARTESIAN_POINT('',(1.26307577518522,2.47892578562761,-6.5));
#12352=CARTESIAN_POINT('',(1.26307577518522,2.47892578562761,-6.5));
#12353=VECTOR('',#14607,1000.0);
#12354=CARTESIAN_POINT('',(1.26307577518522,2.47892578562761,-6.5));
#12355=VECTOR('',#14608,1000.0);
#12356=CARTESIAN_POINT('',(0.859735787289517,2.64599467886141,-6.5));
#12357=CARTESIAN_POINT('',(0.859735787289517,2.64599467886141,-6.5));
#12358=VECTOR('',#14609,1000.0);
#12359=CARTESIAN_POINT('',(0.859735787289517,2.64599467886141,-6.5));
#12360=VECTOR('',#14610,1000.0);
#12361=CARTESIAN_POINT('',(0.435226251011256,2.74791040154877,-6.5));
#12362=CARTESIAN_POINT('',(0.435226251011256,2.74791040154877,-6.5));
#12363=VECTOR('',#14611,1000.0);
#12364=CARTESIAN_POINT('',(0.435226251011256,2.74791040154877,-6.5));
#12365=VECTOR('',#14612,1000.0);
#12366=CARTESIAN_POINT('',(-1.8224013619741E-14,2.78216345035823,-6.5));
#12367=CARTESIAN_POINT('',(-1.8224013619741E-14,2.78216345035823,-6.5));
#12368=VECTOR('',#14613,1000.0);
#12369=CARTESIAN_POINT('',(-1.8224013619741E-14,2.78216345035823,-6.5));
#12370=VECTOR('',#14614,1000.0);
#12371=CARTESIAN_POINT('',(-0.435226251011292,2.74791040154876,-6.5));
#12372=CARTESIAN_POINT('',(-0.435226251011292,2.74791040154876,-6.5));
#12373=VECTOR('',#14615,1000.0);
#12374=CARTESIAN_POINT('',(-0.435226251011292,2.74791040154876,-6.5));
#12375=VECTOR('',#14616,1000.0);
#12376=CARTESIAN_POINT('',(-0.859735787289553,2.6459946788614,-6.5));
#12377=CARTESIAN_POINT('',(-0.859735787289553,2.6459946788614,-6.5));
#12378=VECTOR('',#14617,1000.0);
#12379=CARTESIAN_POINT('',(-0.859735787289553,2.6459946788614,-6.5));
#12380=VECTOR('',#14618,1000.0);
#12381=CARTESIAN_POINT('',(-1.26307577518525,2.47892578562759,-6.5));
#12382=CARTESIAN_POINT('',(-1.26307577518525,2.47892578562759,-6.5));
#12383=VECTOR('',#14619,1000.0);
#12384=CARTESIAN_POINT('',(-1.26307577518525,2.47892578562759,-6.5));
#12385=VECTOR('',#14620,1000.0);
#12386=CARTESIAN_POINT('',(-1.63531464558773,2.25081751246864,-6.5));
#12387=CARTESIAN_POINT('',(-1.63531464558773,2.25081751246864,-6.5));
#12388=VECTOR('',#14621,1000.0);
#12389=CARTESIAN_POINT('',(-1.63531464558773,2.25081751246864,-6.5));
#12390=VECTOR('',#14622,1000.0);
#12391=CARTESIAN_POINT('',(-1.96728664211768,1.96728664211765,-6.5));
#12392=CARTESIAN_POINT('',(-1.96728664211768,1.96728664211765,-6.5));
#12393=VECTOR('',#14623,1000.0);
#12394=CARTESIAN_POINT('',(-1.96728664211768,1.96728664211765,-6.5));
#12395=VECTOR('',#14624,1000.0);
#12396=CARTESIAN_POINT('',(-2.25081751246866,1.63531464558769,-6.5));
#12397=CARTESIAN_POINT('',(-2.25081751246866,1.63531464558769,-6.5));
#12398=VECTOR('',#14625,1000.0);
#12399=CARTESIAN_POINT('',(-2.25081751246866,1.63531464558769,-6.5));
#12400=VECTOR('',#14626,1000.0);
#12401=CARTESIAN_POINT('',(-2.47892578562761,1.26307577518521,-6.5));
#12402=CARTESIAN_POINT('',(-2.47892578562761,1.26307577518521,-6.5));
#12403=VECTOR('',#14627,1000.0);
#12404=CARTESIAN_POINT('',(-2.47892578562761,1.26307577518521,-6.5));
#12405=VECTOR('',#14628,1000.0);
#12406=CARTESIAN_POINT('',(-2.64599467886141,0.859735787289509,-6.5));
#12407=CARTESIAN_POINT('',(-2.64599467886141,0.859735787289509,-6.5));
#12408=VECTOR('',#14629,1000.0);
#12409=CARTESIAN_POINT('',(-2.64599467886141,0.859735787289509,-6.5));
#12410=VECTOR('',#14630,1000.0);
#12411=CARTESIAN_POINT('',(-2.74791040154877,0.435226251011245,-6.5));
#12412=CARTESIAN_POINT('',(-2.74791040154877,0.435226251011245,-6.5));
#12413=VECTOR('',#14631,1000.0);
#12414=CARTESIAN_POINT('',(-2.74791040154877,0.435226251011245,-6.5));
#12415=VECTOR('',#14632,1000.0);
#12416=CARTESIAN_POINT('',(-2.78216345035823,-2.81375403257472E-14,-6.5));
#12417=CARTESIAN_POINT('',(-2.78216345035823,-2.81375403257472E-14,-6.5));
#12418=VECTOR('',#14633,1000.0);
#12419=CARTESIAN_POINT('',(-2.78216345035823,-2.81375403257472E-14,-6.5));
#12420=VECTOR('',#14634,1000.0);
#12421=CARTESIAN_POINT('',(-2.74791040154876,-0.435226251011303,-6.5));
#12422=CARTESIAN_POINT('',(-2.74791040154876,-0.435226251011303,-6.5));
#12423=VECTOR('',#14635,1000.0);
#12424=CARTESIAN_POINT('',(-2.74791040154876,-0.435226251011303,-6.5));
#12425=VECTOR('',#14636,1000.0);
#12426=CARTESIAN_POINT('',(-2.64599467886139,-0.859735787289562,-6.5));
#12427=CARTESIAN_POINT('',(-2.64599467886139,-0.859735787289562,-6.5));
#12428=VECTOR('',#14637,1000.0);
#12429=CARTESIAN_POINT('',(-2.64599467886139,-0.859735787289562,-6.5));
#12430=VECTOR('',#14638,1000.0);
#12431=CARTESIAN_POINT('',(-2.47892578562759,-1.26307577518526,-6.5));
#12432=CARTESIAN_POINT('',(-2.47892578562759,-1.26307577518526,-6.5));
#12433=VECTOR('',#14639,1000.0);
#12434=CARTESIAN_POINT('',(-2.47892578562759,-1.26307577518526,-6.5));
#12435=VECTOR('',#14640,1000.0);
#12436=CARTESIAN_POINT('',(-2.25081751246863,-1.63531464558774,-6.5));
#12437=CARTESIAN_POINT('',(-2.25081751246863,-1.63531464558774,-6.5));
#12438=VECTOR('',#14641,1000.0);
#12439=CARTESIAN_POINT('',(-2.25081751246863,-1.63531464558774,-6.5));
#12440=VECTOR('',#14642,1000.0);
#12441=CARTESIAN_POINT('',(-1.96728664211764,-1.96728664211769,-6.5));
#12442=CARTESIAN_POINT('',(-1.96728664211764,-1.96728664211769,-6.5));
#12443=VECTOR('',#14643,1000.0);
#12444=CARTESIAN_POINT('',(-1.96728664211764,-1.96728664211769,-6.5));
#12445=VECTOR('',#14644,1000.0);
#12446=CARTESIAN_POINT('',(-1.63531464558768,-2.25081751246867,-6.5));
#12447=CARTESIAN_POINT('',(-1.63531464558768,-2.25081751246867,-6.5));
#12448=VECTOR('',#14645,1000.0);
#12449=CARTESIAN_POINT('',(-1.63531464558768,-2.25081751246867,-6.5));
#12450=VECTOR('',#14646,1000.0);
#12451=CARTESIAN_POINT('',(-1.2630757751852,-2.47892578562762,-6.5));
#12452=CARTESIAN_POINT('',(-1.2630757751852,-2.47892578562762,-6.5));
#12453=VECTOR('',#14647,1000.0);
#12454=CARTESIAN_POINT('',(-1.2630757751852,-2.47892578562762,-6.5));
#12455=VECTOR('',#14648,1000.0);
#12456=CARTESIAN_POINT('',(-0.859735787289497,-2.64599467886141,-6.5));
#12457=CARTESIAN_POINT('',(-0.859735787289497,-2.64599467886141,-6.5));
#12458=VECTOR('',#14649,1000.0);
#12459=CARTESIAN_POINT('',(-0.859735787289497,-2.64599467886141,-6.5));
#12460=VECTOR('',#14650,1000.0);
#12461=CARTESIAN_POINT('',(-0.435226251011233,-2.74791040154877,-6.5));
#12462=CARTESIAN_POINT('',(-0.435226251011233,-2.74791040154877,-6.5));
#12463=VECTOR('',#14651,1000.0);
#12464=CARTESIAN_POINT('',(-0.435226251011233,-2.74791040154877,-6.5));
#12465=VECTOR('',#14652,1000.0);
#12466=CARTESIAN_POINT('',(1.73091700411992E-15,-2.78216345035823,-6.5));
#12467=CARTESIAN_POINT('',(1.73091700411992E-15,-2.78216345035823,-6.5));
#12468=VECTOR('',#14653,1000.0);
#12469=CARTESIAN_POINT('',(1.73091700411992E-15,-2.78216345035823,-6.5));
#12470=VECTOR('',#14654,1000.0);
#12471=COLOUR_RGB('',1.0,0.0,1.0);
#12472=CARTESIAN_POINT('',(-0.349999999999997,1.0,-13.5));
#12473=CARTESIAN_POINT('',(-0.349999999999996,3.55643488198623,-13.5));
#12474=VECTOR('',#14655,1000.0);
#12475=CARTESIAN_POINT('',(0.350000000000004,1.0,-13.5));
#12476=CARTESIAN_POINT('',(-0.349999999999997,1.0,-13.5));
#12477=VECTOR('',#14656,1000.0);
#12478=CARTESIAN_POINT('',(0.350000000000004,3.55643488198623,-13.5));
#12479=VECTOR('',#14657,1000.0);
#12480=COLOUR_RGB('',1.0,0.0,1.0);
#12481=CARTESIAN_POINT('',(3.4465567428157E-15,-2.78216345035823,-14.1));
#12482=VECTOR('',#14658,1000.0);
#12483=COLOUR_RGB('',1.0,0.0,1.0);
#12484=COLOUR_RGB('',1.0,0.0,1.0);
#12485=CARTESIAN_POINT('',(0.435226251011277,-2.74791040154876,-14.1));
#12486=VECTOR('',#14659,1000.0);
#12487=COLOUR_RGB('',1.0,0.0,1.0);
#12488=COLOUR_RGB('',1.0,0.0,1.0);
#12489=CARTESIAN_POINT('',(0.859735787289539,-2.6459946788614,-14.1));
#12490=VECTOR('',#14660,1000.0);
#12491=COLOUR_RGB('',1.0,0.0,1.0);
#12492=COLOUR_RGB('',1.0,0.0,1.0);
#12493=CARTESIAN_POINT('',(1.26307577518524,-2.4789257856276,-14.1));
#12494=VECTOR('',#14661,1000.0);
#12495=COLOUR_RGB('',1.0,0.0,1.0);
#12496=COLOUR_RGB('',1.0,0.0,1.0);
#12497=CARTESIAN_POINT('',(1.63531464558772,-2.25081751246864,-14.1));
#12498=VECTOR('',#14662,1000.0);
#12499=COLOUR_RGB('',1.0,0.0,1.0);
#12500=COLOUR_RGB('',1.0,0.0,1.0);
#12501=CARTESIAN_POINT('',(1.96728664211767,-1.96728664211766,-14.1));
#12502=VECTOR('',#14663,1000.0);
#12503=COLOUR_RGB('',1.0,0.0,1.0);
#12504=COLOUR_RGB('',1.0,0.0,1.0);
#12505=CARTESIAN_POINT('',(2.25081751246865,-1.6353146455877,-14.1));
#12506=VECTOR('',#14664,1000.0);
#12507=COLOUR_RGB('',1.0,0.0,1.0);
#12508=COLOUR_RGB('',1.0,0.0,1.0);
#12509=CARTESIAN_POINT('',(2.47892578562761,-1.26307577518523,-14.1));
#12510=VECTOR('',#14665,1000.0);
#12511=COLOUR_RGB('',1.0,0.0,1.0);
#12512=COLOUR_RGB('',1.0,0.0,1.0);
#12513=CARTESIAN_POINT('',(2.64599467886141,-0.859735787289523,-14.1));
#12514=VECTOR('',#14666,1000.0);
#12515=COLOUR_RGB('',1.0,0.0,1.0);
#12516=COLOUR_RGB('',1.0,0.0,1.0);
#12517=CARTESIAN_POINT('',(2.74791040154877,-0.435226251011261,-14.1));
#12518=VECTOR('',#14667,1000.0);
#12519=COLOUR_RGB('',1.0,0.0,1.0);
#12520=COLOUR_RGB('',1.0,0.0,1.0);
#12521=CARTESIAN_POINT('',(2.78216345035823,1.27273308777663E-14,-14.1));
#12522=VECTOR('',#14668,1000.0);
#12523=COLOUR_RGB('',1.0,0.0,1.0);
#12524=COLOUR_RGB('',1.0,0.0,1.0);
#12525=CARTESIAN_POINT('',(2.74791040154876,0.435226251011286,-14.1));
#12526=VECTOR('',#14669,1000.0);
#12527=COLOUR_RGB('',1.0,0.0,1.0);
#12528=COLOUR_RGB('',1.0,0.0,1.0);
#12529=CARTESIAN_POINT('',(2.6459946788614,0.859735787289548,-14.1));
#12530=VECTOR('',#14670,1000.0);
#12531=COLOUR_RGB('',1.0,0.0,1.0);
#12532=COLOUR_RGB('',1.0,0.0,1.0);
#12533=CARTESIAN_POINT('',(2.4789257856276,1.26307577518525,-14.1));
#12534=VECTOR('',#14671,1000.0);
#12535=COLOUR_RGB('',1.0,0.0,1.0);
#12536=COLOUR_RGB('',1.0,0.0,1.0);
#12537=CARTESIAN_POINT('',(2.25081751246864,1.63531464558772,-14.1));
#12538=VECTOR('',#14672,1000.0);
#12539=COLOUR_RGB('',1.0,0.0,1.0);
#12540=COLOUR_RGB('',1.0,0.0,1.0);
#12541=CARTESIAN_POINT('',(1.96728664211766,1.96728664211768,-14.1));
#12542=VECTOR('',#14673,1000.0);
#12543=COLOUR_RGB('',1.0,0.0,1.0);
#12544=COLOUR_RGB('',1.0,0.0,1.0);
#12545=CARTESIAN_POINT('',(1.6353146455877,2.25081751246866,-14.1));
#12546=VECTOR('',#14674,1000.0);
#12547=COLOUR_RGB('',1.0,0.0,1.0);
#12548=COLOUR_RGB('',1.0,0.0,1.0);
#12549=CARTESIAN_POINT('',(1.26307577518522,2.47892578562761,-14.1));
#12550=VECTOR('',#14675,1000.0);
#12551=COLOUR_RGB('',1.0,0.0,1.0);
#12552=COLOUR_RGB('',1.0,0.0,1.0);
#12553=CARTESIAN_POINT('',(0.859735787289519,2.64599467886141,-14.1));
#12554=VECTOR('',#14676,1000.0);
#12555=COLOUR_RGB('',1.0,0.0,1.0);
#12556=COLOUR_RGB('',1.0,0.0,1.0);
#12557=CARTESIAN_POINT('',(0.435226251011258,2.74791040154877,-14.1));
#12558=VECTOR('',#14677,1000.0);
#12559=COLOUR_RGB('',1.0,0.0,1.0);
#12560=CARTESIAN_POINT('',(0.350000000000003,2.86521427259019,-10.5));
#12561=CARTESIAN_POINT('',(0.350000000000004,2.86521427259019,-14.1));
#12562=VECTOR('',#14678,1000.0);
#12563=CARTESIAN_POINT('',(0.435226251011257,2.74791040154877,-10.5));
#12564=VECTOR('',#14679,1000.0);
#12565=COLOUR_RGB('',1.0,0.0,1.0);
#12566=CARTESIAN_POINT('',(-1.73210453362169E-14,2.78216345035823,-10.5));
#12567=CARTESIAN_POINT('',(-1.73210453362169E-14,2.78216345035823,-10.5));
#12568=VECTOR('',#14680,1000.0);
#12569=CARTESIAN_POINT('',(-1.65083738810452E-14,2.78216345035823,-14.1));
#12570=VECTOR('',#14681,1000.0);
#12571=COLOUR_RGB('',1.0,0.0,1.0);
#12572=CARTESIAN_POINT('',(-1.73210453362169E-14,2.78216345035823,-10.5));
#12573=VECTOR('',#14682,1000.0);
#12574=COLOUR_RGB('',1.0,0.0,1.0);
#12575=CARTESIAN_POINT('',(-0.349999999999997,2.86521427259025,-10.5));
#12576=CARTESIAN_POINT('',(-0.349999999999996,2.86521427259025,-14.1));
#12577=VECTOR('',#14683,1000.0);
#12578=CARTESIAN_POINT('',(-0.43522625101129,2.74791040154876,-14.1));
#12579=VECTOR('',#14684,1000.0);
#12580=CARTESIAN_POINT('',(-0.435226251011291,2.74791040154876,-10.5));
#12581=VECTOR('',#14685,1000.0);
#12582=COLOUR_RGB('',1.0,0.0,1.0);
#12583=COLOUR_RGB('',1.0,0.0,1.0);
#12584=CARTESIAN_POINT('',(-0.859735787289551,2.6459946788614,-14.1));
#12585=VECTOR('',#14686,1000.0);
#12586=COLOUR_RGB('',1.0,0.0,1.0);
#12587=COLOUR_RGB('',1.0,0.0,1.0);
#12588=CARTESIAN_POINT('',(-1.26307577518525,2.47892578562759,-14.1));
#12589=VECTOR('',#14687,1000.0);
#12590=COLOUR_RGB('',1.0,0.0,1.0);
#12591=COLOUR_RGB('',1.0,0.0,1.0);
#12592=CARTESIAN_POINT('',(-1.63531464558773,2.25081751246864,-14.1));
#12593=VECTOR('',#14688,1000.0);
#12594=COLOUR_RGB('',1.0,0.0,1.0);
#12595=COLOUR_RGB('',1.0,0.0,1.0);
#12596=CARTESIAN_POINT('',(-1.96728664211768,1.96728664211765,-14.1));
#12597=VECTOR('',#14689,1000.0);
#12598=COLOUR_RGB('',1.0,0.0,1.0);
#12599=COLOUR_RGB('',1.0,0.0,1.0);
#12600=CARTESIAN_POINT('',(-2.25081751246866,1.63531464558769,-14.1));
#12601=VECTOR('',#14690,1000.0);
#12602=COLOUR_RGB('',1.0,0.0,1.0);
#12603=COLOUR_RGB('',1.0,0.0,1.0);
#12604=CARTESIAN_POINT('',(-2.47892578562761,1.26307577518521,-14.1));
#12605=VECTOR('',#14691,1000.0);
#12606=COLOUR_RGB('',1.0,0.0,1.0);
#12607=COLOUR_RGB('',1.0,0.0,1.0);
#12608=CARTESIAN_POINT('',(-2.64599467886141,0.85973578728951,-14.1));
#12609=VECTOR('',#14692,1000.0);
#12610=COLOUR_RGB('',1.0,0.0,1.0);
#12611=COLOUR_RGB('',1.0,0.0,1.0);
#12612=CARTESIAN_POINT('',(-2.74791040154876,0.435226251011246,-14.1));
#12613=VECTOR('',#14693,1000.0);
#12614=COLOUR_RGB('',1.0,0.0,1.0);
#12615=COLOUR_RGB('',1.0,0.0,1.0);
#12616=CARTESIAN_POINT('',(-2.78216345035823,-2.6655343283169E-14,-14.1));
#12617=VECTOR('',#14694,1000.0);
#12618=COLOUR_RGB('',1.0,0.0,1.0);
#12619=COLOUR_RGB('',1.0,0.0,1.0);
#12620=CARTESIAN_POINT('',(-2.74791040154875,-0.435226251011301,-14.1));
#12621=VECTOR('',#14695,1000.0);
#12622=COLOUR_RGB('',1.0,0.0,1.0);
#12623=COLOUR_RGB('',1.0,0.0,1.0);
#12624=CARTESIAN_POINT('',(-2.64599467886139,-0.859735787289561,-14.1));
#12625=VECTOR('',#14696,1000.0);
#12626=COLOUR_RGB('',1.0,0.0,1.0);
#12627=COLOUR_RGB('',1.0,0.0,1.0);
#12628=CARTESIAN_POINT('',(-2.47892578562759,-1.26307577518526,-14.1));
#12629=VECTOR('',#14697,1000.0);
#12630=COLOUR_RGB('',1.0,0.0,1.0);
#12631=COLOUR_RGB('',1.0,0.0,1.0);
#12632=CARTESIAN_POINT('',(-2.25081751246863,-1.63531464558773,-14.1));
#12633=VECTOR('',#14698,1000.0);
#12634=COLOUR_RGB('',1.0,0.0,1.0);
#12635=COLOUR_RGB('',1.0,0.0,1.0);
#12636=CARTESIAN_POINT('',(-1.96728664211764,-1.96728664211769,-14.1));
#12637=VECTOR('',#14699,1000.0);
#12638=COLOUR_RGB('',1.0,0.0,1.0);
#12639=COLOUR_RGB('',1.0,0.0,1.0);
#12640=CARTESIAN_POINT('',(-1.63531464558768,-2.25081751246867,-14.1));
#12641=VECTOR('',#14700,1000.0);
#12642=COLOUR_RGB('',1.0,0.0,1.0);
#12643=COLOUR_RGB('',1.0,0.0,1.0);
#12644=CARTESIAN_POINT('',(-1.2630757751852,-2.47892578562762,-14.1));
#12645=VECTOR('',#14701,1000.0);
#12646=COLOUR_RGB('',1.0,0.0,1.0);
#12647=COLOUR_RGB('',1.0,0.0,1.0);
#12648=CARTESIAN_POINT('',(-0.859735787289495,-2.64599467886141,-14.1));
#12649=VECTOR('',#14702,1000.0);
#12650=COLOUR_RGB('',1.0,0.0,1.0);
#12651=COLOUR_RGB('',1.0,0.0,1.0);
#12652=CARTESIAN_POINT('',(-0.435226251011231,-2.74791040154877,-14.1));
#12653=VECTOR('',#14703,1000.0);
#12654=COLOUR_RGB('',1.0,0.0,1.0);
#12655=COLOUR_RGB('',1.0,0.0,1.0);
#12656=CARTESIAN_POINT('',(-0.349999999999997,1.0,-10.5));
#12657=CARTESIAN_POINT('',(-0.349999999999997,3.55643488198623,-10.5));
#12658=VECTOR('',#14704,1000.0);
#12659=CARTESIAN_POINT('',(-0.349999999999997,1.0,-10.5));
#12660=VECTOR('',#14705,1000.0);
#12661=COLOUR_RGB('',1.0,0.0,1.0);
#12662=CARTESIAN_POINT('',(0.350000000000003,1.0,-10.5));
#12663=CARTESIAN_POINT('',(-0.349999999999997,1.0,-10.5));
#12664=VECTOR('',#14706,1000.0);
#12665=CARTESIAN_POINT('',(0.350000000000003,1.0,-10.5));
#12666=VECTOR('',#14707,1000.0);
#12667=COLOUR_RGB('',1.0,0.0,1.0);
#12668=CARTESIAN_POINT('',(0.350000000000003,3.55643488198623,-10.5));
#12669=VECTOR('',#14708,1000.0);
#12670=COLOUR_RGB('',1.0,0.0,1.0);
#12671=COLOUR_RGB('',1.0,0.501960813999176,0.0);
#12672=CARTESIAN_POINT('',(4.3,-4.1,3.79470760369927E-16));
#12673=AXIS2_PLACEMENT_3D('',#14709,#14710,#14711);
#12674=CARTESIAN_POINT('',(4.3,-3.8,3.79470760369927E-16));
#12675=CARTESIAN_POINT('',(4.3,-5.3,3.79470760369927E-16));
#12676=VECTOR('',#14712,1000.0);
#12677=CARTESIAN_POINT('',(4.4,-3.8,3.79470760369927E-16));
#12678=CARTESIAN_POINT('',(4.3,-3.8,3.79470760369927E-16));
#12679=VECTOR('',#14713,1000.0);
#12680=CARTESIAN_POINT('',(4.4,3.8,3.79470760369927E-16));
#12681=CARTESIAN_POINT('',(4.4,3.8,3.79470760369927E-16));
#12682=VECTOR('',#14714,1000.0);
#12683=CARTESIAN_POINT('',(4.3,3.8,3.79470760369927E-16));
#12684=CARTESIAN_POINT('',(4.3,3.8,3.79470760369927E-16));
#12685=VECTOR('',#14715,1000.0);
#12686=CARTESIAN_POINT('',(4.3,4.1,3.79470760369927E-16));
#12687=CARTESIAN_POINT('',(4.3,3.8,3.79470760369927E-16));
#12688=VECTOR('',#14716,1000.0);
#12689=AXIS2_PLACEMENT_3D('',#14717,#14718,#14719);
#12690=COLOUR_RGB('',1.0,0.501960813999176,0.0);
#12691=CARTESIAN_POINT('',(4.4,-3.8,-0.4));
#12692=CARTESIAN_POINT('',(4.3,-3.8,-0.4));
#12693=CARTESIAN_POINT('',(4.3,-3.8,-0.4));
#12694=VECTOR('',#14720,1000.0);
#12695=CARTESIAN_POINT('',(4.9,-3.8,0.1));
#12696=AXIS2_PLACEMENT_3D('',#14721,#14722,#14723);
#12697=CARTESIAN_POINT('',(4.9,-3.8,3.9));
#12698=CARTESIAN_POINT('',(4.9,-3.8,4.33680868994202E-16));
#12699=VECTOR('',#14724,1000.0);
#12700=CARTESIAN_POINT('',(4.5,-3.8,3.9));
#12701=CARTESIAN_POINT('',(4.3,-3.8,3.9));
#12702=VECTOR('',#14725,1000.0);
#12703=CARTESIAN_POINT('',(4.5,-3.8,0.1));
#12704=CARTESIAN_POINT('',(4.5,-3.8,3.79470760369927E-16));
#12705=VECTOR('',#14726,1000.0);
#12706=AXIS2_PLACEMENT_3D('',#14727,#14728,#14729);
#12707=CARTESIAN_POINT('',(4.3,-3.8,3.79470760369927E-16));
#12708=VECTOR('',#14730,1000.0);
#12709=COLOUR_RGB('',1.0,0.501960813999176,0.0);
#12710=CARTESIAN_POINT('',(-4.3,-3.8,-0.4));
#12711=CARTESIAN_POINT('',(-4.4,-3.8,-0.4));
#12712=CARTESIAN_POINT('',(-4.9,-3.8,-0.4));
#12713=VECTOR('',#14731,1000.0);
#12714=CARTESIAN_POINT('',(-4.4,3.8,-0.4));
#12715=CARTESIAN_POINT('',(-4.4,3.8,-0.4));
#12716=VECTOR('',#14732,1000.0);
#12717=CARTESIAN_POINT('',(-4.3,3.8,-0.4));
#12718=CARTESIAN_POINT('',(-4.9,3.8,-0.4));
#12719=VECTOR('',#14733,1000.0);
#12720=CARTESIAN_POINT('',(-4.3,4.1,-0.4));
#12721=CARTESIAN_POINT('',(-4.3,3.8,-0.4));
#12722=VECTOR('',#14734,1000.0);
#12723=CARTESIAN_POINT('',(-3.1,5.3,-0.4));
#12724=AXIS2_PLACEMENT_3D('',#14735,#14736,#14737);
#12725=CARTESIAN_POINT('',(-1.0,5.3,-0.4));
#12726=CARTESIAN_POINT('',(-4.3,5.3,-0.4));
#12727=VECTOR('',#14738,1000.0);
#12728=CARTESIAN_POINT('',(-1.0,5.5,-0.4));
#12729=CARTESIAN_POINT('',(-1.0,5.3,-0.4));
#12730=VECTOR('',#14739,1000.0);
#12731=CARTESIAN_POINT('',(1.0,5.5,-0.4));
#12732=CARTESIAN_POINT('',(-1.0,5.5,-0.4));
#12733=VECTOR('',#14740,1000.0);
#12734=CARTESIAN_POINT('',(1.0,5.3,-0.4));
#12735=CARTESIAN_POINT('',(1.0,5.3,-0.4));
#12736=VECTOR('',#14741,1000.0);
#12737=CARTESIAN_POINT('',(3.1,5.3,-0.4));
#12738=CARTESIAN_POINT('',(1.0,5.3,-0.4));
#12739=VECTOR('',#14742,1000.0);
#12740=CARTESIAN_POINT('',(4.3,4.1,-0.4));
#12741=AXIS2_PLACEMENT_3D('',#14743,#14744,#14745);
#12742=CARTESIAN_POINT('',(4.3,3.8,-0.4));
#12743=CARTESIAN_POINT('',(4.3,3.8,-0.4));
#12744=VECTOR('',#14746,1000.0);
#12745=CARTESIAN_POINT('',(4.4,3.8,-0.4));
#12746=CARTESIAN_POINT('',(4.3,3.8,-0.4));
#12747=VECTOR('',#14747,1000.0);
#12748=CARTESIAN_POINT('',(4.4,3.8,-0.4));
#12749=VECTOR('',#14748,1000.0);
#12750=CARTESIAN_POINT('',(4.3,-4.1,-0.4));
#12751=CARTESIAN_POINT('',(4.3,-5.3,-0.4));
#12752=VECTOR('',#14749,1000.0);
#12753=CARTESIAN_POINT('',(3.1,-5.3,-0.4));
#12754=AXIS2_PLACEMENT_3D('',#14750,#14751,#14752);
#12755=CARTESIAN_POINT('',(0.999999999999999,-5.3,-0.4));
#12756=CARTESIAN_POINT('',(0.999999999999999,-5.3,-0.4));
#12757=VECTOR('',#14753,1000.0);
#12758=CARTESIAN_POINT('',(0.999999999999999,-5.5,-0.4));
#12759=CARTESIAN_POINT('',(0.999999999999999,-5.5,-0.4));
#12760=VECTOR('',#14754,1000.0);
#12761=CARTESIAN_POINT('',(-1.0,-5.5,-0.4));
#12762=CARTESIAN_POINT('',(-1.0,-5.5,-0.4));
#12763=VECTOR('',#14755,1000.0);
#12764=CARTESIAN_POINT('',(-1.0,-5.3,-0.4));
#12765=CARTESIAN_POINT('',(-1.0,-5.5,-0.4));
#12766=VECTOR('',#14756,1000.0);
#12767=CARTESIAN_POINT('',(-3.1,-5.3,-0.4));
#12768=CARTESIAN_POINT('',(-4.3,-5.3,-0.4));
#12769=VECTOR('',#14757,1000.0);
#12770=CARTESIAN_POINT('',(-4.3,-4.1,-0.4));
#12771=AXIS2_PLACEMENT_3D('',#14758,#14759,#14760);
#12772=CARTESIAN_POINT('',(-4.3,-5.3,-0.4));
#12773=VECTOR('',#14761,1000.0);
#12774=AXIS2_PLACEMENT_3D('',#14762,#14763,#14764);
#12775=AXIS2_PLACEMENT_3D('',#14765,#14766,#14767);
#12776=AXIS2_PLACEMENT_3D('',#14768,#14769,#14770);
#12777=AXIS2_PLACEMENT_3D('',#14771,#14772,#14773);
#12778=AXIS2_PLACEMENT_3D('',#14774,#14775,#14776);
#12779=COLOUR_RGB('',1.0,0.501960813999176,0.0);
#12780=CARTESIAN_POINT('',(4.5,3.8,0.1));
#12781=CARTESIAN_POINT('',(4.5,-3.8,0.1));
#12782=VECTOR('',#14777,1000.0);
#12783=AXIS2_PLACEMENT_3D('',#14778,#14779,#14780);
#12784=COLOUR_RGB('',1.0,0.501960813999176,0.0);
#12785=CARTESIAN_POINT('',(4.9,3.8,3.9));
#12786=CARTESIAN_POINT('',(4.9,3.8,0.1));
#12787=CARTESIAN_POINT('',(4.9,3.8,4.33680868994202E-16));
#12788=VECTOR('',#14781,1000.0);
#12789=AXIS2_PLACEMENT_3D('',#14782,#14783,#14784);
#12790=CARTESIAN_POINT('',(4.3,3.8,3.79470760369927E-16));
#12791=VECTOR('',#14785,1000.0);
#12792=CARTESIAN_POINT('',(4.5,3.8,3.9));
#12793=CARTESIAN_POINT('',(4.5,3.8,3.79470760369927E-16));
#12794=VECTOR('',#14786,1000.0);
#12795=CARTESIAN_POINT('',(4.3,3.8,3.9));
#12796=VECTOR('',#14787,1000.0);
#12797=COLOUR_RGB('',1.0,0.501960813999176,0.0);
#12798=CARTESIAN_POINT('',(4.3,4.1,3.79470760369927E-16));
#12799=VECTOR('',#14788,1000.0);
#12800=COLOUR_RGB('',1.0,0.501960813999176,0.0);
#12801=CARTESIAN_POINT('',(3.1,5.3,3.79470760369927E-16));
#12802=VECTOR('',#14789,1000.0);
#12803=COLOUR_RGB('',1.0,0.501960813999176,0.0);
#12804=CARTESIAN_POINT('',(1.0,5.3,3.25260651745651E-16));
#12805=CARTESIAN_POINT('',(1.0,5.3,3.25260651745651E-16));
#12806=VECTOR('',#14790,1000.0);
#12807=CARTESIAN_POINT('',(1.0,5.3,3.25260651745651E-16));
#12808=VECTOR('',#14791,1000.0);
#12809=COLOUR_RGB('',1.0,0.501960813999176,0.0);
#12810=CARTESIAN_POINT('',(1.0,5.5,3.25260651745651E-16));
#12811=CARTESIAN_POINT('',(1.0,5.5,3.25260651745651E-16));
#12812=VECTOR('',#14792,1000.0);
#12813=CARTESIAN_POINT('',(1.0,5.3,3.25260651745651E-16));
#12814=VECTOR('',#14793,1000.0);
#12815=COLOUR_RGB('',1.0,0.501960813999176,0.0);
#12816=CARTESIAN_POINT('',(-1.0,5.5,2.16840434497101E-16));
#12817=CARTESIAN_POINT('',(-1.0,5.5,2.16840434497101E-16));
#12818=VECTOR('',#14794,1000.0);
#12819=CARTESIAN_POINT('',(-1.0,5.5,2.16840434497101E-16));
#12820=VECTOR('',#14795,1000.0);
#12821=COLOUR_RGB('',1.0,0.501960813999176,0.0);
#12822=CARTESIAN_POINT('',(-1.0,5.3,2.16840434497101E-16));
#12823=CARTESIAN_POINT('',(-1.0,5.3,2.16840434497101E-16));
#12824=VECTOR('',#14796,1000.0);
#12825=CARTESIAN_POINT('',(-1.0,5.3,2.16840434497101E-16));
#12826=VECTOR('',#14797,1000.0);
#12827=COLOUR_RGB('',1.0,0.501960813999176,0.0);
#12828=CARTESIAN_POINT('',(-3.1,5.3,1.62630325872826E-16));
#12829=VECTOR('',#14798,1000.0);
#12830=CARTESIAN_POINT('',(-4.3,5.3,1.62630325872826E-16));
#12831=VECTOR('',#14799,1000.0);
#12832=COLOUR_RGB('',1.0,0.501960813999176,0.0);
#12833=CARTESIAN_POINT('',(-4.3,4.1,1.62630325872826E-16));
#12834=CARTESIAN_POINT('',(-4.3,4.1,1.62630325872826E-16));
#12835=VECTOR('',#14800,1000.0);
#12836=AXIS2_PLACEMENT_3D('',#14801,#14802,#14803);
#12837=COLOUR_RGB('',1.0,0.501960813999176,0.0);
#12838=CARTESIAN_POINT('',(-4.3,3.8,1.62630325872826E-16));
#12839=CARTESIAN_POINT('',(-4.3,3.8,1.62630325872826E-16));
#12840=VECTOR('',#14804,1000.0);
#12841=CARTESIAN_POINT('',(-4.3,3.8,1.62630325872826E-16));
#12842=VECTOR('',#14805,1000.0);
#12843=COLOUR_RGB('',1.0,0.501960813999176,0.0);
#12844=CARTESIAN_POINT('',(-4.9,3.8,0.1));
#12845=AXIS2_PLACEMENT_3D('',#14806,#14807,#14808);
#12846=CARTESIAN_POINT('',(-4.9,3.8,3.9));
#12847=CARTESIAN_POINT('',(-4.9,3.8,1.0842021724855E-16));
#12848=VECTOR('',#14809,1000.0);
#12849=CARTESIAN_POINT('',(-4.5,3.8,3.9));
#12850=CARTESIAN_POINT('',(-4.5,3.8,3.9));
#12851=VECTOR('',#14810,1000.0);
#12852=CARTESIAN_POINT('',(-4.5,3.8,0.0999999999999997));
#12853=CARTESIAN_POINT('',(-4.5,3.8,1.62630325872826E-16));
#12854=VECTOR('',#14811,1000.0);
#12855=CARTESIAN_POINT('',(-4.4,3.8,1.62630325872826E-16));
#12856=AXIS2_PLACEMENT_3D('',#14812,#14813,#14814);
#12857=CARTESIAN_POINT('',(-4.9,3.8,1.0842021724855E-16));
#12858=VECTOR('',#14815,1000.0);
#12859=COLOUR_RGB('',1.0,0.501960813999176,0.0);
#12860=CARTESIAN_POINT('',(-4.4,-3.8,1.62630325872826E-16));
#12861=CARTESIAN_POINT('',(-4.5,-3.8,0.0999999999999997));
#12862=AXIS2_PLACEMENT_3D('',#14816,#14817,#14818);
#12863=CARTESIAN_POINT('',(-4.4,-3.8,1.62630325872826E-16));
#12864=VECTOR('',#14819,1000.0);
#12865=CARTESIAN_POINT('',(-4.5,3.8,0.0999999999999997));
#12866=VECTOR('',#14820,1000.0);
#12867=COLOUR_RGB('',1.0,0.501960813999176,0.0);
#12868=CARTESIAN_POINT('',(-4.9,-3.8,3.9));
#12869=CARTESIAN_POINT('',(-4.9,-3.8,0.1));
#12870=CARTESIAN_POINT('',(-4.9,-3.8,1.0842021724855E-16));
#12871=VECTOR('',#14821,1000.0);
#12872=AXIS2_PLACEMENT_3D('',#14822,#14823,#14824);
#12873=CARTESIAN_POINT('',(-4.3,-3.8,1.62630325872826E-16));
#12874=CARTESIAN_POINT('',(-4.3,-3.8,1.62630325872826E-16));
#12875=VECTOR('',#14825,1000.0);
#12876=CARTESIAN_POINT('',(-4.9,-3.8,1.0842021724855E-16));
#12877=VECTOR('',#14826,1000.0);
#12878=CARTESIAN_POINT('',(-4.5,-3.8,3.9));
#12879=CARTESIAN_POINT('',(-4.5,-3.8,1.62630325872826E-16));
#12880=VECTOR('',#14827,1000.0);
#12881=CARTESIAN_POINT('',(-4.9,-3.8,3.9));
#12882=VECTOR('',#14828,1000.0);
#12883=COLOUR_RGB('',1.0,0.501960813999176,0.0);
#12884=CARTESIAN_POINT('',(-4.3,-4.1,1.62630325872826E-16));
#12885=CARTESIAN_POINT('',(-4.3,-4.1,1.62630325872826E-16));
#12886=VECTOR('',#14829,1000.0);
#12887=CARTESIAN_POINT('',(-4.3,-5.3,1.62630325872826E-16));
#12888=VECTOR('',#14830,1000.0);
#12889=COLOUR_RGB('',1.0,0.501960813999176,0.0);
#12890=AXIS2_PLACEMENT_3D('',#14831,#14832,#14833);
#12891=CARTESIAN_POINT('',(-3.1,-5.3,1.62630325872826E-16));
#12892=VECTOR('',#14834,1000.0);
#12893=COLOUR_RGB('',1.0,0.501960813999176,0.0);
#12894=CARTESIAN_POINT('',(-1.0,-5.3,2.16840434497101E-16));
#12895=CARTESIAN_POINT('',(-4.3,-5.3,1.62630325872826E-16));
#12896=VECTOR('',#14835,1000.0);
#12897=CARTESIAN_POINT('',(-1.0,-5.3,2.16840434497101E-16));
#12898=VECTOR('',#14836,1000.0);
#12899=COLOUR_RGB('',1.0,0.501960813999176,0.0);
#12900=CARTESIAN_POINT('',(-1.0,-5.5,2.16840434497101E-16));
#12901=CARTESIAN_POINT('',(-1.0,-5.5,2.16840434497101E-16));
#12902=VECTOR('',#14837,1000.0);
#12903=CARTESIAN_POINT('',(-1.0,-5.5,2.16840434497101E-16));
#12904=VECTOR('',#14838,1000.0);
#12905=COLOUR_RGB('',1.0,0.501960813999176,0.0);
#12906=CARTESIAN_POINT('',(0.999999999999999,-5.5,3.25260651745651E-16));
#12907=CARTESIAN_POINT('',(0.999999999999999,-5.5,3.25260651745651E-16));
#12908=VECTOR('',#14839,1000.0);
#12909=CARTESIAN_POINT('',(-1.0,-5.5,2.16840434497101E-16));
#12910=VECTOR('',#14840,1000.0);
#12911=COLOUR_RGB('',1.0,0.501960813999176,0.0);
#12912=CARTESIAN_POINT('',(0.999999999999999,-5.3,3.25260651745651E-16));
#12913=CARTESIAN_POINT('',(0.999999999999999,-5.3,3.25260651745651E-16));
#12914=VECTOR('',#14841,1000.0);
#12915=CARTESIAN_POINT('',(0.999999999999999,-5.5,3.25260651745651E-16));
#12916=VECTOR('',#14842,1000.0);
#12917=COLOUR_RGB('',1.0,0.501960813999176,0.0);
#12918=CARTESIAN_POINT('',(3.1,-5.3,3.79470760369927E-16));
#12919=VECTOR('',#14843,1000.0);
#12920=CARTESIAN_POINT('',(0.999999999999999,-5.3,3.25260651745651E-16));
#12921=VECTOR('',#14844,1000.0);
#12922=COLOUR_RGB('',1.0,0.501960813999176,0.0);
#12923=CARTESIAN_POINT('',(4.3,-4.1,3.79470760369927E-16));
#12924=VECTOR('',#14845,1000.0);
#12925=COLOUR_RGB('',1.0,0.501960813999176,0.0);
#12926=COLOUR_RGB('',1.0,0.501960813999176,0.0);
#12927=CARTESIAN_POINT('',(-4.9,-3.8,0.1));
#12928=VECTOR('',#14846,1000.0);
#12929=COLOUR_RGB('',1.0,0.501960813999176,0.0);
#12930=CARTESIAN_POINT('',(4.9,-3.8,0.1));
#12931=VECTOR('',#14847,1000.0);
#12932=COLOUR_RGB('',1.0,0.501960813999176,0.0);
#12933=CARTESIAN_POINT('',(4.9,3.6,4.1));
#12934=AXIS2_PLACEMENT_3D('',#14848,#14849,#14850);
#12935=CARTESIAN_POINT('',(4.9,3.0,4.1));
#12936=CARTESIAN_POINT('',(4.9,3.8,4.1));
#12937=VECTOR('',#14851,1000.0);
#12938=CARTESIAN_POINT('',(4.9,3.0,6.2));
#12939=CARTESIAN_POINT('',(4.9,3.0,4.1));
#12940=VECTOR('',#14852,1000.0);
#12941=CARTESIAN_POINT('',(4.9,2.8,6.4));
#12942=AXIS2_PLACEMENT_3D('',#14853,#14854,#14855);
#12943=CARTESIAN_POINT('',(4.9,2.2,6.4));
#12944=CARTESIAN_POINT('',(4.9,3.0,6.4));
#12945=VECTOR('',#14856,1000.0);
#12946=CARTESIAN_POINT('',(4.9,2.0,6.2));
#12947=AXIS2_PLACEMENT_3D('',#14857,#14858,#14859);
#12948=CARTESIAN_POINT('',(4.9,2.0,5.9));
#12949=CARTESIAN_POINT('',(4.9,2.0,5.9));
#12950=VECTOR('',#14860,1000.0);
#12951=CARTESIAN_POINT('',(4.9,1.0,5.9));
#12952=CARTESIAN_POINT('',(4.9,2.0,5.9));
#12953=VECTOR('',#14861,1000.0);
#12954=CARTESIAN_POINT('',(4.9,1.0,7.5));
#12955=CARTESIAN_POINT('',(4.9,1.0,5.9));
#12956=VECTOR('',#14862,1000.0);
#12957=CARTESIAN_POINT('',(4.9,-1.0,7.5));
#12958=CARTESIAN_POINT('',(4.9,-1.0,7.5));
#12959=VECTOR('',#14863,1000.0);
#12960=CARTESIAN_POINT('',(4.9,-1.0,5.9));
#12961=CARTESIAN_POINT('',(4.9,-1.0,5.9));
#12962=VECTOR('',#14864,1000.0);
#12963=CARTESIAN_POINT('',(4.9,-2.0,5.9));
#12964=CARTESIAN_POINT('',(4.9,2.0,5.9));
#12965=VECTOR('',#14865,1000.0);
#12966=CARTESIAN_POINT('',(4.9,-2.0,6.2));
#12967=CARTESIAN_POINT('',(4.9,-2.0,5.9));
#12968=VECTOR('',#14866,1000.0);
#12969=CARTESIAN_POINT('',(4.9,-2.2,6.4));
#12970=AXIS2_PLACEMENT_3D('',#14867,#14868,#14869);
#12971=CARTESIAN_POINT('',(4.9,-2.8,6.4));
#12972=CARTESIAN_POINT('',(4.9,-2.0,6.4));
#12973=VECTOR('',#14870,1000.0);
#12974=CARTESIAN_POINT('',(4.9,-3.0,6.2));
#12975=AXIS2_PLACEMENT_3D('',#14871,#14872,#14873);
#12976=CARTESIAN_POINT('',(4.9,-3.0,4.1));
#12977=CARTESIAN_POINT('',(4.9,-3.0,4.1));
#12978=VECTOR('',#14874,1000.0);
#12979=CARTESIAN_POINT('',(4.9,-3.6,4.1));
#12980=CARTESIAN_POINT('',(4.9,-3.0,4.1));
#12981=VECTOR('',#14875,1000.0);
#12982=AXIS2_PLACEMENT_3D('',#14876,#14877,#14878);
#12983=COLOUR_RGB('',1.0,0.501960813999176,0.0);
#12984=CARTESIAN_POINT('',(4.5,-3.6,4.1));
#12985=AXIS2_PLACEMENT_3D('',#14879,#14880,#14881);
#12986=CARTESIAN_POINT('',(4.5,-3.6,4.1));
#12987=VECTOR('',#14882,1000.0);
#12988=COLOUR_RGB('',1.0,0.501960813999176,0.0);
#12989=CARTESIAN_POINT('',(4.5,-3.0,4.1));
#12990=CARTESIAN_POINT('',(4.5,-3.0,4.1));
#12991=VECTOR('',#14883,1000.0);
#12992=CARTESIAN_POINT('',(4.5,-3.0,6.2));
#12993=CARTESIAN_POINT('',(4.5,-3.0,4.1));
#12994=VECTOR('',#14884,1000.0);
#12995=CARTESIAN_POINT('',(4.5,-2.8,6.4));
#12996=AXIS2_PLACEMENT_3D('',#14885,#14886,#14887);
#12997=CARTESIAN_POINT('',(4.5,-2.2,6.4));
#12998=CARTESIAN_POINT('',(4.5,-2.0,6.4));
#12999=VECTOR('',#14888,1000.0);
#13000=CARTESIAN_POINT('',(4.5,-2.0,6.2));
#13001=AXIS2_PLACEMENT_3D('',#14889,#14890,#14891);
#13002=CARTESIAN_POINT('',(4.5,-2.0,5.9));
#13003=CARTESIAN_POINT('',(4.5,-2.0,5.9));
#13004=VECTOR('',#14892,1000.0);
#13005=CARTESIAN_POINT('',(4.5,-1.0,5.9));
#13006=CARTESIAN_POINT('',(4.5,2.0,5.9));
#13007=VECTOR('',#14893,1000.0);
#13008=CARTESIAN_POINT('',(4.5,-1.0,7.5));
#13009=CARTESIAN_POINT('',(4.5,-1.0,5.9));
#13010=VECTOR('',#14894,1000.0);
#13011=CARTESIAN_POINT('',(4.5,1.0,7.5));
#13012=CARTESIAN_POINT('',(4.5,1.0,7.5));
#13013=VECTOR('',#14895,1000.0);
#13014=CARTESIAN_POINT('',(4.5,1.0,5.9));
#13015=CARTESIAN_POINT('',(4.5,1.0,5.9));
#13016=VECTOR('',#14896,1000.0);
#13017=CARTESIAN_POINT('',(4.5,2.0,5.9));
#13018=CARTESIAN_POINT('',(4.5,2.0,5.9));
#13019=VECTOR('',#14897,1000.0);
#13020=CARTESIAN_POINT('',(4.5,2.0,6.2));
#13021=CARTESIAN_POINT('',(4.5,2.0,5.9));
#13022=VECTOR('',#14898,1000.0);
#13023=CARTESIAN_POINT('',(4.5,2.2,6.4));
#13024=AXIS2_PLACEMENT_3D('',#14899,#14900,#14901);
#13025=CARTESIAN_POINT('',(4.5,2.8,6.4));
#13026=CARTESIAN_POINT('',(4.5,3.0,6.4));
#13027=VECTOR('',#14902,1000.0);
#13028=CARTESIAN_POINT('',(4.5,3.0,6.2));
#13029=AXIS2_PLACEMENT_3D('',#14903,#14904,#14905);
#13030=CARTESIAN_POINT('',(4.5,3.0,4.1));
#13031=CARTESIAN_POINT('',(4.5,3.0,4.1));
#13032=VECTOR('',#14906,1000.0);
#13033=CARTESIAN_POINT('',(4.5,3.6,4.1));
#13034=CARTESIAN_POINT('',(4.5,3.8,4.1));
#13035=VECTOR('',#14907,1000.0);
#13036=AXIS2_PLACEMENT_3D('',#14908,#14909,#14910);
#13037=COLOUR_RGB('',1.0,0.501960813999176,0.0);
#13038=CARTESIAN_POINT('',(4.5,3.6,4.1));
#13039=VECTOR('',#14911,1000.0);
#13040=COLOUR_RGB('',1.0,0.501960813999176,0.0);
#13041=CARTESIAN_POINT('',(-4.9,-3.6,4.1));
#13042=AXIS2_PLACEMENT_3D('',#14912,#14913,#14914);
#13043=CARTESIAN_POINT('',(-4.9,-3.0,4.1));
#13044=CARTESIAN_POINT('',(-4.9,-3.0,4.1));
#13045=VECTOR('',#14915,1000.0);
#13046=CARTESIAN_POINT('',(-4.9,-3.0,6.2));
#13047=CARTESIAN_POINT('',(-4.9,-3.0,4.1));
#13048=VECTOR('',#14916,1000.0);
#13049=CARTESIAN_POINT('',(-4.9,-2.8,6.4));
#13050=AXIS2_PLACEMENT_3D('',#14917,#14918,#14919);
#13051=CARTESIAN_POINT('',(-4.9,-2.2,6.4));
#13052=CARTESIAN_POINT('',(-4.9,-2.0,6.4));
#13053=VECTOR('',#14920,1000.0);
#13054=CARTESIAN_POINT('',(-4.9,-2.0,6.2));
#13055=AXIS2_PLACEMENT_3D('',#14921,#14922,#14923);
#13056=CARTESIAN_POINT('',(-4.9,-2.0,5.9));
#13057=CARTESIAN_POINT('',(-4.9,-2.0,5.9));
#13058=VECTOR('',#14924,1000.0);
#13059=CARTESIAN_POINT('',(-4.9,-1.0,5.9));
#13060=CARTESIAN_POINT('',(-4.9,2.0,5.9));
#13061=VECTOR('',#14925,1000.0);
#13062=CARTESIAN_POINT('',(-4.9,-1.0,7.5));
#13063=CARTESIAN_POINT('',(-4.9,-1.0,5.9));
#13064=VECTOR('',#14926,1000.0);
#13065=CARTESIAN_POINT('',(-4.9,1.0,7.5));
#13066=CARTESIAN_POINT('',(-4.9,-1.0,7.5));
#13067=VECTOR('',#14927,1000.0);
#13068=CARTESIAN_POINT('',(-4.9,1.0,5.9));
#13069=CARTESIAN_POINT('',(-4.9,1.0,5.9));
#13070=VECTOR('',#14928,1000.0);
#13071=CARTESIAN_POINT('',(-4.9,2.0,5.9));
#13072=CARTESIAN_POINT('',(-4.9,2.0,5.9));
#13073=VECTOR('',#14929,1000.0);
#13074=CARTESIAN_POINT('',(-4.9,2.0,6.2));
#13075=CARTESIAN_POINT('',(-4.9,2.0,5.9));
#13076=VECTOR('',#14930,1000.0);
#13077=CARTESIAN_POINT('',(-4.9,2.2,6.4));
#13078=AXIS2_PLACEMENT_3D('',#14931,#14932,#14933);
#13079=CARTESIAN_POINT('',(-4.9,2.8,6.4));
#13080=CARTESIAN_POINT('',(-4.9,3.0,6.4));
#13081=VECTOR('',#14934,1000.0);
#13082=CARTESIAN_POINT('',(-4.9,3.0,6.2));
#13083=AXIS2_PLACEMENT_3D('',#14935,#14936,#14937);
#13084=CARTESIAN_POINT('',(-4.9,3.0,4.1));
#13085=CARTESIAN_POINT('',(-4.9,3.0,4.1));
#13086=VECTOR('',#14938,1000.0);
#13087=CARTESIAN_POINT('',(-4.9,3.6,4.1));
#13088=CARTESIAN_POINT('',(-4.9,3.8,4.1));
#13089=VECTOR('',#14939,1000.0);
#13090=AXIS2_PLACEMENT_3D('',#14940,#14941,#14942);
#13091=COLOUR_RGB('',1.0,0.501960813999176,0.0);
#13092=CARTESIAN_POINT('',(-4.5,3.6,4.1));
#13093=AXIS2_PLACEMENT_3D('',#14943,#14944,#14945);
#13094=CARTESIAN_POINT('',(-4.9,3.6,4.1));
#13095=VECTOR('',#14946,1000.0);
#13096=COLOUR_RGB('',1.0,0.501960813999176,0.0);
#13097=CARTESIAN_POINT('',(-4.5,3.0,4.1));
#13098=CARTESIAN_POINT('',(-4.5,3.8,4.1));
#13099=VECTOR('',#14947,1000.0);
#13100=CARTESIAN_POINT('',(-4.5,3.0,6.2));
#13101=CARTESIAN_POINT('',(-4.5,3.0,4.1));
#13102=VECTOR('',#14948,1000.0);
#13103=CARTESIAN_POINT('',(-4.5,2.8,6.4));
#13104=AXIS2_PLACEMENT_3D('',#14949,#14950,#14951);
#13105=CARTESIAN_POINT('',(-4.5,2.2,6.4));
#13106=CARTESIAN_POINT('',(-4.5,3.0,6.4));
#13107=VECTOR('',#14952,1000.0);
#13108=CARTESIAN_POINT('',(-4.5,2.0,6.2));
#13109=AXIS2_PLACEMENT_3D('',#14953,#14954,#14955);
#13110=CARTESIAN_POINT('',(-4.5,2.0,5.9));
#13111=CARTESIAN_POINT('',(-4.5,2.0,5.9));
#13112=VECTOR('',#14956,1000.0);
#13113=CARTESIAN_POINT('',(-4.5,1.0,5.9));
#13114=CARTESIAN_POINT('',(-4.5,2.0,5.9));
#13115=VECTOR('',#14957,1000.0);
#13116=CARTESIAN_POINT('',(-4.5,1.0,7.5));
#13117=CARTESIAN_POINT('',(-4.5,1.0,5.9));
#13118=VECTOR('',#14958,1000.0);
#13119=CARTESIAN_POINT('',(-4.5,-1.0,7.5));
#13120=CARTESIAN_POINT('',(-4.5,3.8,7.5));
#13121=VECTOR('',#14959,1000.0);
#13122=CARTESIAN_POINT('',(-4.5,-1.0,5.9));
#13123=CARTESIAN_POINT('',(-4.5,-1.0,5.9));
#13124=VECTOR('',#14960,1000.0);
#13125=CARTESIAN_POINT('',(-4.5,-2.0,5.9));
#13126=CARTESIAN_POINT('',(-4.5,2.0,5.9));
#13127=VECTOR('',#14961,1000.0);
#13128=CARTESIAN_POINT('',(-4.5,-2.0,6.2));
#13129=CARTESIAN_POINT('',(-4.5,-2.0,5.9));
#13130=VECTOR('',#14962,1000.0);
#13131=CARTESIAN_POINT('',(-4.5,-2.2,6.4));
#13132=AXIS2_PLACEMENT_3D('',#14963,#14964,#14965);
#13133=CARTESIAN_POINT('',(-4.5,-2.8,6.4));
#13134=CARTESIAN_POINT('',(-4.5,-2.0,6.4));
#13135=VECTOR('',#14966,1000.0);
#13136=CARTESIAN_POINT('',(-4.5,-3.0,6.2));
#13137=AXIS2_PLACEMENT_3D('',#14967,#14968,#14969);
#13138=CARTESIAN_POINT('',(-4.5,-3.0,4.1));
#13139=CARTESIAN_POINT('',(-4.5,-3.0,4.1));
#13140=VECTOR('',#14970,1000.0);
#13141=CARTESIAN_POINT('',(-4.5,-3.6,4.1));
#13142=CARTESIAN_POINT('',(-4.5,-3.0,4.1));
#13143=VECTOR('',#14971,1000.0);
#13144=AXIS2_PLACEMENT_3D('',#14972,#14973,#14974);
#13145=COLOUR_RGB('',1.0,0.501960813999176,0.0);
#13146=CARTESIAN_POINT('',(-4.5,-3.6,4.1));
#13147=VECTOR('',#14975,1000.0);
#13148=COLOUR_RGB('',1.0,0.501960813999176,0.0);
#13149=CARTESIAN_POINT('',(4.5,3.0,4.1));
#13150=VECTOR('',#14976,1000.0);
#13151=COLOUR_RGB('',1.0,0.501960813999176,0.0);
#13152=CARTESIAN_POINT('',(4.5,3.0,6.2));
#13153=VECTOR('',#14977,1000.0);
#13154=COLOUR_RGB('',1.0,0.501960813999176,0.0);
#13155=CARTESIAN_POINT('',(4.5,2.8,6.4));
#13156=VECTOR('',#14978,1000.0);
#13157=COLOUR_RGB('',1.0,0.501960813999176,0.0);
#13158=CARTESIAN_POINT('',(4.5,2.2,6.4));
#13159=VECTOR('',#14979,1000.0);
#13160=COLOUR_RGB('',1.0,0.501960813999176,0.0);
#13161=CARTESIAN_POINT('',(4.5,2.0,6.2));
#13162=VECTOR('',#14980,1000.0);
#13163=COLOUR_RGB('',1.0,0.501960813999176,0.0);
#13164=CARTESIAN_POINT('',(4.5,2.0,5.9));
#13165=VECTOR('',#14981,1000.0);
#13166=COLOUR_RGB('',1.0,0.501960813999176,0.0);
#13167=CARTESIAN_POINT('',(4.5,1.0,5.9));
#13168=VECTOR('',#14982,1000.0);
#13169=COLOUR_RGB('',1.0,0.501960813999176,0.0);
#13170=CARTESIAN_POINT('',(4.64288495612539,1.0,7.80641777724759));
#13171=AXIS2_PLACEMENT_3D('',#14983,#14984,#14985);
#13172=CARTESIAN_POINT('',(4.5,1.0,7.686523063262));
#13173=VECTOR('',#14986,1000.0);
#13174=CARTESIAN_POINT('',(5.27949312425608,1.0,8.53928118225987));
#13175=AXIS2_PLACEMENT_3D('',#14987,#14988,#14989);
#13176=CARTESIAN_POINT('',(5.27949312425608,1.0,8.53928118225987));
#13177=VECTOR('',#14990,1000.0);
#13178=CARTESIAN_POINT('',(5.63847937276823,1.0,8.71571494710995));
#13179=VECTOR('',#14991,1000.0);
#13180=CARTESIAN_POINT('',(5.48567256581193,1.0,7.99143763396344));
#13181=AXIS2_PLACEMENT_3D('',#14992,#14993,#14994);
#13182=CARTESIAN_POINT('',(4.9,1.0,7.5));
#13183=VECTOR('',#14995,1000.0);
#13184=COLOUR_RGB('',1.0,0.501960813999176,0.0);
#13185=CARTESIAN_POINT('',(5.48567256581193,-1.0,7.99143763396344));
#13186=CARTESIAN_POINT('',(5.48567256581193,-1.0,7.99143763396344));
#13187=VECTOR('',#14996,1000.0);
#13188=CARTESIAN_POINT('',(4.9,-1.0,7.5));
#13189=VECTOR('',#14997,1000.0);
#13190=COLOUR_RGB('',1.0,0.501960813999176,0.0);
#13191=CARTESIAN_POINT('',(4.64288495612539,-1.0,7.80641777724759));
#13192=CARTESIAN_POINT('',(4.5,-1.0,7.686523063262));
#13193=VECTOR('',#14998,1000.0);
#13194=AXIS2_PLACEMENT_3D('',#14999,#15000,#15001);
#13195=CARTESIAN_POINT('',(4.5,-1.0,5.9));
#13196=VECTOR('',#15002,1000.0);
#13197=AXIS2_PLACEMENT_3D('',#15003,#15004,#15005);
#13198=CARTESIAN_POINT('',(5.35007066063736,-1.0,9.30253437871963));
#13199=CARTESIAN_POINT('',(5.63847937276823,-1.0,8.71571494710995));
#13200=VECTOR('',#15006,1000.0);
#13201=CARTESIAN_POINT('',(4.99108441212521,-1.0,9.12610061386955));
#13202=CARTESIAN_POINT('',(4.90133784999717,-1.0,9.08199217265703));
#13203=VECTOR('',#15007,1000.0);
#13204=CARTESIAN_POINT('',(5.27949312425608,-1.0,8.53928118225987));
#13205=CARTESIAN_POINT('',(5.27949312425608,-1.0,8.53928118225987));
#13206=VECTOR('',#15008,1000.0);
#13207=AXIS2_PLACEMENT_3D('',#15009,#15010,#15011);
#13208=COLOUR_RGB('',1.0,0.501960813999176,0.0);
#13209=CARTESIAN_POINT('',(4.5,-2.0,5.9));
#13210=VECTOR('',#15012,1000.0);
#13211=COLOUR_RGB('',1.0,0.501960813999176,0.0);
#13212=CARTESIAN_POINT('',(4.5,-2.2,6.4));
#13213=VECTOR('',#15013,1000.0);
#13214=CARTESIAN_POINT('',(4.5,-2.0,6.2));
#13215=VECTOR('',#15014,1000.0);
#13216=COLOUR_RGB('',1.0,0.501960813999176,0.0);
#13217=CARTESIAN_POINT('',(4.5,-2.8,6.4));
#13218=VECTOR('',#15015,1000.0);
#13219=COLOUR_RGB('',1.0,0.501960813999176,0.0);
#13220=CARTESIAN_POINT('',(4.5,-3.0,6.2));
#13221=VECTOR('',#15016,1000.0);
#13222=COLOUR_RGB('',1.0,0.501960813999176,0.0);
#13223=CARTESIAN_POINT('',(4.5,-3.0,4.1));
#13224=VECTOR('',#15017,1000.0);
#13225=COLOUR_RGB('',1.0,0.501960813999176,0.0);
#13226=COLOUR_RGB('',1.0,0.501960813999176,0.0);
#13227=CARTESIAN_POINT('',(4.64288495612539,-1.0,7.80641777724759));
#13228=VECTOR('',#15018,1000.0);
#13229=COLOUR_RGB('',1.0,0.501960813999176,0.0);
#13230=CARTESIAN_POINT('',(-4.5,-3.0,4.1));
#13231=VECTOR('',#15019,1000.0);
#13232=COLOUR_RGB('',1.0,0.501960813999176,0.0);
#13233=CARTESIAN_POINT('',(-4.5,-3.0,6.2));
#13234=VECTOR('',#15020,1000.0);
#13235=COLOUR_RGB('',1.0,0.501960813999176,0.0);
#13236=CARTESIAN_POINT('',(-4.5,-2.8,6.4));
#13237=VECTOR('',#15021,1000.0);
#13238=COLOUR_RGB('',1.0,0.501960813999176,0.0);
#13239=CARTESIAN_POINT('',(-4.5,-2.2,6.4));
#13240=VECTOR('',#15022,1000.0);
#13241=COLOUR_RGB('',1.0,0.501960813999176,0.0);
#13242=CARTESIAN_POINT('',(-4.5,-2.0,6.2));
#13243=VECTOR('',#15023,1000.0);
#13244=COLOUR_RGB('',1.0,0.501960813999176,0.0);
#13245=CARTESIAN_POINT('',(-4.5,-2.0,5.9));
#13246=VECTOR('',#15024,1000.0);
#13247=COLOUR_RGB('',1.0,0.501960813999176,0.0);
#13248=CARTESIAN_POINT('',(-4.5,-1.0,5.9));
#13249=VECTOR('',#15025,1000.0);
#13250=COLOUR_RGB('',1.0,0.501960813999176,0.0);
#13251=CARTESIAN_POINT('',(-4.64288495612539,-1.0,7.80641777724759));
#13252=AXIS2_PLACEMENT_3D('',#15026,#15027,#15028);
#13253=CARTESIAN_POINT('',(-4.5,-1.0,7.686523063262));
#13254=VECTOR('',#15029,1000.0);
#13255=CARTESIAN_POINT('',(-5.27949312425608,-1.0,8.53928118225987));
#13256=AXIS2_PLACEMENT_3D('',#15030,#15031,#15032);
#13257=CARTESIAN_POINT('',(-5.27949312425608,-1.0,8.53928118225987));
#13258=VECTOR('',#15033,1000.0);
#13259=CARTESIAN_POINT('',(-5.63847937276823,-1.0,8.71571494710995));
#13260=CARTESIAN_POINT('',(-5.63847937276823,-1.0,8.71571494710995));
#13261=VECTOR('',#15034,1000.0);
#13262=AXIS2_PLACEMENT_3D('',#15035,#15036,#15037);
#13263=CARTESIAN_POINT('',(-4.9,-1.0,7.5));
#13264=VECTOR('',#15038,1000.0);
#13265=COLOUR_RGB('',1.0,0.501960813999176,0.0);
#13266=CARTESIAN_POINT('',(-4.9,1.0,7.5));
#13267=VECTOR('',#15039,1000.0);
#13268=COLOUR_RGB('',1.0,0.501960813999176,0.0);
#13269=CARTESIAN_POINT('',(-4.64288495612539,1.0,7.80641777724759));
#13270=CARTESIAN_POINT('',(-4.5,1.0,7.686523063262));
#13271=VECTOR('',#15040,1000.0);
#13272=AXIS2_PLACEMENT_3D('',#15041,#15042,#15043);
#13273=CARTESIAN_POINT('',(-4.5,1.0,5.9));
#13274=VECTOR('',#15044,1000.0);
#13275=CARTESIAN_POINT('',(-5.63847937276823,1.0,8.71571494710995));
#13276=AXIS2_PLACEMENT_3D('',#15045,#15046,#15047);
#13277=CARTESIAN_POINT('',(-5.35007066063736,1.0,9.30253437871963));
#13278=CARTESIAN_POINT('',(-5.63847937276823,1.0,8.71571494710995));
#13279=VECTOR('',#15048,1000.0);
#13280=CARTESIAN_POINT('',(-4.99108441212521,1.0,9.12610061386955));
#13281=CARTESIAN_POINT('',(-4.81159128786914,1.0,9.03788373144451));
#13282=VECTOR('',#15049,1000.0);
#13283=CARTESIAN_POINT('',(-5.27949312425608,1.0,8.53928118225987));
#13284=CARTESIAN_POINT('',(-5.27949312425608,1.0,8.53928118225987));
#13285=VECTOR('',#15050,1000.0);
#13286=AXIS2_PLACEMENT_3D('',#15051,#15052,#15053);
#13287=COLOUR_RGB('',1.0,0.501960813999176,0.0);
#13288=CARTESIAN_POINT('',(-4.5,2.0,5.9));
#13289=VECTOR('',#15054,1000.0);
#13290=COLOUR_RGB('',1.0,0.501960813999176,0.0);
#13291=CARTESIAN_POINT('',(-4.5,2.0,6.2));
#13292=VECTOR('',#15055,1000.0);
#13293=COLOUR_RGB('',1.0,0.501960813999176,0.0);
#13294=CARTESIAN_POINT('',(-4.5,2.2,6.4));
#13295=VECTOR('',#15056,1000.0);
#13296=COLOUR_RGB('',1.0,0.501960813999176,0.0);
#13297=CARTESIAN_POINT('',(-4.5,2.8,6.4));
#13298=VECTOR('',#15057,1000.0);
#13299=COLOUR_RGB('',1.0,0.501960813999176,0.0);
#13300=CARTESIAN_POINT('',(-4.5,3.0,6.2));
#13301=VECTOR('',#15058,1000.0);
#13302=COLOUR_RGB('',1.0,0.501960813999176,0.0);
#13303=CARTESIAN_POINT('',(-4.5,3.0,4.1));
#13304=VECTOR('',#15059,1000.0);
#13305=COLOUR_RGB('',1.0,0.501960813999176,0.0);
#13306=COLOUR_RGB('',1.0,0.501960813999176,0.0);
#13307=CARTESIAN_POINT('',(-4.64288495612539,-1.0,7.80641777724759));
#13308=VECTOR('',#15060,1000.0);
#13309=COLOUR_RGB('',1.0,0.501960813999176,0.0);
#13310=COLOUR_RGB('',1.0,0.501960813999176,0.0);
#13311=CARTESIAN_POINT('',(5.27949312425608,-1.0,8.53928118225987));
#13312=VECTOR('',#15061,1000.0);
#13313=COLOUR_RGB('',1.0,0.501960813999176,0.0);
#13314=AXIS2_PLACEMENT_3D('',#15062,#15063,#15064);
#13315=COLOUR_RGB('',1.0,0.501960813999176,0.0);
#13316=AXIS2_PLACEMENT_3D('',#15065,#15066,#15067);
#13317=COLOUR_RGB('',1.0,0.501960813999176,0.0);
#13318=COLOUR_RGB('',1.0,0.501960813999176,0.0);
#13319=COLOUR_RGB('',1.0,0.501960813999176,0.0);
#13320=COLOUR_RGB('',1.0,0.501960813999176,0.0);
#13321=CARTESIAN_POINT('',(-5.27949312425608,-1.0,8.53928118225987));
#13322=VECTOR('',#15068,1000.0);
#13323=COLOUR_RGB('',1.0,0.501960813999176,0.0);
#13324=AXIS2_PLACEMENT_3D('',#15069,#15070,#15071);
#13325=COLOUR_RGB('',1.0,0.501960813999176,0.0);
#13326=AXIS2_PLACEMENT_3D('',#15072,#15073,#15074);
#13327=COLOUR_RGB('',1.0,0.501960813999176,0.0);
#13328=CARTESIAN_POINT('',(-5.63847937276823,-1.0,8.71571494710995));
#13329=VECTOR('',#15075,1000.0);
#13330=COLOUR_RGB('',1.0,0.501960813999176,0.0);
#13331=COLOUR_RGB('',1.0,0.501960813999176,0.0);
#13332=AXIS2_PLACEMENT_3D('',#15076,#15077,#15078);
#13333=COLOUR_RGB('',1.0,0.501960813999176,0.0);
#13334=COLOUR_RGB('',1.0,0.501960813999176,0.0);
#13335=COLOUR_RGB('',1.0,0.501960813999176,0.0);
#13336=COLOUR_RGB('',1.0,0.501960813999176,0.0);
#13337=COLOUR_RGB('',0.0,0.0,1.0);
#13338=COLOUR_RGB('',0.0,0.0,1.0);
#13339=COLOUR_RGB('',0.0,0.0,1.0);
#13340=COLOUR_RGB('',1.0,0.0,1.0);
#13341=AXIS2_PLACEMENT_3D('',#15079,#15080,#15081);
#13342=COLOUR_RGB('',1.0,0.0,1.0);
#13343=AXIS2_PLACEMENT_3D('',#15082,#15083,#15084);
#13344=COLOUR_RGB('',1.0,0.0,1.0);
#13345=COLOUR_RGB('',0.0,0.0,1.0);
#13346=COLOUR_RGB('',0.0,0.0,1.0);
#13347=COLOUR_RGB('',0.0,0.0,1.0);
#13348=COLOUR_RGB('',1.0,1.0,1.0);
#13349=CARTESIAN_POINT('',(3.25,-6.65,3.25));
#13350=CARTESIAN_POINT('',(3.25,-5.6,3.25));
#13351=VECTOR('',#15085,1000.0);
#13352=CARTESIAN_POINT('',(1.75,-6.65,3.25));
#13353=CARTESIAN_POINT('',(1.75,-5.6,3.25));
#13354=VECTOR('',#15086,1000.0);
#13355=CARTESIAN_POINT('',(1.50000000000001,-6.65,3.25));
#13356=VECTOR('',#15087,1000.0);
#13357=COLOUR_RGB('',1.0,1.0,1.0);
#13358=CARTESIAN_POINT('',(3.25,-6.65,2.95));
#13359=CARTESIAN_POINT('',(3.25,-6.65000000000001,-28.8005850180617));
#13360=VECTOR('',#15088,1000.0);
#13361=CARTESIAN_POINT('',(3.25,-5.6,2.95));
#13362=VECTOR('',#15089,1000.0);
#13363=COLOUR_RGB('',1.0,1.0,1.0);
#13364=CARTESIAN_POINT('',(1.75,-6.65,2.95));
#13365=CARTESIAN_POINT('',(1.50000000000001,-6.65,2.95));
#13366=VECTOR('',#15090,1000.0);
#13367=CARTESIAN_POINT('',(1.75,-5.6,2.95));
#13368=VECTOR('',#15091,1000.0);
#13369=COLOUR_RGB('',1.0,1.0,1.0);
#13370=CARTESIAN_POINT('',(1.75,-6.65000000000001,-28.8005850180617));
#13371=VECTOR('',#15092,1000.0);
#13372=COLOUR_RGB('',1.0,1.0,1.0);
#13373=CARTESIAN_POINT('',(1.75,-6.84999999999999,6.03112834566063));
#13374=CARTESIAN_POINT('',(1.75,-6.85,3.45));
#13375=CARTESIAN_POINT('',(1.75,-6.85,2.08112834566064));
#13376=VECTOR('',#15093,1000.0);
#13377=CARTESIAN_POINT('',(1.75,-7.15,3.45));
#13378=CARTESIAN_POINT('',(1.75,-38.9005850180617,3.45000000000012));
#13379=VECTOR('',#15094,1000.0);
#13380=CARTESIAN_POINT('',(1.75,-7.14999999999999,6.03112834566064));
#13381=CARTESIAN_POINT('',(1.75,-7.15,2.08112834566064));
#13382=VECTOR('',#15095,1000.0);
#13383=CARTESIAN_POINT('',(1.75,-38.9005850180617,6.03112834566075));
#13384=VECTOR('',#15096,1000.0);
#13385=COLOUR_RGB('',1.0,1.0,1.0);
#13386=CARTESIAN_POINT('',(3.25,-7.15,3.45));
#13387=CARTESIAN_POINT('',(3.25,-7.14999999999999,6.03112834566064));
#13388=CARTESIAN_POINT('',(3.25,-7.15,2.08112834566064));
#13389=VECTOR('',#15097,1000.0);
#13390=CARTESIAN_POINT('',(3.25,-6.85,3.45));
#13391=CARTESIAN_POINT('',(3.25,-38.9005850180617,3.45000000000012));
#13392=VECTOR('',#15098,1000.0);
#13393=CARTESIAN_POINT('',(3.25,-6.84999999999999,6.03112834566063));
#13394=CARTESIAN_POINT('',(3.25,-6.85,2.08112834566064));
#13395=VECTOR('',#15099,1000.0);
#13396=CARTESIAN_POINT('',(3.25,-38.9005850180617,6.03112834566075));
#13397=VECTOR('',#15100,1000.0);
#13398=COLOUR_RGB('',1.0,1.0,1.0);
#13399=CARTESIAN_POINT('',(2.71213203435596,-7.14999999999998,9.512132034356));
#13400=AXIS2_PLACEMENT_3D('',#15101,#15102,#15103);
#13401=CARTESIAN_POINT('',(2.1,-7.14999999999999,9.32426406871197));
#13402=CARTESIAN_POINT('',(4.02843213847434,-7.14999999999997,11.2526962071863));
#13403=VECTOR('',#15104,1000.0);
#13404=CARTESIAN_POINT('',(2.1,-7.14999999999999,6.03112834566064));
#13405=CARTESIAN_POINT('',(2.1,-7.14999999999999,6.03112834566064));
#13406=VECTOR('',#15105,1000.0);
#13407=CARTESIAN_POINT('',(1.75,-7.14999999999999,6.03112834566064));
#13408=VECTOR('',#15106,1000.0);
#13409=CARTESIAN_POINT('',(1.50000000000001,-7.15,3.45));
#13410=VECTOR('',#15107,1000.0);
#13411=CARTESIAN_POINT('',(2.9,-7.14999999999999,6.03112834566064));
#13412=CARTESIAN_POINT('',(2.9,-7.14999999999999,6.03112834566064));
#13413=VECTOR('',#15108,1000.0);
#13414=CARTESIAN_POINT('',(2.9,-7.14999999999998,9.32426406871197));
#13415=CARTESIAN_POINT('',(2.9,-7.14999999999999,6.03112834566064));
#13416=VECTOR('',#15109,1000.0);
#13417=CARTESIAN_POINT('',(-0.0284321384743263,-7.14999999999997,12.2526962071863));
#13418=VECTOR('',#15110,1000.0);
#13419=COLOUR_RGB('',1.0,1.0,1.0);
#13420=CARTESIAN_POINT('',(2.1,-6.84999999999997,9.32426406871197));
#13421=CARTESIAN_POINT('',(4.02843213847434,-6.84999999999997,11.2526962071863));
#13422=VECTOR('',#15111,1000.0);
#13423=CARTESIAN_POINT('',(2.71213203435596,-6.84999999999998,9.512132034356));
#13424=AXIS2_PLACEMENT_3D('',#15112,#15113,#15114);
#13425=CARTESIAN_POINT('',(2.9,-6.84999999999997,9.32426406871197));
#13426=CARTESIAN_POINT('',(-0.0284321384743265,-6.84999999999997,12.2526962071863));
#13427=VECTOR('',#15115,1000.0);
#13428=CARTESIAN_POINT('',(2.9,-6.84999999999999,6.03112834566064));
#13429=CARTESIAN_POINT('',(2.9,-6.84999999999999,6.03112834566064));
#13430=VECTOR('',#15116,1000.0);
#13431=CARTESIAN_POINT('',(2.9,-6.84999999999999,6.03112834566064));
#13432=VECTOR('',#15117,1000.0);
#13433=CARTESIAN_POINT('',(1.50000000000001,-6.85,3.45));
#13434=VECTOR('',#15118,1000.0);
#13435=CARTESIAN_POINT('',(2.1,-6.84999999999999,6.03112834566064));
#13436=CARTESIAN_POINT('',(1.75,-6.84999999999999,6.03112834566063));
#13437=VECTOR('',#15119,1000.0);
#13438=CARTESIAN_POINT('',(2.1,-6.84999999999999,6.03112834566064));
#13439=VECTOR('',#15120,1000.0);
#13440=CARTESIAN_POINT('',(2.7,-6.84999999999999,5.28112834566065));
#13441=CARTESIAN_POINT('',(2.7,-6.84999999999998,8.58112834566064));
#13442=VECTOR('',#15121,1000.0);
#13443=AXIS2_PLACEMENT_3D('',#15122,#15123,#15124);
#13444=AXIS2_PLACEMENT_3D('',#15125,#15126,#15127);
#13445=COLOUR_RGB('',1.0,1.0,1.0);
#13446=AXIS2_PLACEMENT_3D('',#15128,#15129,#15130);
#13447=COLOUR_RGB('',1.0,1.0,1.0);
#13448=CARTESIAN_POINT('',(2.1,-38.9005850180616,9.32426406871208));
#13449=VECTOR('',#15131,1000.0);
#13450=CARTESIAN_POINT('',(2.1,-38.9005850180617,6.03112834566075));
#13451=VECTOR('',#15132,1000.0);
#13452=COLOUR_RGB('',1.0,1.0,1.0);
#13453=COLOUR_RGB('',1.0,1.0,1.0);
#13454=CARTESIAN_POINT('',(2.9,-38.9005850180617,6.03112834566075));
#13455=VECTOR('',#15133,1000.0);
#13456=COLOUR_RGB('',1.0,1.0,1.0);
#13457=CARTESIAN_POINT('',(2.9,-38.9005850180616,9.32426406871208));
#13458=VECTOR('',#15134,1000.0);
#13459=COLOUR_RGB('',1.0,1.0,1.0);
#13460=COLOUR_RGB('',1.0,1.0,1.0);
#13461=COLOUR_RGB('',1.0,1.0,1.0);
#13462=AXIS2_PLACEMENT_3D('',#15135,#15136,#15137);
#13463=AXIS2_PLACEMENT_3D('',#15138,#15139,#15140);
#13464=COLOUR_RGB('',1.0,1.0,1.0);
#13465=AXIS2_PLACEMENT_3D('',#15141,#15142,#15143);
#13466=AXIS2_PLACEMENT_3D('',#15144,#15145,#15146);
#13467=COLOUR_RGB('',1.0,1.0,1.0);
#13468=COLOUR_RGB('',1.0,1.0,1.0);
#13469=COLOUR_RGB('',1.0,1.0,1.0);
#13470=CARTESIAN_POINT('',(2.71213203435596,-7.46000000000005,9.51213203435601));
#13471=VECTOR('',#15147,1000.0);
#13472=COLOUR_RGB('',1.0,1.0,1.0);
#13473=COLOUR_RGB('',1.0,1.0,1.0);
#13474=COLOUR_RGB('',1.0,1.0,1.0);
#13475=CARTESIAN_POINT('',(-1.75,-6.65,3.25));
#13476=CARTESIAN_POINT('',(-1.75,-5.6,3.25));
#13477=VECTOR('',#15148,1000.0);
#13478=CARTESIAN_POINT('',(-1.75,-6.65,2.95));
#13479=CARTESIAN_POINT('',(-1.75,-6.65,-33.4019391574307));
#13480=VECTOR('',#15149,1000.0);
#13481=CARTESIAN_POINT('',(-1.75,-5.6,2.95));
#13482=VECTOR('',#15150,1000.0);
#13483=COLOUR_RGB('',1.0,1.0,1.0);
#13484=CARTESIAN_POINT('',(-3.25,-6.65,2.95));
#13485=CARTESIAN_POINT('',(-3.25,-5.6,2.95));
#13486=VECTOR('',#15151,1000.0);
#13487=CARTESIAN_POINT('',(-3.25,-6.65,3.25));
#13488=CARTESIAN_POINT('',(-3.25,-6.65,-33.4019391574307));
#13489=VECTOR('',#15152,1000.0);
#13490=CARTESIAN_POINT('',(-3.25,-5.6,3.25));
#13491=VECTOR('',#15153,1000.0);
#13492=COLOUR_RGB('',1.0,1.0,1.0);
#13493=CARTESIAN_POINT('',(-3.25,-6.65,3.25));
#13494=VECTOR('',#15154,1000.0);
#13495=COLOUR_RGB('',1.0,1.0,1.0);
#13496=CARTESIAN_POINT('',(-3.25,-6.65,2.95));
#13497=VECTOR('',#15155,1000.0);
#13498=COLOUR_RGB('',1.0,1.0,1.0);
#13499=CARTESIAN_POINT('',(-1.75,-7.15,3.45));
#13500=CARTESIAN_POINT('',(-1.75,-6.85,3.45));
#13501=CARTESIAN_POINT('',(-1.75,-43.5019391574307,3.45000000000014));
#13502=VECTOR('',#15156,1000.0);
#13503=AXIS2_PLACEMENT_3D('',#15157,#15158,#15159);
#13504=AXIS2_PLACEMENT_3D('',#15160,#15161,#15162);
#13505=COLOUR_RGB('',1.0,1.0,1.0);
#13506=CARTESIAN_POINT('',(-3.25,-7.15,3.45));
#13507=AXIS2_PLACEMENT_3D('',#15163,#15164,#15165);
#13508=CARTESIAN_POINT('',(-3.25,-6.85,3.45));
#13509=CARTESIAN_POINT('',(-3.25,-43.5019391574307,3.45000000000014));
#13510=VECTOR('',#15166,1000.0);
#13511=AXIS2_PLACEMENT_3D('',#15167,#15168,#15169);
#13512=COLOUR_RGB('',1.0,1.0,1.0);
#13513=CARTESIAN_POINT('',(-2.3,-6.84999999999999,5.28112834566065));
#13514=AXIS2_PLACEMENT_3D('',#15170,#15171,#15172);
#13515=AXIS2_PLACEMENT_3D('',#15173,#15174,#15175);
#13516=COLOUR_RGB('',1.0,1.0,1.0);
#13517=AXIS2_PLACEMENT_3D('',#15176,#15177,#15178);
#13518=COLOUR_RGB('',1.0,1.0,1.0);
#13519=CARTESIAN_POINT('',(-2.3,-6.84999999999998,8.58112834566064));
#13520=VECTOR('',#15179,1000.0);
#13521=COLOUR_RGB('',1.0,1.0,1.0);
#13522=CARTESIAN_POINT('',(-3.25,-6.85,3.45));
#13523=VECTOR('',#15180,1000.0);
#13524=COLOUR_RGB('',1.0,1.0,1.0);
#13525=CARTESIAN_POINT('',(-2.9,-6.85,6.03112834566064));
#13526=CARTESIAN_POINT('',(-3.25,-6.85,6.03112834566064));
#13527=CARTESIAN_POINT('',(-3.25,-6.84999999999999,6.03112834566064));
#13528=VECTOR('',#15181,1000.0);
#13529=CARTESIAN_POINT('',(-3.25,-7.14999999999999,6.03112834566064));
#13530=CARTESIAN_POINT('',(-3.25,-43.5019391574307,6.03112834566077));
#13531=VECTOR('',#15182,1000.0);
#13532=CARTESIAN_POINT('',(-2.9,-7.14999999999999,6.03112834566064));
#13533=CARTESIAN_POINT('',(-3.25,-7.14999999999999,6.03112834566064));
#13534=VECTOR('',#15183,1000.0);
#13535=CARTESIAN_POINT('',(-2.9,-43.5019391574307,6.03112834566077));
#13536=VECTOR('',#15184,1000.0);
#13537=COLOUR_RGB('',1.0,1.0,1.0);
#13538=CARTESIAN_POINT('',(-2.90000000000001,-7.14999999999998,9.32426406871197));
#13539=CARTESIAN_POINT('',(-2.9,-7.14999999999999,6.03112834566064));
#13540=VECTOR('',#15185,1000.0);
#13541=CARTESIAN_POINT('',(-2.90000000000001,-6.84999999999998,9.32426406871197));
#13542=CARTESIAN_POINT('',(-2.90000000000001,-7.46000000000005,9.32426406871197));
#13543=VECTOR('',#15186,1000.0);
#13544=CARTESIAN_POINT('',(-2.9,-6.84999999999999,6.03112834566064));
#13545=VECTOR('',#15187,1000.0);
#13546=COLOUR_RGB('',1.0,1.0,1.0);
#13547=CARTESIAN_POINT('',(-2.1,-6.85,6.03112834566064));
#13548=CARTESIAN_POINT('',(-2.09999999999999,-6.84999999999998,9.32426406871197));
#13549=CARTESIAN_POINT('',(-2.1,-6.84999999999999,6.03112834566064));
#13550=VECTOR('',#15188,1000.0);
#13551=CARTESIAN_POINT('',(-2.09999999999999,-7.14999999999998,9.32426406871197));
#13552=CARTESIAN_POINT('',(-2.09999999999999,-7.46000000000005,9.32426406871197));
#13553=VECTOR('',#15189,1000.0);
#13554=CARTESIAN_POINT('',(-2.1,-7.14999999999999,6.03112834566064));
#13555=CARTESIAN_POINT('',(-2.1,-7.14999999999999,6.03112834566064));
#13556=VECTOR('',#15190,1000.0);
#13557=CARTESIAN_POINT('',(-2.1,-43.5019391574307,6.03112834566077));
#13558=VECTOR('',#15191,1000.0);
#13559=COLOUR_RGB('',1.0,1.0,1.0);
#13560=CARTESIAN_POINT('',(-1.75,-6.85,6.03112834566064));
#13561=CARTESIAN_POINT('',(-2.1,-6.84999999999999,6.03112834566064));
#13562=VECTOR('',#15192,1000.0);
#13563=CARTESIAN_POINT('',(-1.75,-7.14999999999999,6.03112834566064));
#13564=CARTESIAN_POINT('',(-2.1,-7.14999999999999,6.03112834566064));
#13565=VECTOR('',#15193,1000.0);
#13566=CARTESIAN_POINT('',(-1.75,-43.5019391574307,6.03112834566077));
#13567=VECTOR('',#15194,1000.0);
#13568=COLOUR_RGB('',1.0,1.0,1.0);
#13569=CARTESIAN_POINT('',(-1.75,-7.15000000000001,2.08112834566064));
#13570=VECTOR('',#15195,1000.0);
#13571=CARTESIAN_POINT('',(-1.75,-6.85,2.08112834566064));
#13572=VECTOR('',#15196,1000.0);
#13573=COLOUR_RGB('',1.0,1.0,1.0);
#13574=CARTESIAN_POINT('',(-3.25,-7.15,3.45));
#13575=VECTOR('',#15197,1000.0);
#13576=COLOUR_RGB('',1.0,1.0,1.0);
#13577=CARTESIAN_POINT('',(-3.25,-6.85,2.08112834566064));
#13578=VECTOR('',#15198,1000.0);
#13579=CARTESIAN_POINT('',(-3.25,-7.15000000000001,2.08112834566064));
#13580=VECTOR('',#15199,1000.0);
#13581=COLOUR_RGB('',1.0,1.0,1.0);
#13582=CARTESIAN_POINT('',(-7.64656786152567,-6.85,4.57769620718624));
#13583=VECTOR('',#15200,1000.0);
#13584=CARTESIAN_POINT('',(-2.28786796564403,-6.84999999999998,9.51213203435601));
#13585=AXIS2_PLACEMENT_3D('',#15201,#15202,#15203);
#13586=CARTESIAN_POINT('',(1.89656786152568,-6.85,5.32769620718624));
#13587=VECTOR('',#15204,1000.0);
#13588=COLOUR_RGB('',1.0,1.0,1.0);
#13589=CARTESIAN_POINT('',(-2.28786796564404,-7.14999999999998,9.51213203435601));
#13590=AXIS2_PLACEMENT_3D('',#15205,#15206,#15207);
#13591=CARTESIAN_POINT('',(-7.64656786152567,-7.15,4.57769620718624));
#13592=VECTOR('',#15208,1000.0);
#13593=CARTESIAN_POINT('',(1.89656786152568,-7.15,5.32769620718624));
#13594=VECTOR('',#15209,1000.0);
#13595=COLOUR_RGB('',1.0,1.0,1.0);
#13596=COLOUR_RGB('',1.0,1.0,1.0);
#13597=CARTESIAN_POINT('',(-2.28786796564403,-7.46000000000005,9.51213203435602));
#13598=VECTOR('',#15210,1000.0);
#13599=COLOUR_RGB('',1.0,1.0,1.0);
#13600=COLOUR_RGB('',1.0,1.0,1.0);
#13601=CARTESIAN_POINT('',(-0.749999999999999,-6.65,2.95000000000001));
#13602=CARTESIAN_POINT('',(-0.749999999999999,-5.6,2.95000000000001));
#13603=VECTOR('',#15211,1000.0);
#13604=CARTESIAN_POINT('',(-0.749999999999999,-6.65,3.25000000000001));
#13605=CARTESIAN_POINT('',(-0.749999999999999,-6.65000000000001,-28.8005850180617));
#13606=VECTOR('',#15212,1000.0);
#13607=CARTESIAN_POINT('',(-0.749999999999999,-5.6,3.25000000000001));
#13608=VECTOR('',#15213,1000.0);
#13609=COLOUR_RGB('',1.0,1.0,1.0);
#13610=CARTESIAN_POINT('',(0.75,-6.65,3.25000000000001));
#13611=CARTESIAN_POINT('',(0.75,-5.6,3.25000000000001));
#13612=VECTOR('',#15214,1000.0);
#13613=CARTESIAN_POINT('',(0.75,-6.65,2.95000000000001));
#13614=CARTESIAN_POINT('',(0.750000000000001,-6.65000000000001,-28.8005850180617));
#13615=VECTOR('',#15215,1000.0);
#13616=CARTESIAN_POINT('',(0.75,-5.6,2.95000000000001));
#13617=VECTOR('',#15216,1000.0);
#13618=COLOUR_RGB('',1.0,1.0,1.0);
#13619=CARTESIAN_POINT('',(-1.0,-6.65,3.25000000000001));
#13620=VECTOR('',#15217,1000.0);
#13621=COLOUR_RGB('',1.0,1.0,1.0);
#13622=CARTESIAN_POINT('',(-1.0,-6.65,2.95000000000001));
#13623=VECTOR('',#15218,1000.0);
#13624=COLOUR_RGB('',1.0,1.0,1.0);
#13625=CARTESIAN_POINT('',(-0.749999999999999,-7.15,3.45));
#13626=AXIS2_PLACEMENT_3D('',#15219,#15220,#15221);
#13627=CARTESIAN_POINT('',(-0.749999999999999,-6.85,3.45));
#13628=CARTESIAN_POINT('',(-0.749999999999999,-38.9005850180617,3.45000000000012));
#13629=VECTOR('',#15222,1000.0);
#13630=AXIS2_PLACEMENT_3D('',#15223,#15224,#15225);
#13631=COLOUR_RGB('',1.0,1.0,1.0);
#13632=CARTESIAN_POINT('',(0.75,-7.15,3.44999999999999));
#13633=CARTESIAN_POINT('',(0.75,-6.85,3.45));
#13634=CARTESIAN_POINT('',(0.750000000000001,-38.9005850180617,3.45000000000012));
#13635=VECTOR('',#15226,1000.0);
#13636=AXIS2_PLACEMENT_3D('',#15227,#15228,#15229);
#13637=AXIS2_PLACEMENT_3D('',#15230,#15231,#15232);
#13638=COLOUR_RGB('',1.0,1.0,1.0);
#13639=CARTESIAN_POINT('',(-1.0,-6.85,3.45));
#13640=VECTOR('',#15233,1000.0);
#13641=COLOUR_RGB('',1.0,1.0,1.0);
#13642=CARTESIAN_POINT('',(0.199999999999999,-6.84999999999999,5.28112834566065));
#13643=AXIS2_PLACEMENT_3D('',#15234,#15235,#15236);
#13644=AXIS2_PLACEMENT_3D('',#15237,#15238,#15239);
#13645=COLOUR_RGB('',1.0,1.0,1.0);
#13646=CARTESIAN_POINT('',(0.2,-6.84999999999998,8.58112834566064));
#13647=VECTOR('',#15240,1000.0);
#13648=COLOUR_RGB('',1.0,1.0,1.0);
#13649=AXIS2_PLACEMENT_3D('',#15241,#15242,#15243);
#13650=COLOUR_RGB('',1.0,1.0,1.0);
#13651=CARTESIAN_POINT('',(-0.749999999999999,-6.84999999999999,6.03112834566064));
#13652=CARTESIAN_POINT('',(-0.749999999999999,-6.85,2.08112834566064));
#13653=VECTOR('',#15244,1000.0);
#13654=CARTESIAN_POINT('',(-0.749999999999999,-7.14999999999999,6.03112834566064));
#13655=CARTESIAN_POINT('',(-0.749999999999999,-7.15,2.08112834566064));
#13656=VECTOR('',#15245,1000.0);
#13657=CARTESIAN_POINT('',(-0.749999999999999,-38.9005850180617,6.03112834566074));
#13658=VECTOR('',#15246,1000.0);
#13659=COLOUR_RGB('',1.0,1.0,1.0);
#13660=CARTESIAN_POINT('',(-0.399999999999999,-7.14999999999999,6.03112834566064));
#13661=CARTESIAN_POINT('',(-0.399999999999999,-6.84999999999999,6.03112834566064));
#13662=CARTESIAN_POINT('',(-0.399999999999998,-38.9005850180617,6.03112834566074));
#13663=VECTOR('',#15247,1000.0);
#13664=CARTESIAN_POINT('',(-0.749999999999999,-6.84999999999999,6.03112834566064));
#13665=VECTOR('',#15248,1000.0);
#13666=CARTESIAN_POINT('',(-0.749999999999999,-7.14999999999999,6.03112834566064));
#13667=VECTOR('',#15249,1000.0);
#13668=COLOUR_RGB('',1.0,1.0,1.0);
#13669=CARTESIAN_POINT('',(-0.399999999999998,-7.14999999999998,9.32426406871197));
#13670=CARTESIAN_POINT('',(-0.399999999999999,-7.14999999999999,6.03112834566064));
#13671=VECTOR('',#15250,1000.0);
#13672=CARTESIAN_POINT('',(-0.399999999999998,-6.84999999999998,9.32426406871197));
#13673=CARTESIAN_POINT('',(-0.399999999999998,-7.46000000000005,9.32426406871197));
#13674=VECTOR('',#15251,1000.0);
#13675=CARTESIAN_POINT('',(-0.399999999999999,-6.84999999999999,6.03112834566064));
#13676=VECTOR('',#15252,1000.0);
#13677=COLOUR_RGB('',1.0,1.0,1.0);
#13678=CARTESIAN_POINT('',(0.4,-6.84999999999999,6.03112834566064));
#13679=CARTESIAN_POINT('',(0.399999999999998,-6.84999999999998,9.32426406871197));
#13680=CARTESIAN_POINT('',(0.4,-6.84999999999999,6.03112834566064));
#13681=VECTOR('',#15253,1000.0);
#13682=CARTESIAN_POINT('',(0.399999999999998,-7.14999999999998,9.32426406871197));
#13683=CARTESIAN_POINT('',(0.399999999999998,-7.46000000000005,9.32426406871197));
#13684=VECTOR('',#15254,1000.0);
#13685=CARTESIAN_POINT('',(0.4,-7.14999999999999,6.03112834566064));
#13686=CARTESIAN_POINT('',(0.4,-7.14999999999999,6.03112834566064));
#13687=VECTOR('',#15255,1000.0);
#13688=CARTESIAN_POINT('',(0.400000000000001,-38.9005850180617,6.03112834566074));
#13689=VECTOR('',#15256,1000.0);
#13690=COLOUR_RGB('',1.0,1.0,1.0);
#13691=CARTESIAN_POINT('',(0.75,-7.14999999999999,6.03112834566064));
#13692=CARTESIAN_POINT('',(0.75,-6.84999999999999,6.03112834566064));
#13693=CARTESIAN_POINT('',(0.750000000000001,-38.9005850180617,6.03112834566074));
#13694=VECTOR('',#15257,1000.0);
#13695=CARTESIAN_POINT('',(0.4,-6.84999999999999,6.03112834566064));
#13696=VECTOR('',#15258,1000.0);
#13697=CARTESIAN_POINT('',(0.4,-7.14999999999999,6.03112834566064));
#13698=VECTOR('',#15259,1000.0);
#13699=COLOUR_RGB('',1.0,1.0,1.0);
#13700=CARTESIAN_POINT('',(0.750000000000001,-7.15,2.08112834566064));
#13701=VECTOR('',#15260,1000.0);
#13702=CARTESIAN_POINT('',(0.750000000000001,-6.85,2.08112834566064));
#13703=VECTOR('',#15261,1000.0);
#13704=COLOUR_RGB('',1.0,1.0,1.0);
#13705=CARTESIAN_POINT('',(-1.0,-7.15,3.45));
#13706=VECTOR('',#15262,1000.0);
#13707=COLOUR_RGB('',1.0,1.0,1.0);
#13708=CARTESIAN_POINT('',(0.928432138474336,-6.84999999999997,10.6526962071863));
#13709=VECTOR('',#15263,1000.0);
#13710=CARTESIAN_POINT('',(0.212132034355965,-6.84999999999998,9.512132034356));
#13711=AXIS2_PLACEMENT_3D('',#15264,#15265,#15266);
#13712=CARTESIAN_POINT('',(-1.92843213847433,-6.84999999999997,11.6526962071863));
#13713=VECTOR('',#15267,1000.0);
#13714=COLOUR_RGB('',1.0,1.0,1.0);
#13715=CARTESIAN_POINT('',(0.928432138474336,-7.14999999999997,10.6526962071863));
#13716=VECTOR('',#15268,1000.0);
#13717=CARTESIAN_POINT('',(0.212132034355965,-7.14999999999998,9.512132034356));
#13718=CARTESIAN_POINT('',(-1.92843213847433,-7.14999999999997,11.6526962071863));
#13719=VECTOR('',#15269,1000.0);
#13720=AXIS2_PLACEMENT_3D('',#15270,#15271,#15272);
#13721=COLOUR_RGB('',1.0,1.0,1.0);
#13722=COLOUR_RGB('',1.0,1.0,1.0);
#13723=CARTESIAN_POINT('',(0.212132034355965,-7.46000000000005,9.51213203435601));
#13724=VECTOR('',#15273,1000.0);
#13725=COLOUR_RGB('',1.0,1.0,1.0);
#13726=COLOUR_RGB('',0.752941191196442,0.752941191196442,0.752941191196442);
#13727=CARTESIAN_POINT('',(4.14307904514105E-17,-6.90833333333331,8.38112834566069));
#13728=DIRECTION('',(-1.0,-2.56148702550686E-17,-1.22464679914735E-16));
#13729=DIRECTION('',(1.22464679914735E-16,0.0,-1.0));
#13730=CARTESIAN_POINT('',(3.99365896865314E-17,-6.84999999999998,8.38112834566069));
#13731=DIRECTION('',(-2.56148702550686E-17,1.0,-4.33680868994204E-15));
#13732=DIRECTION('',(6.01853107621015E-32,-4.33680868994204E-15,-1.0));
#13733=CARTESIAN_POINT('',(4.14307904514105E-17,-6.90833333333331,8.38112834566069));
#13734=DIRECTION('',(-8.08875427208939E-33,-2.07192391204702E-49,-1.0));
#13735=DIRECTION('',(2.56148702550686E-17,-1.0,0.0));
#13736=CARTESIAN_POINT('',(4.14307904514107E-17,-6.90833333333332,5.28112834566065));
#13737=DIRECTION('',(1.0,2.56148702550696E-17,1.22464679914735E-16));
#13738=DIRECTION('',(-1.22464679914735E-16,0.0,1.0));
#13739=CARTESIAN_POINT('',(3.99365896865317E-17,-6.84999999999999,5.28112834566065));
#13740=DIRECTION('',(-2.56148702550686E-17,1.0,-4.33680868994204E-15));
#13741=DIRECTION('',(6.01853107621015E-32,-4.33680868994204E-15,-1.0));
#13742=CARTESIAN_POINT('',(4.14307904514107E-17,-6.90833333333332,5.28112834566065));
#13743=DIRECTION('',(-9.85545659652733E-32,4.16333634234436E-15,1.0));
#13744=DIRECTION('',(-2.56148702550686E-17,1.0,-4.16333634234436E-15));
#13745=CARTESIAN_POINT('',(-2.5,-6.90833333333331,8.38112834566069));
#13746=DIRECTION('',(-1.0,-2.56148702550686E-17,-0.0));
#13747=DIRECTION('',(0.0,0.0,-1.0));
#13748=CARTESIAN_POINT('',(-2.5,-6.84999999999998,8.38112834566069));
#13749=DIRECTION('',(0.0,-1.0,3.58862787576408E-15));
#13750=DIRECTION('',(-1.0,0.0,0.0));
#13751=CARTESIAN_POINT('',(-2.5,-6.90833333333331,8.38112834566069));
#13752=DIRECTION('',(8.38334831593301E-32,0.0,-1.0));
#13753=DIRECTION('',(0.0,-1.0,0.0));
#13754=CARTESIAN_POINT('',(-2.5,-6.90833333333332,5.28112834566065));
#13755=DIRECTION('',(1.0,2.56148702550686E-17,-2.18405519846119E-31));
#13756=DIRECTION('',(2.18405519846119E-31,-0.0,1.0));
#13757=CARTESIAN_POINT('',(-2.5,-6.85,5.28112834566065));
#13758=DIRECTION('',(0.0,-1.0,3.58862787576408E-15));
#13759=DIRECTION('',(-1.0,0.0,0.0));
#13760=CARTESIAN_POINT('',(-2.5,-6.90833333333332,5.28112834566065));
#13761=DIRECTION('',(-8.38334831593301E-32,4.16333634234436E-15,1.0));
#13762=DIRECTION('',(-3.967977444774E-62,1.0,-4.16333634234436E-15));
#13763=CARTESIAN_POINT('',(2.5,-6.90833333333331,8.38112834566069));
#13764=DIRECTION('',(-1.0,-2.56148702550686E-17,-0.0));
#13765=DIRECTION('',(0.0,0.0,-1.0));
#13766=CARTESIAN_POINT('',(2.5,-6.84999999999998,8.38112834566069));
#13767=DIRECTION('',(0.0,-1.0,3.58862787576408E-15));
#13768=DIRECTION('',(-1.0,0.0,0.0));
#13769=CARTESIAN_POINT('',(2.5,-6.90833333333331,8.38112834566069));
#13770=DIRECTION('',(8.38334831593301E-32,0.0,-1.0));
#13771=DIRECTION('',(0.0,-1.0,0.0));
#13772=CARTESIAN_POINT('',(2.5,-6.90833333333332,5.28112834566065));
#13773=DIRECTION('',(1.0,2.56148702550686E-17,-2.18405519846119E-31));
#13774=DIRECTION('',(2.18405519846119E-31,-0.0,1.0));
#13775=CARTESIAN_POINT('',(2.5,-6.85,5.28112834566065));
#13776=DIRECTION('',(0.0,-1.0,3.58862787576408E-15));
#13777=DIRECTION('',(-1.0,0.0,0.0));
#13778=CARTESIAN_POINT('',(2.5,-6.90833333333332,5.28112834566065));
#13779=DIRECTION('',(-8.38334831593301E-32,4.16333634234436E-15,1.0));
#13780=DIRECTION('',(-3.967977444774E-62,1.0,-4.16333634234436E-15));
#13781=DIRECTION('',(0.0,-1.0,0.0));
#13782=CARTESIAN_POINT('',(-5.1,1.0,8.45106429983483));
#13783=DIRECTION('',(0.0,-1.0,0.0));
#13784=DIRECTION('',(1.0,0.0,0.0));
#13785=DIRECTION('',(0.0,1.0,0.0));
#13786=CARTESIAN_POINT('',(-5.1,-1.0,8.45106429983483));
#13787=DIRECTION('',(0.0,-1.0,0.0));
#13788=DIRECTION('',(1.0,0.0,0.0));
#13789=DIRECTION('',(-0.0,1.0,0.0));
#13790=CARTESIAN_POINT('',(-5.1,-1.0,8.45106429983483));
#13791=DIRECTION('',(-0.0,1.0,0.0));
#13792=DIRECTION('',(1.0,0.0,0.0));
#13793=DIRECTION('',(0.0,1.0,0.0));
#13794=CARTESIAN_POINT('',(-5.1,1.0,8.45106429983483));
#13795=DIRECTION('',(-0.0,1.0,0.0));
#13796=DIRECTION('',(1.0,0.0,0.0));
#13797=DIRECTION('',(-0.897465621280371,7.47290247416241E-17,-0.441084412125205));
#13798=CARTESIAN_POINT('',(5.35007066063736,-4.45482872310833E-16,9.30253437871963));
#13799=DIRECTION('',(-0.897465621280371,7.47290247416241E-17,-0.441084412125205));
#13800=DIRECTION('',(0.441084412125205,-3.67276552608491E-17,-0.897465621280371));
#13801=DIRECTION('',(-0.897465621280371,7.47290247416241E-17,-0.441084412125205));
#13802=CARTESIAN_POINT('',(4.99108441212521,-4.15591262414184E-16,9.12610061386955));
#13803=DIRECTION('',(0.897465621280371,-7.47290247416241E-17,0.441084412125205));
#13804=DIRECTION('',(-0.441084412125205,3.67276552608491E-17,0.897465621280371));
#13805=CARTESIAN_POINT('',(1.83146322323741E-16,-7.14999999999998,9.30000000000004));
#13806=DIRECTION('',(-2.56148702550728E-17,1.0,-2.89120579329468E-15));
#13807=DIRECTION('',(1.24344978758018E-14,-2.89120579329468E-15,-1.0));
#13808=DIRECTION('',(-2.56148702550686E-17,1.0,-3.58862787576408E-15));
#13809=CARTESIAN_POINT('',(1.7546186124722E-16,-6.84999999999998,9.30000000000004));
#13810=DIRECTION('',(-2.56148702550728E-17,1.0,-2.89120579329468E-15));
#13811=DIRECTION('',(1.24344978758018E-14,-2.89120579329468E-15,-1.0));
#13812=DIRECTION('',(-2.56148702550686E-17,1.0,-3.58862787576408E-15));
#13813=CARTESIAN_POINT('',(4.14307904514105E-17,-6.90833333333331,8.38112834566069));
#13814=DIRECTION('',(-8.08875427208939E-33,-2.07192391204702E-49,-1.0));
#13815=DIRECTION('',(2.56148702550686E-17,-1.0,0.0));
#13816=DIRECTION('',(7.45762504998368E-32,-3.22722715160225E-15,-1.0));
#13817=DIRECTION('',(7.45762504998368E-32,-3.22722715160225E-15,-1.0));
#13818=CARTESIAN_POINT('',(-2.5,-7.14999999999998,9.30000000000005));
#13819=DIRECTION('',(2.56148702550686E-17,-1.0,2.89120579329466E-15));
#13820=DIRECTION('',(0.0,2.89120579329466E-15,1.0));
#13821=DIRECTION('',(-2.56148702550686E-17,1.0,-3.58862787576408E-15));
#13822=CARTESIAN_POINT('',(-2.5,-6.84999999999998,9.30000000000005));
#13823=DIRECTION('',(2.56148702550686E-17,-1.0,2.89120579329466E-15));
#13824=DIRECTION('',(0.0,2.89120579329466E-15,1.0));
#13825=DIRECTION('',(-2.56148702550686E-17,1.0,-3.58862787576408E-15));
#13826=CARTESIAN_POINT('',(-2.5,-6.90833333333331,8.38112834566069));
#13827=DIRECTION('',(8.38334831593301E-32,0.0,-1.0));
#13828=DIRECTION('',(0.0,-1.0,0.0));
#13829=DIRECTION('',(7.45762504998368E-32,-3.22722715160225E-15,-1.0));
#13830=DIRECTION('',(7.45762504998368E-32,-3.22722715160225E-15,-1.0));
#13831=CARTESIAN_POINT('',(2.5,-7.14999999999998,9.30000000000004));
#13832=DIRECTION('',(2.56148702550686E-17,-1.0,2.89120579329468E-15));
#13833=DIRECTION('',(0.0,2.89120579329468E-15,1.0));
#13834=DIRECTION('',(-2.56148702550686E-17,1.0,-3.58862787576408E-15));
#13835=CARTESIAN_POINT('',(2.5,-6.84999999999998,9.30000000000004));
#13836=DIRECTION('',(2.56148702550686E-17,-1.0,2.89120579329468E-15));
#13837=DIRECTION('',(0.0,2.89120579329468E-15,1.0));
#13838=DIRECTION('',(-2.56148702550686E-17,1.0,-3.58862787576408E-15));
#13839=CARTESIAN_POINT('',(2.5,-6.90833333333331,8.38112834566069));
#13840=DIRECTION('',(8.38334831593301E-32,0.0,-1.0));
#13841=DIRECTION('',(0.0,-1.0,0.0));
#13842=DIRECTION('',(7.45762504998368E-32,-3.22722715160225E-15,-1.0));
#13843=DIRECTION('',(7.45762504998368E-32,-3.22722715160225E-15,-1.0));
#13844=CARTESIAN_POINT('',(-3.0,-4.2,-0.4));
#13845=DIRECTION('',(0.0,0.0,1.0));
#13846=DIRECTION('',(-1.0,0.0,0.0));
#13847=CARTESIAN_POINT('',(-3.0,-4.2,-0.293333333333333));
#13848=DIRECTION('',(0.0,1.0,-0.0));
#13849=DIRECTION('',(-1.0,0.0,0.0));
#13850=CARTESIAN_POINT('',(-3.0,-4.2,-0.293333333333333));
#13851=DIRECTION('',(0.0,-1.0,0.0));
#13852=DIRECTION('',(0.0,0.0,-1.0));
#13853=CARTESIAN_POINT('',(-1.17385876858132E-15,-1.01413481860612E-15,5.2));
#13854=DIRECTION('',(1.35326421357042E-33,1.95025926655023E-16,-1.0));
#13855=DIRECTION('',(-1.0,6.93889390390737E-18,0.0));
#13856=DIRECTION('',(2.25742070881023E-16,1.95025926655023E-16,-1.0));
#13857=CARTESIAN_POINT('',(-1.01132447754699E-15,-8.73716151414501E-16,4.48));
#13858=DIRECTION('',(0.0,0.0,-1.0));
#13859=DIRECTION('',(1.0,0.0,0.0));
#13860=DIRECTION('',(2.25742070881023E-16,1.95025926655023E-16,-1.0));
#13861=CARTESIAN_POINT('',(-1.21900718275753E-15,-1.05314000393712E-15,5.4));
#13862=DIRECTION('',(-1.35326421357041E-33,-1.95025926655023E-16,1.0));
#13863=DIRECTION('',(-1.0,6.93889390390733E-18,0.0));
#13864=DIRECTION('',(-0.707106781186546,5.62150885547947E-17,-0.707106781186549));
#13865=DIRECTION('',(0.707106781186546,1.3299761631157E-16,-0.707106781186549));
#13866=CARTESIAN_POINT('',(3.0,4.2,-0.4));
#13867=DIRECTION('',(0.0,0.0,1.0));
#13868=DIRECTION('',(-1.0,0.0,0.0));
#13869=CARTESIAN_POINT('',(3.0,4.2,-0.293333333333333));
#13870=DIRECTION('',(0.0,-1.0,0.0));
#13871=DIRECTION('',(1.0,0.0,0.0));
#13872=CARTESIAN_POINT('',(3.0,4.2,-0.293333333333333));
#13873=DIRECTION('',(0.0,1.0,-0.0));
#13874=DIRECTION('',(0.0,0.0,1.0));
#13875=CARTESIAN_POINT('',(-3.0,4.2,-0.4));
#13876=DIRECTION('',(-0.0,0.0,1.0));
#13877=DIRECTION('',(1.0,0.0,0.0));
#13878=CARTESIAN_POINT('',(-3.0,4.2,-0.293333333333333));
#13879=DIRECTION('',(0.0,1.0,-0.0));
#13880=DIRECTION('',(-1.0,0.0,0.0));
#13881=CARTESIAN_POINT('',(-3.0,4.2,-0.293333333333333));
#13882=DIRECTION('',(0.0,-1.0,0.0));
#13883=DIRECTION('',(0.0,0.0,-1.0));
#13884=CARTESIAN_POINT('',(3.0,-4.2,-0.4));
#13885=DIRECTION('',(0.0,0.0,1.0));
#13886=DIRECTION('',(-1.0,0.0,0.0));
#13887=CARTESIAN_POINT('',(3.0,-4.2,-0.293333333333333));
#13888=DIRECTION('',(0.0,-1.0,-0.0));
#13889=DIRECTION('',(1.0,0.0,0.0));
#13890=CARTESIAN_POINT('',(3.0,-4.2,-0.293333333333333));
#13891=DIRECTION('',(-0.0,1.0,0.0));
#13892=DIRECTION('',(0.0,0.0,1.0));
#13893=CARTESIAN_POINT('',(0.0,0.0,-0.4));
#13894=DIRECTION('',(0.0,0.0,1.0));
#13895=DIRECTION('',(-1.0,0.0,0.0));
#13896=DIRECTION('',(0.0,0.0,-1.0));
#13897=CARTESIAN_POINT('',(0.0,0.0,-1.2));
#13898=DIRECTION('',(-0.0,0.0,-1.0));
#13899=DIRECTION('',(-0.994001866445591,-0.109363108508683,0.0));
#13900=DIRECTION('',(0.0,0.0,-1.0));
#13901=CARTESIAN_POINT('',(-4.99108441212521,4.15591262414184E-16,9.12610061386955));
#13902=DIRECTION('',(-0.897465621280371,7.47290247416241E-17,0.441084412125205));
#13903=DIRECTION('',(0.441084412125205,-3.67276552608491E-17,0.897465621280371));
#13904=DIRECTION('',(-0.897465621280371,7.47290247416241E-17,0.441084412125205));
#13905=CARTESIAN_POINT('',(-5.35007066063736,4.45482872310833E-16,9.30253437871963));
#13906=DIRECTION('',(-0.897465621280371,7.47290247416241E-17,0.441084412125205));
#13907=DIRECTION('',(-0.441084412125205,3.67276552608491E-17,-0.897465621280371));
#13908=DIRECTION('',(-0.897465621280371,7.47290247416241E-17,0.441084412125205));
#13909=CARTESIAN_POINT('',(5.1,-1.0,8.45106429983483));
#13910=DIRECTION('',(0.0,1.0,0.0));
#13911=DIRECTION('',(-1.0,0.0,0.0));
#13912=DIRECTION('',(0.0,1.0,0.0));
#13913=CARTESIAN_POINT('',(5.1,1.0,8.45106429983483));
#13914=DIRECTION('',(0.0,1.0,0.0));
#13915=DIRECTION('',(-1.0,0.0,0.0));
#13916=DIRECTION('',(0.0,1.0,0.0));
#13917=CARTESIAN_POINT('',(5.1,-1.0,8.45106429983483));
#13918=DIRECTION('',(-0.0,-1.0,0.0));
#13919=DIRECTION('',(-1.0,0.0,0.0));
#13920=DIRECTION('',(0.0,1.0,0.0));
#13921=CARTESIAN_POINT('',(5.1,1.0,8.45106429983483));
#13922=DIRECTION('',(-0.0,-1.0,0.0));
#13923=DIRECTION('',(-1.0,0.0,0.0));
#13924=DIRECTION('',(0.0,1.0,0.0));
#13925=CARTESIAN_POINT('',(1.46732346072665E-15,1.26766852325765E-15,-6.5));
#13926=DIRECTION('',(-2.86731153054018E-16,-1.95025926655023E-16,1.0));
#13927=DIRECTION('',(-1.0,6.93889390390723E-18,-2.86731153054018E-16));
#13928=DIRECTION('',(-2.25742070881023E-16,-1.95025926655023E-16,1.0));
#13929=CARTESIAN_POINT('',(3.38613106321535E-16,2.92538889982534E-16,-1.5));
#13930=DIRECTION('',(-2.15048364790513E-16,-1.95025926655023E-16,1.0));
#13931=DIRECTION('',(-1.0,6.93889390390723E-18,-2.15048364790513E-16));
#13932=DIRECTION('',(-2.25742070881023E-16,-1.95025926655023E-16,1.0));
#13933=DIRECTION('',(0.148340452930244,-2.12064013372028E-16,0.988936352868298));
#13934=CARTESIAN_POINT('',(2.9346469214533E-16,2.53533704651529E-16,-1.3));
#13935=DIRECTION('',(-2.12936596887497E-16,-1.95025926655023E-16,1.0));
#13936=DIRECTION('',(-1.0,6.93889390390723E-18,-2.12936596887497E-16));
#13937=DIRECTION('',(-0.148340452930245,-1.91838909956438E-16,0.988936352868298));
#13938=DIRECTION('',(-2.25742070881023E-16,-1.95025926655023E-16,1.0));
#13939=CARTESIAN_POINT('',(2.70890485057228E-16,2.34031111986027E-16,-1.2));
#13940=DIRECTION('',(0.0,0.0,1.0));
#13941=DIRECTION('',(-1.0,0.0,0.0));
#13942=DIRECTION('',(-2.25742070881023E-16,-1.95025926655023E-16,1.0));
#13943=CARTESIAN_POINT('',(3.04751795689382E-15,2.6328500098428E-15,-13.5));
#13944=DIRECTION('',(1.35326421357038E-33,1.95025926655023E-16,-1.0));
#13945=DIRECTION('',(-1.0,6.93889390390718E-18,0.0));
#13946=DIRECTION('',(0.707106781186549,-2.29406299801893E-16,0.707106781186547));
#13947=CARTESIAN_POINT('',(2.97979533562951E-15,2.5743422318463E-15,-13.2));
#13948=DIRECTION('',(-1.3532642135704E-33,-1.95025926655022E-16,1.0));
#13949=DIRECTION('',(-1.0,6.93889390390723E-18,0.0));
#13950=CARTESIAN_POINT('',(2.97979533562951E-15,2.5743422318463E-15,-13.2));
#13951=DIRECTION('',(-1.3532642135704E-33,-1.95025926655022E-16,1.0));
#13952=DIRECTION('',(-1.0,6.93889390390723E-18,0.0));
#13953=CARTESIAN_POINT('',(2.97979533562951E-15,2.5743422318463E-15,-13.2));
#13954=DIRECTION('',(-1.3532642135704E-33,-1.95025926655022E-16,1.0));
#13955=DIRECTION('',(-1.0,6.93889390390723E-18,0.0));
#13956=CARTESIAN_POINT('',(2.97979533562951E-15,2.5743422318463E-15,-13.2));
#13957=DIRECTION('',(-1.3532642135704E-33,-1.95025926655022E-16,1.0));
#13958=DIRECTION('',(-1.0,6.93889390390723E-18,0.0));
#13959=CARTESIAN_POINT('',(2.97979533562951E-15,2.5743422318463E-15,-13.2));
#13960=DIRECTION('',(-1.3532642135704E-33,-1.95025926655022E-16,1.0));
#13961=DIRECTION('',(-1.0,6.93889390390723E-18,0.0));
#13962=CARTESIAN_POINT('',(2.97979533562951E-15,2.5743422318463E-15,-13.2));
#13963=DIRECTION('',(-1.3532642135704E-33,-1.95025926655022E-16,1.0));
#13964=DIRECTION('',(-1.0,6.93889390390723E-18,0.0));
#13965=CARTESIAN_POINT('',(2.97979533562951E-15,2.5743422318463E-15,-13.2));
#13966=DIRECTION('',(-1.3532642135704E-33,-1.95025926655022E-16,1.0));
#13967=DIRECTION('',(-1.0,6.93889390390723E-18,0.0));
#13968=CARTESIAN_POINT('',(2.97979533562951E-15,2.5743422318463E-15,-13.2));
#13969=DIRECTION('',(-1.3532642135704E-33,-1.95025926655022E-16,1.0));
#13970=DIRECTION('',(-1.0,6.93889390390723E-18,0.0));
#13971=CARTESIAN_POINT('',(2.97979533562951E-15,2.5743422318463E-15,-13.2));
#13972=DIRECTION('',(-1.3532642135704E-33,-1.95025926655022E-16,1.0));
#13973=DIRECTION('',(-1.0,6.93889390390723E-18,0.0));
#13974=CARTESIAN_POINT('',(2.97979533562951E-15,2.5743422318463E-15,-13.2));
#13975=DIRECTION('',(-1.3532642135704E-33,-1.95025926655022E-16,1.0));
#13976=DIRECTION('',(-1.0,6.93889390390723E-18,0.0));
#13977=CARTESIAN_POINT('',(2.97979533562951E-15,2.5743422318463E-15,-13.2));
#13978=DIRECTION('',(-1.3532642135704E-33,-1.95025926655022E-16,1.0));
#13979=DIRECTION('',(-1.0,6.93889390390723E-18,0.0));
#13980=CARTESIAN_POINT('',(2.97979533562951E-15,2.5743422318463E-15,-13.2));
#13981=DIRECTION('',(-1.3532642135704E-33,-1.95025926655022E-16,1.0));
#13982=DIRECTION('',(-1.0,6.93889390390723E-18,0.0));
#13983=CARTESIAN_POINT('',(2.97979533562951E-15,2.5743422318463E-15,-13.2));
#13984=DIRECTION('',(-1.3532642135704E-33,-1.95025926655022E-16,1.0));
#13985=DIRECTION('',(-1.0,6.93889390390723E-18,0.0));
#13986=CARTESIAN_POINT('',(2.97979533562951E-15,2.5743422318463E-15,-13.2));
#13987=DIRECTION('',(-1.3532642135704E-33,-1.95025926655022E-16,1.0));
#13988=DIRECTION('',(-1.0,6.93889390390723E-18,0.0));
#13989=CARTESIAN_POINT('',(2.97979533562951E-15,2.5743422318463E-15,-13.2));
#13990=DIRECTION('',(-1.3532642135704E-33,-1.95025926655022E-16,1.0));
#13991=DIRECTION('',(-1.0,6.93889390390723E-18,0.0));
#13992=CARTESIAN_POINT('',(2.97979533562951E-15,2.5743422318463E-15,-13.2));
#13993=DIRECTION('',(-1.3532642135704E-33,-1.95025926655022E-16,1.0));
#13994=DIRECTION('',(-1.0,6.93889390390723E-18,0.0));
#13995=CARTESIAN_POINT('',(2.97979533562951E-15,2.5743422318463E-15,-13.2));
#13996=DIRECTION('',(-1.3532642135704E-33,-1.95025926655022E-16,1.0));
#13997=DIRECTION('',(-1.0,6.93889390390723E-18,0.0));
#13998=CARTESIAN_POINT('',(2.97979533562951E-15,2.5743422318463E-15,-13.2));
#13999=DIRECTION('',(-1.3532642135704E-33,-1.95025926655022E-16,1.0));
#14000=DIRECTION('',(-1.0,6.93889390390723E-18,0.0));
#14001=CARTESIAN_POINT('',(2.97979533562951E-15,2.5743422318463E-15,-13.2));
#14002=DIRECTION('',(-1.3532642135704E-33,-1.95025926655022E-16,1.0));
#14003=DIRECTION('',(-1.0,6.93889390390723E-18,0.0));
#14004=CARTESIAN_POINT('',(2.97979533562951E-15,2.5743422318463E-15,-13.2));
#14005=DIRECTION('',(-1.3532642135704E-33,-1.95025926655022E-16,1.0));
#14006=DIRECTION('',(-1.0,6.93889390390723E-18,0.0));
#14007=DIRECTION('',(-0.707106781186549,-1.3299761631157E-16,0.707106781186546));
#14008=CARTESIAN_POINT('',(3.04751795689382E-15,2.6328500098428E-15,-13.5));
#14009=DIRECTION('',(1.35326421357038E-33,1.95025926655023E-16,-1.0));
#14010=DIRECTION('',(-1.0,6.93889390390718E-18,0.0));
#14011=CARTESIAN_POINT('',(2.97979533562951E-15,2.5743422318463E-15,-13.2));
#14012=DIRECTION('',(-1.3532642135704E-33,-1.95025926655022E-16,1.0));
#14013=DIRECTION('',(-1.0,6.93889390390723E-18,0.0));
#14014=CARTESIAN_POINT('',(2.97979533562951E-15,2.5743422318463E-15,-13.2));
#14015=DIRECTION('',(-1.3532642135704E-33,-1.95025926655022E-16,1.0));
#14016=DIRECTION('',(-1.0,6.93889390390723E-18,0.0));
#14017=CARTESIAN_POINT('',(2.97979533562951E-15,2.5743422318463E-15,-13.2));
#14018=DIRECTION('',(-1.3532642135704E-33,-1.95025926655022E-16,1.0));
#14019=DIRECTION('',(-1.0,6.93889390390723E-18,0.0));
#14020=CARTESIAN_POINT('',(2.97979533562951E-15,2.5743422318463E-15,-13.2));
#14021=DIRECTION('',(-1.3532642135704E-33,-1.95025926655022E-16,1.0));
#14022=DIRECTION('',(-1.0,6.93889390390723E-18,0.0));
#14023=CARTESIAN_POINT('',(2.97979533562951E-15,2.5743422318463E-15,-13.2));
#14024=DIRECTION('',(-1.3532642135704E-33,-1.95025926655022E-16,1.0));
#14025=DIRECTION('',(-1.0,6.93889390390723E-18,0.0));
#14026=CARTESIAN_POINT('',(2.97979533562951E-15,2.5743422318463E-15,-13.2));
#14027=DIRECTION('',(-1.3532642135704E-33,-1.95025926655022E-16,1.0));
#14028=DIRECTION('',(-1.0,6.93889390390723E-18,0.0));
#14029=CARTESIAN_POINT('',(2.97979533562951E-15,2.5743422318463E-15,-13.2));
#14030=DIRECTION('',(-1.3532642135704E-33,-1.95025926655022E-16,1.0));
#14031=DIRECTION('',(-1.0,6.93889390390723E-18,0.0));
#14032=CARTESIAN_POINT('',(2.97979533562951E-15,2.5743422318463E-15,-13.2));
#14033=DIRECTION('',(-1.3532642135704E-33,-1.95025926655022E-16,1.0));
#14034=DIRECTION('',(-1.0,6.93889390390723E-18,0.0));
#14035=CARTESIAN_POINT('',(2.97979533562951E-15,2.5743422318463E-15,-13.2));
#14036=DIRECTION('',(-1.3532642135704E-33,-1.95025926655022E-16,1.0));
#14037=DIRECTION('',(-1.0,6.93889390390723E-18,0.0));
#14038=CARTESIAN_POINT('',(2.93284602333188E-14,-4.2,4.48));
#14039=DIRECTION('',(0.0,0.0,1.0));
#14040=DIRECTION('',(-1.0,-6.67201336914156E-15,0.0));
#14041=DIRECTION('',(0.0,0.0,1.0));
#14042=CARTESIAN_POINT('',(2.93284602333188E-14,-4.2,5.5));
#14043=DIRECTION('',(0.0,0.0,1.0));
#14044=DIRECTION('',(-1.0,-6.67201336914156E-15,0.0));
#14045=DIRECTION('',(0.0,0.0,1.0));
#14046=CARTESIAN_POINT('',(2.93284602333188E-14,-4.2,6.3));
#14047=DIRECTION('',(0.0,0.0,1.0));
#14048=DIRECTION('',(-1.0,-7.96401112561657E-15,0.0));
#14049=DIRECTION('',(-0.258819045102522,-1.83902097054166E-15,-0.965925826289068));
#14050=DIRECTION('',(0.258819045102522,1.80732477902735E-15,-0.965925826289068));
#14051=CARTESIAN_POINT('',(3.00000000000003,-4.19999999999998,4.48));
#14052=DIRECTION('',(4.54231193257699E-46,-6.9825721436004E-32,1.0));
#14053=DIRECTION('',(-1.0,-6.50521303491302E-15,0.0));
#14054=DIRECTION('',(-1.46154228196084E-16,-1.02059011180482E-30,1.0));
#14055=CARTESIAN_POINT('',(3.00000000000003,-4.19999999999998,5.08));
#14056=DIRECTION('',(4.54231193257699E-46,-6.9825721436004E-32,1.0));
#14057=DIRECTION('',(-1.0,-6.50521303491302E-15,0.0));
#14058=DIRECTION('',(-1.46154228196084E-16,-1.02059011180482E-30,1.0));
#14059=CARTESIAN_POINT('',(3.00000000000003,-4.19999999999998,5.98));
#14060=DIRECTION('',(-2.58869650128289E-46,3.58147663827546E-32,1.0));
#14061=DIRECTION('',(-1.0,-7.2280144832367E-15,0.0));
#14062=DIRECTION('',(-0.216930457818656,-1.54138448706388E-15,-0.976187060183953));
#14063=DIRECTION('',(0.216930457818657,1.51481816798336E-15,-0.976187060183953));
#14064=DIRECTION('',(-0.707106781186546,-4.93770312208088E-15,0.707106781186549));
#14065=DIRECTION('',(0.707106781186546,4.85110751645733E-15,0.707106781186549));
#14066=CARTESIAN_POINT('',(3.00000000000003,-4.19999999999998,5.98));
#14067=DIRECTION('',(4.4696390649373E-47,-6.4414287447463E-33,1.0));
#14068=DIRECTION('',(-1.0,-6.93889390390725E-15,-9.72346137165806E-63));
#14069=CARTESIAN_POINT('',(-2.99999999999997,-4.20000000000002,5.08));
#14070=DIRECTION('',(0.0,0.0,-1.0));
#14071=DIRECTION('',(1.0,7.4043075194132E-15,0.0));
#14072=DIRECTION('',(0.0,0.0,-1.0));
#14073=CARTESIAN_POINT('',(-2.99999999999997,-4.20000000000002,4.48));
#14074=DIRECTION('',(0.0,0.0,1.0));
#14075=DIRECTION('',(1.0,0.0,0.0));
#14076=DIRECTION('',(0.0,0.0,-1.0));
#14077=CARTESIAN_POINT('',(-2.99999999999997,-4.20000000000002,5.98));
#14078=DIRECTION('',(0.0,0.0,-1.0));
#14079=DIRECTION('',(1.0,7.2280144832367E-15,0.0));
#14080=DIRECTION('',(-0.237453090476991,-1.68720664560886E-15,-0.971399006496777));
#14081=DIRECTION('',(0.237453090476991,1.65812702888883E-15,-0.971399006496777));
#14082=DIRECTION('',(-0.707106781186546,-4.93770312208088E-15,0.707106781186549));
#14083=DIRECTION('',(0.707106781186546,4.85110751645733E-15,0.707106781186549));
#14084=CARTESIAN_POINT('',(-2.99999999999997,-4.20000000000002,5.98));
#14085=DIRECTION('',(0.0,0.0,-1.0));
#14086=DIRECTION('',(1.0,6.93889390390725E-15,0.0));
#14087=CARTESIAN_POINT('',(0.0,4.2,4.48));
#14088=DIRECTION('',(0.0,-0.0,1.0));
#14089=DIRECTION('',(1.0,0.0,0.0));
#14090=DIRECTION('',(-0.0,-0.0,1.0));
#14091=CARTESIAN_POINT('',(0.0,4.2,5.5));
#14092=DIRECTION('',(0.0,-0.0,1.0));
#14093=DIRECTION('',(1.0,0.0,0.0));
#14094=DIRECTION('',(-0.0,-0.0,1.0));
#14095=CARTESIAN_POINT('',(0.0,4.2,6.3));
#14096=DIRECTION('',(0.0,-0.0,1.0));
#14097=DIRECTION('',(1.0,0.0,0.0));
#14098=DIRECTION('',(0.258819045102522,3.16961915143178E-17,-0.965925826289068));
#14099=DIRECTION('',(-0.258819045102522,0.0,-0.965925826289068));
#14100=CARTESIAN_POINT('',(-3.0,4.2,4.48));
#14101=DIRECTION('',(0.0,-0.0,1.0));
#14102=DIRECTION('',(1.0,0.0,0.0));
#14103=DIRECTION('',(1.46154228196084E-16,-0.0,1.0));
#14104=CARTESIAN_POINT('',(-3.0,4.2,5.08));
#14105=DIRECTION('',(0.0,-0.0,1.0));
#14106=DIRECTION('',(1.0,0.0,0.0));
#14107=DIRECTION('',(1.46154228196084E-16,-0.0,1.0));
#14108=CARTESIAN_POINT('',(-3.0,4.2,5.98));
#14109=DIRECTION('',(0.0,-0.0,1.0));
#14110=DIRECTION('',(1.0,0.0,0.0));
#14111=DIRECTION('',(0.216930457818656,2.65663190805188E-17,-0.976187060183953));
#14112=DIRECTION('',(-0.216930457818657,0.0,-0.976187060183953));
#14113=DIRECTION('',(0.707106781186546,0.0,0.707106781186549));
#14114=DIRECTION('',(-0.707106781186546,8.65956056235491E-17,0.707106781186549));
#14115=CARTESIAN_POINT('',(-3.0,4.2,5.98));
#14116=DIRECTION('',(0.0,-0.0,1.0));
#14117=DIRECTION('',(1.0,0.0,0.0));
#14118=CARTESIAN_POINT('',(3.0,4.2,5.08));
#14119=DIRECTION('',(0.0,0.0,-1.0));
#14120=DIRECTION('',(-1.0,0.0,0.0));
#14121=DIRECTION('',(-0.0,-0.0,-1.0));
#14122=CARTESIAN_POINT('',(3.0,4.2,4.48));
#14123=DIRECTION('',(0.0,0.0,1.0));
#14124=DIRECTION('',(1.0,0.0,0.0));
#14125=DIRECTION('',(-0.0,-0.0,-1.0));
#14126=CARTESIAN_POINT('',(3.0,4.2,5.98));
#14127=DIRECTION('',(0.0,0.0,-1.0));
#14128=DIRECTION('',(-1.0,0.0,0.0));
#14129=DIRECTION('',(0.237453090476991,2.90796167200293E-17,-0.971399006496777));
#14130=DIRECTION('',(-0.237453090476991,0.0,-0.971399006496777));
#14131=DIRECTION('',(0.707106781186546,0.0,0.707106781186549));
#14132=DIRECTION('',(-0.707106781186546,8.65956056235492E-17,0.707106781186549));
#14133=CARTESIAN_POINT('',(3.0,4.2,5.98));
#14134=DIRECTION('',(0.0,0.0,-1.0));
#14135=DIRECTION('',(-1.0,0.0,0.0));
#14136=DIRECTION('',(-1.0,3.46103617146403E-16,-2.77555756156289E-17));
#14137=CARTESIAN_POINT('',(3.1,-4.1,3.79470760369927E-16));
#14138=DIRECTION('',(0.0,-0.0,1.0));
#14139=DIRECTION('',(7.22801448323669E-16,1.0,0.0));
#14140=DIRECTION('',(3.61400724161835E-16,-1.0,0.0));
#14141=CARTESIAN_POINT('',(3.4,-5.3,0.0));
#14142=DIRECTION('',(0.0,0.0,1.0));
#14143=DIRECTION('',(1.0,0.0,0.0));
#14144=DIRECTION('',(1.0,1.27553196763001E-16,0.0));
#14145=DIRECTION('',(0.0,-1.0,0.0));
#14146=CARTESIAN_POINT('',(-3.1,-4.1,1.62630325872826E-16));
#14147=DIRECTION('',(0.0,-0.0,1.0));
#14148=DIRECTION('',(0.0,1.0,0.0));
#14149=DIRECTION('',(-1.0,8.32667268468867E-17,-2.77555756156289E-17));
#14150=DIRECTION('',(-0.0,1.0,-0.0));
#14151=DIRECTION('',(1.0,1.27553196763001E-16,0.0));
#14152=CARTESIAN_POINT('',(-3.4,-5.3,0.0));
#14153=DIRECTION('',(0.0,0.0,1.0));
#14154=DIRECTION('',(1.0,0.0,0.0));
#14155=DIRECTION('',(-0.0,1.0,0.0));
#14156=DIRECTION('',(1.0,-8.32667268468867E-17,2.77555756156289E-17));
#14157=CARTESIAN_POINT('',(-3.1,4.1,1.62630325872826E-16));
#14158=DIRECTION('',(0.0,-0.0,1.0));
#14159=DIRECTION('',(0.0,1.0,0.0));
#14160=DIRECTION('',(-0.0,1.0,0.0));
#14161=CARTESIAN_POINT('',(-3.2,4.3,0.0));
#14162=DIRECTION('',(0.0,0.0,1.0));
#14163=DIRECTION('',(1.0,0.0,0.0));
#14164=DIRECTION('',(-1.0,-1.35525271560688E-16,-0.0));
#14165=DIRECTION('',(-0.0,1.0,-0.0));
#14166=DIRECTION('',(-1.0,-5.42101086242752E-16,0.0));
#14167=DIRECTION('',(-0.0,-0.0,1.0));
#14168=DIRECTION('',(1.0,1.27553196763001E-16,0.0));
#14169=DIRECTION('',(-0.0,-0.0,1.0));
#14170=DIRECTION('',(-1.0,0.0,0.0));
#14171=DIRECTION('',(-0.0,-0.0,1.0));
#14172=DIRECTION('',(1.0,1.27553196763001E-16,0.0));
#14173=DIRECTION('',(-0.0,-0.0,-1.0));
#14174=DIRECTION('',(-0.0,-0.0,-1.0));
#14175=DIRECTION('',(-1.0,2.16840434497101E-16,0.0));
#14176=DIRECTION('',(-0.0,-0.0,-1.0));
#14177=DIRECTION('',(-0.0,-0.0,-1.0));
#14178=DIRECTION('',(1.0,1.27553196763001E-16,0.0));
#14179=DIRECTION('',(-0.0,-0.0,1.0));
#14180=DIRECTION('',(-2.13315025485928E-32,-2.72090134183111E-48,-1.0));
#14181=DIRECTION('',(1.0,1.27553196763001E-16,-1.25990006773553E-32));
#14182=DIRECTION('',(-2.13315025485928E-32,-2.72090134183111E-48,1.0));
#14183=DIRECTION('',(1.0,1.27553196763001E-16,-1.25990006773553E-32));
#14184=DIRECTION('',(4.26630050971856E-32,5.44180268366222E-48,-1.0));
#14185=DIRECTION('',(1.0,1.27553196763001E-16,-1.25990006773553E-32));
#14186=DIRECTION('',(-1.59986269114446E-32,-2.04067600637333E-48,1.0));
#14187=DIRECTION('',(1.0,1.27553196763001E-16,-1.25990006773553E-32));
#14188=DIRECTION('',(-1.0,-1.27553196763001E-16,4.10318945699431E-34));
#14189=DIRECTION('',(8.2608986241182E-32,1.05370402764135E-47,1.0));
#14190=DIRECTION('',(-1.0,-1.27553196763001E-16,4.10318945699431E-34));
#14191=DIRECTION('',(-4.39709309391652E-32,-5.60863280593566E-48,-1.0));
#14192=CARTESIAN_POINT('',(1.25,-6.3,4.48));
#14193=DIRECTION('',(0.0,0.0,1.0));
#14194=DIRECTION('',(-1.0,0.0,0.0));
#14195=CARTESIAN_POINT('',(3.4,-5.3,4.48));
#14196=DIRECTION('',(0.0,0.0,1.0));
#14197=DIRECTION('',(1.0,0.0,0.0));
#14198=DIRECTION('',(-3.61400724161835E-16,1.0,-0.0));
#14199=CARTESIAN_POINT('',(3.2,4.3,4.48));
#14200=DIRECTION('',(0.0,0.0,1.0));
#14201=DIRECTION('',(-1.0,0.0,0.0));
#14202=DIRECTION('',(-1.0,-1.35525271560688E-16,-0.0));
#14203=CARTESIAN_POINT('',(-3.2,4.3,4.48));
#14204=DIRECTION('',(0.0,0.0,1.0));
#14205=DIRECTION('',(1.0,0.0,0.0));
#14206=DIRECTION('',(0.0,-1.0,0.0));
#14207=CARTESIAN_POINT('',(-3.4,-5.3,4.48));
#14208=DIRECTION('',(0.0,0.0,1.0));
#14209=DIRECTION('',(1.0,0.0,0.0));
#14210=CARTESIAN_POINT('',(-1.25,-6.3,4.48));
#14211=DIRECTION('',(0.0,0.0,1.0));
#14212=DIRECTION('',(-1.0,0.0,0.0));
#14213=CARTESIAN_POINT('',(3.00000000000003,-4.19999999999998,4.48));
#14214=DIRECTION('',(4.54231193257699E-46,-6.9825721436004E-32,1.0));
#14215=DIRECTION('',(-1.0,-6.50521303491302E-15,0.0));
#14216=CARTESIAN_POINT('',(2.93284602333188E-14,-4.2,4.48));
#14217=DIRECTION('',(0.0,0.0,1.0));
#14218=DIRECTION('',(-1.0,-6.67201336914156E-15,0.0));
#14219=CARTESIAN_POINT('',(-2.99999999999997,-4.20000000000002,4.48));
#14220=DIRECTION('',(0.0,0.0,1.0));
#14221=DIRECTION('',(1.0,0.0,0.0));
#14222=CARTESIAN_POINT('',(-3.0,4.2,4.48));
#14223=DIRECTION('',(0.0,-0.0,1.0));
#14224=DIRECTION('',(1.0,0.0,0.0));
#14225=CARTESIAN_POINT('',(0.0,4.2,4.48));
#14226=DIRECTION('',(0.0,-0.0,1.0));
#14227=DIRECTION('',(1.0,0.0,0.0));
#14228=CARTESIAN_POINT('',(3.0,4.2,4.48));
#14229=DIRECTION('',(0.0,0.0,1.0));
#14230=DIRECTION('',(1.0,0.0,0.0));
#14231=CARTESIAN_POINT('',(-1.01132447754699E-15,-8.73716151414501E-16,4.48));
#14232=DIRECTION('',(0.0,0.0,-1.0));
#14233=DIRECTION('',(1.0,0.0,0.0));
#14234=DIRECTION('',(-0.0,-0.0,-1.0));
#14235=DIRECTION('',(-0.0,-0.0,-1.0));
#14236=DIRECTION('',(0.0,-1.0,0.0));
#14237=DIRECTION('',(-0.0,-0.0,-1.0));
#14238=DIRECTION('',(-0.0,-0.0,-1.0));
#14239=DIRECTION('',(-3.61400724161835E-16,1.0,0.0));
#14240=DIRECTION('',(-0.0,-0.0,-1.0));
#14241=CARTESIAN_POINT('',(3.2,4.3,0.0));
#14242=DIRECTION('',(0.0,0.0,1.0));
#14243=DIRECTION('',(-1.0,0.0,0.0));
#14244=DIRECTION('',(-0.0,-0.0,-1.0));
#14245=DIRECTION('',(-1.0,-1.35525271560688E-16,-0.0));
#14246=DIRECTION('',(-0.0,-0.0,-1.0));
#14247=DIRECTION('',(1.0,-0.0,-0.0));
#14248=DIRECTION('',(-0.0,-0.0,-1.0));
#14249=CARTESIAN_POINT('',(3.1,4.1,3.79470760369927E-16));
#14250=DIRECTION('',(0.0,-0.0,1.0));
#14251=DIRECTION('',(3.61400724161835E-15,1.0,0.0));
#14252=DIRECTION('',(1.0,-8.32667268468867E-17,2.77555756156289E-17));
#14253=DIRECTION('',(0.0,-1.0,0.0));
#14254=DIRECTION('',(3.61400724161835E-16,-1.0,0.0));
#14255=DIRECTION('',(0.0,1.0,0.0));
#14256=DIRECTION('',(-0.0,-0.0,-1.0));
#14257=DIRECTION('',(0.0,-1.0,0.0));
#14258=DIRECTION('',(-0.0,1.0,-0.0));
#14259=DIRECTION('',(-0.0,1.0,-0.0));
#14260=DIRECTION('',(-0.0,-0.0,-1.0));
#14261=DIRECTION('',(-1.0,0.0,0.0));
#14262=DIRECTION('',(-1.0,0.0,0.0));
#14263=DIRECTION('',(0.0,-1.0,0.0));
#14264=DIRECTION('',(0.0,-1.0,0.0));
#14265=DIRECTION('',(-0.0,-0.0,-1.0));
#14266=DIRECTION('',(1.0,-2.16840434497101E-16,-0.0));
#14267=DIRECTION('',(1.0,-2.16840434497101E-16,-0.0));
#14268=DIRECTION('',(-0.0,-0.0,-1.0));
#14269=DIRECTION('',(0.0,-1.0,0.0));
#14270=DIRECTION('',(-0.0,1.0,-0.0));
#14271=DIRECTION('',(-0.0,-1.0,-0.0));
#14272=DIRECTION('',(-3.61400724161835E-16,1.0,-0.0));
#14273=CARTESIAN_POINT('',(3.0,4.2,5.98));
#14274=DIRECTION('',(0.0,0.0,-1.0));
#14275=DIRECTION('',(-1.0,0.0,0.0));
#14276=CARTESIAN_POINT('',(3.0,4.2,5.98));
#14277=DIRECTION('',(0.0,0.0,-1.0));
#14278=DIRECTION('',(-1.0,0.0,0.0));
#14279=CARTESIAN_POINT('',(3.0,4.2,5.08));
#14280=DIRECTION('',(0.0,0.0,-1.0));
#14281=DIRECTION('',(-1.0,0.0,0.0));
#14282=CARTESIAN_POINT('',(-3.0,4.2,5.98));
#14283=DIRECTION('',(0.0,-0.0,1.0));
#14284=DIRECTION('',(1.0,0.0,0.0));
#14285=CARTESIAN_POINT('',(-3.0,4.2,5.98));
#14286=DIRECTION('',(0.0,-0.0,1.0));
#14287=DIRECTION('',(1.0,0.0,0.0));
#14288=CARTESIAN_POINT('',(-3.0,4.2,5.08));
#14289=DIRECTION('',(0.0,-0.0,1.0));
#14290=DIRECTION('',(1.0,0.0,0.0));
#14291=CARTESIAN_POINT('',(0.0,4.2,6.3));
#14292=DIRECTION('',(0.0,-0.0,1.0));
#14293=DIRECTION('',(1.0,0.0,0.0));
#14294=CARTESIAN_POINT('',(0.0,4.2,5.5));
#14295=DIRECTION('',(0.0,-0.0,1.0));
#14296=DIRECTION('',(1.0,0.0,0.0));
#14297=CARTESIAN_POINT('',(-2.99999999999997,-4.20000000000002,5.98));
#14298=DIRECTION('',(0.0,0.0,-1.0));
#14299=DIRECTION('',(1.0,6.93889390390725E-15,0.0));
#14300=CARTESIAN_POINT('',(-2.99999999999997,-4.20000000000002,5.98));
#14301=DIRECTION('',(0.0,0.0,-1.0));
#14302=DIRECTION('',(1.0,7.2280144832367E-15,0.0));
#14303=CARTESIAN_POINT('',(-2.99999999999997,-4.20000000000002,5.08));
#14304=DIRECTION('',(0.0,0.0,-1.0));
#14305=DIRECTION('',(1.0,7.4043075194132E-15,0.0));
#14306=CARTESIAN_POINT('',(3.00000000000003,-4.19999999999998,5.98));
#14307=DIRECTION('',(4.4696390649373E-47,-6.4414287447463E-33,1.0));
#14308=DIRECTION('',(-1.0,-6.93889390390725E-15,-9.72346137165806E-63));
#14309=CARTESIAN_POINT('',(3.00000000000003,-4.19999999999998,5.98));
#14310=DIRECTION('',(-2.58869650128289E-46,3.58147663827546E-32,1.0));
#14311=DIRECTION('',(-1.0,-7.2280144832367E-15,0.0));
#14312=CARTESIAN_POINT('',(3.00000000000003,-4.19999999999998,5.08));
#14313=DIRECTION('',(4.54231193257699E-46,-6.9825721436004E-32,1.0));
#14314=DIRECTION('',(-1.0,-6.50521303491302E-15,0.0));
#14315=CARTESIAN_POINT('',(2.93284602333188E-14,-4.2,6.3));
#14316=DIRECTION('',(0.0,0.0,1.0));
#14317=DIRECTION('',(-1.0,-7.96401112561657E-15,0.0));
#14318=CARTESIAN_POINT('',(2.93284602333188E-14,-4.2,5.5));
#14319=DIRECTION('',(0.0,0.0,1.0));
#14320=DIRECTION('',(-1.0,-6.67201336914156E-15,0.0));
#14321=CARTESIAN_POINT('',(-1.25,-6.3,4.05));
#14322=DIRECTION('',(0.0,0.0,-1.0));
#14323=DIRECTION('',(1.0,0.0,0.0));
#14324=CARTESIAN_POINT('',(1.25,-6.3,4.05));
#14325=DIRECTION('',(0.0,0.0,-1.0));
#14326=DIRECTION('',(1.0,0.0,0.0));
#14327=DIRECTION('',(-2.25742070881023E-16,-1.95025926655023E-16,1.0));
#14328=CARTESIAN_POINT('',(1.46732346072665E-15,1.26766852325765E-15,-6.5));
#14329=DIRECTION('',(-2.89120579329468E-16,-1.95025926655022E-16,1.0));
#14330=DIRECTION('',(-1.0,6.93889390390723E-18,-2.89120579329468E-16));
#14331=DIRECTION('',(-2.25742070881023E-16,-1.95025926655023E-16,1.0));
#14332=DIRECTION('',(-2.25742070881023E-16,-1.95025926655023E-16,1.0));
#14333=DIRECTION('',(-2.25742070881023E-16,-1.95025926655023E-16,1.0));
#14334=CARTESIAN_POINT('',(1.46732346072665E-15,1.26766852325765E-15,-6.5));
#14335=DIRECTION('',(-2.89120579329468E-16,-1.95025926655022E-16,1.0));
#14336=DIRECTION('',(-1.0,6.93889390390723E-18,-2.89120579329468E-16));
#14337=CARTESIAN_POINT('',(3.04751795689382E-15,2.6328500098428E-15,-13.5));
#14338=DIRECTION('',(1.35326421357038E-33,1.95025926655023E-16,-1.0));
#14339=DIRECTION('',(-1.0,6.93889390390718E-18,0.0));
#14340=CARTESIAN_POINT('',(2.97979533562951E-15,2.5743422318463E-15,-13.2));
#14341=DIRECTION('',(-1.3532642135704E-33,-1.95025926655022E-16,1.0));
#14342=DIRECTION('',(-1.0,6.93889390390723E-18,0.0));
#14343=CARTESIAN_POINT('',(2.97979533562951E-15,2.5743422318463E-15,-13.2));
#14344=DIRECTION('',(-1.3532642135704E-33,-1.95025926655022E-16,1.0));
#14345=DIRECTION('',(-1.0,6.93889390390723E-18,0.0));
#14346=CARTESIAN_POINT('',(2.97979533562951E-15,2.5743422318463E-15,-13.2));
#14347=DIRECTION('',(-1.3532642135704E-33,-1.95025926655022E-16,1.0));
#14348=DIRECTION('',(-1.0,6.93889390390723E-18,0.0));
#14349=CARTESIAN_POINT('',(2.97979533562951E-15,2.5743422318463E-15,-13.2));
#14350=DIRECTION('',(-1.3532642135704E-33,-1.95025926655022E-16,1.0));
#14351=DIRECTION('',(-1.0,6.93889390390723E-18,0.0));
#14352=CARTESIAN_POINT('',(2.97979533562951E-15,2.5743422318463E-15,-13.2));
#14353=DIRECTION('',(-1.3532642135704E-33,-1.95025926655022E-16,1.0));
#14354=DIRECTION('',(-1.0,6.93889390390723E-18,0.0));
#14355=CARTESIAN_POINT('',(2.97979533562951E-15,2.5743422318463E-15,-13.2));
#14356=DIRECTION('',(-1.3532642135704E-33,-1.95025926655022E-16,1.0));
#14357=DIRECTION('',(-1.0,6.93889390390723E-18,0.0));
#14358=CARTESIAN_POINT('',(2.97979533562951E-15,2.5743422318463E-15,-13.2));
#14359=DIRECTION('',(-1.3532642135704E-33,-1.95025926655022E-16,1.0));
#14360=DIRECTION('',(-1.0,6.93889390390723E-18,0.0));
#14361=CARTESIAN_POINT('',(2.97979533562951E-15,2.5743422318463E-15,-13.2));
#14362=DIRECTION('',(-1.3532642135704E-33,-1.95025926655022E-16,1.0));
#14363=DIRECTION('',(-1.0,6.93889390390723E-18,0.0));
#14364=CARTESIAN_POINT('',(2.97979533562951E-15,2.5743422318463E-15,-13.2));
#14365=DIRECTION('',(-1.3532642135704E-33,-1.95025926655022E-16,1.0));
#14366=DIRECTION('',(-1.0,6.93889390390723E-18,0.0));
#14367=DIRECTION('',(-2.25742070881023E-16,-1.95025926655023E-16,1.0));
#14368=CARTESIAN_POINT('',(1.46732346072665E-15,1.26766852325765E-15,-6.5));
#14369=DIRECTION('',(-2.89120579329468E-16,-1.95025926655022E-16,1.0));
#14370=DIRECTION('',(-1.0,6.93889390390723E-18,-2.89120579329468E-16));
#14371=DIRECTION('',(-2.25742070881023E-16,-1.95025926655023E-16,1.0));
#14372=DIRECTION('',(-2.25742070881023E-16,-1.95025926655023E-16,1.0));
#14373=CARTESIAN_POINT('',(1.46732346072665E-15,1.26766852325765E-15,-6.5));
#14374=DIRECTION('',(-2.89120579329468E-16,-1.95025926655022E-16,1.0));
#14375=DIRECTION('',(-1.0,6.93889390390723E-18,-2.89120579329468E-16));
#14376=DIRECTION('',(-2.25742070881023E-16,-1.95025926655023E-16,1.0));
#14377=DIRECTION('',(-2.25742070881023E-16,-1.95025926655023E-16,1.0));
#14378=CARTESIAN_POINT('',(1.46732346072665E-15,1.26766852325765E-15,-6.5));
#14379=DIRECTION('',(-2.89120579329468E-16,-1.95025926655022E-16,1.0));
#14380=DIRECTION('',(-1.0,6.93889390390723E-18,-2.89120579329468E-16));
#14381=DIRECTION('',(-2.25742070881023E-16,-1.95025926655023E-16,1.0));
#14382=DIRECTION('',(-2.25742070881023E-16,-1.95025926655023E-16,1.0));
#14383=CARTESIAN_POINT('',(1.46732346072665E-15,1.26766852325765E-15,-6.5));
#14384=DIRECTION('',(-2.89120579329468E-16,-1.95025926655022E-16,1.0));
#14385=DIRECTION('',(-1.0,6.93889390390723E-18,-2.89120579329468E-16));
#14386=DIRECTION('',(-2.25742070881023E-16,-1.95025926655023E-16,1.0));
#14387=DIRECTION('',(-2.25742070881023E-16,-1.95025926655023E-16,1.0));
#14388=CARTESIAN_POINT('',(1.46732346072665E-15,1.26766852325765E-15,-6.5));
#14389=DIRECTION('',(-2.89120579329468E-16,-1.95025926655022E-16,1.0));
#14390=DIRECTION('',(-1.0,6.93889390390723E-18,-2.89120579329468E-16));
#14391=DIRECTION('',(-2.25742070881023E-16,-1.95025926655023E-16,1.0));
#14392=DIRECTION('',(-2.25742070881023E-16,-1.95025926655023E-16,1.0));
#14393=CARTESIAN_POINT('',(1.46732346072665E-15,1.26766852325765E-15,-6.5));
#14394=DIRECTION('',(-2.89120579329468E-16,-1.95025926655022E-16,1.0));
#14395=DIRECTION('',(-1.0,6.93889390390723E-18,-2.89120579329468E-16));
#14396=DIRECTION('',(-2.25742070881023E-16,-1.95025926655023E-16,1.0));
#14397=DIRECTION('',(-2.25742070881023E-16,-1.95025926655023E-16,1.0));
#14398=CARTESIAN_POINT('',(1.46732346072665E-15,1.26766852325765E-15,-6.5));
#14399=DIRECTION('',(-2.89120579329468E-16,-1.95025926655022E-16,1.0));
#14400=DIRECTION('',(-1.0,6.93889390390723E-18,-2.89120579329468E-16));
#14401=DIRECTION('',(-2.25742070881023E-16,-1.95025926655023E-16,1.0));
#14402=DIRECTION('',(-2.25742070881023E-16,-1.95025926655023E-16,1.0));
#14403=CARTESIAN_POINT('',(1.46732346072665E-15,1.26766852325765E-15,-6.5));
#14404=DIRECTION('',(-2.89120579329468E-16,-1.95025926655022E-16,1.0));
#14405=DIRECTION('',(-1.0,6.93889390390723E-18,-2.89120579329468E-16));
#14406=DIRECTION('',(-2.25742070881023E-16,-1.95025926655023E-16,1.0));
#14407=DIRECTION('',(-2.25742070881023E-16,-1.95025926655023E-16,1.0));
#14408=CARTESIAN_POINT('',(1.46732346072665E-15,1.26766852325765E-15,-6.5));
#14409=DIRECTION('',(-2.89120579329468E-16,-1.95025926655022E-16,1.0));
#14410=DIRECTION('',(-1.0,6.93889390390723E-18,-2.89120579329468E-16));
#14411=DIRECTION('',(-2.25742070881023E-16,-1.95025926655023E-16,1.0));
#14412=DIRECTION('',(-2.25742070881023E-16,-1.95025926655023E-16,1.0));
#14413=CARTESIAN_POINT('',(1.46732346072665E-15,1.26766852325765E-15,-6.5));
#14414=DIRECTION('',(-2.89120579329468E-16,-1.95025926655022E-16,1.0));
#14415=DIRECTION('',(-1.0,6.93889390390723E-18,-2.89120579329468E-16));
#14416=DIRECTION('',(-2.25742070881023E-16,-1.95025926655023E-16,1.0));
#14417=DIRECTION('',(-2.25742070881023E-16,-1.95025926655023E-16,1.0));
#14418=CARTESIAN_POINT('',(1.46732346072665E-15,1.26766852325765E-15,-6.5));
#14419=DIRECTION('',(-2.89120579329468E-16,-1.95025926655022E-16,1.0));
#14420=DIRECTION('',(-1.0,6.93889390390723E-18,-2.89120579329468E-16));
#14421=DIRECTION('',(-2.25742070881023E-16,-1.95025926655023E-16,1.0));
#14422=DIRECTION('',(-2.25742070881023E-16,-1.95025926655023E-16,1.0));
#14423=CARTESIAN_POINT('',(1.46732346072665E-15,1.26766852325765E-15,-6.5));
#14424=DIRECTION('',(-2.89120579329468E-16,-1.95025926655022E-16,1.0));
#14425=DIRECTION('',(-1.0,6.93889390390723E-18,-2.89120579329468E-16));
#14426=DIRECTION('',(-2.25742070881023E-16,-1.95025926655023E-16,1.0));
#14427=DIRECTION('',(-2.25742070881023E-16,-1.95025926655023E-16,1.0));
#14428=CARTESIAN_POINT('',(1.46732346072665E-15,1.26766852325765E-15,-6.5));
#14429=DIRECTION('',(-2.89120579329468E-16,-1.95025926655022E-16,1.0));
#14430=DIRECTION('',(-1.0,6.93889390390723E-18,-2.89120579329468E-16));
#14431=DIRECTION('',(-2.25742070881023E-16,-1.95025926655023E-16,1.0));
#14432=DIRECTION('',(-2.25742070881023E-16,-1.95025926655023E-16,1.0));
#14433=CARTESIAN_POINT('',(1.46732346072665E-15,1.26766852325765E-15,-6.5));
#14434=DIRECTION('',(-2.89120579329468E-16,-1.95025926655022E-16,1.0));
#14435=DIRECTION('',(-1.0,6.93889390390723E-18,-2.89120579329468E-16));
#14436=DIRECTION('',(-2.25742070881023E-16,-1.95025926655023E-16,1.0));
#14437=DIRECTION('',(-2.25742070881023E-16,-1.95025926655023E-16,1.0));
#14438=CARTESIAN_POINT('',(1.46732346072665E-15,1.26766852325765E-15,-6.5));
#14439=DIRECTION('',(-2.89120579329468E-16,-1.95025926655022E-16,1.0));
#14440=DIRECTION('',(-1.0,6.93889390390723E-18,-2.89120579329468E-16));
#14441=DIRECTION('',(-2.25742070881023E-16,-1.95025926655023E-16,1.0));
#14442=DIRECTION('',(-2.25742070881023E-16,-1.95025926655023E-16,1.0));
#14443=CARTESIAN_POINT('',(1.46732346072665E-15,1.26766852325765E-15,-6.5));
#14444=DIRECTION('',(-2.89120579329468E-16,-1.95025926655022E-16,1.0));
#14445=DIRECTION('',(-1.0,6.93889390390723E-18,-2.89120579329468E-16));
#14446=DIRECTION('',(-2.25742070881023E-16,-1.95025926655023E-16,1.0));
#14447=DIRECTION('',(-2.25742070881023E-16,-1.95025926655023E-16,1.0));
#14448=CARTESIAN_POINT('',(1.46732346072665E-15,1.26766852325765E-15,-6.5));
#14449=DIRECTION('',(-2.89120579329468E-16,-1.95025926655022E-16,1.0));
#14450=DIRECTION('',(-1.0,6.93889390390723E-18,-2.89120579329468E-16));
#14451=DIRECTION('',(-2.25742070881023E-16,-1.95025926655023E-16,1.0));
#14452=DIRECTION('',(-2.25742070881023E-16,-1.95025926655023E-16,1.0));
#14453=CARTESIAN_POINT('',(2.37029174425075E-15,2.04777222987774E-15,-10.5));
#14454=DIRECTION('',(-1.3532642135704E-33,-1.95025926655022E-16,1.0));
#14455=DIRECTION('',(-1.0,6.93889390390723E-18,0.0));
#14456=DIRECTION('',(-2.25742070881023E-16,-1.95025926655023E-16,1.0));
#14457=CARTESIAN_POINT('',(1.46732346072665E-15,1.26766852325765E-15,-6.5));
#14458=DIRECTION('',(-2.89120579329468E-16,-1.95025926655022E-16,1.0));
#14459=DIRECTION('',(-1.0,6.93889390390723E-18,-2.89120579329468E-16));
#14460=DIRECTION('',(-2.25742070881023E-16,-1.95025926655023E-16,1.0));
#14461=CARTESIAN_POINT('',(2.37029174425075E-15,2.04777222987774E-15,-10.5));
#14462=DIRECTION('',(-1.3532642135704E-33,-1.95025926655022E-16,1.0));
#14463=DIRECTION('',(-1.0,6.93889390390723E-18,0.0));
#14464=DIRECTION('',(-2.25742070881023E-16,-1.95025926655023E-16,1.0));
#14465=CARTESIAN_POINT('',(1.46732346072665E-15,1.26766852325765E-15,-6.5));
#14466=DIRECTION('',(-2.89120579329468E-16,-1.95025926655022E-16,1.0));
#14467=DIRECTION('',(-1.0,6.93889390390723E-18,-2.89120579329468E-16));
#14468=DIRECTION('',(-2.25742070881023E-16,-1.95025926655023E-16,1.0));
#14469=CARTESIAN_POINT('',(1.46732346072665E-15,1.26766852325765E-15,-6.5));
#14470=DIRECTION('',(-2.89120579329468E-16,-1.95025926655022E-16,1.0));
#14471=DIRECTION('',(-1.0,6.93889390390723E-18,-2.89120579329468E-16));
#14472=DIRECTION('',(-2.25742070881023E-16,-1.95025926655023E-16,1.0));
#14473=DIRECTION('',(-2.25742070881023E-16,-1.95025926655023E-16,1.0));
#14474=CARTESIAN_POINT('',(1.46732346072665E-15,1.26766852325765E-15,-6.5));
#14475=DIRECTION('',(-2.89120579329468E-16,-1.95025926655022E-16,1.0));
#14476=DIRECTION('',(-1.0,6.93889390390723E-18,-2.89120579329468E-16));
#14477=DIRECTION('',(-2.25742070881023E-16,-1.95025926655023E-16,1.0));
#14478=DIRECTION('',(-2.25742070881023E-16,-1.95025926655023E-16,1.0));
#14479=CARTESIAN_POINT('',(1.46732346072665E-15,1.26766852325765E-15,-6.5));
#14480=DIRECTION('',(-2.89120579329468E-16,-1.95025926655022E-16,1.0));
#14481=DIRECTION('',(-1.0,6.93889390390723E-18,-2.89120579329468E-16));
#14482=DIRECTION('',(-2.25742070881023E-16,-1.95025926655023E-16,1.0));
#14483=DIRECTION('',(-2.25742070881023E-16,-1.95025926655023E-16,1.0));
#14484=CARTESIAN_POINT('',(1.46732346072665E-15,1.26766852325765E-15,-6.5));
#14485=DIRECTION('',(-2.89120579329468E-16,-1.95025926655022E-16,1.0));
#14486=DIRECTION('',(-1.0,6.93889390390723E-18,-2.89120579329468E-16));
#14487=DIRECTION('',(-2.25742070881023E-16,-1.95025926655023E-16,1.0));
#14488=DIRECTION('',(-2.25742070881023E-16,-1.95025926655023E-16,1.0));
#14489=CARTESIAN_POINT('',(1.46732346072665E-15,1.26766852325765E-15,-6.5));
#14490=DIRECTION('',(-2.89120579329468E-16,-1.95025926655022E-16,1.0));
#14491=DIRECTION('',(-1.0,6.93889390390723E-18,-2.89120579329468E-16));
#14492=DIRECTION('',(-2.25742070881023E-16,-1.95025926655023E-16,1.0));
#14493=DIRECTION('',(-2.25742070881023E-16,-1.95025926655023E-16,1.0));
#14494=CARTESIAN_POINT('',(1.46732346072665E-15,1.26766852325765E-15,-6.5));
#14495=DIRECTION('',(-2.89120579329468E-16,-1.95025926655022E-16,1.0));
#14496=DIRECTION('',(-1.0,6.93889390390723E-18,-2.89120579329468E-16));
#14497=DIRECTION('',(-2.25742070881023E-16,-1.95025926655023E-16,1.0));
#14498=DIRECTION('',(-2.25742070881023E-16,-1.95025926655023E-16,1.0));
#14499=CARTESIAN_POINT('',(1.46732346072665E-15,1.26766852325765E-15,-6.5));
#14500=DIRECTION('',(-2.89120579329468E-16,-1.95025926655022E-16,1.0));
#14501=DIRECTION('',(-1.0,6.93889390390723E-18,-2.89120579329468E-16));
#14502=DIRECTION('',(-2.25742070881023E-16,-1.95025926655023E-16,1.0));
#14503=DIRECTION('',(-2.25742070881023E-16,-1.95025926655023E-16,1.0));
#14504=CARTESIAN_POINT('',(1.46732346072665E-15,1.26766852325765E-15,-6.5));
#14505=DIRECTION('',(-2.89120579329468E-16,-1.95025926655022E-16,1.0));
#14506=DIRECTION('',(-1.0,6.93889390390723E-18,-2.89120579329468E-16));
#14507=DIRECTION('',(-2.25742070881023E-16,-1.95025926655023E-16,1.0));
#14508=DIRECTION('',(-2.25742070881023E-16,-1.95025926655023E-16,1.0));
#14509=CARTESIAN_POINT('',(1.46732346072665E-15,1.26766852325765E-15,-6.5));
#14510=DIRECTION('',(-2.89120579329468E-16,-1.95025926655022E-16,1.0));
#14511=DIRECTION('',(-1.0,6.93889390390723E-18,-2.89120579329468E-16));
#14512=DIRECTION('',(-2.25742070881023E-16,-1.95025926655023E-16,1.0));
#14513=DIRECTION('',(-2.25742070881023E-16,-1.95025926655023E-16,1.0));
#14514=CARTESIAN_POINT('',(1.46732346072665E-15,1.26766852325765E-15,-6.5));
#14515=DIRECTION('',(-2.89120579329468E-16,-1.95025926655022E-16,1.0));
#14516=DIRECTION('',(-1.0,6.93889390390723E-18,-2.89120579329468E-16));
#14517=DIRECTION('',(-2.25742070881023E-16,-1.95025926655023E-16,1.0));
#14518=DIRECTION('',(-2.25742070881023E-16,-1.95025926655023E-16,1.0));
#14519=CARTESIAN_POINT('',(1.46732346072665E-15,1.26766852325765E-15,-6.5));
#14520=DIRECTION('',(-2.89120579329468E-16,-1.95025926655022E-16,1.0));
#14521=DIRECTION('',(-1.0,6.93889390390723E-18,-2.89120579329468E-16));
#14522=DIRECTION('',(-2.25742070881023E-16,-1.95025926655023E-16,1.0));
#14523=DIRECTION('',(-2.25742070881023E-16,-1.95025926655023E-16,1.0));
#14524=CARTESIAN_POINT('',(1.46732346072665E-15,1.26766852325765E-15,-6.5));
#14525=DIRECTION('',(-2.89120579329468E-16,-1.95025926655022E-16,1.0));
#14526=DIRECTION('',(-1.0,6.93889390390723E-18,-2.89120579329468E-16));
#14527=DIRECTION('',(-2.25742070881023E-16,-1.95025926655023E-16,1.0));
#14528=DIRECTION('',(-2.25742070881023E-16,-1.95025926655023E-16,1.0));
#14529=CARTESIAN_POINT('',(1.46732346072665E-15,1.26766852325765E-15,-6.5));
#14530=DIRECTION('',(-2.89120579329468E-16,-1.95025926655022E-16,1.0));
#14531=DIRECTION('',(-1.0,6.93889390390723E-18,-2.89120579329468E-16));
#14532=DIRECTION('',(-2.25742070881023E-16,-1.95025926655023E-16,1.0));
#14533=DIRECTION('',(-2.25742070881023E-16,-1.95025926655023E-16,1.0));
#14534=CARTESIAN_POINT('',(1.46732346072665E-15,1.26766852325765E-15,-6.5));
#14535=DIRECTION('',(-2.89120579329468E-16,-1.95025926655022E-16,1.0));
#14536=DIRECTION('',(-1.0,6.93889390390723E-18,-2.89120579329468E-16));
#14537=DIRECTION('',(-2.25742070881023E-16,-1.95025926655023E-16,1.0));
#14538=DIRECTION('',(-2.25742070881023E-16,-1.95025926655023E-16,1.0));
#14539=CARTESIAN_POINT('',(1.46732346072665E-15,1.26766852325765E-15,-6.5));
#14540=DIRECTION('',(-2.89120579329468E-16,-1.95025926655022E-16,1.0));
#14541=DIRECTION('',(-1.0,6.93889390390723E-18,-2.89120579329468E-16));
#14542=DIRECTION('',(-2.25742070881023E-16,-1.95025926655023E-16,1.0));
#14543=DIRECTION('',(-2.25742070881023E-16,-1.95025926655023E-16,1.0));
#14544=CARTESIAN_POINT('',(1.46732346072665E-15,1.26766852325765E-15,-6.5));
#14545=DIRECTION('',(-2.89120579329468E-16,-1.95025926655022E-16,1.0));
#14546=DIRECTION('',(-1.0,6.93889390390723E-18,-2.89120579329468E-16));
#14547=DIRECTION('',(-2.25742070881023E-16,-1.95025926655023E-16,1.0));
#14548=DIRECTION('',(-2.25742070881023E-16,-1.95025926655023E-16,1.0));
#14549=CARTESIAN_POINT('',(1.46732346072665E-15,1.26766852325765E-15,-6.5));
#14550=DIRECTION('',(-2.89120579329468E-16,-1.95025926655022E-16,1.0));
#14551=DIRECTION('',(-1.0,6.93889390390723E-18,-2.89120579329468E-16));
#14552=DIRECTION('',(-2.25742070881023E-16,-1.95025926655023E-16,1.0));
#14553=DIRECTION('',(-2.25742070881023E-16,-1.95025926655023E-16,1.0));
#14554=CARTESIAN_POINT('',(1.46732346072665E-15,1.26766852325765E-15,-6.5));
#14555=DIRECTION('',(-2.89120579329468E-16,-1.95025926655022E-16,1.0));
#14556=DIRECTION('',(-1.0,6.93889390390723E-18,-2.89120579329468E-16));
#14557=DIRECTION('',(-2.25742070881023E-16,-1.95025926655023E-16,1.0));
#14558=DIRECTION('',(-2.25742070881023E-16,-1.95025926655023E-16,1.0));
#14559=CARTESIAN_POINT('',(1.46732346072665E-15,1.26766852325765E-15,-6.5));
#14560=DIRECTION('',(-2.89120579329468E-16,-1.95025926655022E-16,1.0));
#14561=DIRECTION('',(-1.0,6.93889390390723E-18,-2.89120579329468E-16));
#14562=DIRECTION('',(-2.25742070881023E-16,-1.95025926655023E-16,1.0));
#14563=CARTESIAN_POINT('',(2.9346469214533E-16,2.53533704651529E-16,-1.3));
#14564=DIRECTION('',(-2.12936596887497E-16,-1.95025926655023E-16,1.0));
#14565=DIRECTION('',(-1.0,6.93889390390723E-18,-2.12936596887497E-16));
#14566=CARTESIAN_POINT('',(2.70890485057228E-16,2.34031111986027E-16,-1.2));
#14567=DIRECTION('',(0.0,0.0,1.0));
#14568=DIRECTION('',(-1.0,0.0,0.0));
#14569=CARTESIAN_POINT('',(3.38613106321535E-16,2.92538889982534E-16,-1.5));
#14570=DIRECTION('',(-2.15048364790513E-16,-1.95025926655023E-16,1.0));
#14571=DIRECTION('',(-1.0,6.93889390390723E-18,-2.15048364790513E-16));
#14572=CARTESIAN_POINT('',(1.46732346072665E-15,1.26766852325765E-15,-6.5));
#14573=DIRECTION('',(-2.86731153054018E-16,-1.95025926655023E-16,1.0));
#14574=DIRECTION('',(-1.0,6.93889390390723E-18,-2.86731153054018E-16));
#14575=DIRECTION('',(0.587785252292474,0.809016994374946,2.90467149093463E-16));
#14576=DIRECTION('',(0.809016994374949,-0.587785252292471,6.79958081856468E-17));
#14577=DIRECTION('',(0.453990499739548,0.891006524188367,2.76254128607023E-16));
#14578=DIRECTION('',(0.891006524188369,-0.453990499739545,1.12597740034504E-16));
#14579=DIRECTION('',(0.309016994374948,0.951056516295153,2.5523881463939E-16));
#14580=DIRECTION('',(0.951056516295154,-0.309016994374945,1.54427141833236E-16));
#14581=DIRECTION('',(0.156434465040231,0.987688340595138,2.27938673966275E-16));
#14582=DIRECTION('',(0.987688340595138,-0.156434465040228,1.92454034885735E-16));
#14583=DIRECTION('',(2.28983498828938E-16,1.0,1.95025926655023E-16));
#14584=DIRECTION('',(1.0,3.43475248243408E-15,2.25742070881024E-16));
#14585=DIRECTION('',(-0.156434465040231,0.987688340595138,1.57310993775581E-16));
#14586=DIRECTION('',(0.987688340595137,0.156434465040235,2.53471587896242E-16));
#14587=DIRECTION('',(-0.309016994374948,0.951056516295153,1.1572254214413E-16));
#14588=DIRECTION('',(0.951056516295152,0.309016994374951,2.74959793193484E-16));
#14589=DIRECTION('',(-0.453990499739548,0.891006524188367,7.12846174639909E-17));
#14590=DIRECTION('',(0.891006524188366,0.453990499739551,2.89677575843067E-16));
#14591=DIRECTION('',(-0.587785252292474,0.809016994374947,2.50914289218071E-17));
#14592=DIRECTION('',(0.809016994374944,0.587785252292477,2.97262535190638E-16));
#14593=DIRECTION('',(-0.707106781186549,0.707106781186546,-2.17195938741097E-17));
#14594=DIRECTION('',(0.707106781186544,0.707106781186551,2.97527904364022E-16));
#14595=DIRECTION('',(-0.809016994374949,0.587785252292471,-6.79958081856467E-17));
#14596=DIRECTION('',(0.587785252292469,0.809016994374951,2.90467149093462E-16));
#14597=DIRECTION('',(-0.891006524188369,0.453990499739545,-1.12597740034504E-16));
#14598=DIRECTION('',(0.453990499739541,0.891006524188371,2.76254128607022E-16));
#14599=DIRECTION('',(-0.951056516295155,0.309016994374945,-1.54427141833236E-16));
#14600=DIRECTION('',(0.309016994374941,0.951056516295156,2.55238814639389E-16));
#14601=DIRECTION('',(-0.987688340595138,0.156434465040228,-1.92454034885735E-16));
#14602=DIRECTION('',(0.156434465040225,0.987688340595139,2.27938673966274E-16));
#14603=DIRECTION('',(-1.0,-3.37924133120282E-15,-2.25742070881024E-16));
#14604=DIRECTION('',(-6.98746616123458E-15,1.0,1.95025926655021E-16));
#14605=DIRECTION('',(-0.987688340595137,-0.156434465040235,-2.53471587896242E-16));
#14606=DIRECTION('',(-0.156434465040238,0.987688340595137,1.5731099377558E-16));
#14607=DIRECTION('',(-0.951056516295152,-0.309016994374951,-2.74959793193484E-16));
#14608=DIRECTION('',(-0.309016994374955,0.951056516295151,1.15722542144127E-16));
#14609=DIRECTION('',(-0.891006524188366,-0.453990499739551,-2.89677575843067E-16));
#14610=DIRECTION('',(-0.453990499739554,0.891006524188364,7.12846174639887E-17));
#14611=DIRECTION('',(-0.809016994374945,-0.587785252292477,-2.97262535190638E-16));
#14612=DIRECTION('',(-0.58778525229248,0.809016994374943,2.50914289218051E-17));
#14613=DIRECTION('',(-0.707106781186544,-0.707106781186551,-2.97527904364022E-16));
#14614=DIRECTION('',(-0.707106781186554,0.707106781186541,-2.17195938741118E-17));
#14615=DIRECTION('',(-0.587785252292469,-0.809016994374951,-2.90467149093463E-16));
#14616=DIRECTION('',(-0.809016994374953,0.587785252292466,-6.79958081856488E-17));
#14617=DIRECTION('',(-0.453990499739542,-0.891006524188371,-2.76254128607022E-16));
#14618=DIRECTION('',(-0.891006524188372,0.453990499739538,-1.12597740034506E-16));
#14619=DIRECTION('',(-0.309016994374941,-0.951056516295156,-2.55238814639389E-16));
#14620=DIRECTION('',(-0.951056516295157,0.309016994374938,-1.54427141833238E-16));
#14621=DIRECTION('',(-0.156434465040224,-0.987688340595139,-2.27938673966274E-16));
#14622=DIRECTION('',(-0.987688340595139,0.156434465040221,-1.92454034885737E-16));
#14623=DIRECTION('',(6.76542155630955E-15,-1.0,-1.95025926655021E-16));
#14624=DIRECTION('',(-1.0,-1.04291575375726E-14,-2.25742070881025E-16));
#14625=DIRECTION('',(0.156434465040239,-0.987688340595137,-1.5731099377558E-16));
#14626=DIRECTION('',(-0.987688340595136,-0.156434465040242,-2.53471587896244E-16));
#14627=DIRECTION('',(0.309016994374955,-0.951056516295151,-1.15722542144127E-16));
#14628=DIRECTION('',(-0.95105651629515,-0.309016994374958,-2.74959793193485E-16));
#14629=DIRECTION('',(0.453990499739554,-0.891006524188364,-7.12846174639889E-17));
#14630=DIRECTION('',(-0.891006524188363,-0.453990499739557,-2.89677575843067E-16));
#14631=DIRECTION('',(0.58778525229248,-0.809016994374942,-2.5091428921805E-17));
#14632=DIRECTION('',(-0.80901699437494,-0.587785252292483,-2.97262535190638E-16));
#14633=DIRECTION('',(0.707106781186554,-0.707106781186541,2.17195938741118E-17));
#14634=DIRECTION('',(-0.707106781186539,-0.707106781186556,-2.97527904364022E-16));
#14635=DIRECTION('',(0.809016994374953,-0.587785252292465,6.79958081856489E-17));
#14636=DIRECTION('',(-0.587785252292463,-0.809016994374955,-2.90467149093462E-16));
#14637=DIRECTION('',(0.891006524188372,-0.453990499739538,1.12597740034506E-16));
#14638=DIRECTION('',(-0.453990499739535,-0.891006524188374,-2.76254128607022E-16));
#14639=DIRECTION('',(0.951056516295157,-0.309016994374939,1.54427141833238E-16));
#14640=DIRECTION('',(-0.309016994374935,-0.951056516295158,-2.55238814639388E-16));
#14641=DIRECTION('',(0.987688340595139,-0.156434465040221,1.92454034885737E-16));
#14642=DIRECTION('',(-0.156434465040217,-0.98768834059514,-2.27938673966272E-16));
#14643=DIRECTION('',(1.0,1.031813523511E-14,2.25742070881025E-16));
#14644=DIRECTION('',(1.39263600651418E-14,-1.0,-1.95025926655019E-16));
#14645=DIRECTION('',(0.987688340595136,0.156434465040242,2.53471587896244E-16));
#14646=DIRECTION('',(0.156434465040246,-0.987688340595135,-1.57310993775578E-16));
#14647=DIRECTION('',(0.95105651629515,0.309016994374958,2.74959793193485E-16));
#14648=DIRECTION('',(0.309016994374962,-0.951056516295149,-1.15722542144126E-16));
#14649=DIRECTION('',(0.891006524188363,0.453990499739557,2.89677575843067E-16));
#14650=DIRECTION('',(0.45399049973956,-0.891006524188361,-7.12846174639869E-17));
#14651=DIRECTION('',(0.80901699437494,0.587785252292483,2.97262535190638E-16));
#14652=DIRECTION('',(0.587785252292486,-0.809016994374938,-2.50914289218029E-17));
#14653=DIRECTION('',(0.707106781186549,0.707106781186546,2.97527904364023E-16));
#14654=DIRECTION('',(0.707106781186549,-0.707106781186546,2.17195938741098E-17));
#14655=DIRECTION('',(2.6140315116904E-16,1.0,1.95025926655023E-16));
#14656=DIRECTION('',(-1.0,6.93889390390723E-18,-2.25742070881023E-16));
#14657=DIRECTION('',(-6.93889390390723E-18,-1.0,-1.95025926655022E-16));
#14658=DIRECTION('',(-2.25742070881023E-16,-1.95025926655023E-16,1.0));
#14659=DIRECTION('',(-2.25742070881023E-16,-1.95025926655023E-16,1.0));
#14660=DIRECTION('',(-2.25742070881023E-16,-1.95025926655023E-16,1.0));
#14661=DIRECTION('',(-2.25742070881023E-16,-1.95025926655023E-16,1.0));
#14662=DIRECTION('',(-2.25742070881023E-16,-1.95025926655023E-16,1.0));
#14663=DIRECTION('',(-2.25742070881023E-16,-1.95025926655023E-16,1.0));
#14664=DIRECTION('',(-2.25742070881023E-16,-1.95025926655023E-16,1.0));
#14665=DIRECTION('',(-2.25742070881023E-16,-1.95025926655023E-16,1.0));
#14666=DIRECTION('',(-2.25742070881023E-16,-1.95025926655023E-16,1.0));
#14667=DIRECTION('',(-2.25742070881023E-16,-1.95025926655023E-16,1.0));
#14668=DIRECTION('',(-2.25742070881023E-16,-1.95025926655023E-16,1.0));
#14669=DIRECTION('',(-2.25742070881023E-16,-1.95025926655023E-16,1.0));
#14670=DIRECTION('',(-2.25742070881023E-16,-1.95025926655023E-16,1.0));
#14671=DIRECTION('',(-2.25742070881023E-16,-1.95025926655023E-16,1.0));
#14672=DIRECTION('',(-2.25742070881023E-16,-1.95025926655023E-16,1.0));
#14673=DIRECTION('',(-2.25742070881023E-16,-1.95025926655023E-16,1.0));
#14674=DIRECTION('',(-2.25742070881023E-16,-1.95025926655023E-16,1.0));
#14675=DIRECTION('',(-2.25742070881023E-16,-1.95025926655023E-16,1.0));
#14676=DIRECTION('',(-2.25742070881023E-16,-1.95025926655023E-16,1.0));
#14677=DIRECTION('',(-2.25742070881023E-16,-1.95025926655023E-16,1.0));
#14678=DIRECTION('',(2.25742070881023E-16,1.95025926655023E-16,-1.0));
#14679=DIRECTION('',(0.58778525229248,-0.809016994374943,-2.50914289218051E-17));
#14680=DIRECTION('',(0.707106781186544,0.707106781186551,2.97527904364022E-16));
#14681=DIRECTION('',(-2.25742070881023E-16,-1.95025926655023E-16,1.0));
#14682=DIRECTION('',(0.707106781186554,-0.707106781186541,2.17195938741118E-17));
#14683=DIRECTION('',(-2.25742070881023E-16,-1.95025926655023E-16,1.0));
#14684=DIRECTION('',(-2.25742070881023E-16,-1.95025926655023E-16,1.0));
#14685=DIRECTION('',(0.587785252292469,0.809016994374951,2.90467149093463E-16));
#14686=DIRECTION('',(-2.25742070881023E-16,-1.95025926655023E-16,1.0));
#14687=DIRECTION('',(-2.25742070881023E-16,-1.95025926655023E-16,1.0));
#14688=DIRECTION('',(-2.25742070881023E-16,-1.95025926655023E-16,1.0));
#14689=DIRECTION('',(-2.25742070881023E-16,-1.95025926655023E-16,1.0));
#14690=DIRECTION('',(-2.25742070881023E-16,-1.95025926655023E-16,1.0));
#14691=DIRECTION('',(-2.25742070881023E-16,-1.95025926655023E-16,1.0));
#14692=DIRECTION('',(-2.25742070881023E-16,-1.95025926655023E-16,1.0));
#14693=DIRECTION('',(-2.25742070881023E-16,-1.95025926655023E-16,1.0));
#14694=DIRECTION('',(-2.25742070881023E-16,-1.95025926655023E-16,1.0));
#14695=DIRECTION('',(-2.25742070881023E-16,-1.95025926655023E-16,1.0));
#14696=DIRECTION('',(-2.25742070881023E-16,-1.95025926655023E-16,1.0));
#14697=DIRECTION('',(-2.25742070881023E-16,-1.95025926655023E-16,1.0));
#14698=DIRECTION('',(-2.25742070881023E-16,-1.95025926655023E-16,1.0));
#14699=DIRECTION('',(-2.25742070881023E-16,-1.95025926655023E-16,1.0));
#14700=DIRECTION('',(-2.25742070881023E-16,-1.95025926655023E-16,1.0));
#14701=DIRECTION('',(-2.25742070881023E-16,-1.95025926655023E-16,1.0));
#14702=DIRECTION('',(-2.25742070881023E-16,-1.95025926655023E-16,1.0));
#14703=DIRECTION('',(-2.25742070881023E-16,-1.95025926655023E-16,1.0));
#14704=DIRECTION('',(2.6140315116904E-16,1.0,1.95025926655023E-16));
#14705=DIRECTION('',(2.25742070881023E-16,1.95025926655023E-16,-1.0));
#14706=DIRECTION('',(-1.0,6.93889390390723E-18,-2.25742070881023E-16));
#14707=DIRECTION('',(2.25742070881023E-16,1.95025926655023E-16,-1.0));
#14708=DIRECTION('',(-6.93889390390723E-18,-1.0,-1.95025926655022E-16));
#14709=CARTESIAN_POINT('',(3.1,-4.1,3.79470760369927E-16));
#14710=DIRECTION('',(0.0,0.0,1.0));
#14711=DIRECTION('',(-1.80700362080917E-15,1.0,0.0));
#14712=DIRECTION('',(-0.0,-1.0,0.0));
#14713=DIRECTION('',(-1.0,-6.39534721476781E-16,-2.77555756156289E-17));
#14714=DIRECTION('',(0.0,1.0,0.0));
#14715=DIRECTION('',(1.0,6.39534721476783E-16,2.77555756156289E-17));
#14716=DIRECTION('',(-0.0,-1.0,0.0));
#14717=CARTESIAN_POINT('',(3.1,4.1,3.79470760369927E-16));
#14718=DIRECTION('',(0.0,0.0,1.0));
#14719=DIRECTION('',(-5.42101086242752E-15,1.0,0.0));
#14720=DIRECTION('',(-1.0,-6.39534721476781E-16,-2.77555756156289E-17));
#14721=CARTESIAN_POINT('',(4.4,-3.8,0.1));
#14722=DIRECTION('',(8.67361737988403E-16,-1.0,2.39800847567747E-32));
#14723=DIRECTION('',(-1.0,-8.67361737988403E-16,-2.71050543121376E-17));
#14724=DIRECTION('',(0.0,0.0,-1.0));
#14725=DIRECTION('',(-1.0,-6.39534721476781E-16,-2.77555756156296E-17));
#14726=DIRECTION('',(0.0,1.05775821705903E-16,-1.0));
#14727=CARTESIAN_POINT('',(4.4,-3.8,0.1));
#14728=DIRECTION('',(0.0,1.0,-2.00617702540337E-32));
#14729=DIRECTION('',(-1.0,0.0,0.0));
#14730=DIRECTION('',(0.0,0.0,-1.0));
#14731=DIRECTION('',(-1.0,-6.39534721476782E-16,-2.77555756156289E-17));
#14732=DIRECTION('',(2.28253088944317E-16,1.0,6.33529586969485E-33));
#14733=DIRECTION('',(1.0,-8.32667268468867E-17,2.77555756156289E-17));
#14734=DIRECTION('',(0.0,1.0,0.0));
#14735=CARTESIAN_POINT('',(-3.1,4.1,-0.4));
#14736=DIRECTION('',(0.0,0.0,-1.0));
#14737=DIRECTION('',(0.0,1.0,0.0));
#14738=DIRECTION('',(1.0,-8.32667268468867E-17,2.77555756156289E-17));
#14739=DIRECTION('',(1.08420217248551E-15,1.0,3.00926553810506E-32));
#14740=DIRECTION('',(1.0,-8.32667268468867E-17,2.77555756156289E-17));
#14741=DIRECTION('',(1.08420217248551E-15,-1.0,3.00926553810506E-32));
#14742=DIRECTION('',(1.0,-8.32667268468867E-17,2.77555756156289E-17));
#14743=CARTESIAN_POINT('',(3.1,4.1,-0.4));
#14744=DIRECTION('',(0.0,0.0,-1.0));
#14745=DIRECTION('',(0.0,1.0,0.0));
#14746=DIRECTION('',(-0.0,-1.0,0.0));
#14747=DIRECTION('',(1.0,6.39534721476783E-16,2.77555756156289E-17));
#14748=DIRECTION('',(1.14126544472158E-16,-1.0,3.16764793484743E-33));
#14749=DIRECTION('',(-0.0,-1.0,0.0));
#14750=CARTESIAN_POINT('',(3.1,-4.1,-0.4));
#14751=DIRECTION('',(0.0,0.0,-1.0));
#14752=DIRECTION('',(0.0,1.0,0.0));
#14753=DIRECTION('',(-1.0,3.46103617146403E-16,-2.77555756156289E-17));
#14754=DIRECTION('',(-0.0,-1.0,0.0));
#14755=DIRECTION('',(-1.0,8.32667268468867E-17,-2.77555756156289E-17));
#14756=DIRECTION('',(0.0,1.0,0.0));
#14757=DIRECTION('',(-1.0,8.32667268468867E-17,-2.77555756156289E-17));
#14758=CARTESIAN_POINT('',(-3.1,-4.1,-0.4));
#14759=DIRECTION('',(0.0,0.0,-1.0));
#14760=DIRECTION('',(0.0,1.0,0.0));
#14761=DIRECTION('',(0.0,1.0,0.0));
#14762=CARTESIAN_POINT('',(3.0,4.2,-0.4));
#14763=DIRECTION('',(0.0,0.0,1.0));
#14764=DIRECTION('',(-1.0,0.0,0.0));
#14765=CARTESIAN_POINT('',(-3.0,4.2,-0.4));
#14766=DIRECTION('',(-0.0,0.0,1.0));
#14767=DIRECTION('',(1.0,0.0,0.0));
#14768=CARTESIAN_POINT('',(3.0,-4.2,-0.4));
#14769=DIRECTION('',(0.0,0.0,1.0));
#14770=DIRECTION('',(-1.0,0.0,0.0));
#14771=CARTESIAN_POINT('',(-3.0,-4.2,-0.4));
#14772=DIRECTION('',(0.0,0.0,1.0));
#14773=DIRECTION('',(-1.0,0.0,0.0));
#14774=CARTESIAN_POINT('',(0.0,0.0,-0.4));
#14775=DIRECTION('',(0.0,0.0,1.0));
#14776=DIRECTION('',(-1.0,0.0,0.0));
#14777=DIRECTION('',(-0.0,-1.0,-0.0));
#14778=CARTESIAN_POINT('',(4.4,3.8,0.1));
#14779=DIRECTION('',(0.0,-1.0,2.00617702540337E-32));
#14780=DIRECTION('',(1.0,0.0,0.0));
#14781=DIRECTION('',(0.0,0.0,-1.0));
#14782=CARTESIAN_POINT('',(4.4,3.8,0.1));
#14783=DIRECTION('',(-8.67361737988403E-16,1.0,-2.39800847567746E-32));
#14784=DIRECTION('',(1.0,8.67361737988403E-16,2.71050543121376E-17));
#14785=DIRECTION('',(0.0,0.0,-1.0));
#14786=DIRECTION('',(0.0,-1.05775821705903E-16,1.0));
#14787=DIRECTION('',(1.0,6.39534721476783E-16,2.77555756156289E-17));
#14788=DIRECTION('',(-0.0,-0.0,1.0));
#14789=DIRECTION('',(0.0,0.0,-1.0));
#14790=DIRECTION('',(1.0,-8.32667268468867E-17,2.77555756156289E-17));
#14791=DIRECTION('',(0.0,0.0,-1.0));
#14792=DIRECTION('',(0.0,0.0,-1.0));
#14793=DIRECTION('',(1.08420217248551E-15,-1.0,3.00926553810506E-32));
#14794=DIRECTION('',(0.0,0.0,-1.0));
#14795=DIRECTION('',(1.0,-8.32667268468867E-17,2.77555756156289E-17));
#14796=DIRECTION('',(0.0,0.0,-1.0));
#14797=DIRECTION('',(1.08420217248551E-15,1.0,3.00926553810506E-32));
#14798=DIRECTION('',(-0.0,-0.0,1.0));
#14799=DIRECTION('',(1.0,-8.32667268468867E-17,2.77555756156289E-17));
#14800=DIRECTION('',(0.0,0.0,-1.0));
#14801=CARTESIAN_POINT('',(-3.1,4.1,1.62630325872826E-16));
#14802=DIRECTION('',(0.0,0.0,1.0));
#14803=DIRECTION('',(-7.2280144832367E-16,1.0,0.0));
#14804=DIRECTION('',(0.0,1.0,0.0));
#14805=DIRECTION('',(0.0,0.0,-1.0));
#14806=CARTESIAN_POINT('',(-4.4,3.8,0.1));
#14807=DIRECTION('',(-0.0,1.0,0.0));
#14808=DIRECTION('',(1.0,0.0,2.71050543121376E-17));
#14809=DIRECTION('',(0.0,0.0,-1.0));
#14810=DIRECTION('',(1.0,-8.32667268468867E-17,2.77555756156289E-17));
#14811=DIRECTION('',(-0.0,-1.05775821705903E-16,1.0));
#14812=CARTESIAN_POINT('',(-4.4,3.8,0.0999999999999997));
#14813=DIRECTION('',(0.0,-1.0,0.0));
#14814=DIRECTION('',(1.0,0.0,0.0));
#14815=DIRECTION('',(1.0,-8.32667268468867E-17,2.77555756156289E-17));
#14816=CARTESIAN_POINT('',(-4.4,-3.8,0.0999999999999997));
#14817=DIRECTION('',(0.0,1.0,-2.00617702540337E-32));
#14818=DIRECTION('',(-1.0,0.0,0.0));
#14819=DIRECTION('',(-0.0,-1.0,-0.0));
#14820=DIRECTION('',(0.0,1.0,0.0));
#14821=DIRECTION('',(0.0,0.0,-1.0));
#14822=CARTESIAN_POINT('',(-4.4,-3.8,0.1));
#14823=DIRECTION('',(8.67361737988403E-16,-1.0,2.39800847567746E-32));
#14824=DIRECTION('',(-1.0,-8.67361737988403E-16,-2.71050543121376E-17));
#14825=DIRECTION('',(0.0,0.0,-1.0));
#14826=DIRECTION('',(-1.0,-6.39534721476782E-16,-2.77555756156289E-17));
#14827=DIRECTION('',(0.0,1.05775821705903E-16,-1.0));
#14828=DIRECTION('',(-1.0,-6.39534721476782E-16,-2.77555756156298E-17));
#14829=DIRECTION('',(-0.0,-0.0,1.0));
#14830=DIRECTION('',(0.0,1.0,0.0));
#14831=CARTESIAN_POINT('',(-3.1,-4.1,1.62630325872826E-16));
#14832=DIRECTION('',(0.0,0.0,1.0));
#14833=DIRECTION('',(-7.22801448323669E-16,1.0,0.0));
#14834=DIRECTION('',(0.0,0.0,-1.0));
#14835=DIRECTION('',(-1.0,8.32667268468867E-17,-2.77555756156289E-17));
#14836=DIRECTION('',(0.0,0.0,-1.0));
#14837=DIRECTION('',(0.0,0.0,-1.0));
#14838=DIRECTION('',(0.0,1.0,0.0));
#14839=DIRECTION('',(0.0,0.0,-1.0));
#14840=DIRECTION('',(-1.0,8.32667268468867E-17,-2.77555756156289E-17));
#14841=DIRECTION('',(0.0,0.0,-1.0));
#14842=DIRECTION('',(-0.0,-1.0,0.0));
#14843=DIRECTION('',(-0.0,-0.0,1.0));
#14844=DIRECTION('',(-1.0,3.46103617146403E-16,-2.77555756156289E-17));
#14845=DIRECTION('',(0.0,0.0,-1.0));
#14846=DIRECTION('',(-2.28253088944317E-16,-1.0,-6.33529586969485E-33));
#14847=DIRECTION('',(-1.14126544472158E-16,1.0,-3.16764793484743E-33));
#14848=CARTESIAN_POINT('',(4.9,3.6,3.9));
#14849=DIRECTION('',(1.0,0.0,2.77555756156289E-17));
#14850=DIRECTION('',(0.0,-1.0,0.0));
#14851=DIRECTION('',(0.0,-1.0,0.0));
#14852=DIRECTION('',(0.0,-1.88556899562696E-16,1.0));
#14853=CARTESIAN_POINT('',(4.9,2.8,6.2));
#14854=DIRECTION('',(1.0,0.0,2.77555756156289E-17));
#14855=DIRECTION('',(0.0,-1.0,0.0));
#14856=DIRECTION('',(0.0,-1.0,0.0));
#14857=CARTESIAN_POINT('',(4.9,2.2,6.2));
#14858=DIRECTION('',(1.0,0.0,2.77555756156289E-17));
#14859=DIRECTION('',(0.0,-1.0,0.0));
#14860=DIRECTION('',(0.0,8.67361737988403E-16,-1.0));
#14861=DIRECTION('',(0.0,-1.0,0.0));
#14862=DIRECTION('',(0.0,0.0,-1.0));
#14863=DIRECTION('',(0.0,1.0,0.0));
#14864=DIRECTION('',(0.0,0.0,-1.0));
#14865=DIRECTION('',(0.0,-1.0,0.0));
#14866=DIRECTION('',(0.0,0.0,1.0));
#14867=CARTESIAN_POINT('',(4.9,-2.2,6.2));
#14868=DIRECTION('',(1.0,0.0,2.77555756156289E-17));
#14869=DIRECTION('',(0.0,-1.0,0.0));
#14870=DIRECTION('',(0.0,-1.0,0.0));
#14871=CARTESIAN_POINT('',(4.9,-2.8,6.2));
#14872=DIRECTION('',(1.0,0.0,2.77555756156289E-17));
#14873=DIRECTION('',(0.0,-1.0,0.0));
#14874=DIRECTION('',(0.0,0.0,-1.0));
#14875=DIRECTION('',(1.0842021724855E-15,-1.0,-1.0842021724855E-15));
#14876=CARTESIAN_POINT('',(4.9,-3.6,3.9));
#14877=DIRECTION('',(1.0,0.0,2.77555756156289E-17));
#14878=DIRECTION('',(0.0,-1.0,0.0));
#14879=CARTESIAN_POINT('',(4.5,-3.6,3.9));
#14880=DIRECTION('',(-1.0,-0.0,-2.77555756156289E-17));
#14881=DIRECTION('',(0.0,-1.0,0.0));
#14882=DIRECTION('',(1.0,6.39534721476781E-16,2.77555756156296E-17));
#14883=DIRECTION('',(1.0842021724855E-15,-1.0,-1.0842021724855E-15));
#14884=DIRECTION('',(0.0,0.0,-1.0));
#14885=CARTESIAN_POINT('',(4.5,-2.8,6.2));
#14886=DIRECTION('',(-1.0,-0.0,-2.77555756156289E-17));
#14887=DIRECTION('',(0.0,-1.0,0.0));
#14888=DIRECTION('',(0.0,-1.0,0.0));
#14889=CARTESIAN_POINT('',(4.5,-2.2,6.2));
#14890=DIRECTION('',(-1.0,-0.0,-2.77555756156289E-17));
#14891=DIRECTION('',(0.0,-1.0,0.0));
#14892=DIRECTION('',(0.0,0.0,1.0));
#14893=DIRECTION('',(0.0,-1.0,0.0));
#14894=DIRECTION('',(0.0,0.0,1.0));
#14895=DIRECTION('',(0.0,1.0,0.0));
#14896=DIRECTION('',(0.0,0.0,1.0));
#14897=DIRECTION('',(0.0,-1.0,0.0));
#14898=DIRECTION('',(0.0,8.67361737988403E-16,-1.0));
#14899=CARTESIAN_POINT('',(4.5,2.2,6.2));
#14900=DIRECTION('',(-1.0,-0.0,-2.77555756156289E-17));
#14901=DIRECTION('',(0.0,-1.0,0.0));
#14902=DIRECTION('',(0.0,-1.0,0.0));
#14903=CARTESIAN_POINT('',(4.5,2.8,6.2));
#14904=DIRECTION('',(-1.0,-0.0,-2.77555756156289E-17));
#14905=DIRECTION('',(0.0,-1.0,0.0));
#14906=DIRECTION('',(0.0,-1.88556899562696E-16,1.0));
#14907=DIRECTION('',(0.0,-1.0,0.0));
#14908=CARTESIAN_POINT('',(4.5,3.6,3.9));
#14909=DIRECTION('',(-1.0,-0.0,-2.77555756156289E-17));
#14910=DIRECTION('',(0.0,-1.0,0.0));
#14911=DIRECTION('',(-1.0,-6.39534721476784E-16,-2.77555756156289E-17));
#14912=CARTESIAN_POINT('',(-4.9,-3.6,3.9));
#14913=DIRECTION('',(-1.0,0.0,-2.77555756156289E-17));
#14914=DIRECTION('',(0.0,1.0,0.0));
#14915=DIRECTION('',(-1.0842021724855E-15,-1.0,-1.0842021724855E-15));
#14916=DIRECTION('',(0.0,0.0,-1.0));
#14917=CARTESIAN_POINT('',(-4.9,-2.8,6.2));
#14918=DIRECTION('',(-1.0,0.0,-2.77555756156289E-17));
#14919=DIRECTION('',(0.0,1.0,0.0));
#14920=DIRECTION('',(0.0,-1.0,0.0));
#14921=CARTESIAN_POINT('',(-4.9,-2.2,6.2));
#14922=DIRECTION('',(-1.0,0.0,-2.77555756156289E-17));
#14923=DIRECTION('',(0.0,1.0,0.0));
#14924=DIRECTION('',(0.0,0.0,1.0));
#14925=DIRECTION('',(0.0,-1.0,0.0));
#14926=DIRECTION('',(0.0,0.0,-1.0));
#14927=DIRECTION('',(0.0,1.0,0.0));
#14928=DIRECTION('',(0.0,0.0,-1.0));
#14929=DIRECTION('',(0.0,-1.0,0.0));
#14930=DIRECTION('',(0.0,8.67361737988403E-16,-1.0));
#14931=CARTESIAN_POINT('',(-4.9,2.2,6.2));
#14932=DIRECTION('',(-1.0,0.0,-2.77555756156289E-17));
#14933=DIRECTION('',(0.0,1.0,0.0));
#14934=DIRECTION('',(0.0,-1.0,0.0));
#14935=CARTESIAN_POINT('',(-4.9,2.8,6.2));
#14936=DIRECTION('',(-1.0,0.0,-2.77555756156289E-17));
#14937=DIRECTION('',(0.0,1.0,0.0));
#14938=DIRECTION('',(-0.0,-1.88556899562696E-16,1.0));
#14939=DIRECTION('',(0.0,-1.0,0.0));
#14940=CARTESIAN_POINT('',(-4.9,3.6,3.9));
#14941=DIRECTION('',(-1.0,0.0,-2.77555756156289E-17));
#14942=DIRECTION('',(0.0,1.0,0.0));
#14943=CARTESIAN_POINT('',(-4.5,3.6,3.9));
#14944=DIRECTION('',(1.0,-0.0,2.77555756156289E-17));
#14945=DIRECTION('',(0.0,1.0,0.0));
#14946=DIRECTION('',(-1.0,8.32667268468867E-17,-2.77555756156289E-17));
#14947=DIRECTION('',(0.0,-1.0,0.0));
#14948=DIRECTION('',(-0.0,-1.88556899562696E-16,1.0));
#14949=CARTESIAN_POINT('',(-4.5,2.8,6.2));
#14950=DIRECTION('',(1.0,-0.0,2.77555756156289E-17));
#14951=DIRECTION('',(0.0,1.0,0.0));
#14952=DIRECTION('',(0.0,-1.0,0.0));
#14953=CARTESIAN_POINT('',(-4.5,2.2,6.2));
#14954=DIRECTION('',(1.0,-0.0,2.77555756156289E-17));
#14955=DIRECTION('',(0.0,1.0,0.0));
#14956=DIRECTION('',(0.0,8.67361737988403E-16,-1.0));
#14957=DIRECTION('',(0.0,-1.0,0.0));
#14958=DIRECTION('',(0.0,0.0,1.0));
#14959=DIRECTION('',(-0.0,-1.0,-0.0));
#14960=DIRECTION('',(0.0,0.0,1.0));
#14961=DIRECTION('',(0.0,-1.0,0.0));
#14962=DIRECTION('',(0.0,0.0,1.0));
#14963=CARTESIAN_POINT('',(-4.5,-2.2,6.2));
#14964=DIRECTION('',(1.0,-0.0,2.77555756156289E-17));
#14965=DIRECTION('',(0.0,1.0,0.0));
#14966=DIRECTION('',(0.0,-1.0,0.0));
#14967=CARTESIAN_POINT('',(-4.5,-2.8,6.2));
#14968=DIRECTION('',(1.0,-0.0,2.77555756156289E-17));
#14969=DIRECTION('',(0.0,1.0,0.0));
#14970=DIRECTION('',(0.0,0.0,-1.0));
#14971=DIRECTION('',(-1.0842021724855E-15,-1.0,-1.0842021724855E-15));
#14972=CARTESIAN_POINT('',(-4.5,-3.6,3.9));
#14973=DIRECTION('',(1.0,-0.0,2.77555756156289E-17));
#14974=DIRECTION('',(0.0,1.0,0.0));
#14975=DIRECTION('',(1.0,6.39534721476782E-16,2.77555756156298E-17));
#14976=DIRECTION('',(1.0,3.08598176252716E-17,2.77555756156289E-17));
#14977=DIRECTION('',(1.0,3.08598176252716E-17,2.77555756156289E-17));
#14978=DIRECTION('',(-1.0,-3.08598176252716E-17,-2.77555756156289E-17));
#14979=DIRECTION('',(1.0,3.08598176252716E-17,2.77555756156289E-17));
#14980=DIRECTION('',(-1.0,-3.08598176252716E-17,-2.77555756156289E-17));
#14981=DIRECTION('',(1.0,3.08598176252716E-17,2.77555756156289E-17));
#14982=DIRECTION('',(-1.0,8.32667268468867E-17,-2.77555756156289E-17));
#14983=CARTESIAN_POINT('',(4.9,1.0,7.5));
#14984=DIRECTION('',(0.0,1.0,-0.0));
#14985=DIRECTION('',(-1.0,0.0,0.0));
#14986=DIRECTION('',(0.766044443118977,-6.37860133977633E-17,0.64278760968654));
#14987=CARTESIAN_POINT('',(5.1,1.0,8.45106429983483));
#14988=DIRECTION('',(-0.0,-1.0,0.0));
#14989=DIRECTION('',(-1.0,0.0,0.0));
#14990=DIRECTION('',(-0.441084412125205,3.67276552608491E-17,0.897465621280371));
#14991=DIRECTION('',(0.441084412125205,-3.67276552608491E-17,-0.897465621280371));
#14992=CARTESIAN_POINT('',(5.1,1.0,8.45106429983483));
#14993=DIRECTION('',(0.0,1.0,0.0));
#14994=DIRECTION('',(-1.0,0.0,0.0));
#14995=DIRECTION('',(-0.766044443118976,6.37860133977632E-17,-0.642787609686541));
#14996=DIRECTION('',(0.0,1.0,0.0));
#14997=DIRECTION('',(-0.766044443118976,6.37860133977632E-17,-0.642787609686541));
#14998=DIRECTION('',(0.766044443118977,-6.37860133977633E-17,0.64278760968654));
#14999=CARTESIAN_POINT('',(4.9,-1.0,7.5));
#15000=DIRECTION('',(-0.0,-1.0,0.0));
#15001=DIRECTION('',(-1.0,0.0,0.0));
#15002=DIRECTION('',(-1.0,8.32667268468867E-17,-2.77555756156289E-17));
#15003=CARTESIAN_POINT('',(5.1,-1.0,8.45106429983483));
#15004=DIRECTION('',(0.0,1.0,0.0));
#15005=DIRECTION('',(-1.0,0.0,0.0));
#15006=DIRECTION('',(0.441084412125205,-3.67276552608491E-17,-0.897465621280371));
#15007=DIRECTION('',(0.897465621280371,-7.47290247416241E-17,0.441084412125205));
#15008=DIRECTION('',(-0.441084412125205,3.67276552608491E-17,0.897465621280371));
#15009=CARTESIAN_POINT('',(5.1,-1.0,8.45106429983483));
#15010=DIRECTION('',(-0.0,-1.0,0.0));
#15011=DIRECTION('',(-1.0,0.0,0.0));
#15012=DIRECTION('',(1.0,3.08598176252716E-17,2.77555756156289E-17));
#15013=DIRECTION('',(-1.0,-3.08598176252716E-17,-2.77555756156289E-17));
#15014=DIRECTION('',(1.0,3.08598176252716E-17,2.77555756156289E-17));
#15015=DIRECTION('',(1.0,3.08598176252716E-17,2.77555756156289E-17));
#15016=DIRECTION('',(-1.0,-3.08598176252716E-17,-2.77555756156289E-17));
#15017=DIRECTION('',(1.0,3.08598176252716E-17,2.77555756156289E-17));
#15018=DIRECTION('',(-0.0,-1.0,-0.0));
#15019=DIRECTION('',(-1.0,1.97393271319045E-16,-2.77555756156289E-17));
#15020=DIRECTION('',(-1.0,1.97393271319045E-16,-2.77555756156289E-17));
#15021=DIRECTION('',(1.0,-1.97393271319045E-16,2.77555756156289E-17));
#15022=DIRECTION('',(-1.0,1.97393271319045E-16,-2.77555756156289E-17));
#15023=DIRECTION('',(1.0,-1.97393271319045E-16,2.77555756156289E-17));
#15024=DIRECTION('',(-1.0,1.97393271319045E-16,-2.77555756156289E-17));
#15025=DIRECTION('',(1.0,-8.32667268468867E-17,2.77555756156289E-17));
#15026=CARTESIAN_POINT('',(-4.9,-1.0,7.5));
#15027=DIRECTION('',(0.0,-1.0,0.0));
#15028=DIRECTION('',(-1.0,0.0,0.0));
#15029=DIRECTION('',(-0.766044443118977,6.37860133977633E-17,0.64278760968654));
#15030=CARTESIAN_POINT('',(-5.1,-1.0,8.45106429983483));
#15031=DIRECTION('',(-0.0,1.0,0.0));
#15032=DIRECTION('',(1.0,0.0,0.0));
#15033=DIRECTION('',(0.441084412125205,-3.67276552608491E-17,0.897465621280371));
#15034=DIRECTION('',(-0.441084412125205,3.67276552608491E-17,-0.897465621280371));
#15035=CARTESIAN_POINT('',(-5.1,-1.0,8.45106429983483));
#15036=DIRECTION('',(0.0,-1.0,0.0));
#15037=DIRECTION('',(1.0,0.0,0.0));
#15038=DIRECTION('',(0.766044443118976,-6.37860133977632E-17,-0.642787609686541));
#15039=DIRECTION('',(0.766044443118976,-6.37860133977632E-17,-0.642787609686541));
#15040=DIRECTION('',(-0.766044443118977,6.37860133977633E-17,0.64278760968654));
#15041=CARTESIAN_POINT('',(-4.9,1.0,7.5));
#15042=DIRECTION('',(0.0,1.0,0.0));
#15043=DIRECTION('',(-1.0,0.0,-2.16840434497101E-15));
#15044=DIRECTION('',(1.0,-8.32667268468867E-17,2.77555756156289E-17));
#15045=CARTESIAN_POINT('',(-5.1,1.0,8.45106429983483));
#15046=DIRECTION('',(0.0,-1.0,0.0));
#15047=DIRECTION('',(1.0,0.0,0.0));
#15048=DIRECTION('',(-0.441084412125205,3.67276552608491E-17,-0.897465621280371));
#15049=DIRECTION('',(-0.897465621280371,7.47290247416241E-17,0.441084412125205));
#15050=DIRECTION('',(0.441084412125205,-3.67276552608491E-17,0.897465621280371));
#15051=CARTESIAN_POINT('',(-5.1,1.0,8.45106429983483));
#15052=DIRECTION('',(-0.0,1.0,0.0));
#15053=DIRECTION('',(1.0,0.0,0.0));
#15054=DIRECTION('',(-1.0,1.97393271319045E-16,-2.77555756156289E-17));
#15055=DIRECTION('',(-1.0,1.97393271319045E-16,-2.77555756156289E-17));
#15056=DIRECTION('',(1.0,-1.97393271319045E-16,2.77555756156289E-17));
#15057=DIRECTION('',(-1.0,1.97393271319045E-16,-2.77555756156289E-17));
#15058=DIRECTION('',(1.0,-1.97393271319045E-16,2.77555756156289E-17));
#15059=DIRECTION('',(-1.0,1.97393271319045E-16,-2.77555756156289E-17));
#15060=DIRECTION('',(0.0,1.0,0.0));
#15061=DIRECTION('',(0.0,1.0,0.0));
#15062=CARTESIAN_POINT('',(4.99108441212521,-4.15591262414184E-16,9.12610061386955));
#15063=DIRECTION('',(0.897465621280371,-7.47290247416241E-17,0.441084412125205));
#15064=DIRECTION('',(-0.441084412125205,3.67276552608491E-17,0.897465621280371));
#15065=CARTESIAN_POINT('',(5.35007066063736,-4.45482872310833E-16,9.30253437871963));
#15066=DIRECTION('',(-0.897465621280371,7.47290247416241E-17,-0.441084412125205));
#15067=DIRECTION('',(0.441084412125205,-3.67276552608491E-17,-0.897465621280371));
#15068=DIRECTION('',(0.0,1.0,0.0));
#15069=CARTESIAN_POINT('',(-4.99108441212521,4.15591262414184E-16,9.12610061386955));
#15070=DIRECTION('',(-0.897465621280371,7.47290247416241E-17,0.441084412125205));
#15071=DIRECTION('',(0.441084412125205,-3.67276552608491E-17,0.897465621280371));
#15072=CARTESIAN_POINT('',(-5.35007066063736,4.45482872310833E-16,9.30253437871963));
#15073=DIRECTION('',(-0.897465621280371,7.47290247416241E-17,0.441084412125205));
#15074=DIRECTION('',(-0.441084412125205,3.67276552608491E-17,-0.897465621280371));
#15075=DIRECTION('',(0.0,1.0,0.0));
#15076=CARTESIAN_POINT('',(0.0,0.0,-1.2));
#15077=DIRECTION('',(-0.0,0.0,-1.0));
#15078=DIRECTION('',(-0.994001866445591,-0.109363108508683,0.0));
#15079=CARTESIAN_POINT('',(-1.21900718275753E-15,-1.05314000393712E-15,5.4));
#15080=DIRECTION('',(-1.35326421357041E-33,-1.95025926655023E-16,1.0));
#15081=DIRECTION('',(-1.0,6.93889390390733E-18,0.0));
#15082=CARTESIAN_POINT('',(-1.17385876858132E-15,-1.01413481860612E-15,5.2));
#15083=DIRECTION('',(1.35326421357042E-33,1.95025926655023E-16,-1.0));
#15084=DIRECTION('',(-1.0,6.93889390390737E-18,0.0));
#15085=DIRECTION('',(-1.93970379868578E-16,-1.0,9.71445146547012E-17));
#15086=DIRECTION('',(-2.45200120378715E-16,1.0,-9.71445146547012E-17));
#15087=DIRECTION('',(1.0,2.56148702550686E-17,5.3925028480596E-33));
#15088=DIRECTION('',(5.60041013321762E-33,9.71445146547011E-17,1.0));
#15089=DIRECTION('',(-1.93970379868578E-16,-1.0,9.71445146547012E-17));
#15090=DIRECTION('',(1.0,2.56148702550686E-17,5.3925028480596E-33));
#15091=DIRECTION('',(-2.45200120378715E-16,1.0,-9.71445146547012E-17));
#15092=DIRECTION('',(-5.60041013321762E-33,-9.71445146547011E-17,-1.0));
#15093=DIRECTION('',(-2.19585250123647E-16,-3.58862787576408E-15,-1.0));
#15094=DIRECTION('',(2.56148702550686E-17,-1.0,3.58862787576408E-15));
#15095=DIRECTION('',(-2.19585250123647E-16,-3.58862787576408E-15,-1.0));
#15096=DIRECTION('',(-2.56148702550686E-17,1.0,-3.58862787576408E-15));
#15097=DIRECTION('',(-2.19585250123647E-16,3.58862787576408E-15,1.0));
#15098=DIRECTION('',(-2.56148702550686E-17,1.0,-3.58862787576408E-15));
#15099=DIRECTION('',(-2.19585250123647E-16,3.58862787576408E-15,1.0));
#15100=DIRECTION('',(-2.56148702550686E-17,1.0,-3.58862787576408E-15));
#15101=CARTESIAN_POINT('',(2.5,-7.14999999999998,9.30000000000004));
#15102=DIRECTION('',(2.56148702550847E-17,-1.0,2.89120579329468E-15));
#15103=DIRECTION('',(-2.31296463463574E-14,2.89120579329468E-15,1.0));
#15104=DIRECTION('',(-0.707106781186545,-2.55565555456444E-15,-0.70710678118655));
#15105=DIRECTION('',(8.38334831593301E-32,-3.58862787576408E-15,-1.0));
#15106=DIRECTION('',(-1.0,-2.56148702551042E-17,-9.91270557701031E-15));
#15107=DIRECTION('',(1.0,2.56148702550686E-17,5.3925028480596E-33));
#15108=DIRECTION('',(-1.0,-2.5614870255033E-17,9.91270557701031E-15));
#15109=DIRECTION('',(-8.38334831593301E-32,3.58862787576408E-15,1.0));
#15110=DIRECTION('',(-0.707106781186545,2.51943065765129E-15,0.70710678118655));
#15111=DIRECTION('',(-0.707106781186545,-2.55565555456444E-15,-0.70710678118655));
#15112=CARTESIAN_POINT('',(2.5,-6.84999999999998,9.30000000000004));
#15113=DIRECTION('',(2.56148702550847E-17,-1.0,2.89120579329468E-15));
#15114=DIRECTION('',(-2.31296463463574E-14,2.89120579329468E-15,1.0));
#15115=DIRECTION('',(-0.707106781186545,2.51943065765129E-15,0.70710678118655));
#15116=DIRECTION('',(-8.38334831593301E-32,3.58862787576408E-15,1.0));
#15117=DIRECTION('',(-1.0,-2.5614870255033E-17,9.91270557701031E-15));
#15118=DIRECTION('',(1.0,2.56148702550686E-17,5.3925028480596E-33));
#15119=DIRECTION('',(-1.0,-2.56148702551042E-17,-9.91270557701031E-15));
#15120=DIRECTION('',(8.38334831593301E-32,-3.58862787576408E-15,-1.0));
#15121=DIRECTION('',(7.45762504998368E-32,-3.22722715160225E-15,-1.0));
#15122=CARTESIAN_POINT('',(2.5,-6.84999999999998,8.38112834566069));
#15123=DIRECTION('',(0.0,-1.0,3.58862787576408E-15));
#15124=DIRECTION('',(-1.0,0.0,0.0));
#15125=CARTESIAN_POINT('',(2.5,-6.85,5.28112834566065));
#15126=DIRECTION('',(0.0,-1.0,3.58862787576408E-15));
#15127=DIRECTION('',(-1.0,0.0,0.0));
#15128=CARTESIAN_POINT('',(2.5,-6.90833333333332,5.28112834566065));
#15129=DIRECTION('',(-1.28018580574266E-30,4.16333634234436E-15,1.0));
#15130=DIRECTION('',(-2.08166817117218E-15,1.0,-4.16333634234436E-15));
#15131=DIRECTION('',(-2.56148702550686E-17,1.0,-3.58862787576408E-15));
#15132=DIRECTION('',(-2.56148702550686E-17,1.0,-3.58862787576408E-15));
#15133=DIRECTION('',(-2.56148702550686E-17,1.0,-3.58862787576408E-15));
#15134=DIRECTION('',(2.56148702550686E-17,-1.0,3.58862787576408E-15));
#15135=CARTESIAN_POINT('',(1.75,-6.65,3.45));
#15136=DIRECTION('',(-1.0,-2.56148702550686E-17,0.0));
#15137=DIRECTION('',(0.0,0.0,1.0));
#15138=CARTESIAN_POINT('',(1.75,-6.65,3.45));
#15139=DIRECTION('',(-1.0,-2.56148702550686E-17,0.0));
#15140=DIRECTION('',(0.0,0.0,1.0));
#15141=CARTESIAN_POINT('',(3.25,-6.65,3.45));
#15142=DIRECTION('',(1.0,2.56148702550686E-17,-0.0));
#15143=DIRECTION('',(0.0,0.0,1.0));
#15144=CARTESIAN_POINT('',(3.25,-6.65,3.45));
#15145=DIRECTION('',(1.0,2.56148702550686E-17,0.0));
#15146=DIRECTION('',(0.0,0.0,-1.0));
#15147=DIRECTION('',(-2.56148702550686E-17,1.0,-3.58862787576408E-15));
#15148=DIRECTION('',(-1.39074067337666E-16,-1.0,9.71445146547012E-17));
#15149=DIRECTION('',(5.60041013321762E-33,9.71445146547011E-17,1.0));
#15150=DIRECTION('',(-1.39074067337666E-16,-1.0,9.71445146547012E-17));
#15151=DIRECTION('',(4.13555629992224E-16,1.0,-9.71445146547012E-17));
#15152=DIRECTION('',(-5.60041013321762E-33,-9.71445146547011E-17,-1.0));
#15153=DIRECTION('',(4.13555629992224E-16,1.0,-9.71445146547012E-17));
#15154=DIRECTION('',(1.0,2.56148702550686E-17,5.3925028480596E-33));
#15155=DIRECTION('',(1.0,2.56148702550686E-17,5.3925028480596E-33));
#15156=DIRECTION('',(-2.56148702550686E-17,1.0,-3.58862787576408E-15));
#15157=CARTESIAN_POINT('',(-1.75,-6.65,3.45));
#15158=DIRECTION('',(1.0,2.56148702550686E-17,-0.0));
#15159=DIRECTION('',(0.0,0.0,1.0));
#15160=CARTESIAN_POINT('',(-1.75,-6.65,3.45));
#15161=DIRECTION('',(1.0,2.56148702550686E-17,0.0));
#15162=DIRECTION('',(0.0,0.0,-1.0));
#15163=CARTESIAN_POINT('',(-3.25,-6.65,3.45));
#15164=DIRECTION('',(-1.0,-2.56148702550686E-17,0.0));
#15165=DIRECTION('',(0.0,0.0,1.0));
#15166=DIRECTION('',(2.56148702550686E-17,-1.0,3.58862787576408E-15));
#15167=CARTESIAN_POINT('',(-3.25,-6.65,3.45));
#15168=DIRECTION('',(-1.0,-2.56148702550686E-17,0.0));
#15169=DIRECTION('',(0.0,0.0,1.0));
#15170=CARTESIAN_POINT('',(-2.5,-6.90833333333332,5.28112834566065));
#15171=DIRECTION('',(-1.28018580574266E-30,4.16333634234436E-15,1.0));
#15172=DIRECTION('',(-2.08166817117218E-15,1.0,-4.16333634234436E-15));
#15173=CARTESIAN_POINT('',(-2.5,-6.85,5.28112834566065));
#15174=DIRECTION('',(0.0,-1.0,3.58862787576408E-15));
#15175=DIRECTION('',(-1.0,0.0,0.0));
#15176=CARTESIAN_POINT('',(-2.5,-6.84999999999998,8.38112834566069));
#15177=DIRECTION('',(0.0,-1.0,3.58862787576408E-15));
#15178=DIRECTION('',(-1.0,0.0,0.0));
#15179=DIRECTION('',(7.45762504998368E-32,-3.22722715160225E-15,-1.0));
#15180=DIRECTION('',(1.0,2.56148702550686E-17,5.3925028480596E-33));
#15181=DIRECTION('',(-1.0,-2.56148702550686E-17,-5.3925028480596E-33));
#15182=DIRECTION('',(-2.56148702550686E-17,1.0,-3.58862787576408E-15));
#15183=DIRECTION('',(-1.0,-2.56148702550686E-17,-5.3925028480596E-33));
#15184=DIRECTION('',(-2.56148702550686E-17,1.0,-3.58862787576408E-15));
#15185=DIRECTION('',(1.05937311510034E-15,-3.58862787576408E-15,-1.0));
#15186=DIRECTION('',(-2.56148702550686E-17,1.0,-3.58862787576408E-15));
#15187=DIRECTION('',(1.05937311510034E-15,-3.58862787576408E-15,-1.0));
#15188=DIRECTION('',(2.9738116731031E-16,3.58862787576408E-15,1.0));
#15189=DIRECTION('',(-2.56148702550686E-17,1.0,-3.58862787576408E-15));
#15190=DIRECTION('',(2.9738116731031E-16,3.58862787576408E-15,1.0));
#15191=DIRECTION('',(-2.56148702550686E-17,1.0,-3.58862787576408E-15));
#15192=DIRECTION('',(-1.0,-2.56148702550686E-17,-5.3925028480596E-33));
#15193=DIRECTION('',(-1.0,-2.56148702550686E-17,-5.3925028480596E-33));
#15194=DIRECTION('',(-2.56148702550686E-17,1.0,-3.58862787576408E-15));
#15195=DIRECTION('',(-1.64688937592735E-16,3.58862787576408E-15,1.0));
#15196=DIRECTION('',(-1.64688937592735E-16,3.58862787576408E-15,1.0));
#15197=DIRECTION('',(1.0,2.56148702550686E-17,5.3925028480596E-33));
#15198=DIRECTION('',(4.39170500247293E-16,-3.58862787576408E-15,-1.0));
#15199=DIRECTION('',(4.39170500247293E-16,-3.58862787576408E-15,-1.0));
#15200=DIRECTION('',(-0.707106781186543,-2.55565555456445E-15,-0.707106781186552));
#15201=CARTESIAN_POINT('',(-2.5,-6.84999999999998,9.30000000000005));
#15202=DIRECTION('',(2.56148702550535E-17,-1.0,2.89120579329466E-15));
#15203=DIRECTION('',(2.168404344971E-14,2.89120579329466E-15,1.0));
#15204=DIRECTION('',(-0.707106781186543,2.5194306576513E-15,0.707106781186552));
#15205=CARTESIAN_POINT('',(-2.5,-7.14999999999998,9.30000000000005));
#15206=DIRECTION('',(2.56148702550545E-17,-1.0,2.89120579329466E-15));
#15207=DIRECTION('',(2.02384405530626E-14,2.89120579329466E-15,1.0));
#15208=DIRECTION('',(-0.707106781186543,-2.55565555456445E-15,-0.707106781186552));
#15209=DIRECTION('',(-0.707106781186543,2.5194306576513E-15,0.707106781186552));
#15210=DIRECTION('',(-2.56148702550686E-17,1.0,-3.58862787576408E-15));
#15211=DIRECTION('',(2.92814422758414E-17,1.0,2.64256209507136E-16));
#15212=DIRECTION('',(-5.49042167095309E-32,-9.71445146547011E-17,-1.0));
#15213=DIRECTION('',(2.92814422758414E-17,1.0,2.64256209507136E-16));
#15214=DIRECTION('',(-1.39074067337665E-16,-1.0,-2.64256209507136E-16));
#15215=DIRECTION('',(1.04208023285844E-31,9.71445146547011E-17,1.0));
#15216=DIRECTION('',(-1.39074067337665E-16,-1.0,-2.64256209507136E-16));
#15217=DIRECTION('',(-1.0,-2.56148702550686E-17,1.9259400440097E-32));
#15218=DIRECTION('',(-1.0,-2.56148702550686E-17,1.9259400440097E-32));
#15219=CARTESIAN_POINT('',(-0.749999999999999,-6.65,3.45000000000001));
#15220=DIRECTION('',(-1.0,-2.56148702550686E-17,0.0));
#15221=DIRECTION('',(0.0,0.0,1.0));
#15222=DIRECTION('',(2.56148702550686E-17,-1.0,3.58862787576408E-15));
#15223=CARTESIAN_POINT('',(-0.749999999999999,-6.65,3.45000000000001));
#15224=DIRECTION('',(-1.0,-2.56148702550686E-17,0.0));
#15225=DIRECTION('',(0.0,0.0,1.0));
#15226=DIRECTION('',(-2.56148702550685E-17,1.0,-3.58862787576408E-15));
#15227=CARTESIAN_POINT('',(0.75,-6.65,3.45000000000001));
#15228=DIRECTION('',(1.0,2.56148702550686E-17,-0.0));
#15229=DIRECTION('',(0.0,0.0,1.0));
#15230=CARTESIAN_POINT('',(0.75,-6.65,3.45000000000001));
#15231=DIRECTION('',(1.0,2.56148702550686E-17,0.0));
#15232=DIRECTION('',(0.0,0.0,-1.0));
#15233=DIRECTION('',(-1.0,-2.56148702550686E-17,-5.39250284805969E-33));
#15234=CARTESIAN_POINT('',(4.14307904514107E-17,-6.90833333333332,5.28112834566065));
#15235=DIRECTION('',(1.94322006457694E-30,4.16333634234436E-15,1.0));
#15236=DIRECTION('',(3.52709880854543E-15,1.0,-4.16333634234436E-15));
#15237=CARTESIAN_POINT('',(3.99365896865317E-17,-6.84999999999999,5.28112834566065));
#15238=DIRECTION('',(-2.56148702550686E-17,1.0,-4.33680868994204E-15));
#15239=DIRECTION('',(6.01853107621015E-32,-4.33680868994204E-15,-1.0));
#15240=DIRECTION('',(7.45762504998368E-32,-3.22722715160225E-15,-1.0));
#15241=CARTESIAN_POINT('',(3.99365896865314E-17,-6.84999999999998,8.38112834566069));
#15242=DIRECTION('',(-2.56148702550686E-17,1.0,-4.33680868994204E-15));
#15243=DIRECTION('',(6.01853107621015E-32,-4.33680868994204E-15,-1.0));
#15244=DIRECTION('',(5.48963125309101E-17,-3.22722715160225E-15,-1.0));
#15245=DIRECTION('',(5.48963125309101E-17,-3.22722715160225E-15,-1.0));
#15246=DIRECTION('',(-2.56148702550686E-17,1.0,-3.22722715160225E-15));
#15247=DIRECTION('',(-2.56148702550686E-17,1.0,-3.22722715160225E-15));
#15248=DIRECTION('',(-1.0,-2.56148702550686E-17,1.56126496701685E-30));
#15249=DIRECTION('',(-1.0,-2.56148702550686E-17,1.56126496701685E-30));
#15250=DIRECTION('',(-1.3989705451426E-16,-3.22722715160225E-15,-1.0));
#15251=DIRECTION('',(-2.56148702550686E-17,1.0,-3.58862787576408E-15));
#15252=DIRECTION('',(-1.3989705451426E-16,-3.22722715160225E-15,-1.0));
#15253=DIRECTION('',(-3.80712213239183E-16,3.22722715160225E-15,1.0));
#15254=DIRECTION('',(-2.56148702550686E-17,1.0,-3.58862787576408E-15));
#15255=DIRECTION('',(-3.80712213239183E-16,3.22722715160225E-15,1.0));
#15256=DIRECTION('',(-2.56148702550686E-17,1.0,-3.22722715160225E-15));
#15257=DIRECTION('',(-2.56148702550686E-17,1.0,-3.22722715160225E-15));
#15258=DIRECTION('',(-1.0,-2.56148702550686E-17,1.56126496701685E-30));
#15259=DIRECTION('',(-1.0,-2.56148702550686E-17,1.56126496701685E-30));
#15260=DIRECTION('',(-1.64688937592733E-16,3.22722715160225E-15,1.0));
#15261=DIRECTION('',(-1.64688937592733E-16,3.22722715160225E-15,1.0));
#15262=DIRECTION('',(-1.0,-2.56148702550686E-17,-5.39250284805969E-33));
#15263=DIRECTION('',(0.707106781186546,2.30010665178387E-15,0.70710678118655));
#15264=CARTESIAN_POINT('',(1.7546186124722E-16,-6.84999999999998,9.30000000000004));
#15265=DIRECTION('',(-2.56148702550728E-17,1.0,-2.89120579329468E-15));
#15266=DIRECTION('',(1.24344978758018E-14,-2.89120579329468E-15,-1.0));
#15267=DIRECTION('',(0.707106781186546,-2.26388175487073E-15,-0.70710678118655));
#15268=DIRECTION('',(0.707106781186546,2.30010665178387E-15,0.70710678118655));
#15269=DIRECTION('',(0.707106781186546,-2.26388175487073E-15,-0.70710678118655));
#15270=CARTESIAN_POINT('',(1.83146322323741E-16,-7.14999999999998,9.30000000000004));
#15271=DIRECTION('',(-2.56148702550722E-17,1.0,-2.89120579329468E-15));
#15272=DIRECTION('',(1.06581410364015E-14,-2.89120579329468E-15,-1.0));
#15273=DIRECTION('',(-2.56148702550686E-17,1.0,-3.58862787576408E-15));
#15274=PRESENTATION_LAYER_ASSIGNMENT('','',(#3573,#7186,#7187,#7190,#7191,#7194,#7195,#7198,#7199,#7202,#7203,#7206,#7207,#7210,#7211,#7212,#7215,#7216,#7217,#7220,#7221,#7222,#7224,#7225,#7226,#7227,#7229,#7230,#7231,#7233,#7234,#7235,#7236,#7238,#7239,#7240,#7242,#7243,#7244,#7245,#7247,#7248,#7249,#7251,#7252,#7253,#7255,#7256,#7257,#7258,#7260,#7261,#7262,#7264,#7265,#7266,#7268,#7269,#7270,#7272,#7273,#7274,#7276,#7277,#7278,#7279,#7281,#7282,#7283,#7284,#7286,#7287,#7288,#7289,#7291,#7292,#7293,#7294,#7296,#7297,#7298,#7299,#7301,#7302,#7303,#7305,#7306,#7307,#7309,#7310,#7311,#7312,#7313,#7314,#7315,#7316,#7317,#7318,#7319,#7320,#7321,#7322,#7323,#7324,#7325,#7326,#7327,#7328,#7329,#7330,#7331,#7332,#7333,#7334,#7335,#7336,#7337,#7338,#7339,#7340,#7341,#7342,#7343,#7344,#7345,#7346,#7347,#7348,#7349,#7350,#7351,#7352,#7353,#7354,#7355,#7356,#7357,#7358,#7359,#7360,#7361,#7362,#7363,#7364,#7365,#7366,#7367,#7368,#7369,#7370,#7371,#7373,#7374,#7375,#7376,#7377,#7378,#7379,#7380,#7381,#7382,#7383,#7384,#7385,#7386,#7387,#7388,#7389,#7390,#7391,#7392,#7393,#7394,#7395,#7396,#7397,#7398,#7399,#7400,#7401,#7402,#7404,#7405,#7406,#7407,#7409,#7410,#7411,#7413,#7414,#7415,#7416,#7418,#7419,#7420,#7422,#7423,#7424,#7426,#7427,#7428,#7429,#7431,#7432,#7433,#7435,#7436,#7437,#7439,#7440,#7441,#7442,#7444,#7445,#7446,#7448,#7449,#7450,#7451,#7453,#7454,#7455,#7457,#7458,#7459,#7461,#7462,#7463,#7464,#7466,#7467,#7468,#7470,#7471,#7472,#7474,#7475,#7476,#7477,#7478,#7479,#7481,#7482,#7483,#7484,#7485,#7486,#7488,#7489,#7490,#7491,#7492,#7493,#7495,#7496,#7497,#7498,#7499,#7500,#7501,#7502,#7503,#7504,#7505,#7506,#7507,#7508,#7509,#7510,#7511,#7512,#7513,#7514,#7515,#7516,#7517,#7518,#7519,#7520,#7522,#7523,#7524,#7525,#7526,#7527,#7528,#7529,#7530,#7531,#7532,#7533,#7534,#7535,#7536,#7537,#7539,#7540,#7541,#7543,#7544,#7546,#7548,#7549,#7551,#7552,#7554,#7555,#7556,#7558,#7559,#7560,#7561,#7563,#7564,#7565,#7566,#7568,#7569,#7570,#7572,#7573,#7574,#7576,#7577,#7580,#7581,#7582,#7584,#7585,#7586,#7588,#7589,#7592,#7594,#7596,#7598,#7600,#7603,#7605,#7607,#7610,#7612,#7615,#7617,#7619,#7622,#7624,#7626,#7629,#7631,#7634,#7636,#7638,#7639,#7640,#7642,#7643,#7644,#7646,#7647,#7648,#7649,#7650,#7651,#7652,#7653,#7654,#7655,#7656,#7657,#7658,#7659,#7660,#7661,#7662,#7663,#7664,#7665,#7666,#7667,#7668,#7669,#7670,#7671,#7672,#7673,#7674,#7675,#7677,#7678,#7679,#7681,#7682,#7683,#7685,#7686,#7687,#7689,#7690,#7691,#7693,#7694,#7695,#7697,#7698,#7699,#7701,#7702,#7703,#7705,#7706,#7707,#7709,#7710,#7711,#7713,#7714,#7715,#7717,#7718,#7719,#7721,#7722,#7723,#7725,#7726,#7727,#7729,#7730,#7731,#7733,#7734,#7735,#7737,#7738,#7739,#7741,#7742,#7743,#7745,#7746,#7747,#7748,#7750,#7751,#7752,#7753,#7755,#7756,#7757,#7759,#7760,#7761,#7763,#7764,#7765,#7767,#7768,#7769,#7771,#7772,#7773,#7775,#7776,#7777,#7779,#7780,#7781,#7783,#7784,#7785,#7787,#7788,#7789,#7791,#7792,#7793,#7795,#7796,#7797,#7799,#7800,#7801,#7803,#7804,#7805,#7807,#7808,#7809,#7811,#7812,#7813,#7815,#7816,#7817,#7819,#7820,#7821,#7823,#7824,#7825,#7827,#7828,#7829,#7831,#7832,#7834,#7836,#7838,#7839,#7840,#7841,#7842,#7843,#7844,#7845,#7846,#7847,#7848,#7849,#7850,#7851,#7852,#7853,#7854,#7855,#7856,#7857,#7858,#7859,#7860,#7861,#7862,#7863,#7864,#7865,#7866,#7867,#7868,#7869,#7870,#7871,#7872,#7873,#7874,#7875,#7876,#7877,#7878,#7879,#7880,#7881,#7882,#7883,#7884,#7885,#7886,#7887,#7888,#7889,#7890,#7891,#7892,#7893,#7894,#7895,#7896,#7897,#7898,#7899,#7900,#7901,#7902,#7903,#7904,#7905,#7906,#7907,#7908,#7909,#7910,#7911,#7912,#7913,#7914,#7915,#7916,#7917,#7919,#7920,#7921,#7923,#7926,#7929,#7932,#7935,#7938,#7941,#7944,#7947,#7950,#7953,#7956,#7959,#7962,#7965,#7968,#7971,#7974,#7977,#7980,#7982,#7983,#7985,#7986,#7988,#7990,#7991,#7992,#7995,#7998,#8001,#8004,#8007,#8010,#8013,#8016,#8019,#8022,#8025,#8028,#8031,#8034,#8037,#8040,#8043,#8046,#8049,#8050,#8052,#8053,#8055,#8058,#8059,#8060,#8061,#8062,#8063,#8064,#8066,#8067,#8068,#8069,#8070,#8071,#8072,#8074,#8075,#8076,#8077,#8078,#8079,#8080,#8081,#8082,#8083,#8084,#8085,#8086,#8087,#8088,#8089,#8090,#8091,#8092,#8093,#8094,#8095,#8096,#8097,#8098,#8099,#8100,#8101,#8103,#8104,#8106,#8107,#8108,#8109,#8110,#8112,#8114,#8116,#8117,#8119,#8120,#8122,#8123,#8125,#8126,#8128,#8129,#8131,#8132,#8134,#8135,#8137,#8138,#8139,#8140,#8141,#8142,#8144,#8145,#8146,#8148,#8149,#8150,#8151,#8152,#8153,#8155,#8156,#8158,#8159,#8161,#8162,#8164,#8165,#8167,#8168,#8170,#8171,#8173,#8174,#8176,#8179,#8181,#8183,#8184,#8185,#8186,#8187,#8188,#8189,#8190,#8191,#8192,#8193,#8194,#8195,#8196,#8197,#8198,#8199,#8200,#8201,#8203,#8204,#8206,#8207,#8208,#8209,#8210,#8211,#8212,#8213,#8214,#8215,#8216,#8217,#8218,#8219,#8220,#8221,#8222,#8223,#8225,#8227,#8228,#8229,#8230,#8231,#8232,#8233,#8234,#8235,#8236,#8237,#8238,#8239,#8240,#8241,#8242,#8243,#8244,#8245,#8247,#8248,#8250,#8251,#8252,#8253,#8254,#8255,#8256,#8257,#8258,#8259,#8260,#8261,#8262,#8263,#8264,#8265,#8266,#8267,#8269,#8271,#8273,#8275,#8277,#8279,#8281,#8283,#8285,#8286,#8287,#8288,#8289,#8290,#8291,#8293,#8294,#8296,#8297,#8298,#8299,#8300,#8301,#8302,#8303,#8305,#8307,#8308,#8310,#8312,#8314,#8317,#8319,#8321,#8323,#8325,#8327,#8329,#8331,#8333,#8334,#8335,#8336,#8337,#8338,#8339,#8341,#8343,#8344,#8345,#8346,#8347,#8348,#8349,#8350,#8352,#8354,#8356,#8358,#8360,#8362,#8365,#8368,#8370,#8372,#8377,#8379,#8381,#8383,#8386,#8395,#8397,#8403,#8404,#8405,#8407,#8408,#8410,#8411,#8413,#8415,#8416,#8417,#8418,#8420,#8421,#8422,#8423,#8425,#8426,#8427,#8428,#8429,#8430,#8431,#8432,#8434,#8435,#8436,#8437,#8438,#8439,#8440,#8441,#8442,#8443,#8444,#8446,#8448,#8449,#8452,#8454,#8458,#8459,#8461,#8462,#8466,#8470,#8471,#8472,#8474,#8475,#8476,#8478,#8480,#8482,#8483,#8484,#8486,#8487,#8488,#8490,#8491,#8493,#8495,#8497,#8499,#8500,#8501,#8502,#8504,#8505,#8506,#8508,#8509,#8510,#8511,#8513,#8514,#8515,#8517,#8518,#8520,#8522,#8523,#8525,#8526,#8527,#8529,#8530,#8531,#8534,#8537,#8538,#8539,#8541,#8542,#8543,#8545,#8547,#8549,#8550,#8551,#8553,#8554,#8555,#8557,#8559,#8560,#8562,#8564,#8566,#8567,#8568,#8570,#8571,#8572,#8574,#8575,#8576,#8578,#8579,#8580,#8581,#8583,#8584,#8585,#8587,#8588,#8590,#8592,#8593,#8594,#8596,#8597,#8598,#8601,#8608,#8610,#8615,#8617,#8622,#8624,#8629,#8631,#8636,#8638,#8643,#8645,#8652,#8654,#8661,#8663,#8670,#8672,#8676,#8677,#8679,#8681,#8685,#8690,#8691,#8693,#8695,#8699,#8704,#8705,#8707,#8709,#8713,#8718,#8719,#8721,#8725,#8726,#8728,#8730,#8734,#8735,#8740,#8741,#8743,#8747,#8748,#8750,#8754,#8755,#8757,#8761,#8762,#8764,#8766,#8770,#8771,#8773,#8775,#8779,#8780,#8782,#8784,#8788,#8789,#8791,#8793,#8797,#8798,#8800,#8802,#8806,#8808,#8812,#8814,#8818,#8819,#8821,#8823,#8825,#8827,#8829,#8831,#8833,#8835,#8837,#8839,#8841,#8843,#8845,#8847,#8849,#8851,#8853,#8855,#8857,#8859,#8861,#8863,#8865,#8867,#8869,#8871,#8873,#8875,#8877,#8879,#8881,#8883,#8885,#8887,#8889,#8891,#8893,#8895,#8897,#8899,#8901,#8903,#8905,#8907,#8909,#8911,#8913,#8915,#8917,#8919,#8921,#8923,#8925,#8927,#8929,#8931,#8933,#8935,#8937,#8939,#8941,#8945,#8947,#8949,#8951,#8953,#8955,#8957,#8959,#8961,#8963,#8965,#8967,#8969,#8971,#8973,#8975,#8977,#8979,#8981,#8983,#8985,#8987,#8989,#8991,#8993,#8995,#8997,#8999,#9001,#9005,#9006,#9008,#9010,#9014,#9015,#9020,#9021,#9023,#9025,#9029,#9030,#9035,#9036,#9038,#9042,#9043,#9045,#9047,#9051,#9052,#9057,#9058,#9060,#9064,#9065,#9067,#9069,#9073,#9074,#9079,#9080,#9082,#9084,#9088,#9089,#9094,#9095,#9097,#9101,#9102,#9104,#9106,#9110,#9111,#9116,#9117,#9119,#9123,#9124,#9126,#9128,#9130,#9132,#9136,#9137,#9139,#9141,#9143,#9145,#9149,#9150,#9152,#9154,#9156,#9158,#9162,#9163,#9165,#9167,#9169,#9171,#9173,#9175,#9178,#9180,#9183,#9185,#9188,#9189,#9191,#9193,#9196,#9197,#9199,#9201,#9204,#9205,#9207,#9209,#9214,#9216,#9218,#9220,#9222,#9224,#9236,#9241,#9247,#9251,#9255,#9257,#9261,#9263,#9265,#9269,#9270,#9272,#9277,#9279,#9283,#9285,#9293,#9295,#9299,#9301,#9355,#9357,#9361,#9363,#9367,#9369,#9371,#9373,#9375,#9377,#9379,#9381,#9383,#9385,#9387,#9389,#9391,#9393,#9395,#9397,#9399,#9401,#9403,#9405,#9407,#9409,#9411,#9413,#9415,#9417,#9419,#9421,#9423,#9427,#9429,#9433,#9435,#9439,#9441,#9445,#9447,#9451,#9453,#9457,#9459,#9463,#9465,#9469,#9471,#9475,#9477,#9481,#9483,#9487,#9489,#9493,#9495,#9499,#9501,#9505,#9507,#9511,#9513,#9517,#9519,#9523,#9525,#9529,#9530,#9532,#9534,#9538,#9539,#9541,#9543,#9547,#9549,#9553,#9555,#9559,#9561,#9565,#9567,#9571,#9573,#9577,#9579,#9583,#9585,#9589,#9591,#9595,#9597,#9601,#9603,#9607,#9609,#9613,#9615,#9619,#9621,#9625,#9627,#9631,#9633,#9637,#9639,#9643,#9645,#9649,#9651,#9655,#9657,#9668,#9671,#9674,#9677,#9680,#9683,#9686,#9689,#9692,#9695,#9698,#9701,#9704,#9707,#9710,#9713,#9716,#9719,#9722,#9725,#9728,#9731,#9734,#9737,#9740,#9743,#9746,#9749,#9752,#9755,#9758,#9761,#9764,#9767,#9770,#9773,#9776,#9779,#9782,#9785,#9789,#9791,#9854,#9858,#9864,#9924,#9928,#9935,#9937,#9939,#9941,#9943,#9945,#9949,#9950,#9952,#9954,#9956,#9958,#9963,#9964,#9966,#9968,#9970,#9972,#9974,#9976,#9978,#9980,#9982,#9984,#9986,#9988,#9991,#9993,#9995,#9997,#9999,#10001,#10003,#10005,#10014,#10018,#10019,#10023,#10031,#10035,#10039,#10043,#10050,#10054,#10058,#10060,#10062,#10064,#10066,#10070,#10071,#10076,#10077,#10080,#10083,#10087,#10094,#10098,#10102,#10106,#10120,#10122,#10124,#10126,#10128,#10130,#10132,#10134,#10136,#10138,#10140,#10142,#10144,#10146,#10148,#10150,#10152,#10154,#10158,#10162,#10164,#10166,#10168,#10170,#10172,#10174,#10176,#10178,#10180,#10182,#10184,#10186,#10188,#10190,#10192,#10194,#10200,#10202,#10204,#10206,#10208,#10210,#10212,#10214,#10216,#10218,#10220,#10222,#10224,#10226,#10228,#10230,#10232,#10234,#10238,#10242,#10244,#10246,#10248,#10250,#10252,#10254,#10256,#10258,#10260,#10262,#10264,#10266,#10268,#10270,#10272,#10274,#10294,#10297,#10301,#10305,#10309,#10314,#10316,#10318,#10350,#10353,#10356,#10363,#10367,#10369,#10371,#10373,#10428,#10430,#10434,#10438,#10444,#10445,#10447,#10449,#10453,#10454,#10456,#10458,#10462,#10464,#10466,#10470,#10472,#10476,#10478,#10480,#10482,#10486,#10489,#10518,#10520,#10524,#10526,#10534,#10535,#10540,#10542,#10546,#10556,#10557,#10559,#10561,#10565,#10567,#10571,#10572,#10574,#10576,#10580,#10582,#10595,#10599,#10608,#10610,#10614,#10616,#10624,#10626,#10630,#10631,#10638,#10646,#10648,#10652,#10653,#10658,#10660,#10664,#10665,#10667,#10669,#10673,#10674,#10685,#10690));
#15275=PRESENTATION_LAYER_ASSIGNMENT('-1','NONE',(#411,#413,#415,#417,#419,#421,#423,#425,#427,#429,#431,#433,#435,#437,#439,#441,#443,#445,#447,#449,#451,#453,#455,#457,#459,#461,#463,#465,#467,#469,#471,#473,#475,#477,#479,#481,#483,#485,#487,#489,#491,#493,#495,#497,#499,#501,#503,#505,#507,#509,#511,#513,#515,#517,#519,#521,#523,#525,#527,#529,#531,#533,#535,#537,#539,#541,#543,#545,#547,#549,#551,#553,#555,#557,#559,#561,#563,#565,#567,#569,#571,#573,#575,#577,#579,#581,#583,#585,#587,#589,#591,#593,#595,#597,#599,#601,#603,#605,#607,#609,#611,#613,#615,#617,#619,#621,#623,#625,#627,#629,#631,#633,#635,#637,#639,#641,#643,#645,#647,#649,#651,#653,#655,#657,#659,#661,#663,#665,#667,#669,#671,#673,#675,#677,#679,#681,#683,#685,#687,#689,#691,#693,#695,#697,#699,#701,#703,#705,#707,#709,#711,#713,#715,#717,#719,#721,#723,#725,#727,#729,#731,#733,#735,#737,#739,#741,#743,#745,#747,#749,#751,#753,#755,#757,#759,#761,#763,#765,#767,#769,#771,#773,#775,#777,#779,#781,#783,#785,#787,#789,#791,#793,#795,#797,#799,#801,#803,#805,#807,#809,#811,#813,#815,#817,#819,#821,#823,#825,#827,#829,#831,#833,#835,#837,#839,#841,#843,#845,#847,#849,#851,#853,#855,#857,#859,#861,#863,#865,#867,#869,#871,#873,#875,#877,#879,#881,#883,#885,#887,#889,#891,#893,#895,#897,#899,#901,#903,#905,#907,#909,#911,#913,#915,#917,#919,#921,#923,#925,#927,#929,#931,#933,#935,#937,#939,#941,#943,#945,#947,#949,#951,#953,#955,#957,#959,#961,#963,#965,#967,#969,#971,#973,#975,#977,#979,#981,#983,#985,#987,#989,#991,#993,#995,#997,#999,#1001,#1003,#1005,#1007,#1009,#1011,#1013,#1015,#1017,#1019,#1021,#1023,#1025,#1027,#1029,#1031,#1033,#1035,#1037,#1039,#1041,#1043,#1045,#1047,#1049,#1051,#1053,#1055,#1057,#1059,#1061,#1063,#1065,#1067,#1069,#1071,#1073,#1075,#1077,#1079,#1081,#1083,#1085,#1087,#1089,#1091,#1093,#1095,#1097,#1099,#1101,#1103,#1105,#1107,#1109,#1111,#1113,#1115,#1117,#1119,#1121,#1123,#1125,#1127,#1129,#1131,#1133,#1135,#1137,#1139,#1141,#1143,#1145,#1147,#1149,#1151,#1153,#1155,#1157,#1159,#1161,#1163,#1165,#1167,#1169,#1171,#1173,#1175,#1177,#1179,#1181,#1183));
ENDSEC;
END-ISO-10303-21;
